Element Number	Element Type	Nodes	
1	Quad4	4726	4727	3052	11	
2	Quad4	4725	4756	4727	4726	
3	Quad4	4724	4785	4756	4725	
4	Quad4	4723	4814	4785	4724	
5	Quad4	4722	4843	4814	4723	
6	Quad4	4721	4872	4843	4722	
7	Quad4	4720	4901	4872	4721	
8	Quad4	4719	4930	4901	4720	
9	Quad4	4718	4959	4930	4719	
10	Quad4	4717	4988	4959	4718	
11	Quad4	4716	5017	4988	4717	
12	Quad4	4715	5046	5017	4716	
13	Quad4	4714	5075	5046	4715	
14	Quad4	4713	5104	5075	4714	
15	Quad4	4712	5133	5104	4713	
16	Quad4	4711	5162	5133	4712	
17	Quad4	4710	5191	5162	4711	
18	Quad4	4709	5220	5191	4710	
19	Quad4	4708	5249	5220	4709	
20	Quad4	4707	5278	5249	4708	
21	Quad4	4706	5307	5278	4707	
22	Quad4	4705	5336	5307	4706	
23	Quad4	4704	5365	5336	4705	
24	Quad4	4703	5394	5365	4704	
25	Quad4	4702	5423	5394	4703	
26	Quad4	4701	5452	5423	4702	
27	Quad4	4700	5481	5452	4701	
28	Quad4	4699	5510	5481	4700	
29	Quad4	4698	5539	5510	4699	
30	Quad4	4697	5568	5539	4698	
31	Quad4	4696	5597	5568	4697	
32	Quad4	4695	5626	5597	4696	
33	Quad4	4694	5655	5626	4695	
34	Quad4	4693	5684	5655	4694	
35	Quad4	4692	5713	5684	4693	
36	Quad4	4691	5742	5713	4692	
37	Quad4	4690	5771	5742	4691	
38	Quad4	4689	5800	5771	4690	
39	Quad4	4688	5829	5800	4689	
40	Quad4	4687	5858	5829	4688	
41	Quad4	4686	5887	5858	4687	
42	Quad4	4685	5916	5887	4686	
43	Quad4	4684	5945	5916	4685	
44	Quad4	4683	5974	5945	4684	
45	Quad4	4682	6003	5974	4683	
46	Quad4	4681	6032	6003	4682	
47	Quad4	4680	6061	6032	4681	
48	Quad4	4679	6090	6061	4680	
49	Quad4	4678	6119	6090	4679	
50	Quad4	4677	6148	6119	4678	
51	Quad4	4676	6177	6148	4677	
52	Quad4	4675	6206	6177	4676	
53	Quad4	4674	6235	6206	4675	
54	Quad4	4673	6264	6235	4674	
55	Quad4	4672	6293	6264	4673	
56	Quad4	4671	6322	6293	4672	
57	Quad4	4670	6351	6322	4671	
58	Quad4	4669	6380	6351	4670	
59	Quad4	4668	6409	6380	4669	
60	Quad4	4667	6438	6409	4668	
61	Quad4	4666	6467	6438	4667	
62	Quad4	4665	6496	6467	4666	
63	Quad4	4664	6525	6496	4665	
64	Quad4	4663	6554	6525	4664	
65	Quad4	4662	6583	6554	4663	
66	Quad4	4661	6612	6583	4662	
67	Quad4	4660	6641	6612	4661	
68	Quad4	4659	6670	6641	4660	
69	Quad4	4658	6699	6670	4659	
70	Quad4	4657	6728	6699	4658	
71	Quad4	4656	6757	6728	4657	
72	Quad4	4655	6786	6757	4656	
73	Quad4	4654	6815	6786	4655	
74	Quad4	4653	6844	6815	4654	
75	Quad4	4652	6873	6844	4653	
76	Quad4	4651	6902	6873	4652	
77	Quad4	4650	6931	6902	4651	
78	Quad4	4649	6960	6931	4650	
79	Quad4	4648	6989	6960	4649	
80	Quad4	4647	7018	6989	4648	
81	Quad4	4646	7047	7018	4647	
82	Quad4	4645	7076	7047	4646	
83	Quad4	4644	7105	7076	4645	
84	Quad4	4643	7134	7105	4644	
85	Quad4	4642	7163	7134	4643	
86	Quad4	4641	7192	7163	4642	
87	Quad4	4640	7221	7192	4641	
88	Quad4	4639	7250	7221	4640	
89	Quad4	4638	7279	7250	4639	
90	Quad4	4637	7308	7279	4638	
91	Quad4	4636	7337	7308	4637	
92	Quad4	4635	7366	7337	4636	
93	Quad4	4634	7395	7366	4635	
94	Quad4	4633	7424	7395	4634	
95	Quad4	4632	7453	7424	4633	
96	Quad4	4631	7482	7453	4632	
97	Quad4	4630	7511	7482	4631	
98	Quad4	4629	7540	7511	4630	
99	Quad4	4628	7569	7540	4629	
100	Quad4	4627	7598	7569	4628	
101	Quad4	4626	7627	7598	4627	
102	Quad4	4625	7656	7627	4626	
103	Quad4	4624	7685	7656	4625	
104	Quad4	4623	7714	7685	4624	
105	Quad4	4622	7743	7714	4623	
106	Quad4	4621	7772	7743	4622	
107	Quad4	4620	7801	7772	4621	
108	Quad4	4619	7830	7801	4620	
109	Quad4	4618	7859	7830	4619	
110	Quad4	4617	7888	7859	4618	
111	Quad4	4616	7917	7888	4617	
112	Quad4	4615	7946	7917	4616	
113	Quad4	4614	7975	7946	4615	
114	Quad4	4613	8004	7975	4614	
115	Quad4	4612	8033	8004	4613	
116	Quad4	4611	8062	8033	4612	
117	Quad4	4610	8091	8062	4611	
118	Quad4	4609	8120	8091	4610	
119	Quad4	4608	8149	8120	4609	
120	Quad4	12	8206	8149	4608	
121	Quad4	4727	4728	3053	3052	
122	Quad4	4756	4757	4728	4727	
123	Quad4	4785	4786	4757	4756	
124	Quad4	4814	4815	4786	4785	
125	Quad4	4843	4844	4815	4814	
126	Quad4	4872	4873	4844	4843	
127	Quad4	4901	4902	4873	4872	
128	Quad4	4930	4931	4902	4901	
129	Quad4	4959	4960	4931	4930	
130	Quad4	4988	4989	4960	4959	
131	Quad4	5017	5018	4989	4988	
132	Quad4	5046	5047	5018	5017	
133	Quad4	5075	5076	5047	5046	
134	Quad4	5104	5105	5076	5075	
135	Quad4	5133	5134	5105	5104	
136	Quad4	5162	5163	5134	5133	
137	Quad4	5191	5192	5163	5162	
138	Quad4	5220	5221	5192	5191	
139	Quad4	5249	5250	5221	5220	
140	Quad4	5278	5279	5250	5249	
141	Quad4	5307	5308	5279	5278	
142	Quad4	5336	5337	5308	5307	
143	Quad4	5365	5366	5337	5336	
144	Quad4	5394	5395	5366	5365	
145	Quad4	5423	5424	5395	5394	
146	Quad4	5452	5453	5424	5423	
147	Quad4	5481	5482	5453	5452	
148	Quad4	5510	5511	5482	5481	
149	Quad4	5539	5540	5511	5510	
150	Quad4	5568	5569	5540	5539	
151	Quad4	5597	5598	5569	5568	
152	Quad4	5626	5627	5598	5597	
153	Quad4	5655	5656	5627	5626	
154	Quad4	5684	5685	5656	5655	
155	Quad4	5713	5714	5685	5684	
156	Quad4	5742	5743	5714	5713	
157	Quad4	5771	5772	5743	5742	
158	Quad4	5800	5801	5772	5771	
159	Quad4	5829	5830	5801	5800	
160	Quad4	5858	5859	5830	5829	
161	Quad4	5887	5888	5859	5858	
162	Quad4	5916	5917	5888	5887	
163	Quad4	5945	5946	5917	5916	
164	Quad4	5974	5975	5946	5945	
165	Quad4	6003	6004	5975	5974	
166	Quad4	6032	6033	6004	6003	
167	Quad4	6061	6062	6033	6032	
168	Quad4	6090	6091	6062	6061	
169	Quad4	6119	6120	6091	6090	
170	Quad4	6148	6149	6120	6119	
171	Quad4	6177	6178	6149	6148	
172	Quad4	6206	6207	6178	6177	
173	Quad4	6235	6236	6207	6206	
174	Quad4	6264	6265	6236	6235	
175	Quad4	6293	6294	6265	6264	
176	Quad4	6322	6323	6294	6293	
177	Quad4	6351	6352	6323	6322	
178	Quad4	6380	6381	6352	6351	
179	Quad4	6409	6410	6381	6380	
180	Quad4	6438	6439	6410	6409	
181	Quad4	6467	6468	6439	6438	
182	Quad4	6496	6497	6468	6467	
183	Quad4	6525	6526	6497	6496	
184	Quad4	6554	6555	6526	6525	
185	Quad4	6583	6584	6555	6554	
186	Quad4	6612	6613	6584	6583	
187	Quad4	6641	6642	6613	6612	
188	Quad4	6670	6671	6642	6641	
189	Quad4	6699	6700	6671	6670	
190	Quad4	6728	6729	6700	6699	
191	Quad4	6757	6758	6729	6728	
192	Quad4	6786	6787	6758	6757	
193	Quad4	6815	6816	6787	6786	
194	Quad4	6844	6845	6816	6815	
195	Quad4	6873	6874	6845	6844	
196	Quad4	6902	6903	6874	6873	
197	Quad4	6931	6932	6903	6902	
198	Quad4	6960	6961	6932	6931	
199	Quad4	6989	6990	6961	6960	
200	Quad4	7018	7019	6990	6989	
201	Quad4	7047	7048	7019	7018	
202	Quad4	7076	7077	7048	7047	
203	Quad4	7105	7106	7077	7076	
204	Quad4	7134	7135	7106	7105	
205	Quad4	7163	7164	7135	7134	
206	Quad4	7192	7193	7164	7163	
207	Quad4	7221	7222	7193	7192	
208	Quad4	7250	7251	7222	7221	
209	Quad4	7279	7280	7251	7250	
210	Quad4	7308	7309	7280	7279	
211	Quad4	7337	7338	7309	7308	
212	Quad4	7366	7367	7338	7337	
213	Quad4	7395	7396	7367	7366	
214	Quad4	7424	7425	7396	7395	
215	Quad4	7453	7454	7425	7424	
216	Quad4	7482	7483	7454	7453	
217	Quad4	7511	7512	7483	7482	
218	Quad4	7540	7541	7512	7511	
219	Quad4	7569	7570	7541	7540	
220	Quad4	7598	7599	7570	7569	
221	Quad4	7627	7628	7599	7598	
222	Quad4	7656	7657	7628	7627	
223	Quad4	7685	7686	7657	7656	
224	Quad4	7714	7715	7686	7685	
225	Quad4	7743	7744	7715	7714	
226	Quad4	7772	7773	7744	7743	
227	Quad4	7801	7802	7773	7772	
228	Quad4	7830	7831	7802	7801	
229	Quad4	7859	7860	7831	7830	
230	Quad4	7888	7889	7860	7859	
231	Quad4	7917	7918	7889	7888	
232	Quad4	7946	7947	7918	7917	
233	Quad4	7975	7976	7947	7946	
234	Quad4	8004	8005	7976	7975	
235	Quad4	8033	8034	8005	8004	
236	Quad4	8062	8063	8034	8033	
237	Quad4	8091	8092	8063	8062	
238	Quad4	8120	8121	8092	8091	
239	Quad4	8149	8150	8121	8120	
240	Quad4	8206	8205	8150	8149	
241	Quad4	4728	4729	3054	3053	
242	Quad4	4757	4758	4729	4728	
243	Quad4	4786	4787	4758	4757	
244	Quad4	4815	4816	4787	4786	
245	Quad4	4844	4845	4816	4815	
246	Quad4	4873	4874	4845	4844	
247	Quad4	4902	4903	4874	4873	
248	Quad4	4931	4932	4903	4902	
249	Quad4	4960	4961	4932	4931	
250	Quad4	4989	4990	4961	4960	
251	Quad4	5018	5019	4990	4989	
252	Quad4	5047	5048	5019	5018	
253	Quad4	5076	5077	5048	5047	
254	Quad4	5105	5106	5077	5076	
255	Quad4	5134	5135	5106	5105	
256	Quad4	5163	5164	5135	5134	
257	Quad4	5192	5193	5164	5163	
258	Quad4	5221	5222	5193	5192	
259	Quad4	5250	5251	5222	5221	
260	Quad4	5279	5280	5251	5250	
261	Quad4	5308	5309	5280	5279	
262	Quad4	5337	5338	5309	5308	
263	Quad4	5366	5367	5338	5337	
264	Quad4	5395	5396	5367	5366	
265	Quad4	5424	5425	5396	5395	
266	Quad4	5453	5454	5425	5424	
267	Quad4	5482	5483	5454	5453	
268	Quad4	5511	5512	5483	5482	
269	Quad4	5540	5541	5512	5511	
270	Quad4	5569	5570	5541	5540	
271	Quad4	5598	5599	5570	5569	
272	Quad4	5627	5628	5599	5598	
273	Quad4	5656	5657	5628	5627	
274	Quad4	5685	5686	5657	5656	
275	Quad4	5714	5715	5686	5685	
276	Quad4	5743	5744	5715	5714	
277	Quad4	5772	5773	5744	5743	
278	Quad4	5801	5802	5773	5772	
279	Quad4	5830	5831	5802	5801	
280	Quad4	5859	5860	5831	5830	
281	Quad4	5888	5889	5860	5859	
282	Quad4	5917	5918	5889	5888	
283	Quad4	5946	5947	5918	5917	
284	Quad4	5975	5976	5947	5946	
285	Quad4	6004	6005	5976	5975	
286	Quad4	6033	6034	6005	6004	
287	Quad4	6062	6063	6034	6033	
288	Quad4	6091	6092	6063	6062	
289	Quad4	6120	6121	6092	6091	
290	Quad4	6149	6150	6121	6120	
291	Quad4	6178	6179	6150	6149	
292	Quad4	6207	6208	6179	6178	
293	Quad4	6236	6237	6208	6207	
294	Quad4	6265	6266	6237	6236	
295	Quad4	6294	6295	6266	6265	
296	Quad4	6323	6324	6295	6294	
297	Quad4	6352	6353	6324	6323	
298	Quad4	6381	6382	6353	6352	
299	Quad4	6410	6411	6382	6381	
300	Quad4	6439	6440	6411	6410	
301	Quad4	6468	6469	6440	6439	
302	Quad4	6497	6498	6469	6468	
303	Quad4	6526	6527	6498	6497	
304	Quad4	6555	6556	6527	6526	
305	Quad4	6584	6585	6556	6555	
306	Quad4	6613	6614	6585	6584	
307	Quad4	6642	6643	6614	6613	
308	Quad4	6671	6672	6643	6642	
309	Quad4	6700	6701	6672	6671	
310	Quad4	6729	6730	6701	6700	
311	Quad4	6758	6759	6730	6729	
312	Quad4	6787	6788	6759	6758	
313	Quad4	6816	6817	6788	6787	
314	Quad4	6845	6846	6817	6816	
315	Quad4	6874	6875	6846	6845	
316	Quad4	6903	6904	6875	6874	
317	Quad4	6932	6933	6904	6903	
318	Quad4	6961	6962	6933	6932	
319	Quad4	6990	6991	6962	6961	
320	Quad4	7019	7020	6991	6990	
321	Quad4	7048	7049	7020	7019	
322	Quad4	7077	7078	7049	7048	
323	Quad4	7106	7107	7078	7077	
324	Quad4	7135	7136	7107	7106	
325	Quad4	7164	7165	7136	7135	
326	Quad4	7193	7194	7165	7164	
327	Quad4	7222	7223	7194	7193	
328	Quad4	7251	7252	7223	7222	
329	Quad4	7280	7281	7252	7251	
330	Quad4	7309	7310	7281	7280	
331	Quad4	7338	7339	7310	7309	
332	Quad4	7367	7368	7339	7338	
333	Quad4	7396	7397	7368	7367	
334	Quad4	7425	7426	7397	7396	
335	Quad4	7454	7455	7426	7425	
336	Quad4	7483	7484	7455	7454	
337	Quad4	7512	7513	7484	7483	
338	Quad4	7541	7542	7513	7512	
339	Quad4	7570	7571	7542	7541	
340	Quad4	7599	7600	7571	7570	
341	Quad4	7628	7629	7600	7599	
342	Quad4	7657	7658	7629	7628	
343	Quad4	7686	7687	7658	7657	
344	Quad4	7715	7716	7687	7686	
345	Quad4	7744	7745	7716	7715	
346	Quad4	7773	7774	7745	7744	
347	Quad4	7802	7803	7774	7773	
348	Quad4	7831	7832	7803	7802	
349	Quad4	7860	7861	7832	7831	
350	Quad4	7889	7890	7861	7860	
351	Quad4	7918	7919	7890	7889	
352	Quad4	7947	7948	7919	7918	
353	Quad4	7976	7977	7948	7947	
354	Quad4	8005	8006	7977	7976	
355	Quad4	8034	8035	8006	8005	
356	Quad4	8063	8064	8035	8034	
357	Quad4	8092	8093	8064	8063	
358	Quad4	8121	8122	8093	8092	
359	Quad4	8150	8151	8122	8121	
360	Quad4	8205	8204	8151	8150	
361	Quad4	4729	4730	3055	3054	
362	Quad4	4758	4759	4730	4729	
363	Quad4	4787	4788	4759	4758	
364	Quad4	4816	4817	4788	4787	
365	Quad4	4845	4846	4817	4816	
366	Quad4	4874	4875	4846	4845	
367	Quad4	4903	4904	4875	4874	
368	Quad4	4932	4933	4904	4903	
369	Quad4	4961	4962	4933	4932	
370	Quad4	4990	4991	4962	4961	
371	Quad4	5019	5020	4991	4990	
372	Quad4	5048	5049	5020	5019	
373	Quad4	5077	5078	5049	5048	
374	Quad4	5106	5107	5078	5077	
375	Quad4	5135	5136	5107	5106	
376	Quad4	5164	5165	5136	5135	
377	Quad4	5193	5194	5165	5164	
378	Quad4	5222	5223	5194	5193	
379	Quad4	5251	5252	5223	5222	
380	Quad4	5280	5281	5252	5251	
381	Quad4	5309	5310	5281	5280	
382	Quad4	5338	5339	5310	5309	
383	Quad4	5367	5368	5339	5338	
384	Quad4	5396	5397	5368	5367	
385	Quad4	5425	5426	5397	5396	
386	Quad4	5454	5455	5426	5425	
387	Quad4	5483	5484	5455	5454	
388	Quad4	5512	5513	5484	5483	
389	Quad4	5541	5542	5513	5512	
390	Quad4	5570	5571	5542	5541	
391	Quad4	5599	5600	5571	5570	
392	Quad4	5628	5629	5600	5599	
393	Quad4	5657	5658	5629	5628	
394	Quad4	5686	5687	5658	5657	
395	Quad4	5715	5716	5687	5686	
396	Quad4	5744	5745	5716	5715	
397	Quad4	5773	5774	5745	5744	
398	Quad4	5802	5803	5774	5773	
399	Quad4	5831	5832	5803	5802	
400	Quad4	5860	5861	5832	5831	
401	Quad4	5889	5890	5861	5860	
402	Quad4	5918	5919	5890	5889	
403	Quad4	5947	5948	5919	5918	
404	Quad4	5976	5977	5948	5947	
405	Quad4	6005	6006	5977	5976	
406	Quad4	6034	6035	6006	6005	
407	Quad4	6063	6064	6035	6034	
408	Quad4	6092	6093	6064	6063	
409	Quad4	6121	6122	6093	6092	
410	Quad4	6150	6151	6122	6121	
411	Quad4	6179	6180	6151	6150	
412	Quad4	6208	6209	6180	6179	
413	Quad4	6237	6238	6209	6208	
414	Quad4	6266	6267	6238	6237	
415	Quad4	6295	6296	6267	6266	
416	Quad4	6324	6325	6296	6295	
417	Quad4	6353	6354	6325	6324	
418	Quad4	6382	6383	6354	6353	
419	Quad4	6411	6412	6383	6382	
420	Quad4	6440	6441	6412	6411	
421	Quad4	6469	6470	6441	6440	
422	Quad4	6498	6499	6470	6469	
423	Quad4	6527	6528	6499	6498	
424	Quad4	6556	6557	6528	6527	
425	Quad4	6585	6586	6557	6556	
426	Quad4	6614	6615	6586	6585	
427	Quad4	6643	6644	6615	6614	
428	Quad4	6672	6673	6644	6643	
429	Quad4	6701	6702	6673	6672	
430	Quad4	6730	6731	6702	6701	
431	Quad4	6759	6760	6731	6730	
432	Quad4	6788	6789	6760	6759	
433	Quad4	6817	6818	6789	6788	
434	Quad4	6846	6847	6818	6817	
435	Quad4	6875	6876	6847	6846	
436	Quad4	6904	6905	6876	6875	
437	Quad4	6933	6934	6905	6904	
438	Quad4	6962	6963	6934	6933	
439	Quad4	6991	6992	6963	6962	
440	Quad4	7020	7021	6992	6991	
441	Quad4	7049	7050	7021	7020	
442	Quad4	7078	7079	7050	7049	
443	Quad4	7107	7108	7079	7078	
444	Quad4	7136	7137	7108	7107	
445	Quad4	7165	7166	7137	7136	
446	Quad4	7194	7195	7166	7165	
447	Quad4	7223	7224	7195	7194	
448	Quad4	7252	7253	7224	7223	
449	Quad4	7281	7282	7253	7252	
450	Quad4	7310	7311	7282	7281	
451	Quad4	7339	7340	7311	7310	
452	Quad4	7368	7369	7340	7339	
453	Quad4	7397	7398	7369	7368	
454	Quad4	7426	7427	7398	7397	
455	Quad4	7455	7456	7427	7426	
456	Quad4	7484	7485	7456	7455	
457	Quad4	7513	7514	7485	7484	
458	Quad4	7542	7543	7514	7513	
459	Quad4	7571	7572	7543	7542	
460	Quad4	7600	7601	7572	7571	
461	Quad4	7629	7630	7601	7600	
462	Quad4	7658	7659	7630	7629	
463	Quad4	7687	7688	7659	7658	
464	Quad4	7716	7717	7688	7687	
465	Quad4	7745	7746	7717	7716	
466	Quad4	7774	7775	7746	7745	
467	Quad4	7803	7804	7775	7774	
468	Quad4	7832	7833	7804	7803	
469	Quad4	7861	7862	7833	7832	
470	Quad4	7890	7891	7862	7861	
471	Quad4	7919	7920	7891	7890	
472	Quad4	7948	7949	7920	7919	
473	Quad4	7977	7978	7949	7948	
474	Quad4	8006	8007	7978	7977	
475	Quad4	8035	8036	8007	8006	
476	Quad4	8064	8065	8036	8035	
477	Quad4	8093	8094	8065	8064	
478	Quad4	8122	8123	8094	8093	
479	Quad4	8151	8152	8123	8122	
480	Quad4	8204	8203	8152	8151	
481	Quad4	4730	4731	3056	3055	
482	Quad4	4759	4760	4731	4730	
483	Quad4	4788	4789	4760	4759	
484	Quad4	4817	4818	4789	4788	
485	Quad4	4846	4847	4818	4817	
486	Quad4	4875	4876	4847	4846	
487	Quad4	4904	4905	4876	4875	
488	Quad4	4933	4934	4905	4904	
489	Quad4	4962	4963	4934	4933	
490	Quad4	4991	4992	4963	4962	
491	Quad4	5020	5021	4992	4991	
492	Quad4	5049	5050	5021	5020	
493	Quad4	5078	5079	5050	5049	
494	Quad4	5107	5108	5079	5078	
495	Quad4	5136	5137	5108	5107	
496	Quad4	5165	5166	5137	5136	
497	Quad4	5194	5195	5166	5165	
498	Quad4	5223	5224	5195	5194	
499	Quad4	5252	5253	5224	5223	
500	Quad4	5281	5282	5253	5252	
501	Quad4	5310	5311	5282	5281	
502	Quad4	5339	5340	5311	5310	
503	Quad4	5368	5369	5340	5339	
504	Quad4	5397	5398	5369	5368	
505	Quad4	5426	5427	5398	5397	
506	Quad4	5455	5456	5427	5426	
507	Quad4	5484	5485	5456	5455	
508	Quad4	5513	5514	5485	5484	
509	Quad4	5542	5543	5514	5513	
510	Quad4	5571	5572	5543	5542	
511	Quad4	5600	5601	5572	5571	
512	Quad4	5629	5630	5601	5600	
513	Quad4	5658	5659	5630	5629	
514	Quad4	5687	5688	5659	5658	
515	Quad4	5716	5717	5688	5687	
516	Quad4	5745	5746	5717	5716	
517	Quad4	5774	5775	5746	5745	
518	Quad4	5803	5804	5775	5774	
519	Quad4	5832	5833	5804	5803	
520	Quad4	5861	5862	5833	5832	
521	Quad4	5890	5891	5862	5861	
522	Quad4	5919	5920	5891	5890	
523	Quad4	5948	5949	5920	5919	
524	Quad4	5977	5978	5949	5948	
525	Quad4	6006	6007	5978	5977	
526	Quad4	6035	6036	6007	6006	
527	Quad4	6064	6065	6036	6035	
528	Quad4	6093	6094	6065	6064	
529	Quad4	6122	6123	6094	6093	
530	Quad4	6151	6152	6123	6122	
531	Quad4	6180	6181	6152	6151	
532	Quad4	6209	6210	6181	6180	
533	Quad4	6238	6239	6210	6209	
534	Quad4	6267	6268	6239	6238	
535	Quad4	6296	6297	6268	6267	
536	Quad4	6325	6326	6297	6296	
537	Quad4	6354	6355	6326	6325	
538	Quad4	6383	6384	6355	6354	
539	Quad4	6412	6413	6384	6383	
540	Quad4	6441	6442	6413	6412	
541	Quad4	6470	6471	6442	6441	
542	Quad4	6499	6500	6471	6470	
543	Quad4	6528	6529	6500	6499	
544	Quad4	6557	6558	6529	6528	
545	Quad4	6586	6587	6558	6557	
546	Quad4	6615	6616	6587	6586	
547	Quad4	6644	6645	6616	6615	
548	Quad4	6673	6674	6645	6644	
549	Quad4	6702	6703	6674	6673	
550	Quad4	6731	6732	6703	6702	
551	Quad4	6760	6761	6732	6731	
552	Quad4	6789	6790	6761	6760	
553	Quad4	6818	6819	6790	6789	
554	Quad4	6847	6848	6819	6818	
555	Quad4	6876	6877	6848	6847	
556	Quad4	6905	6906	6877	6876	
557	Quad4	6934	6935	6906	6905	
558	Quad4	6963	6964	6935	6934	
559	Quad4	6992	6993	6964	6963	
560	Quad4	7021	7022	6993	6992	
561	Quad4	7050	7051	7022	7021	
562	Quad4	7079	7080	7051	7050	
563	Quad4	7108	7109	7080	7079	
564	Quad4	7137	7138	7109	7108	
565	Quad4	7166	7167	7138	7137	
566	Quad4	7195	7196	7167	7166	
567	Quad4	7224	7225	7196	7195	
568	Quad4	7253	7254	7225	7224	
569	Quad4	7282	7283	7254	7253	
570	Quad4	7311	7312	7283	7282	
571	Quad4	7340	7341	7312	7311	
572	Quad4	7369	7370	7341	7340	
573	Quad4	7398	7399	7370	7369	
574	Quad4	7427	7428	7399	7398	
575	Quad4	7456	7457	7428	7427	
576	Quad4	7485	7486	7457	7456	
577	Quad4	7514	7515	7486	7485	
578	Quad4	7543	7544	7515	7514	
579	Quad4	7572	7573	7544	7543	
580	Quad4	7601	7602	7573	7572	
581	Quad4	7630	7631	7602	7601	
582	Quad4	7659	7660	7631	7630	
583	Quad4	7688	7689	7660	7659	
584	Quad4	7717	7718	7689	7688	
585	Quad4	7746	7747	7718	7717	
586	Quad4	7775	7776	7747	7746	
587	Quad4	7804	7805	7776	7775	
588	Quad4	7833	7834	7805	7804	
589	Quad4	7862	7863	7834	7833	
590	Quad4	7891	7892	7863	7862	
591	Quad4	7920	7921	7892	7891	
592	Quad4	7949	7950	7921	7920	
593	Quad4	7978	7979	7950	7949	
594	Quad4	8007	8008	7979	7978	
595	Quad4	8036	8037	8008	8007	
596	Quad4	8065	8066	8037	8036	
597	Quad4	8094	8095	8066	8065	
598	Quad4	8123	8124	8095	8094	
599	Quad4	8152	8153	8124	8123	
600	Quad4	8203	8202	8153	8152	
601	Quad4	4731	4732	3057	3056	
602	Quad4	4760	4761	4732	4731	
603	Quad4	4789	4790	4761	4760	
604	Quad4	4818	4819	4790	4789	
605	Quad4	4847	4848	4819	4818	
606	Quad4	4876	4877	4848	4847	
607	Quad4	4905	4906	4877	4876	
608	Quad4	4934	4935	4906	4905	
609	Quad4	4963	4964	4935	4934	
610	Quad4	4992	4993	4964	4963	
611	Quad4	5021	5022	4993	4992	
612	Quad4	5050	5051	5022	5021	
613	Quad4	5079	5080	5051	5050	
614	Quad4	5108	5109	5080	5079	
615	Quad4	5137	5138	5109	5108	
616	Quad4	5166	5167	5138	5137	
617	Quad4	5195	5196	5167	5166	
618	Quad4	5224	5225	5196	5195	
619	Quad4	5253	5254	5225	5224	
620	Quad4	5282	5283	5254	5253	
621	Quad4	5311	5312	5283	5282	
622	Quad4	5340	5341	5312	5311	
623	Quad4	5369	5370	5341	5340	
624	Quad4	5398	5399	5370	5369	
625	Quad4	5427	5428	5399	5398	
626	Quad4	5456	5457	5428	5427	
627	Quad4	5485	5486	5457	5456	
628	Quad4	5514	5515	5486	5485	
629	Quad4	5543	5544	5515	5514	
630	Quad4	5572	5573	5544	5543	
631	Quad4	5601	5602	5573	5572	
632	Quad4	5630	5631	5602	5601	
633	Quad4	5659	5660	5631	5630	
634	Quad4	5688	5689	5660	5659	
635	Quad4	5717	5718	5689	5688	
636	Quad4	5746	5747	5718	5717	
637	Quad4	5775	5776	5747	5746	
638	Quad4	5804	5805	5776	5775	
639	Quad4	5833	5834	5805	5804	
640	Quad4	5862	5863	5834	5833	
641	Quad4	5891	5892	5863	5862	
642	Quad4	5920	5921	5892	5891	
643	Quad4	5949	5950	5921	5920	
644	Quad4	5978	5979	5950	5949	
645	Quad4	6007	6008	5979	5978	
646	Quad4	6036	6037	6008	6007	
647	Quad4	6065	6066	6037	6036	
648	Quad4	6094	6095	6066	6065	
649	Quad4	6123	6124	6095	6094	
650	Quad4	6152	6153	6124	6123	
651	Quad4	6181	6182	6153	6152	
652	Quad4	6210	6211	6182	6181	
653	Quad4	6239	6240	6211	6210	
654	Quad4	6268	6269	6240	6239	
655	Quad4	6297	6298	6269	6268	
656	Quad4	6326	6327	6298	6297	
657	Quad4	6355	6356	6327	6326	
658	Quad4	6384	6385	6356	6355	
659	Quad4	6413	6414	6385	6384	
660	Quad4	6442	6443	6414	6413	
661	Quad4	6471	6472	6443	6442	
662	Quad4	6500	6501	6472	6471	
663	Quad4	6529	6530	6501	6500	
664	Quad4	6558	6559	6530	6529	
665	Quad4	6587	6588	6559	6558	
666	Quad4	6616	6617	6588	6587	
667	Quad4	6645	6646	6617	6616	
668	Quad4	6674	6675	6646	6645	
669	Quad4	6703	6704	6675	6674	
670	Quad4	6732	6733	6704	6703	
671	Quad4	6761	6762	6733	6732	
672	Quad4	6790	6791	6762	6761	
673	Quad4	6819	6820	6791	6790	
674	Quad4	6848	6849	6820	6819	
675	Quad4	6877	6878	6849	6848	
676	Quad4	6906	6907	6878	6877	
677	Quad4	6935	6936	6907	6906	
678	Quad4	6964	6965	6936	6935	
679	Quad4	6993	6994	6965	6964	
680	Quad4	7022	7023	6994	6993	
681	Quad4	7051	7052	7023	7022	
682	Quad4	7080	7081	7052	7051	
683	Quad4	7109	7110	7081	7080	
684	Quad4	7138	7139	7110	7109	
685	Quad4	7167	7168	7139	7138	
686	Quad4	7196	7197	7168	7167	
687	Quad4	7225	7226	7197	7196	
688	Quad4	7254	7255	7226	7225	
689	Quad4	7283	7284	7255	7254	
690	Quad4	7312	7313	7284	7283	
691	Quad4	7341	7342	7313	7312	
692	Quad4	7370	7371	7342	7341	
693	Quad4	7399	7400	7371	7370	
694	Quad4	7428	7429	7400	7399	
695	Quad4	7457	7458	7429	7428	
696	Quad4	7486	7487	7458	7457	
697	Quad4	7515	7516	7487	7486	
698	Quad4	7544	7545	7516	7515	
699	Quad4	7573	7574	7545	7544	
700	Quad4	7602	7603	7574	7573	
701	Quad4	7631	7632	7603	7602	
702	Quad4	7660	7661	7632	7631	
703	Quad4	7689	7690	7661	7660	
704	Quad4	7718	7719	7690	7689	
705	Quad4	7747	7748	7719	7718	
706	Quad4	7776	7777	7748	7747	
707	Quad4	7805	7806	7777	7776	
708	Quad4	7834	7835	7806	7805	
709	Quad4	7863	7864	7835	7834	
710	Quad4	7892	7893	7864	7863	
711	Quad4	7921	7922	7893	7892	
712	Quad4	7950	7951	7922	7921	
713	Quad4	7979	7980	7951	7950	
714	Quad4	8008	8009	7980	7979	
715	Quad4	8037	8038	8009	8008	
716	Quad4	8066	8067	8038	8037	
717	Quad4	8095	8096	8067	8066	
718	Quad4	8124	8125	8096	8095	
719	Quad4	8153	8154	8125	8124	
720	Quad4	8202	8201	8154	8153	
721	Quad4	4732	4733	3058	3057	
722	Quad4	4761	4762	4733	4732	
723	Quad4	4790	4791	4762	4761	
724	Quad4	4819	4820	4791	4790	
725	Quad4	4848	4849	4820	4819	
726	Quad4	4877	4878	4849	4848	
727	Quad4	4906	4907	4878	4877	
728	Quad4	4935	4936	4907	4906	
729	Quad4	4964	4965	4936	4935	
730	Quad4	4993	4994	4965	4964	
731	Quad4	5022	5023	4994	4993	
732	Quad4	5051	5052	5023	5022	
733	Quad4	5080	5081	5052	5051	
734	Quad4	5109	5110	5081	5080	
735	Quad4	5138	5139	5110	5109	
736	Quad4	5167	5168	5139	5138	
737	Quad4	5196	5197	5168	5167	
738	Quad4	5225	5226	5197	5196	
739	Quad4	5254	5255	5226	5225	
740	Quad4	5283	5284	5255	5254	
741	Quad4	5312	5313	5284	5283	
742	Quad4	5341	5342	5313	5312	
743	Quad4	5370	5371	5342	5341	
744	Quad4	5399	5400	5371	5370	
745	Quad4	5428	5429	5400	5399	
746	Quad4	5457	5458	5429	5428	
747	Quad4	5486	5487	5458	5457	
748	Quad4	5515	5516	5487	5486	
749	Quad4	5544	5545	5516	5515	
750	Quad4	5573	5574	5545	5544	
751	Quad4	5602	5603	5574	5573	
752	Quad4	5631	5632	5603	5602	
753	Quad4	5660	5661	5632	5631	
754	Quad4	5689	5690	5661	5660	
755	Quad4	5718	5719	5690	5689	
756	Quad4	5747	5748	5719	5718	
757	Quad4	5776	5777	5748	5747	
758	Quad4	5805	5806	5777	5776	
759	Quad4	5834	5835	5806	5805	
760	Quad4	5863	5864	5835	5834	
761	Quad4	5892	5893	5864	5863	
762	Quad4	5921	5922	5893	5892	
763	Quad4	5950	5951	5922	5921	
764	Quad4	5979	5980	5951	5950	
765	Quad4	6008	6009	5980	5979	
766	Quad4	6037	6038	6009	6008	
767	Quad4	6066	6067	6038	6037	
768	Quad4	6095	6096	6067	6066	
769	Quad4	6124	6125	6096	6095	
770	Quad4	6153	6154	6125	6124	
771	Quad4	6182	6183	6154	6153	
772	Quad4	6211	6212	6183	6182	
773	Quad4	6240	6241	6212	6211	
774	Quad4	6269	6270	6241	6240	
775	Quad4	6298	6299	6270	6269	
776	Quad4	6327	6328	6299	6298	
777	Quad4	6356	6357	6328	6327	
778	Quad4	6385	6386	6357	6356	
779	Quad4	6414	6415	6386	6385	
780	Quad4	6443	6444	6415	6414	
781	Quad4	6472	6473	6444	6443	
782	Quad4	6501	6502	6473	6472	
783	Quad4	6530	6531	6502	6501	
784	Quad4	6559	6560	6531	6530	
785	Quad4	6588	6589	6560	6559	
786	Quad4	6617	6618	6589	6588	
787	Quad4	6646	6647	6618	6617	
788	Quad4	6675	6676	6647	6646	
789	Quad4	6704	6705	6676	6675	
790	Quad4	6733	6734	6705	6704	
791	Quad4	6762	6763	6734	6733	
792	Quad4	6791	6792	6763	6762	
793	Quad4	6820	6821	6792	6791	
794	Quad4	6849	6850	6821	6820	
795	Quad4	6878	6879	6850	6849	
796	Quad4	6907	6908	6879	6878	
797	Quad4	6936	6937	6908	6907	
798	Quad4	6965	6966	6937	6936	
799	Quad4	6994	6995	6966	6965	
800	Quad4	7023	7024	6995	6994	
801	Quad4	7052	7053	7024	7023	
802	Quad4	7081	7082	7053	7052	
803	Quad4	7110	7111	7082	7081	
804	Quad4	7139	7140	7111	7110	
805	Quad4	7168	7169	7140	7139	
806	Quad4	7197	7198	7169	7168	
807	Quad4	7226	7227	7198	7197	
808	Quad4	7255	7256	7227	7226	
809	Quad4	7284	7285	7256	7255	
810	Quad4	7313	7314	7285	7284	
811	Quad4	7342	7343	7314	7313	
812	Quad4	7371	7372	7343	7342	
813	Quad4	7400	7401	7372	7371	
814	Quad4	7429	7430	7401	7400	
815	Quad4	7458	7459	7430	7429	
816	Quad4	7487	7488	7459	7458	
817	Quad4	7516	7517	7488	7487	
818	Quad4	7545	7546	7517	7516	
819	Quad4	7574	7575	7546	7545	
820	Quad4	7603	7604	7575	7574	
821	Quad4	7632	7633	7604	7603	
822	Quad4	7661	7662	7633	7632	
823	Quad4	7690	7691	7662	7661	
824	Quad4	7719	7720	7691	7690	
825	Quad4	7748	7749	7720	7719	
826	Quad4	7777	7778	7749	7748	
827	Quad4	7806	7807	7778	7777	
828	Quad4	7835	7836	7807	7806	
829	Quad4	7864	7865	7836	7835	
830	Quad4	7893	7894	7865	7864	
831	Quad4	7922	7923	7894	7893	
832	Quad4	7951	7952	7923	7922	
833	Quad4	7980	7981	7952	7951	
834	Quad4	8009	8010	7981	7980	
835	Quad4	8038	8039	8010	8009	
836	Quad4	8067	8068	8039	8038	
837	Quad4	8096	8097	8068	8067	
838	Quad4	8125	8126	8097	8096	
839	Quad4	8154	8155	8126	8125	
840	Quad4	8201	8200	8155	8154	
841	Quad4	4733	4734	3059	3058	
842	Quad4	4762	4763	4734	4733	
843	Quad4	4791	4792	4763	4762	
844	Quad4	4820	4821	4792	4791	
845	Quad4	4849	4850	4821	4820	
846	Quad4	4878	4879	4850	4849	
847	Quad4	4907	4908	4879	4878	
848	Quad4	4936	4937	4908	4907	
849	Quad4	4965	4966	4937	4936	
850	Quad4	4994	4995	4966	4965	
851	Quad4	5023	5024	4995	4994	
852	Quad4	5052	5053	5024	5023	
853	Quad4	5081	5082	5053	5052	
854	Quad4	5110	5111	5082	5081	
855	Quad4	5139	5140	5111	5110	
856	Quad4	5168	5169	5140	5139	
857	Quad4	5197	5198	5169	5168	
858	Quad4	5226	5227	5198	5197	
859	Quad4	5255	5256	5227	5226	
860	Quad4	5284	5285	5256	5255	
861	Quad4	5313	5314	5285	5284	
862	Quad4	5342	5343	5314	5313	
863	Quad4	5371	5372	5343	5342	
864	Quad4	5400	5401	5372	5371	
865	Quad4	5429	5430	5401	5400	
866	Quad4	5458	5459	5430	5429	
867	Quad4	5487	5488	5459	5458	
868	Quad4	5516	5517	5488	5487	
869	Quad4	5545	5546	5517	5516	
870	Quad4	5574	5575	5546	5545	
871	Quad4	5603	5604	5575	5574	
872	Quad4	5632	5633	5604	5603	
873	Quad4	5661	5662	5633	5632	
874	Quad4	5690	5691	5662	5661	
875	Quad4	5719	5720	5691	5690	
876	Quad4	5748	5749	5720	5719	
877	Quad4	5777	5778	5749	5748	
878	Quad4	5806	5807	5778	5777	
879	Quad4	5835	5836	5807	5806	
880	Quad4	5864	5865	5836	5835	
881	Quad4	5893	5894	5865	5864	
882	Quad4	5922	5923	5894	5893	
883	Quad4	5951	5952	5923	5922	
884	Quad4	5980	5981	5952	5951	
885	Quad4	6009	6010	5981	5980	
886	Quad4	6038	6039	6010	6009	
887	Quad4	6067	6068	6039	6038	
888	Quad4	6096	6097	6068	6067	
889	Quad4	6125	6126	6097	6096	
890	Quad4	6154	6155	6126	6125	
891	Quad4	6183	6184	6155	6154	
892	Quad4	6212	6213	6184	6183	
893	Quad4	6241	6242	6213	6212	
894	Quad4	6270	6271	6242	6241	
895	Quad4	6299	6300	6271	6270	
896	Quad4	6328	6329	6300	6299	
897	Quad4	6357	6358	6329	6328	
898	Quad4	6386	6387	6358	6357	
899	Quad4	6415	6416	6387	6386	
900	Quad4	6444	6445	6416	6415	
901	Quad4	6473	6474	6445	6444	
902	Quad4	6502	6503	6474	6473	
903	Quad4	6531	6532	6503	6502	
904	Quad4	6560	6561	6532	6531	
905	Quad4	6589	6590	6561	6560	
906	Quad4	6618	6619	6590	6589	
907	Quad4	6647	6648	6619	6618	
908	Quad4	6676	6677	6648	6647	
909	Quad4	6705	6706	6677	6676	
910	Quad4	6734	6735	6706	6705	
911	Quad4	6763	6764	6735	6734	
912	Quad4	6792	6793	6764	6763	
913	Quad4	6821	6822	6793	6792	
914	Quad4	6850	6851	6822	6821	
915	Quad4	6879	6880	6851	6850	
916	Quad4	6908	6909	6880	6879	
917	Quad4	6937	6938	6909	6908	
918	Quad4	6966	6967	6938	6937	
919	Quad4	6995	6996	6967	6966	
920	Quad4	7024	7025	6996	6995	
921	Quad4	7053	7054	7025	7024	
922	Quad4	7082	7083	7054	7053	
923	Quad4	7111	7112	7083	7082	
924	Quad4	7140	7141	7112	7111	
925	Quad4	7169	7170	7141	7140	
926	Quad4	7198	7199	7170	7169	
927	Quad4	7227	7228	7199	7198	
928	Quad4	7256	7257	7228	7227	
929	Quad4	7285	7286	7257	7256	
930	Quad4	7314	7315	7286	7285	
931	Quad4	7343	7344	7315	7314	
932	Quad4	7372	7373	7344	7343	
933	Quad4	7401	7402	7373	7372	
934	Quad4	7430	7431	7402	7401	
935	Quad4	7459	7460	7431	7430	
936	Quad4	7488	7489	7460	7459	
937	Quad4	7517	7518	7489	7488	
938	Quad4	7546	7547	7518	7517	
939	Quad4	7575	7576	7547	7546	
940	Quad4	7604	7605	7576	7575	
941	Quad4	7633	7634	7605	7604	
942	Quad4	7662	7663	7634	7633	
943	Quad4	7691	7692	7663	7662	
944	Quad4	7720	7721	7692	7691	
945	Quad4	7749	7750	7721	7720	
946	Quad4	7778	7779	7750	7749	
947	Quad4	7807	7808	7779	7778	
948	Quad4	7836	7837	7808	7807	
949	Quad4	7865	7866	7837	7836	
950	Quad4	7894	7895	7866	7865	
951	Quad4	7923	7924	7895	7894	
952	Quad4	7952	7953	7924	7923	
953	Quad4	7981	7982	7953	7952	
954	Quad4	8010	8011	7982	7981	
955	Quad4	8039	8040	8011	8010	
956	Quad4	8068	8069	8040	8039	
957	Quad4	8097	8098	8069	8068	
958	Quad4	8126	8127	8098	8097	
959	Quad4	8155	8156	8127	8126	
960	Quad4	8200	8199	8156	8155	
961	Quad4	4734	4735	3060	3059	
962	Quad4	4763	4764	4735	4734	
963	Quad4	4792	4793	4764	4763	
964	Quad4	4821	4822	4793	4792	
965	Quad4	4850	4851	4822	4821	
966	Quad4	4879	4880	4851	4850	
967	Quad4	4908	4909	4880	4879	
968	Quad4	4937	4938	4909	4908	
969	Quad4	4966	4967	4938	4937	
970	Quad4	4995	4996	4967	4966	
971	Quad4	5024	5025	4996	4995	
972	Quad4	5053	5054	5025	5024	
973	Quad4	5082	5083	5054	5053	
974	Quad4	5111	5112	5083	5082	
975	Quad4	5140	5141	5112	5111	
976	Quad4	5169	5170	5141	5140	
977	Quad4	5198	5199	5170	5169	
978	Quad4	5227	5228	5199	5198	
979	Quad4	5256	5257	5228	5227	
980	Quad4	5285	5286	5257	5256	
981	Quad4	5314	5315	5286	5285	
982	Quad4	5343	5344	5315	5314	
983	Quad4	5372	5373	5344	5343	
984	Quad4	5401	5402	5373	5372	
985	Quad4	5430	5431	5402	5401	
986	Quad4	5459	5460	5431	5430	
987	Quad4	5488	5489	5460	5459	
988	Quad4	5517	5518	5489	5488	
989	Quad4	5546	5547	5518	5517	
990	Quad4	5575	5576	5547	5546	
991	Quad4	5604	5605	5576	5575	
992	Quad4	5633	5634	5605	5604	
993	Quad4	5662	5663	5634	5633	
994	Quad4	5691	5692	5663	5662	
995	Quad4	5720	5721	5692	5691	
996	Quad4	5749	5750	5721	5720	
997	Quad4	5778	5779	5750	5749	
998	Quad4	5807	5808	5779	5778	
999	Quad4	5836	5837	5808	5807	
1000	Quad4	5865	5866	5837	5836	
1001	Quad4	5894	5895	5866	5865	
1002	Quad4	5923	5924	5895	5894	
1003	Quad4	5952	5953	5924	5923	
1004	Quad4	5981	5982	5953	5952	
1005	Quad4	6010	6011	5982	5981	
1006	Quad4	6039	6040	6011	6010	
1007	Quad4	6068	6069	6040	6039	
1008	Quad4	6097	6098	6069	6068	
1009	Quad4	6126	6127	6098	6097	
1010	Quad4	6155	6156	6127	6126	
1011	Quad4	6184	6185	6156	6155	
1012	Quad4	6213	6214	6185	6184	
1013	Quad4	6242	6243	6214	6213	
1014	Quad4	6271	6272	6243	6242	
1015	Quad4	6300	6301	6272	6271	
1016	Quad4	6329	6330	6301	6300	
1017	Quad4	6358	6359	6330	6329	
1018	Quad4	6387	6388	6359	6358	
1019	Quad4	6416	6417	6388	6387	
1020	Quad4	6445	6446	6417	6416	
1021	Quad4	6474	6475	6446	6445	
1022	Quad4	6503	6504	6475	6474	
1023	Quad4	6532	6533	6504	6503	
1024	Quad4	6561	6562	6533	6532	
1025	Quad4	6590	6591	6562	6561	
1026	Quad4	6619	6620	6591	6590	
1027	Quad4	6648	6649	6620	6619	
1028	Quad4	6677	6678	6649	6648	
1029	Quad4	6706	6707	6678	6677	
1030	Quad4	6735	6736	6707	6706	
1031	Quad4	6764	6765	6736	6735	
1032	Quad4	6793	6794	6765	6764	
1033	Quad4	6822	6823	6794	6793	
1034	Quad4	6851	6852	6823	6822	
1035	Quad4	6880	6881	6852	6851	
1036	Quad4	6909	6910	6881	6880	
1037	Quad4	6938	6939	6910	6909	
1038	Quad4	6967	6968	6939	6938	
1039	Quad4	6996	6997	6968	6967	
1040	Quad4	7025	7026	6997	6996	
1041	Quad4	7054	7055	7026	7025	
1042	Quad4	7083	7084	7055	7054	
1043	Quad4	7112	7113	7084	7083	
1044	Quad4	7141	7142	7113	7112	
1045	Quad4	7170	7171	7142	7141	
1046	Quad4	7199	7200	7171	7170	
1047	Quad4	7228	7229	7200	7199	
1048	Quad4	7257	7258	7229	7228	
1049	Quad4	7286	7287	7258	7257	
1050	Quad4	7315	7316	7287	7286	
1051	Quad4	7344	7345	7316	7315	
1052	Quad4	7373	7374	7345	7344	
1053	Quad4	7402	7403	7374	7373	
1054	Quad4	7431	7432	7403	7402	
1055	Quad4	7460	7461	7432	7431	
1056	Quad4	7489	7490	7461	7460	
1057	Quad4	7518	7519	7490	7489	
1058	Quad4	7547	7548	7519	7518	
1059	Quad4	7576	7577	7548	7547	
1060	Quad4	7605	7606	7577	7576	
1061	Quad4	7634	7635	7606	7605	
1062	Quad4	7663	7664	7635	7634	
1063	Quad4	7692	7693	7664	7663	
1064	Quad4	7721	7722	7693	7692	
1065	Quad4	7750	7751	7722	7721	
1066	Quad4	7779	7780	7751	7750	
1067	Quad4	7808	7809	7780	7779	
1068	Quad4	7837	7838	7809	7808	
1069	Quad4	7866	7867	7838	7837	
1070	Quad4	7895	7896	7867	7866	
1071	Quad4	7924	7925	7896	7895	
1072	Quad4	7953	7954	7925	7924	
1073	Quad4	7982	7983	7954	7953	
1074	Quad4	8011	8012	7983	7982	
1075	Quad4	8040	8041	8012	8011	
1076	Quad4	8069	8070	8041	8040	
1077	Quad4	8098	8099	8070	8069	
1078	Quad4	8127	8128	8099	8098	
1079	Quad4	8156	8157	8128	8127	
1080	Quad4	8199	8198	8157	8156	
1081	Quad4	4735	4736	3061	3060	
1082	Quad4	4764	4765	4736	4735	
1083	Quad4	4793	4794	4765	4764	
1084	Quad4	4822	4823	4794	4793	
1085	Quad4	4851	4852	4823	4822	
1086	Quad4	4880	4881	4852	4851	
1087	Quad4	4909	4910	4881	4880	
1088	Quad4	4938	4939	4910	4909	
1089	Quad4	4967	4968	4939	4938	
1090	Quad4	4996	4997	4968	4967	
1091	Quad4	5025	5026	4997	4996	
1092	Quad4	5054	5055	5026	5025	
1093	Quad4	5083	5084	5055	5054	
1094	Quad4	5112	5113	5084	5083	
1095	Quad4	5141	5142	5113	5112	
1096	Quad4	5170	5171	5142	5141	
1097	Quad4	5199	5200	5171	5170	
1098	Quad4	5228	5229	5200	5199	
1099	Quad4	5257	5258	5229	5228	
1100	Quad4	5286	5287	5258	5257	
1101	Quad4	5315	5316	5287	5286	
1102	Quad4	5344	5345	5316	5315	
1103	Quad4	5373	5374	5345	5344	
1104	Quad4	5402	5403	5374	5373	
1105	Quad4	5431	5432	5403	5402	
1106	Quad4	5460	5461	5432	5431	
1107	Quad4	5489	5490	5461	5460	
1108	Quad4	5518	5519	5490	5489	
1109	Quad4	5547	5548	5519	5518	
1110	Quad4	5576	5577	5548	5547	
1111	Quad4	5605	5606	5577	5576	
1112	Quad4	5634	5635	5606	5605	
1113	Quad4	5663	5664	5635	5634	
1114	Quad4	5692	5693	5664	5663	
1115	Quad4	5721	5722	5693	5692	
1116	Quad4	5750	5751	5722	5721	
1117	Quad4	5779	5780	5751	5750	
1118	Quad4	5808	5809	5780	5779	
1119	Quad4	5837	5838	5809	5808	
1120	Quad4	5866	5867	5838	5837	
1121	Quad4	5895	5896	5867	5866	
1122	Quad4	5924	5925	5896	5895	
1123	Quad4	5953	5954	5925	5924	
1124	Quad4	5982	5983	5954	5953	
1125	Quad4	6011	6012	5983	5982	
1126	Quad4	6040	6041	6012	6011	
1127	Quad4	6069	6070	6041	6040	
1128	Quad4	6098	6099	6070	6069	
1129	Quad4	6127	6128	6099	6098	
1130	Quad4	6156	6157	6128	6127	
1131	Quad4	6185	6186	6157	6156	
1132	Quad4	6214	6215	6186	6185	
1133	Quad4	6243	6244	6215	6214	
1134	Quad4	6272	6273	6244	6243	
1135	Quad4	6301	6302	6273	6272	
1136	Quad4	6330	6331	6302	6301	
1137	Quad4	6359	6360	6331	6330	
1138	Quad4	6388	6389	6360	6359	
1139	Quad4	6417	6418	6389	6388	
1140	Quad4	6446	6447	6418	6417	
1141	Quad4	6475	6476	6447	6446	
1142	Quad4	6504	6505	6476	6475	
1143	Quad4	6533	6534	6505	6504	
1144	Quad4	6562	6563	6534	6533	
1145	Quad4	6591	6592	6563	6562	
1146	Quad4	6620	6621	6592	6591	
1147	Quad4	6649	6650	6621	6620	
1148	Quad4	6678	6679	6650	6649	
1149	Quad4	6707	6708	6679	6678	
1150	Quad4	6736	6737	6708	6707	
1151	Quad4	6765	6766	6737	6736	
1152	Quad4	6794	6795	6766	6765	
1153	Quad4	6823	6824	6795	6794	
1154	Quad4	6852	6853	6824	6823	
1155	Quad4	6881	6882	6853	6852	
1156	Quad4	6910	6911	6882	6881	
1157	Quad4	6939	6940	6911	6910	
1158	Quad4	6968	6969	6940	6939	
1159	Quad4	6997	6998	6969	6968	
1160	Quad4	7026	7027	6998	6997	
1161	Quad4	7055	7056	7027	7026	
1162	Quad4	7084	7085	7056	7055	
1163	Quad4	7113	7114	7085	7084	
1164	Quad4	7142	7143	7114	7113	
1165	Quad4	7171	7172	7143	7142	
1166	Quad4	7200	7201	7172	7171	
1167	Quad4	7229	7230	7201	7200	
1168	Quad4	7258	7259	7230	7229	
1169	Quad4	7287	7288	7259	7258	
1170	Quad4	7316	7317	7288	7287	
1171	Quad4	7345	7346	7317	7316	
1172	Quad4	7374	7375	7346	7345	
1173	Quad4	7403	7404	7375	7374	
1174	Quad4	7432	7433	7404	7403	
1175	Quad4	7461	7462	7433	7432	
1176	Quad4	7490	7491	7462	7461	
1177	Quad4	7519	7520	7491	7490	
1178	Quad4	7548	7549	7520	7519	
1179	Quad4	7577	7578	7549	7548	
1180	Quad4	7606	7607	7578	7577	
1181	Quad4	7635	7636	7607	7606	
1182	Quad4	7664	7665	7636	7635	
1183	Quad4	7693	7694	7665	7664	
1184	Quad4	7722	7723	7694	7693	
1185	Quad4	7751	7752	7723	7722	
1186	Quad4	7780	7781	7752	7751	
1187	Quad4	7809	7810	7781	7780	
1188	Quad4	7838	7839	7810	7809	
1189	Quad4	7867	7868	7839	7838	
1190	Quad4	7896	7897	7868	7867	
1191	Quad4	7925	7926	7897	7896	
1192	Quad4	7954	7955	7926	7925	
1193	Quad4	7983	7984	7955	7954	
1194	Quad4	8012	8013	7984	7983	
1195	Quad4	8041	8042	8013	8012	
1196	Quad4	8070	8071	8042	8041	
1197	Quad4	8099	8100	8071	8070	
1198	Quad4	8128	8129	8100	8099	
1199	Quad4	8157	8158	8129	8128	
1200	Quad4	8198	8197	8158	8157	
1201	Quad4	4736	4737	3062	3061	
1202	Quad4	4765	4766	4737	4736	
1203	Quad4	4794	4795	4766	4765	
1204	Quad4	4823	4824	4795	4794	
1205	Quad4	4852	4853	4824	4823	
1206	Quad4	4881	4882	4853	4852	
1207	Quad4	4910	4911	4882	4881	
1208	Quad4	4939	4940	4911	4910	
1209	Quad4	4968	4969	4940	4939	
1210	Quad4	4997	4998	4969	4968	
1211	Quad4	5026	5027	4998	4997	
1212	Quad4	5055	5056	5027	5026	
1213	Quad4	5084	5085	5056	5055	
1214	Quad4	5113	5114	5085	5084	
1215	Quad4	5142	5143	5114	5113	
1216	Quad4	5171	5172	5143	5142	
1217	Quad4	5200	5201	5172	5171	
1218	Quad4	5229	5230	5201	5200	
1219	Quad4	5258	5259	5230	5229	
1220	Quad4	5287	5288	5259	5258	
1221	Quad4	5316	5317	5288	5287	
1222	Quad4	5345	5346	5317	5316	
1223	Quad4	5374	5375	5346	5345	
1224	Quad4	5403	5404	5375	5374	
1225	Quad4	5432	5433	5404	5403	
1226	Quad4	5461	5462	5433	5432	
1227	Quad4	5490	5491	5462	5461	
1228	Quad4	5519	5520	5491	5490	
1229	Quad4	5548	5549	5520	5519	
1230	Quad4	5577	5578	5549	5548	
1231	Quad4	5606	5607	5578	5577	
1232	Quad4	5635	5636	5607	5606	
1233	Quad4	5664	5665	5636	5635	
1234	Quad4	5693	5694	5665	5664	
1235	Quad4	5722	5723	5694	5693	
1236	Quad4	5751	5752	5723	5722	
1237	Quad4	5780	5781	5752	5751	
1238	Quad4	5809	5810	5781	5780	
1239	Quad4	5838	5839	5810	5809	
1240	Quad4	5867	5868	5839	5838	
1241	Quad4	5896	5897	5868	5867	
1242	Quad4	5925	5926	5897	5896	
1243	Quad4	5954	5955	5926	5925	
1244	Quad4	5983	5984	5955	5954	
1245	Quad4	6012	6013	5984	5983	
1246	Quad4	6041	6042	6013	6012	
1247	Quad4	6070	6071	6042	6041	
1248	Quad4	6099	6100	6071	6070	
1249	Quad4	6128	6129	6100	6099	
1250	Quad4	6157	6158	6129	6128	
1251	Quad4	6186	6187	6158	6157	
1252	Quad4	6215	6216	6187	6186	
1253	Quad4	6244	6245	6216	6215	
1254	Quad4	6273	6274	6245	6244	
1255	Quad4	6302	6303	6274	6273	
1256	Quad4	6331	6332	6303	6302	
1257	Quad4	6360	6361	6332	6331	
1258	Quad4	6389	6390	6361	6360	
1259	Quad4	6418	6419	6390	6389	
1260	Quad4	6447	6448	6419	6418	
1261	Quad4	6476	6477	6448	6447	
1262	Quad4	6505	6506	6477	6476	
1263	Quad4	6534	6535	6506	6505	
1264	Quad4	6563	6564	6535	6534	
1265	Quad4	6592	6593	6564	6563	
1266	Quad4	6621	6622	6593	6592	
1267	Quad4	6650	6651	6622	6621	
1268	Quad4	6679	6680	6651	6650	
1269	Quad4	6708	6709	6680	6679	
1270	Quad4	6737	6738	6709	6708	
1271	Quad4	6766	6767	6738	6737	
1272	Quad4	6795	6796	6767	6766	
1273	Quad4	6824	6825	6796	6795	
1274	Quad4	6853	6854	6825	6824	
1275	Quad4	6882	6883	6854	6853	
1276	Quad4	6911	6912	6883	6882	
1277	Quad4	6940	6941	6912	6911	
1278	Quad4	6969	6970	6941	6940	
1279	Quad4	6998	6999	6970	6969	
1280	Quad4	7027	7028	6999	6998	
1281	Quad4	7056	7057	7028	7027	
1282	Quad4	7085	7086	7057	7056	
1283	Quad4	7114	7115	7086	7085	
1284	Quad4	7143	7144	7115	7114	
1285	Quad4	7172	7173	7144	7143	
1286	Quad4	7201	7202	7173	7172	
1287	Quad4	7230	7231	7202	7201	
1288	Quad4	7259	7260	7231	7230	
1289	Quad4	7288	7289	7260	7259	
1290	Quad4	7317	7318	7289	7288	
1291	Quad4	7346	7347	7318	7317	
1292	Quad4	7375	7376	7347	7346	
1293	Quad4	7404	7405	7376	7375	
1294	Quad4	7433	7434	7405	7404	
1295	Quad4	7462	7463	7434	7433	
1296	Quad4	7491	7492	7463	7462	
1297	Quad4	7520	7521	7492	7491	
1298	Quad4	7549	7550	7521	7520	
1299	Quad4	7578	7579	7550	7549	
1300	Quad4	7607	7608	7579	7578	
1301	Quad4	7636	7637	7608	7607	
1302	Quad4	7665	7666	7637	7636	
1303	Quad4	7694	7695	7666	7665	
1304	Quad4	7723	7724	7695	7694	
1305	Quad4	7752	7753	7724	7723	
1306	Quad4	7781	7782	7753	7752	
1307	Quad4	7810	7811	7782	7781	
1308	Quad4	7839	7840	7811	7810	
1309	Quad4	7868	7869	7840	7839	
1310	Quad4	7897	7898	7869	7868	
1311	Quad4	7926	7927	7898	7897	
1312	Quad4	7955	7956	7927	7926	
1313	Quad4	7984	7985	7956	7955	
1314	Quad4	8013	8014	7985	7984	
1315	Quad4	8042	8043	8014	8013	
1316	Quad4	8071	8072	8043	8042	
1317	Quad4	8100	8101	8072	8071	
1318	Quad4	8129	8130	8101	8100	
1319	Quad4	8158	8159	8130	8129	
1320	Quad4	8197	8196	8159	8158	
1321	Quad4	4737	4738	3063	3062	
1322	Quad4	4766	4767	4738	4737	
1323	Quad4	4795	4796	4767	4766	
1324	Quad4	4824	4825	4796	4795	
1325	Quad4	4853	4854	4825	4824	
1326	Quad4	4882	4883	4854	4853	
1327	Quad4	4911	4912	4883	4882	
1328	Quad4	4940	4941	4912	4911	
1329	Quad4	4969	4970	4941	4940	
1330	Quad4	4998	4999	4970	4969	
1331	Quad4	5027	5028	4999	4998	
1332	Quad4	5056	5057	5028	5027	
1333	Quad4	5085	5086	5057	5056	
1334	Quad4	5114	5115	5086	5085	
1335	Quad4	5143	5144	5115	5114	
1336	Quad4	5172	5173	5144	5143	
1337	Quad4	5201	5202	5173	5172	
1338	Quad4	5230	5231	5202	5201	
1339	Quad4	5259	5260	5231	5230	
1340	Quad4	5288	5289	5260	5259	
1341	Quad4	5317	5318	5289	5288	
1342	Quad4	5346	5347	5318	5317	
1343	Quad4	5375	5376	5347	5346	
1344	Quad4	5404	5405	5376	5375	
1345	Quad4	5433	5434	5405	5404	
1346	Quad4	5462	5463	5434	5433	
1347	Quad4	5491	5492	5463	5462	
1348	Quad4	5520	5521	5492	5491	
1349	Quad4	5549	5550	5521	5520	
1350	Quad4	5578	5579	5550	5549	
1351	Quad4	5607	5608	5579	5578	
1352	Quad4	5636	5637	5608	5607	
1353	Quad4	5665	5666	5637	5636	
1354	Quad4	5694	5695	5666	5665	
1355	Quad4	5723	5724	5695	5694	
1356	Quad4	5752	5753	5724	5723	
1357	Quad4	5781	5782	5753	5752	
1358	Quad4	5810	5811	5782	5781	
1359	Quad4	5839	5840	5811	5810	
1360	Quad4	5868	5869	5840	5839	
1361	Quad4	5897	5898	5869	5868	
1362	Quad4	5926	5927	5898	5897	
1363	Quad4	5955	5956	5927	5926	
1364	Quad4	5984	5985	5956	5955	
1365	Quad4	6013	6014	5985	5984	
1366	Quad4	6042	6043	6014	6013	
1367	Quad4	6071	6072	6043	6042	
1368	Quad4	6100	6101	6072	6071	
1369	Quad4	6129	6130	6101	6100	
1370	Quad4	6158	6159	6130	6129	
1371	Quad4	6187	6188	6159	6158	
1372	Quad4	6216	6217	6188	6187	
1373	Quad4	6245	6246	6217	6216	
1374	Quad4	6274	6275	6246	6245	
1375	Quad4	6303	6304	6275	6274	
1376	Quad4	6332	6333	6304	6303	
1377	Quad4	6361	6362	6333	6332	
1378	Quad4	6390	6391	6362	6361	
1379	Quad4	6419	6420	6391	6390	
1380	Quad4	6448	6449	6420	6419	
1381	Quad4	6477	6478	6449	6448	
1382	Quad4	6506	6507	6478	6477	
1383	Quad4	6535	6536	6507	6506	
1384	Quad4	6564	6565	6536	6535	
1385	Quad4	6593	6594	6565	6564	
1386	Quad4	6622	6623	6594	6593	
1387	Quad4	6651	6652	6623	6622	
1388	Quad4	6680	6681	6652	6651	
1389	Quad4	6709	6710	6681	6680	
1390	Quad4	6738	6739	6710	6709	
1391	Quad4	6767	6768	6739	6738	
1392	Quad4	6796	6797	6768	6767	
1393	Quad4	6825	6826	6797	6796	
1394	Quad4	6854	6855	6826	6825	
1395	Quad4	6883	6884	6855	6854	
1396	Quad4	6912	6913	6884	6883	
1397	Quad4	6941	6942	6913	6912	
1398	Quad4	6970	6971	6942	6941	
1399	Quad4	6999	7000	6971	6970	
1400	Quad4	7028	7029	7000	6999	
1401	Quad4	7057	7058	7029	7028	
1402	Quad4	7086	7087	7058	7057	
1403	Quad4	7115	7116	7087	7086	
1404	Quad4	7144	7145	7116	7115	
1405	Quad4	7173	7174	7145	7144	
1406	Quad4	7202	7203	7174	7173	
1407	Quad4	7231	7232	7203	7202	
1408	Quad4	7260	7261	7232	7231	
1409	Quad4	7289	7290	7261	7260	
1410	Quad4	7318	7319	7290	7289	
1411	Quad4	7347	7348	7319	7318	
1412	Quad4	7376	7377	7348	7347	
1413	Quad4	7405	7406	7377	7376	
1414	Quad4	7434	7435	7406	7405	
1415	Quad4	7463	7464	7435	7434	
1416	Quad4	7492	7493	7464	7463	
1417	Quad4	7521	7522	7493	7492	
1418	Quad4	7550	7551	7522	7521	
1419	Quad4	7579	7580	7551	7550	
1420	Quad4	7608	7609	7580	7579	
1421	Quad4	7637	7638	7609	7608	
1422	Quad4	7666	7667	7638	7637	
1423	Quad4	7695	7696	7667	7666	
1424	Quad4	7724	7725	7696	7695	
1425	Quad4	7753	7754	7725	7724	
1426	Quad4	7782	7783	7754	7753	
1427	Quad4	7811	7812	7783	7782	
1428	Quad4	7840	7841	7812	7811	
1429	Quad4	7869	7870	7841	7840	
1430	Quad4	7898	7899	7870	7869	
1431	Quad4	7927	7928	7899	7898	
1432	Quad4	7956	7957	7928	7927	
1433	Quad4	7985	7986	7957	7956	
1434	Quad4	8014	8015	7986	7985	
1435	Quad4	8043	8044	8015	8014	
1436	Quad4	8072	8073	8044	8043	
1437	Quad4	8101	8102	8073	8072	
1438	Quad4	8130	8131	8102	8101	
1439	Quad4	8159	8160	8131	8130	
1440	Quad4	8196	8195	8160	8159	
1441	Quad4	4738	4739	3064	3063	
1442	Quad4	4767	4768	4739	4738	
1443	Quad4	4796	4797	4768	4767	
1444	Quad4	4825	4826	4797	4796	
1445	Quad4	4854	4855	4826	4825	
1446	Quad4	4883	4884	4855	4854	
1447	Quad4	4912	4913	4884	4883	
1448	Quad4	4941	4942	4913	4912	
1449	Quad4	4970	4971	4942	4941	
1450	Quad4	4999	5000	4971	4970	
1451	Quad4	5028	5029	5000	4999	
1452	Quad4	5057	5058	5029	5028	
1453	Quad4	5086	5087	5058	5057	
1454	Quad4	5115	5116	5087	5086	
1455	Quad4	5144	5145	5116	5115	
1456	Quad4	5173	5174	5145	5144	
1457	Quad4	5202	5203	5174	5173	
1458	Quad4	5231	5232	5203	5202	
1459	Quad4	5260	5261	5232	5231	
1460	Quad4	5289	5290	5261	5260	
1461	Quad4	5318	5319	5290	5289	
1462	Quad4	5347	5348	5319	5318	
1463	Quad4	5376	5377	5348	5347	
1464	Quad4	5405	5406	5377	5376	
1465	Quad4	5434	5435	5406	5405	
1466	Quad4	5463	5464	5435	5434	
1467	Quad4	5492	5493	5464	5463	
1468	Quad4	5521	5522	5493	5492	
1469	Quad4	5550	5551	5522	5521	
1470	Quad4	5579	5580	5551	5550	
1471	Quad4	5608	5609	5580	5579	
1472	Quad4	5637	5638	5609	5608	
1473	Quad4	5666	5667	5638	5637	
1474	Quad4	5695	5696	5667	5666	
1475	Quad4	5724	5725	5696	5695	
1476	Quad4	5753	5754	5725	5724	
1477	Quad4	5782	5783	5754	5753	
1478	Quad4	5811	5812	5783	5782	
1479	Quad4	5840	5841	5812	5811	
1480	Quad4	5869	5870	5841	5840	
1481	Quad4	5898	5899	5870	5869	
1482	Quad4	5927	5928	5899	5898	
1483	Quad4	5956	5957	5928	5927	
1484	Quad4	5985	5986	5957	5956	
1485	Quad4	6014	6015	5986	5985	
1486	Quad4	6043	6044	6015	6014	
1487	Quad4	6072	6073	6044	6043	
1488	Quad4	6101	6102	6073	6072	
1489	Quad4	6130	6131	6102	6101	
1490	Quad4	6159	6160	6131	6130	
1491	Quad4	6188	6189	6160	6159	
1492	Quad4	6217	6218	6189	6188	
1493	Quad4	6246	6247	6218	6217	
1494	Quad4	6275	6276	6247	6246	
1495	Quad4	6304	6305	6276	6275	
1496	Quad4	6333	6334	6305	6304	
1497	Quad4	6362	6363	6334	6333	
1498	Quad4	6391	6392	6363	6362	
1499	Quad4	6420	6421	6392	6391	
1500	Quad4	6449	6450	6421	6420	
1501	Quad4	6478	6479	6450	6449	
1502	Quad4	6507	6508	6479	6478	
1503	Quad4	6536	6537	6508	6507	
1504	Quad4	6565	6566	6537	6536	
1505	Quad4	6594	6595	6566	6565	
1506	Quad4	6623	6624	6595	6594	
1507	Quad4	6652	6653	6624	6623	
1508	Quad4	6681	6682	6653	6652	
1509	Quad4	6710	6711	6682	6681	
1510	Quad4	6739	6740	6711	6710	
1511	Quad4	6768	6769	6740	6739	
1512	Quad4	6797	6798	6769	6768	
1513	Quad4	6826	6827	6798	6797	
1514	Quad4	6855	6856	6827	6826	
1515	Quad4	6884	6885	6856	6855	
1516	Quad4	6913	6914	6885	6884	
1517	Quad4	6942	6943	6914	6913	
1518	Quad4	6971	6972	6943	6942	
1519	Quad4	7000	7001	6972	6971	
1520	Quad4	7029	7030	7001	7000	
1521	Quad4	7058	7059	7030	7029	
1522	Quad4	7087	7088	7059	7058	
1523	Quad4	7116	7117	7088	7087	
1524	Quad4	7145	7146	7117	7116	
1525	Quad4	7174	7175	7146	7145	
1526	Quad4	7203	7204	7175	7174	
1527	Quad4	7232	7233	7204	7203	
1528	Quad4	7261	7262	7233	7232	
1529	Quad4	7290	7291	7262	7261	
1530	Quad4	7319	7320	7291	7290	
1531	Quad4	7348	7349	7320	7319	
1532	Quad4	7377	7378	7349	7348	
1533	Quad4	7406	7407	7378	7377	
1534	Quad4	7435	7436	7407	7406	
1535	Quad4	7464	7465	7436	7435	
1536	Quad4	7493	7494	7465	7464	
1537	Quad4	7522	7523	7494	7493	
1538	Quad4	7551	7552	7523	7522	
1539	Quad4	7580	7581	7552	7551	
1540	Quad4	7609	7610	7581	7580	
1541	Quad4	7638	7639	7610	7609	
1542	Quad4	7667	7668	7639	7638	
1543	Quad4	7696	7697	7668	7667	
1544	Quad4	7725	7726	7697	7696	
1545	Quad4	7754	7755	7726	7725	
1546	Quad4	7783	7784	7755	7754	
1547	Quad4	7812	7813	7784	7783	
1548	Quad4	7841	7842	7813	7812	
1549	Quad4	7870	7871	7842	7841	
1550	Quad4	7899	7900	7871	7870	
1551	Quad4	7928	7929	7900	7899	
1552	Quad4	7957	7958	7929	7928	
1553	Quad4	7986	7987	7958	7957	
1554	Quad4	8015	8016	7987	7986	
1555	Quad4	8044	8045	8016	8015	
1556	Quad4	8073	8074	8045	8044	
1557	Quad4	8102	8103	8074	8073	
1558	Quad4	8131	8132	8103	8102	
1559	Quad4	8160	8161	8132	8131	
1560	Quad4	8195	8194	8161	8160	
1561	Quad4	4739	4740	3065	3064	
1562	Quad4	4768	4769	4740	4739	
1563	Quad4	4797	4798	4769	4768	
1564	Quad4	4826	4827	4798	4797	
1565	Quad4	4855	4856	4827	4826	
1566	Quad4	4884	4885	4856	4855	
1567	Quad4	4913	4914	4885	4884	
1568	Quad4	4942	4943	4914	4913	
1569	Quad4	4971	4972	4943	4942	
1570	Quad4	5000	5001	4972	4971	
1571	Quad4	5029	5030	5001	5000	
1572	Quad4	5058	5059	5030	5029	
1573	Quad4	5087	5088	5059	5058	
1574	Quad4	5116	5117	5088	5087	
1575	Quad4	5145	5146	5117	5116	
1576	Quad4	5174	5175	5146	5145	
1577	Quad4	5203	5204	5175	5174	
1578	Quad4	5232	5233	5204	5203	
1579	Quad4	5261	5262	5233	5232	
1580	Quad4	5290	5291	5262	5261	
1581	Quad4	5319	5320	5291	5290	
1582	Quad4	5348	5349	5320	5319	
1583	Quad4	5377	5378	5349	5348	
1584	Quad4	5406	5407	5378	5377	
1585	Quad4	5435	5436	5407	5406	
1586	Quad4	5464	5465	5436	5435	
1587	Quad4	5493	5494	5465	5464	
1588	Quad4	5522	5523	5494	5493	
1589	Quad4	5551	5552	5523	5522	
1590	Quad4	5580	5581	5552	5551	
1591	Quad4	5609	5610	5581	5580	
1592	Quad4	5638	5639	5610	5609	
1593	Quad4	5667	5668	5639	5638	
1594	Quad4	5696	5697	5668	5667	
1595	Quad4	5725	5726	5697	5696	
1596	Quad4	5754	5755	5726	5725	
1597	Quad4	5783	5784	5755	5754	
1598	Quad4	5812	5813	5784	5783	
1599	Quad4	5841	5842	5813	5812	
1600	Quad4	5870	5871	5842	5841	
1601	Quad4	5899	5900	5871	5870	
1602	Quad4	5928	5929	5900	5899	
1603	Quad4	5957	5958	5929	5928	
1604	Quad4	5986	5987	5958	5957	
1605	Quad4	6015	6016	5987	5986	
1606	Quad4	6044	6045	6016	6015	
1607	Quad4	6073	6074	6045	6044	
1608	Quad4	6102	6103	6074	6073	
1609	Quad4	6131	6132	6103	6102	
1610	Quad4	6160	6161	6132	6131	
1611	Quad4	6189	6190	6161	6160	
1612	Quad4	6218	6219	6190	6189	
1613	Quad4	6247	6248	6219	6218	
1614	Quad4	6276	6277	6248	6247	
1615	Quad4	6305	6306	6277	6276	
1616	Quad4	6334	6335	6306	6305	
1617	Quad4	6363	6364	6335	6334	
1618	Quad4	6392	6393	6364	6363	
1619	Quad4	6421	6422	6393	6392	
1620	Quad4	6450	6451	6422	6421	
1621	Quad4	6479	6480	6451	6450	
1622	Quad4	6508	6509	6480	6479	
1623	Quad4	6537	6538	6509	6508	
1624	Quad4	6566	6567	6538	6537	
1625	Quad4	6595	6596	6567	6566	
1626	Quad4	6624	6625	6596	6595	
1627	Quad4	6653	6654	6625	6624	
1628	Quad4	6682	6683	6654	6653	
1629	Quad4	6711	6712	6683	6682	
1630	Quad4	6740	6741	6712	6711	
1631	Quad4	6769	6770	6741	6740	
1632	Quad4	6798	6799	6770	6769	
1633	Quad4	6827	6828	6799	6798	
1634	Quad4	6856	6857	6828	6827	
1635	Quad4	6885	6886	6857	6856	
1636	Quad4	6914	6915	6886	6885	
1637	Quad4	6943	6944	6915	6914	
1638	Quad4	6972	6973	6944	6943	
1639	Quad4	7001	7002	6973	6972	
1640	Quad4	7030	7031	7002	7001	
1641	Quad4	7059	7060	7031	7030	
1642	Quad4	7088	7089	7060	7059	
1643	Quad4	7117	7118	7089	7088	
1644	Quad4	7146	7147	7118	7117	
1645	Quad4	7175	7176	7147	7146	
1646	Quad4	7204	7205	7176	7175	
1647	Quad4	7233	7234	7205	7204	
1648	Quad4	7262	7263	7234	7233	
1649	Quad4	7291	7292	7263	7262	
1650	Quad4	7320	7321	7292	7291	
1651	Quad4	7349	7350	7321	7320	
1652	Quad4	7378	7379	7350	7349	
1653	Quad4	7407	7408	7379	7378	
1654	Quad4	7436	7437	7408	7407	
1655	Quad4	7465	7466	7437	7436	
1656	Quad4	7494	7495	7466	7465	
1657	Quad4	7523	7524	7495	7494	
1658	Quad4	7552	7553	7524	7523	
1659	Quad4	7581	7582	7553	7552	
1660	Quad4	7610	7611	7582	7581	
1661	Quad4	7639	7640	7611	7610	
1662	Quad4	7668	7669	7640	7639	
1663	Quad4	7697	7698	7669	7668	
1664	Quad4	7726	7727	7698	7697	
1665	Quad4	7755	7756	7727	7726	
1666	Quad4	7784	7785	7756	7755	
1667	Quad4	7813	7814	7785	7784	
1668	Quad4	7842	7843	7814	7813	
1669	Quad4	7871	7872	7843	7842	
1670	Quad4	7900	7901	7872	7871	
1671	Quad4	7929	7930	7901	7900	
1672	Quad4	7958	7959	7930	7929	
1673	Quad4	7987	7988	7959	7958	
1674	Quad4	8016	8017	7988	7987	
1675	Quad4	8045	8046	8017	8016	
1676	Quad4	8074	8075	8046	8045	
1677	Quad4	8103	8104	8075	8074	
1678	Quad4	8132	8133	8104	8103	
1679	Quad4	8161	8162	8133	8132	
1680	Quad4	8194	8193	8162	8161	
1681	Quad4	4740	4741	3066	3065	
1682	Quad4	4769	4770	4741	4740	
1683	Quad4	4798	4799	4770	4769	
1684	Quad4	4827	4828	4799	4798	
1685	Quad4	4856	4857	4828	4827	
1686	Quad4	4885	4886	4857	4856	
1687	Quad4	4914	4915	4886	4885	
1688	Quad4	4943	4944	4915	4914	
1689	Quad4	4972	4973	4944	4943	
1690	Quad4	5001	5002	4973	4972	
1691	Quad4	5030	5031	5002	5001	
1692	Quad4	5059	5060	5031	5030	
1693	Quad4	5088	5089	5060	5059	
1694	Quad4	5117	5118	5089	5088	
1695	Quad4	5146	5147	5118	5117	
1696	Quad4	5175	5176	5147	5146	
1697	Quad4	5204	5205	5176	5175	
1698	Quad4	5233	5234	5205	5204	
1699	Quad4	5262	5263	5234	5233	
1700	Quad4	5291	5292	5263	5262	
1701	Quad4	5320	5321	5292	5291	
1702	Quad4	5349	5350	5321	5320	
1703	Quad4	5378	5379	5350	5349	
1704	Quad4	5407	5408	5379	5378	
1705	Quad4	5436	5437	5408	5407	
1706	Quad4	5465	5466	5437	5436	
1707	Quad4	5494	5495	5466	5465	
1708	Quad4	5523	5524	5495	5494	
1709	Quad4	5552	5553	5524	5523	
1710	Quad4	5581	5582	5553	5552	
1711	Quad4	5610	5611	5582	5581	
1712	Quad4	5639	5640	5611	5610	
1713	Quad4	5668	5669	5640	5639	
1714	Quad4	5697	5698	5669	5668	
1715	Quad4	5726	5727	5698	5697	
1716	Quad4	5755	5756	5727	5726	
1717	Quad4	5784	5785	5756	5755	
1718	Quad4	5813	5814	5785	5784	
1719	Quad4	5842	5843	5814	5813	
1720	Quad4	5871	5872	5843	5842	
1721	Quad4	5900	5901	5872	5871	
1722	Quad4	5929	5930	5901	5900	
1723	Quad4	5958	5959	5930	5929	
1724	Quad4	5987	5988	5959	5958	
1725	Quad4	6016	6017	5988	5987	
1726	Quad4	6045	6046	6017	6016	
1727	Quad4	6074	6075	6046	6045	
1728	Quad4	6103	6104	6075	6074	
1729	Quad4	6132	6133	6104	6103	
1730	Quad4	6161	6162	6133	6132	
1731	Quad4	6190	6191	6162	6161	
1732	Quad4	6219	6220	6191	6190	
1733	Quad4	6248	6249	6220	6219	
1734	Quad4	6277	6278	6249	6248	
1735	Quad4	6306	6307	6278	6277	
1736	Quad4	6335	6336	6307	6306	
1737	Quad4	6364	6365	6336	6335	
1738	Quad4	6393	6394	6365	6364	
1739	Quad4	6422	6423	6394	6393	
1740	Quad4	6451	6452	6423	6422	
1741	Quad4	6480	6481	6452	6451	
1742	Quad4	6509	6510	6481	6480	
1743	Quad4	6538	6539	6510	6509	
1744	Quad4	6567	6568	6539	6538	
1745	Quad4	6596	6597	6568	6567	
1746	Quad4	6625	6626	6597	6596	
1747	Quad4	6654	6655	6626	6625	
1748	Quad4	6683	6684	6655	6654	
1749	Quad4	6712	6713	6684	6683	
1750	Quad4	6741	6742	6713	6712	
1751	Quad4	6770	6771	6742	6741	
1752	Quad4	6799	6800	6771	6770	
1753	Quad4	6828	6829	6800	6799	
1754	Quad4	6857	6858	6829	6828	
1755	Quad4	6886	6887	6858	6857	
1756	Quad4	6915	6916	6887	6886	
1757	Quad4	6944	6945	6916	6915	
1758	Quad4	6973	6974	6945	6944	
1759	Quad4	7002	7003	6974	6973	
1760	Quad4	7031	7032	7003	7002	
1761	Quad4	7060	7061	7032	7031	
1762	Quad4	7089	7090	7061	7060	
1763	Quad4	7118	7119	7090	7089	
1764	Quad4	7147	7148	7119	7118	
1765	Quad4	7176	7177	7148	7147	
1766	Quad4	7205	7206	7177	7176	
1767	Quad4	7234	7235	7206	7205	
1768	Quad4	7263	7264	7235	7234	
1769	Quad4	7292	7293	7264	7263	
1770	Quad4	7321	7322	7293	7292	
1771	Quad4	7350	7351	7322	7321	
1772	Quad4	7379	7380	7351	7350	
1773	Quad4	7408	7409	7380	7379	
1774	Quad4	7437	7438	7409	7408	
1775	Quad4	7466	7467	7438	7437	
1776	Quad4	7495	7496	7467	7466	
1777	Quad4	7524	7525	7496	7495	
1778	Quad4	7553	7554	7525	7524	
1779	Quad4	7582	7583	7554	7553	
1780	Quad4	7611	7612	7583	7582	
1781	Quad4	7640	7641	7612	7611	
1782	Quad4	7669	7670	7641	7640	
1783	Quad4	7698	7699	7670	7669	
1784	Quad4	7727	7728	7699	7698	
1785	Quad4	7756	7757	7728	7727	
1786	Quad4	7785	7786	7757	7756	
1787	Quad4	7814	7815	7786	7785	
1788	Quad4	7843	7844	7815	7814	
1789	Quad4	7872	7873	7844	7843	
1790	Quad4	7901	7902	7873	7872	
1791	Quad4	7930	7931	7902	7901	
1792	Quad4	7959	7960	7931	7930	
1793	Quad4	7988	7989	7960	7959	
1794	Quad4	8017	8018	7989	7988	
1795	Quad4	8046	8047	8018	8017	
1796	Quad4	8075	8076	8047	8046	
1797	Quad4	8104	8105	8076	8075	
1798	Quad4	8133	8134	8105	8104	
1799	Quad4	8162	8163	8134	8133	
1800	Quad4	8193	8192	8163	8162	
1801	Quad4	4741	4742	3067	3066	
1802	Quad4	4770	4771	4742	4741	
1803	Quad4	4799	4800	4771	4770	
1804	Quad4	4828	4829	4800	4799	
1805	Quad4	4857	4858	4829	4828	
1806	Quad4	4886	4887	4858	4857	
1807	Quad4	4915	4916	4887	4886	
1808	Quad4	4944	4945	4916	4915	
1809	Quad4	4973	4974	4945	4944	
1810	Quad4	5002	5003	4974	4973	
1811	Quad4	5031	5032	5003	5002	
1812	Quad4	5060	5061	5032	5031	
1813	Quad4	5089	5090	5061	5060	
1814	Quad4	5118	5119	5090	5089	
1815	Quad4	5147	5148	5119	5118	
1816	Quad4	5176	5177	5148	5147	
1817	Quad4	5205	5206	5177	5176	
1818	Quad4	5234	5235	5206	5205	
1819	Quad4	5263	5264	5235	5234	
1820	Quad4	5292	5293	5264	5263	
1821	Quad4	5321	5322	5293	5292	
1822	Quad4	5350	5351	5322	5321	
1823	Quad4	5379	5380	5351	5350	
1824	Quad4	5408	5409	5380	5379	
1825	Quad4	5437	5438	5409	5408	
1826	Quad4	5466	5467	5438	5437	
1827	Quad4	5495	5496	5467	5466	
1828	Quad4	5524	5525	5496	5495	
1829	Quad4	5553	5554	5525	5524	
1830	Quad4	5582	5583	5554	5553	
1831	Quad4	5611	5612	5583	5582	
1832	Quad4	5640	5641	5612	5611	
1833	Quad4	5669	5670	5641	5640	
1834	Quad4	5698	5699	5670	5669	
1835	Quad4	5727	5728	5699	5698	
1836	Quad4	5756	5757	5728	5727	
1837	Quad4	5785	5786	5757	5756	
1838	Quad4	5814	5815	5786	5785	
1839	Quad4	5843	5844	5815	5814	
1840	Quad4	5872	5873	5844	5843	
1841	Quad4	5901	5902	5873	5872	
1842	Quad4	5930	5931	5902	5901	
1843	Quad4	5959	5960	5931	5930	
1844	Quad4	5988	5989	5960	5959	
1845	Quad4	6017	6018	5989	5988	
1846	Quad4	6046	6047	6018	6017	
1847	Quad4	6075	6076	6047	6046	
1848	Quad4	6104	6105	6076	6075	
1849	Quad4	6133	6134	6105	6104	
1850	Quad4	6162	6163	6134	6133	
1851	Quad4	6191	6192	6163	6162	
1852	Quad4	6220	6221	6192	6191	
1853	Quad4	6249	6250	6221	6220	
1854	Quad4	6278	6279	6250	6249	
1855	Quad4	6307	6308	6279	6278	
1856	Quad4	6336	6337	6308	6307	
1857	Quad4	6365	6366	6337	6336	
1858	Quad4	6394	6395	6366	6365	
1859	Quad4	6423	6424	6395	6394	
1860	Quad4	6452	6453	6424	6423	
1861	Quad4	6481	6482	6453	6452	
1862	Quad4	6510	6511	6482	6481	
1863	Quad4	6539	6540	6511	6510	
1864	Quad4	6568	6569	6540	6539	
1865	Quad4	6597	6598	6569	6568	
1866	Quad4	6626	6627	6598	6597	
1867	Quad4	6655	6656	6627	6626	
1868	Quad4	6684	6685	6656	6655	
1869	Quad4	6713	6714	6685	6684	
1870	Quad4	6742	6743	6714	6713	
1871	Quad4	6771	6772	6743	6742	
1872	Quad4	6800	6801	6772	6771	
1873	Quad4	6829	6830	6801	6800	
1874	Quad4	6858	6859	6830	6829	
1875	Quad4	6887	6888	6859	6858	
1876	Quad4	6916	6917	6888	6887	
1877	Quad4	6945	6946	6917	6916	
1878	Quad4	6974	6975	6946	6945	
1879	Quad4	7003	7004	6975	6974	
1880	Quad4	7032	7033	7004	7003	
1881	Quad4	7061	7062	7033	7032	
1882	Quad4	7090	7091	7062	7061	
1883	Quad4	7119	7120	7091	7090	
1884	Quad4	7148	7149	7120	7119	
1885	Quad4	7177	7178	7149	7148	
1886	Quad4	7206	7207	7178	7177	
1887	Quad4	7235	7236	7207	7206	
1888	Quad4	7264	7265	7236	7235	
1889	Quad4	7293	7294	7265	7264	
1890	Quad4	7322	7323	7294	7293	
1891	Quad4	7351	7352	7323	7322	
1892	Quad4	7380	7381	7352	7351	
1893	Quad4	7409	7410	7381	7380	
1894	Quad4	7438	7439	7410	7409	
1895	Quad4	7467	7468	7439	7438	
1896	Quad4	7496	7497	7468	7467	
1897	Quad4	7525	7526	7497	7496	
1898	Quad4	7554	7555	7526	7525	
1899	Quad4	7583	7584	7555	7554	
1900	Quad4	7612	7613	7584	7583	
1901	Quad4	7641	7642	7613	7612	
1902	Quad4	7670	7671	7642	7641	
1903	Quad4	7699	7700	7671	7670	
1904	Quad4	7728	7729	7700	7699	
1905	Quad4	7757	7758	7729	7728	
1906	Quad4	7786	7787	7758	7757	
1907	Quad4	7815	7816	7787	7786	
1908	Quad4	7844	7845	7816	7815	
1909	Quad4	7873	7874	7845	7844	
1910	Quad4	7902	7903	7874	7873	
1911	Quad4	7931	7932	7903	7902	
1912	Quad4	7960	7961	7932	7931	
1913	Quad4	7989	7990	7961	7960	
1914	Quad4	8018	8019	7990	7989	
1915	Quad4	8047	8048	8019	8018	
1916	Quad4	8076	8077	8048	8047	
1917	Quad4	8105	8106	8077	8076	
1918	Quad4	8134	8135	8106	8105	
1919	Quad4	8163	8164	8135	8134	
1920	Quad4	8192	8191	8164	8163	
1921	Quad4	4742	4743	3068	3067	
1922	Quad4	4771	4772	4743	4742	
1923	Quad4	4800	4801	4772	4771	
1924	Quad4	4829	4830	4801	4800	
1925	Quad4	4858	4859	4830	4829	
1926	Quad4	4887	4888	4859	4858	
1927	Quad4	4916	4917	4888	4887	
1928	Quad4	4945	4946	4917	4916	
1929	Quad4	4974	4975	4946	4945	
1930	Quad4	5003	5004	4975	4974	
1931	Quad4	5032	5033	5004	5003	
1932	Quad4	5061	5062	5033	5032	
1933	Quad4	5090	5091	5062	5061	
1934	Quad4	5119	5120	5091	5090	
1935	Quad4	5148	5149	5120	5119	
1936	Quad4	5177	5178	5149	5148	
1937	Quad4	5206	5207	5178	5177	
1938	Quad4	5235	5236	5207	5206	
1939	Quad4	5264	5265	5236	5235	
1940	Quad4	5293	5294	5265	5264	
1941	Quad4	5322	5323	5294	5293	
1942	Quad4	5351	5352	5323	5322	
1943	Quad4	5380	5381	5352	5351	
1944	Quad4	5409	5410	5381	5380	
1945	Quad4	5438	5439	5410	5409	
1946	Quad4	5467	5468	5439	5438	
1947	Quad4	5496	5497	5468	5467	
1948	Quad4	5525	5526	5497	5496	
1949	Quad4	5554	5555	5526	5525	
1950	Quad4	5583	5584	5555	5554	
1951	Quad4	5612	5613	5584	5583	
1952	Quad4	5641	5642	5613	5612	
1953	Quad4	5670	5671	5642	5641	
1954	Quad4	5699	5700	5671	5670	
1955	Quad4	5728	5729	5700	5699	
1956	Quad4	5757	5758	5729	5728	
1957	Quad4	5786	5787	5758	5757	
1958	Quad4	5815	5816	5787	5786	
1959	Quad4	5844	5845	5816	5815	
1960	Quad4	5873	5874	5845	5844	
1961	Quad4	5902	5903	5874	5873	
1962	Quad4	5931	5932	5903	5902	
1963	Quad4	5960	5961	5932	5931	
1964	Quad4	5989	5990	5961	5960	
1965	Quad4	6018	6019	5990	5989	
1966	Quad4	6047	6048	6019	6018	
1967	Quad4	6076	6077	6048	6047	
1968	Quad4	6105	6106	6077	6076	
1969	Quad4	6134	6135	6106	6105	
1970	Quad4	6163	6164	6135	6134	
1971	Quad4	6192	6193	6164	6163	
1972	Quad4	6221	6222	6193	6192	
1973	Quad4	6250	6251	6222	6221	
1974	Quad4	6279	6280	6251	6250	
1975	Quad4	6308	6309	6280	6279	
1976	Quad4	6337	6338	6309	6308	
1977	Quad4	6366	6367	6338	6337	
1978	Quad4	6395	6396	6367	6366	
1979	Quad4	6424	6425	6396	6395	
1980	Quad4	6453	6454	6425	6424	
1981	Quad4	6482	6483	6454	6453	
1982	Quad4	6511	6512	6483	6482	
1983	Quad4	6540	6541	6512	6511	
1984	Quad4	6569	6570	6541	6540	
1985	Quad4	6598	6599	6570	6569	
1986	Quad4	6627	6628	6599	6598	
1987	Quad4	6656	6657	6628	6627	
1988	Quad4	6685	6686	6657	6656	
1989	Quad4	6714	6715	6686	6685	
1990	Quad4	6743	6744	6715	6714	
1991	Quad4	6772	6773	6744	6743	
1992	Quad4	6801	6802	6773	6772	
1993	Quad4	6830	6831	6802	6801	
1994	Quad4	6859	6860	6831	6830	
1995	Quad4	6888	6889	6860	6859	
1996	Quad4	6917	6918	6889	6888	
1997	Quad4	6946	6947	6918	6917	
1998	Quad4	6975	6976	6947	6946	
1999	Quad4	7004	7005	6976	6975	
2000	Quad4	7033	7034	7005	7004	
2001	Quad4	7062	7063	7034	7033	
2002	Quad4	7091	7092	7063	7062	
2003	Quad4	7120	7121	7092	7091	
2004	Quad4	7149	7150	7121	7120	
2005	Quad4	7178	7179	7150	7149	
2006	Quad4	7207	7208	7179	7178	
2007	Quad4	7236	7237	7208	7207	
2008	Quad4	7265	7266	7237	7236	
2009	Quad4	7294	7295	7266	7265	
2010	Quad4	7323	7324	7295	7294	
2011	Quad4	7352	7353	7324	7323	
2012	Quad4	7381	7382	7353	7352	
2013	Quad4	7410	7411	7382	7381	
2014	Quad4	7439	7440	7411	7410	
2015	Quad4	7468	7469	7440	7439	
2016	Quad4	7497	7498	7469	7468	
2017	Quad4	7526	7527	7498	7497	
2018	Quad4	7555	7556	7527	7526	
2019	Quad4	7584	7585	7556	7555	
2020	Quad4	7613	7614	7585	7584	
2021	Quad4	7642	7643	7614	7613	
2022	Quad4	7671	7672	7643	7642	
2023	Quad4	7700	7701	7672	7671	
2024	Quad4	7729	7730	7701	7700	
2025	Quad4	7758	7759	7730	7729	
2026	Quad4	7787	7788	7759	7758	
2027	Quad4	7816	7817	7788	7787	
2028	Quad4	7845	7846	7817	7816	
2029	Quad4	7874	7875	7846	7845	
2030	Quad4	7903	7904	7875	7874	
2031	Quad4	7932	7933	7904	7903	
2032	Quad4	7961	7962	7933	7932	
2033	Quad4	7990	7991	7962	7961	
2034	Quad4	8019	8020	7991	7990	
2035	Quad4	8048	8049	8020	8019	
2036	Quad4	8077	8078	8049	8048	
2037	Quad4	8106	8107	8078	8077	
2038	Quad4	8135	8136	8107	8106	
2039	Quad4	8164	8165	8136	8135	
2040	Quad4	8191	8190	8165	8164	
2041	Quad4	4743	4744	3069	3068	
2042	Quad4	4772	4773	4744	4743	
2043	Quad4	4801	4802	4773	4772	
2044	Quad4	4830	4831	4802	4801	
2045	Quad4	4859	4860	4831	4830	
2046	Quad4	4888	4889	4860	4859	
2047	Quad4	4917	4918	4889	4888	
2048	Quad4	4946	4947	4918	4917	
2049	Quad4	4975	4976	4947	4946	
2050	Quad4	5004	5005	4976	4975	
2051	Quad4	5033	5034	5005	5004	
2052	Quad4	5062	5063	5034	5033	
2053	Quad4	5091	5092	5063	5062	
2054	Quad4	5120	5121	5092	5091	
2055	Quad4	5149	5150	5121	5120	
2056	Quad4	5178	5179	5150	5149	
2057	Quad4	5207	5208	5179	5178	
2058	Quad4	5236	5237	5208	5207	
2059	Quad4	5265	5266	5237	5236	
2060	Quad4	5294	5295	5266	5265	
2061	Quad4	5323	5324	5295	5294	
2062	Quad4	5352	5353	5324	5323	
2063	Quad4	5381	5382	5353	5352	
2064	Quad4	5410	5411	5382	5381	
2065	Quad4	5439	5440	5411	5410	
2066	Quad4	5468	5469	5440	5439	
2067	Quad4	5497	5498	5469	5468	
2068	Quad4	5526	5527	5498	5497	
2069	Quad4	5555	5556	5527	5526	
2070	Quad4	5584	5585	5556	5555	
2071	Quad4	5613	5614	5585	5584	
2072	Quad4	5642	5643	5614	5613	
2073	Quad4	5671	5672	5643	5642	
2074	Quad4	5700	5701	5672	5671	
2075	Quad4	5729	5730	5701	5700	
2076	Quad4	5758	5759	5730	5729	
2077	Quad4	5787	5788	5759	5758	
2078	Quad4	5816	5817	5788	5787	
2079	Quad4	5845	5846	5817	5816	
2080	Quad4	5874	5875	5846	5845	
2081	Quad4	5903	5904	5875	5874	
2082	Quad4	5932	5933	5904	5903	
2083	Quad4	5961	5962	5933	5932	
2084	Quad4	5990	5991	5962	5961	
2085	Quad4	6019	6020	5991	5990	
2086	Quad4	6048	6049	6020	6019	
2087	Quad4	6077	6078	6049	6048	
2088	Quad4	6106	6107	6078	6077	
2089	Quad4	6135	6136	6107	6106	
2090	Quad4	6164	6165	6136	6135	
2091	Quad4	6193	6194	6165	6164	
2092	Quad4	6222	6223	6194	6193	
2093	Quad4	6251	6252	6223	6222	
2094	Quad4	6280	6281	6252	6251	
2095	Quad4	6309	6310	6281	6280	
2096	Quad4	6338	6339	6310	6309	
2097	Quad4	6367	6368	6339	6338	
2098	Quad4	6396	6397	6368	6367	
2099	Quad4	6425	6426	6397	6396	
2100	Quad4	6454	6455	6426	6425	
2101	Quad4	6483	6484	6455	6454	
2102	Quad4	6512	6513	6484	6483	
2103	Quad4	6541	6542	6513	6512	
2104	Quad4	6570	6571	6542	6541	
2105	Quad4	6599	6600	6571	6570	
2106	Quad4	6628	6629	6600	6599	
2107	Quad4	6657	6658	6629	6628	
2108	Quad4	6686	6687	6658	6657	
2109	Quad4	6715	6716	6687	6686	
2110	Quad4	6744	6745	6716	6715	
2111	Quad4	6773	6774	6745	6744	
2112	Quad4	6802	6803	6774	6773	
2113	Quad4	6831	6832	6803	6802	
2114	Quad4	6860	6861	6832	6831	
2115	Quad4	6889	6890	6861	6860	
2116	Quad4	6918	6919	6890	6889	
2117	Quad4	6947	6948	6919	6918	
2118	Quad4	6976	6977	6948	6947	
2119	Quad4	7005	7006	6977	6976	
2120	Quad4	7034	7035	7006	7005	
2121	Quad4	7063	7064	7035	7034	
2122	Quad4	7092	7093	7064	7063	
2123	Quad4	7121	7122	7093	7092	
2124	Quad4	7150	7151	7122	7121	
2125	Quad4	7179	7180	7151	7150	
2126	Quad4	7208	7209	7180	7179	
2127	Quad4	7237	7238	7209	7208	
2128	Quad4	7266	7267	7238	7237	
2129	Quad4	7295	7296	7267	7266	
2130	Quad4	7324	7325	7296	7295	
2131	Quad4	7353	7354	7325	7324	
2132	Quad4	7382	7383	7354	7353	
2133	Quad4	7411	7412	7383	7382	
2134	Quad4	7440	7441	7412	7411	
2135	Quad4	7469	7470	7441	7440	
2136	Quad4	7498	7499	7470	7469	
2137	Quad4	7527	7528	7499	7498	
2138	Quad4	7556	7557	7528	7527	
2139	Quad4	7585	7586	7557	7556	
2140	Quad4	7614	7615	7586	7585	
2141	Quad4	7643	7644	7615	7614	
2142	Quad4	7672	7673	7644	7643	
2143	Quad4	7701	7702	7673	7672	
2144	Quad4	7730	7731	7702	7701	
2145	Quad4	7759	7760	7731	7730	
2146	Quad4	7788	7789	7760	7759	
2147	Quad4	7817	7818	7789	7788	
2148	Quad4	7846	7847	7818	7817	
2149	Quad4	7875	7876	7847	7846	
2150	Quad4	7904	7905	7876	7875	
2151	Quad4	7933	7934	7905	7904	
2152	Quad4	7962	7963	7934	7933	
2153	Quad4	7991	7992	7963	7962	
2154	Quad4	8020	8021	7992	7991	
2155	Quad4	8049	8050	8021	8020	
2156	Quad4	8078	8079	8050	8049	
2157	Quad4	8107	8108	8079	8078	
2158	Quad4	8136	8137	8108	8107	
2159	Quad4	8165	8166	8137	8136	
2160	Quad4	8190	8189	8166	8165	
2161	Quad4	4744	4745	3070	3069	
2162	Quad4	4773	4774	4745	4744	
2163	Quad4	4802	4803	4774	4773	
2164	Quad4	4831	4832	4803	4802	
2165	Quad4	4860	4861	4832	4831	
2166	Quad4	4889	4890	4861	4860	
2167	Quad4	4918	4919	4890	4889	
2168	Quad4	4947	4948	4919	4918	
2169	Quad4	4976	4977	4948	4947	
2170	Quad4	5005	5006	4977	4976	
2171	Quad4	5034	5035	5006	5005	
2172	Quad4	5063	5064	5035	5034	
2173	Quad4	5092	5093	5064	5063	
2174	Quad4	5121	5122	5093	5092	
2175	Quad4	5150	5151	5122	5121	
2176	Quad4	5179	5180	5151	5150	
2177	Quad4	5208	5209	5180	5179	
2178	Quad4	5237	5238	5209	5208	
2179	Quad4	5266	5267	5238	5237	
2180	Quad4	5295	5296	5267	5266	
2181	Quad4	5324	5325	5296	5295	
2182	Quad4	5353	5354	5325	5324	
2183	Quad4	5382	5383	5354	5353	
2184	Quad4	5411	5412	5383	5382	
2185	Quad4	5440	5441	5412	5411	
2186	Quad4	5469	5470	5441	5440	
2187	Quad4	5498	5499	5470	5469	
2188	Quad4	5527	5528	5499	5498	
2189	Quad4	5556	5557	5528	5527	
2190	Quad4	5585	5586	5557	5556	
2191	Quad4	5614	5615	5586	5585	
2192	Quad4	5643	5644	5615	5614	
2193	Quad4	5672	5673	5644	5643	
2194	Quad4	5701	5702	5673	5672	
2195	Quad4	5730	5731	5702	5701	
2196	Quad4	5759	5760	5731	5730	
2197	Quad4	5788	5789	5760	5759	
2198	Quad4	5817	5818	5789	5788	
2199	Quad4	5846	5847	5818	5817	
2200	Quad4	5875	5876	5847	5846	
2201	Quad4	5904	5905	5876	5875	
2202	Quad4	5933	5934	5905	5904	
2203	Quad4	5962	5963	5934	5933	
2204	Quad4	5991	5992	5963	5962	
2205	Quad4	6020	6021	5992	5991	
2206	Quad4	6049	6050	6021	6020	
2207	Quad4	6078	6079	6050	6049	
2208	Quad4	6107	6108	6079	6078	
2209	Quad4	6136	6137	6108	6107	
2210	Quad4	6165	6166	6137	6136	
2211	Quad4	6194	6195	6166	6165	
2212	Quad4	6223	6224	6195	6194	
2213	Quad4	6252	6253	6224	6223	
2214	Quad4	6281	6282	6253	6252	
2215	Quad4	6310	6311	6282	6281	
2216	Quad4	6339	6340	6311	6310	
2217	Quad4	6368	6369	6340	6339	
2218	Quad4	6397	6398	6369	6368	
2219	Quad4	6426	6427	6398	6397	
2220	Quad4	6455	6456	6427	6426	
2221	Quad4	6484	6485	6456	6455	
2222	Quad4	6513	6514	6485	6484	
2223	Quad4	6542	6543	6514	6513	
2224	Quad4	6571	6572	6543	6542	
2225	Quad4	6600	6601	6572	6571	
2226	Quad4	6629	6630	6601	6600	
2227	Quad4	6658	6659	6630	6629	
2228	Quad4	6687	6688	6659	6658	
2229	Quad4	6716	6717	6688	6687	
2230	Quad4	6745	6746	6717	6716	
2231	Quad4	6774	6775	6746	6745	
2232	Quad4	6803	6804	6775	6774	
2233	Quad4	6832	6833	6804	6803	
2234	Quad4	6861	6862	6833	6832	
2235	Quad4	6890	6891	6862	6861	
2236	Quad4	6919	6920	6891	6890	
2237	Quad4	6948	6949	6920	6919	
2238	Quad4	6977	6978	6949	6948	
2239	Quad4	7006	7007	6978	6977	
2240	Quad4	7035	7036	7007	7006	
2241	Quad4	7064	7065	7036	7035	
2242	Quad4	7093	7094	7065	7064	
2243	Quad4	7122	7123	7094	7093	
2244	Quad4	7151	7152	7123	7122	
2245	Quad4	7180	7181	7152	7151	
2246	Quad4	7209	7210	7181	7180	
2247	Quad4	7238	7239	7210	7209	
2248	Quad4	7267	7268	7239	7238	
2249	Quad4	7296	7297	7268	7267	
2250	Quad4	7325	7326	7297	7296	
2251	Quad4	7354	7355	7326	7325	
2252	Quad4	7383	7384	7355	7354	
2253	Quad4	7412	7413	7384	7383	
2254	Quad4	7441	7442	7413	7412	
2255	Quad4	7470	7471	7442	7441	
2256	Quad4	7499	7500	7471	7470	
2257	Quad4	7528	7529	7500	7499	
2258	Quad4	7557	7558	7529	7528	
2259	Quad4	7586	7587	7558	7557	
2260	Quad4	7615	7616	7587	7586	
2261	Quad4	7644	7645	7616	7615	
2262	Quad4	7673	7674	7645	7644	
2263	Quad4	7702	7703	7674	7673	
2264	Quad4	7731	7732	7703	7702	
2265	Quad4	7760	7761	7732	7731	
2266	Quad4	7789	7790	7761	7760	
2267	Quad4	7818	7819	7790	7789	
2268	Quad4	7847	7848	7819	7818	
2269	Quad4	7876	7877	7848	7847	
2270	Quad4	7905	7906	7877	7876	
2271	Quad4	7934	7935	7906	7905	
2272	Quad4	7963	7964	7935	7934	
2273	Quad4	7992	7993	7964	7963	
2274	Quad4	8021	8022	7993	7992	
2275	Quad4	8050	8051	8022	8021	
2276	Quad4	8079	8080	8051	8050	
2277	Quad4	8108	8109	8080	8079	
2278	Quad4	8137	8138	8109	8108	
2279	Quad4	8166	8167	8138	8137	
2280	Quad4	8189	8188	8167	8166	
2281	Quad4	4745	4746	3071	3070	
2282	Quad4	4774	4775	4746	4745	
2283	Quad4	4803	4804	4775	4774	
2284	Quad4	4832	4833	4804	4803	
2285	Quad4	4861	4862	4833	4832	
2286	Quad4	4890	4891	4862	4861	
2287	Quad4	4919	4920	4891	4890	
2288	Quad4	4948	4949	4920	4919	
2289	Quad4	4977	4978	4949	4948	
2290	Quad4	5006	5007	4978	4977	
2291	Quad4	5035	5036	5007	5006	
2292	Quad4	5064	5065	5036	5035	
2293	Quad4	5093	5094	5065	5064	
2294	Quad4	5122	5123	5094	5093	
2295	Quad4	5151	5152	5123	5122	
2296	Quad4	5180	5181	5152	5151	
2297	Quad4	5209	5210	5181	5180	
2298	Quad4	5238	5239	5210	5209	
2299	Quad4	5267	5268	5239	5238	
2300	Quad4	5296	5297	5268	5267	
2301	Quad4	5325	5326	5297	5296	
2302	Quad4	5354	5355	5326	5325	
2303	Quad4	5383	5384	5355	5354	
2304	Quad4	5412	5413	5384	5383	
2305	Quad4	5441	5442	5413	5412	
2306	Quad4	5470	5471	5442	5441	
2307	Quad4	5499	5500	5471	5470	
2308	Quad4	5528	5529	5500	5499	
2309	Quad4	5557	5558	5529	5528	
2310	Quad4	5586	5587	5558	5557	
2311	Quad4	5615	5616	5587	5586	
2312	Quad4	5644	5645	5616	5615	
2313	Quad4	5673	5674	5645	5644	
2314	Quad4	5702	5703	5674	5673	
2315	Quad4	5731	5732	5703	5702	
2316	Quad4	5760	5761	5732	5731	
2317	Quad4	5789	5790	5761	5760	
2318	Quad4	5818	5819	5790	5789	
2319	Quad4	5847	5848	5819	5818	
2320	Quad4	5876	5877	5848	5847	
2321	Quad4	5905	5906	5877	5876	
2322	Quad4	5934	5935	5906	5905	
2323	Quad4	5963	5964	5935	5934	
2324	Quad4	5992	5993	5964	5963	
2325	Quad4	6021	6022	5993	5992	
2326	Quad4	6050	6051	6022	6021	
2327	Quad4	6079	6080	6051	6050	
2328	Quad4	6108	6109	6080	6079	
2329	Quad4	6137	6138	6109	6108	
2330	Quad4	6166	6167	6138	6137	
2331	Quad4	6195	6196	6167	6166	
2332	Quad4	6224	6225	6196	6195	
2333	Quad4	6253	6254	6225	6224	
2334	Quad4	6282	6283	6254	6253	
2335	Quad4	6311	6312	6283	6282	
2336	Quad4	6340	6341	6312	6311	
2337	Quad4	6369	6370	6341	6340	
2338	Quad4	6398	6399	6370	6369	
2339	Quad4	6427	6428	6399	6398	
2340	Quad4	6456	6457	6428	6427	
2341	Quad4	6485	6486	6457	6456	
2342	Quad4	6514	6515	6486	6485	
2343	Quad4	6543	6544	6515	6514	
2344	Quad4	6572	6573	6544	6543	
2345	Quad4	6601	6602	6573	6572	
2346	Quad4	6630	6631	6602	6601	
2347	Quad4	6659	6660	6631	6630	
2348	Quad4	6688	6689	6660	6659	
2349	Quad4	6717	6718	6689	6688	
2350	Quad4	6746	6747	6718	6717	
2351	Quad4	6775	6776	6747	6746	
2352	Quad4	6804	6805	6776	6775	
2353	Quad4	6833	6834	6805	6804	
2354	Quad4	6862	6863	6834	6833	
2355	Quad4	6891	6892	6863	6862	
2356	Quad4	6920	6921	6892	6891	
2357	Quad4	6949	6950	6921	6920	
2358	Quad4	6978	6979	6950	6949	
2359	Quad4	7007	7008	6979	6978	
2360	Quad4	7036	7037	7008	7007	
2361	Quad4	7065	7066	7037	7036	
2362	Quad4	7094	7095	7066	7065	
2363	Quad4	7123	7124	7095	7094	
2364	Quad4	7152	7153	7124	7123	
2365	Quad4	7181	7182	7153	7152	
2366	Quad4	7210	7211	7182	7181	
2367	Quad4	7239	7240	7211	7210	
2368	Quad4	7268	7269	7240	7239	
2369	Quad4	7297	7298	7269	7268	
2370	Quad4	7326	7327	7298	7297	
2371	Quad4	7355	7356	7327	7326	
2372	Quad4	7384	7385	7356	7355	
2373	Quad4	7413	7414	7385	7384	
2374	Quad4	7442	7443	7414	7413	
2375	Quad4	7471	7472	7443	7442	
2376	Quad4	7500	7501	7472	7471	
2377	Quad4	7529	7530	7501	7500	
2378	Quad4	7558	7559	7530	7529	
2379	Quad4	7587	7588	7559	7558	
2380	Quad4	7616	7617	7588	7587	
2381	Quad4	7645	7646	7617	7616	
2382	Quad4	7674	7675	7646	7645	
2383	Quad4	7703	7704	7675	7674	
2384	Quad4	7732	7733	7704	7703	
2385	Quad4	7761	7762	7733	7732	
2386	Quad4	7790	7791	7762	7761	
2387	Quad4	7819	7820	7791	7790	
2388	Quad4	7848	7849	7820	7819	
2389	Quad4	7877	7878	7849	7848	
2390	Quad4	7906	7907	7878	7877	
2391	Quad4	7935	7936	7907	7906	
2392	Quad4	7964	7965	7936	7935	
2393	Quad4	7993	7994	7965	7964	
2394	Quad4	8022	8023	7994	7993	
2395	Quad4	8051	8052	8023	8022	
2396	Quad4	8080	8081	8052	8051	
2397	Quad4	8109	8110	8081	8080	
2398	Quad4	8138	8139	8110	8109	
2399	Quad4	8167	8168	8139	8138	
2400	Quad4	8188	8187	8168	8167	
2401	Quad4	4746	4747	3072	3071	
2402	Quad4	4775	4776	4747	4746	
2403	Quad4	4804	4805	4776	4775	
2404	Quad4	4833	4834	4805	4804	
2405	Quad4	4862	4863	4834	4833	
2406	Quad4	4891	4892	4863	4862	
2407	Quad4	4920	4921	4892	4891	
2408	Quad4	4949	4950	4921	4920	
2409	Quad4	4978	4979	4950	4949	
2410	Quad4	5007	5008	4979	4978	
2411	Quad4	5036	5037	5008	5007	
2412	Quad4	5065	5066	5037	5036	
2413	Quad4	5094	5095	5066	5065	
2414	Quad4	5123	5124	5095	5094	
2415	Quad4	5152	5153	5124	5123	
2416	Quad4	5181	5182	5153	5152	
2417	Quad4	5210	5211	5182	5181	
2418	Quad4	5239	5240	5211	5210	
2419	Quad4	5268	5269	5240	5239	
2420	Quad4	5297	5298	5269	5268	
2421	Quad4	5326	5327	5298	5297	
2422	Quad4	5355	5356	5327	5326	
2423	Quad4	5384	5385	5356	5355	
2424	Quad4	5413	5414	5385	5384	
2425	Quad4	5442	5443	5414	5413	
2426	Quad4	5471	5472	5443	5442	
2427	Quad4	5500	5501	5472	5471	
2428	Quad4	5529	5530	5501	5500	
2429	Quad4	5558	5559	5530	5529	
2430	Quad4	5587	5588	5559	5558	
2431	Quad4	5616	5617	5588	5587	
2432	Quad4	5645	5646	5617	5616	
2433	Quad4	5674	5675	5646	5645	
2434	Quad4	5703	5704	5675	5674	
2435	Quad4	5732	5733	5704	5703	
2436	Quad4	5761	5762	5733	5732	
2437	Quad4	5790	5791	5762	5761	
2438	Quad4	5819	5820	5791	5790	
2439	Quad4	5848	5849	5820	5819	
2440	Quad4	5877	5878	5849	5848	
2441	Quad4	5906	5907	5878	5877	
2442	Quad4	5935	5936	5907	5906	
2443	Quad4	5964	5965	5936	5935	
2444	Quad4	5993	5994	5965	5964	
2445	Quad4	6022	6023	5994	5993	
2446	Quad4	6051	6052	6023	6022	
2447	Quad4	6080	6081	6052	6051	
2448	Quad4	6109	6110	6081	6080	
2449	Quad4	6138	6139	6110	6109	
2450	Quad4	6167	6168	6139	6138	
2451	Quad4	6196	6197	6168	6167	
2452	Quad4	6225	6226	6197	6196	
2453	Quad4	6254	6255	6226	6225	
2454	Quad4	6283	6284	6255	6254	
2455	Quad4	6312	6313	6284	6283	
2456	Quad4	6341	6342	6313	6312	
2457	Quad4	6370	6371	6342	6341	
2458	Quad4	6399	6400	6371	6370	
2459	Quad4	6428	6429	6400	6399	
2460	Quad4	6457	6458	6429	6428	
2461	Quad4	6486	6487	6458	6457	
2462	Quad4	6515	6516	6487	6486	
2463	Quad4	6544	6545	6516	6515	
2464	Quad4	6573	6574	6545	6544	
2465	Quad4	6602	6603	6574	6573	
2466	Quad4	6631	6632	6603	6602	
2467	Quad4	6660	6661	6632	6631	
2468	Quad4	6689	6690	6661	6660	
2469	Quad4	6718	6719	6690	6689	
2470	Quad4	6747	6748	6719	6718	
2471	Quad4	6776	6777	6748	6747	
2472	Quad4	6805	6806	6777	6776	
2473	Quad4	6834	6835	6806	6805	
2474	Quad4	6863	6864	6835	6834	
2475	Quad4	6892	6893	6864	6863	
2476	Quad4	6921	6922	6893	6892	
2477	Quad4	6950	6951	6922	6921	
2478	Quad4	6979	6980	6951	6950	
2479	Quad4	7008	7009	6980	6979	
2480	Quad4	7037	7038	7009	7008	
2481	Quad4	7066	7067	7038	7037	
2482	Quad4	7095	7096	7067	7066	
2483	Quad4	7124	7125	7096	7095	
2484	Quad4	7153	7154	7125	7124	
2485	Quad4	7182	7183	7154	7153	
2486	Quad4	7211	7212	7183	7182	
2487	Quad4	7240	7241	7212	7211	
2488	Quad4	7269	7270	7241	7240	
2489	Quad4	7298	7299	7270	7269	
2490	Quad4	7327	7328	7299	7298	
2491	Quad4	7356	7357	7328	7327	
2492	Quad4	7385	7386	7357	7356	
2493	Quad4	7414	7415	7386	7385	
2494	Quad4	7443	7444	7415	7414	
2495	Quad4	7472	7473	7444	7443	
2496	Quad4	7501	7502	7473	7472	
2497	Quad4	7530	7531	7502	7501	
2498	Quad4	7559	7560	7531	7530	
2499	Quad4	7588	7589	7560	7559	
2500	Quad4	7617	7618	7589	7588	
2501	Quad4	7646	7647	7618	7617	
2502	Quad4	7675	7676	7647	7646	
2503	Quad4	7704	7705	7676	7675	
2504	Quad4	7733	7734	7705	7704	
2505	Quad4	7762	7763	7734	7733	
2506	Quad4	7791	7792	7763	7762	
2507	Quad4	7820	7821	7792	7791	
2508	Quad4	7849	7850	7821	7820	
2509	Quad4	7878	7879	7850	7849	
2510	Quad4	7907	7908	7879	7878	
2511	Quad4	7936	7937	7908	7907	
2512	Quad4	7965	7966	7937	7936	
2513	Quad4	7994	7995	7966	7965	
2514	Quad4	8023	8024	7995	7994	
2515	Quad4	8052	8053	8024	8023	
2516	Quad4	8081	8082	8053	8052	
2517	Quad4	8110	8111	8082	8081	
2518	Quad4	8139	8140	8111	8110	
2519	Quad4	8168	8169	8140	8139	
2520	Quad4	8187	8186	8169	8168	
2521	Quad4	4747	4748	3073	3072	
2522	Quad4	4776	4777	4748	4747	
2523	Quad4	4805	4806	4777	4776	
2524	Quad4	4834	4835	4806	4805	
2525	Quad4	4863	4864	4835	4834	
2526	Quad4	4892	4893	4864	4863	
2527	Quad4	4921	4922	4893	4892	
2528	Quad4	4950	4951	4922	4921	
2529	Quad4	4979	4980	4951	4950	
2530	Quad4	5008	5009	4980	4979	
2531	Quad4	5037	5038	5009	5008	
2532	Quad4	5066	5067	5038	5037	
2533	Quad4	5095	5096	5067	5066	
2534	Quad4	5124	5125	5096	5095	
2535	Quad4	5153	5154	5125	5124	
2536	Quad4	5182	5183	5154	5153	
2537	Quad4	5211	5212	5183	5182	
2538	Quad4	5240	5241	5212	5211	
2539	Quad4	5269	5270	5241	5240	
2540	Quad4	5298	5299	5270	5269	
2541	Quad4	5327	5328	5299	5298	
2542	Quad4	5356	5357	5328	5327	
2543	Quad4	5385	5386	5357	5356	
2544	Quad4	5414	5415	5386	5385	
2545	Quad4	5443	5444	5415	5414	
2546	Quad4	5472	5473	5444	5443	
2547	Quad4	5501	5502	5473	5472	
2548	Quad4	5530	5531	5502	5501	
2549	Quad4	5559	5560	5531	5530	
2550	Quad4	5588	5589	5560	5559	
2551	Quad4	5617	5618	5589	5588	
2552	Quad4	5646	5647	5618	5617	
2553	Quad4	5675	5676	5647	5646	
2554	Quad4	5704	5705	5676	5675	
2555	Quad4	5733	5734	5705	5704	
2556	Quad4	5762	5763	5734	5733	
2557	Quad4	5791	5792	5763	5762	
2558	Quad4	5820	5821	5792	5791	
2559	Quad4	5849	5850	5821	5820	
2560	Quad4	5878	5879	5850	5849	
2561	Quad4	5907	5908	5879	5878	
2562	Quad4	5936	5937	5908	5907	
2563	Quad4	5965	5966	5937	5936	
2564	Quad4	5994	5995	5966	5965	
2565	Quad4	6023	6024	5995	5994	
2566	Quad4	6052	6053	6024	6023	
2567	Quad4	6081	6082	6053	6052	
2568	Quad4	6110	6111	6082	6081	
2569	Quad4	6139	6140	6111	6110	
2570	Quad4	6168	6169	6140	6139	
2571	Quad4	6197	6198	6169	6168	
2572	Quad4	6226	6227	6198	6197	
2573	Quad4	6255	6256	6227	6226	
2574	Quad4	6284	6285	6256	6255	
2575	Quad4	6313	6314	6285	6284	
2576	Quad4	6342	6343	6314	6313	
2577	Quad4	6371	6372	6343	6342	
2578	Quad4	6400	6401	6372	6371	
2579	Quad4	6429	6430	6401	6400	
2580	Quad4	6458	6459	6430	6429	
2581	Quad4	6487	6488	6459	6458	
2582	Quad4	6516	6517	6488	6487	
2583	Quad4	6545	6546	6517	6516	
2584	Quad4	6574	6575	6546	6545	
2585	Quad4	6603	6604	6575	6574	
2586	Quad4	6632	6633	6604	6603	
2587	Quad4	6661	6662	6633	6632	
2588	Quad4	6690	6691	6662	6661	
2589	Quad4	6719	6720	6691	6690	
2590	Quad4	6748	6749	6720	6719	
2591	Quad4	6777	6778	6749	6748	
2592	Quad4	6806	6807	6778	6777	
2593	Quad4	6835	6836	6807	6806	
2594	Quad4	6864	6865	6836	6835	
2595	Quad4	6893	6894	6865	6864	
2596	Quad4	6922	6923	6894	6893	
2597	Quad4	6951	6952	6923	6922	
2598	Quad4	6980	6981	6952	6951	
2599	Quad4	7009	7010	6981	6980	
2600	Quad4	7038	7039	7010	7009	
2601	Quad4	7067	7068	7039	7038	
2602	Quad4	7096	7097	7068	7067	
2603	Quad4	7125	7126	7097	7096	
2604	Quad4	7154	7155	7126	7125	
2605	Quad4	7183	7184	7155	7154	
2606	Quad4	7212	7213	7184	7183	
2607	Quad4	7241	7242	7213	7212	
2608	Quad4	7270	7271	7242	7241	
2609	Quad4	7299	7300	7271	7270	
2610	Quad4	7328	7329	7300	7299	
2611	Quad4	7357	7358	7329	7328	
2612	Quad4	7386	7387	7358	7357	
2613	Quad4	7415	7416	7387	7386	
2614	Quad4	7444	7445	7416	7415	
2615	Quad4	7473	7474	7445	7444	
2616	Quad4	7502	7503	7474	7473	
2617	Quad4	7531	7532	7503	7502	
2618	Quad4	7560	7561	7532	7531	
2619	Quad4	7589	7590	7561	7560	
2620	Quad4	7618	7619	7590	7589	
2621	Quad4	7647	7648	7619	7618	
2622	Quad4	7676	7677	7648	7647	
2623	Quad4	7705	7706	7677	7676	
2624	Quad4	7734	7735	7706	7705	
2625	Quad4	7763	7764	7735	7734	
2626	Quad4	7792	7793	7764	7763	
2627	Quad4	7821	7822	7793	7792	
2628	Quad4	7850	7851	7822	7821	
2629	Quad4	7879	7880	7851	7850	
2630	Quad4	7908	7909	7880	7879	
2631	Quad4	7937	7938	7909	7908	
2632	Quad4	7966	7967	7938	7937	
2633	Quad4	7995	7996	7967	7966	
2634	Quad4	8024	8025	7996	7995	
2635	Quad4	8053	8054	8025	8024	
2636	Quad4	8082	8083	8054	8053	
2637	Quad4	8111	8112	8083	8082	
2638	Quad4	8140	8141	8112	8111	
2639	Quad4	8169	8170	8141	8140	
2640	Quad4	8186	8185	8170	8169	
2641	Quad4	4748	4749	3074	3073	
2642	Quad4	4777	4778	4749	4748	
2643	Quad4	4806	4807	4778	4777	
2644	Quad4	4835	4836	4807	4806	
2645	Quad4	4864	4865	4836	4835	
2646	Quad4	4893	4894	4865	4864	
2647	Quad4	4922	4923	4894	4893	
2648	Quad4	4951	4952	4923	4922	
2649	Quad4	4980	4981	4952	4951	
2650	Quad4	5009	5010	4981	4980	
2651	Quad4	5038	5039	5010	5009	
2652	Quad4	5067	5068	5039	5038	
2653	Quad4	5096	5097	5068	5067	
2654	Quad4	5125	5126	5097	5096	
2655	Quad4	5154	5155	5126	5125	
2656	Quad4	5183	5184	5155	5154	
2657	Quad4	5212	5213	5184	5183	
2658	Quad4	5241	5242	5213	5212	
2659	Quad4	5270	5271	5242	5241	
2660	Quad4	5299	5300	5271	5270	
2661	Quad4	5328	5329	5300	5299	
2662	Quad4	5357	5358	5329	5328	
2663	Quad4	5386	5387	5358	5357	
2664	Quad4	5415	5416	5387	5386	
2665	Quad4	5444	5445	5416	5415	
2666	Quad4	5473	5474	5445	5444	
2667	Quad4	5502	5503	5474	5473	
2668	Quad4	5531	5532	5503	5502	
2669	Quad4	5560	5561	5532	5531	
2670	Quad4	5589	5590	5561	5560	
2671	Quad4	5618	5619	5590	5589	
2672	Quad4	5647	5648	5619	5618	
2673	Quad4	5676	5677	5648	5647	
2674	Quad4	5705	5706	5677	5676	
2675	Quad4	5734	5735	5706	5705	
2676	Quad4	5763	5764	5735	5734	
2677	Quad4	5792	5793	5764	5763	
2678	Quad4	5821	5822	5793	5792	
2679	Quad4	5850	5851	5822	5821	
2680	Quad4	5879	5880	5851	5850	
2681	Quad4	5908	5909	5880	5879	
2682	Quad4	5937	5938	5909	5908	
2683	Quad4	5966	5967	5938	5937	
2684	Quad4	5995	5996	5967	5966	
2685	Quad4	6024	6025	5996	5995	
2686	Quad4	6053	6054	6025	6024	
2687	Quad4	6082	6083	6054	6053	
2688	Quad4	6111	6112	6083	6082	
2689	Quad4	6140	6141	6112	6111	
2690	Quad4	6169	6170	6141	6140	
2691	Quad4	6198	6199	6170	6169	
2692	Quad4	6227	6228	6199	6198	
2693	Quad4	6256	6257	6228	6227	
2694	Quad4	6285	6286	6257	6256	
2695	Quad4	6314	6315	6286	6285	
2696	Quad4	6343	6344	6315	6314	
2697	Quad4	6372	6373	6344	6343	
2698	Quad4	6401	6402	6373	6372	
2699	Quad4	6430	6431	6402	6401	
2700	Quad4	6459	6460	6431	6430	
2701	Quad4	6488	6489	6460	6459	
2702	Quad4	6517	6518	6489	6488	
2703	Quad4	6546	6547	6518	6517	
2704	Quad4	6575	6576	6547	6546	
2705	Quad4	6604	6605	6576	6575	
2706	Quad4	6633	6634	6605	6604	
2707	Quad4	6662	6663	6634	6633	
2708	Quad4	6691	6692	6663	6662	
2709	Quad4	6720	6721	6692	6691	
2710	Quad4	6749	6750	6721	6720	
2711	Quad4	6778	6779	6750	6749	
2712	Quad4	6807	6808	6779	6778	
2713	Quad4	6836	6837	6808	6807	
2714	Quad4	6865	6866	6837	6836	
2715	Quad4	6894	6895	6866	6865	
2716	Quad4	6923	6924	6895	6894	
2717	Quad4	6952	6953	6924	6923	
2718	Quad4	6981	6982	6953	6952	
2719	Quad4	7010	7011	6982	6981	
2720	Quad4	7039	7040	7011	7010	
2721	Quad4	7068	7069	7040	7039	
2722	Quad4	7097	7098	7069	7068	
2723	Quad4	7126	7127	7098	7097	
2724	Quad4	7155	7156	7127	7126	
2725	Quad4	7184	7185	7156	7155	
2726	Quad4	7213	7214	7185	7184	
2727	Quad4	7242	7243	7214	7213	
2728	Quad4	7271	7272	7243	7242	
2729	Quad4	7300	7301	7272	7271	
2730	Quad4	7329	7330	7301	7300	
2731	Quad4	7358	7359	7330	7329	
2732	Quad4	7387	7388	7359	7358	
2733	Quad4	7416	7417	7388	7387	
2734	Quad4	7445	7446	7417	7416	
2735	Quad4	7474	7475	7446	7445	
2736	Quad4	7503	7504	7475	7474	
2737	Quad4	7532	7533	7504	7503	
2738	Quad4	7561	7562	7533	7532	
2739	Quad4	7590	7591	7562	7561	
2740	Quad4	7619	7620	7591	7590	
2741	Quad4	7648	7649	7620	7619	
2742	Quad4	7677	7678	7649	7648	
2743	Quad4	7706	7707	7678	7677	
2744	Quad4	7735	7736	7707	7706	
2745	Quad4	7764	7765	7736	7735	
2746	Quad4	7793	7794	7765	7764	
2747	Quad4	7822	7823	7794	7793	
2748	Quad4	7851	7852	7823	7822	
2749	Quad4	7880	7881	7852	7851	
2750	Quad4	7909	7910	7881	7880	
2751	Quad4	7938	7939	7910	7909	
2752	Quad4	7967	7968	7939	7938	
2753	Quad4	7996	7997	7968	7967	
2754	Quad4	8025	8026	7997	7996	
2755	Quad4	8054	8055	8026	8025	
2756	Quad4	8083	8084	8055	8054	
2757	Quad4	8112	8113	8084	8083	
2758	Quad4	8141	8142	8113	8112	
2759	Quad4	8170	8171	8142	8141	
2760	Quad4	8185	8184	8171	8170	
2761	Quad4	4749	4750	3075	3074	
2762	Quad4	4778	4779	4750	4749	
2763	Quad4	4807	4808	4779	4778	
2764	Quad4	4836	4837	4808	4807	
2765	Quad4	4865	4866	4837	4836	
2766	Quad4	4894	4895	4866	4865	
2767	Quad4	4923	4924	4895	4894	
2768	Quad4	4952	4953	4924	4923	
2769	Quad4	4981	4982	4953	4952	
2770	Quad4	5010	5011	4982	4981	
2771	Quad4	5039	5040	5011	5010	
2772	Quad4	5068	5069	5040	5039	
2773	Quad4	5097	5098	5069	5068	
2774	Quad4	5126	5127	5098	5097	
2775	Quad4	5155	5156	5127	5126	
2776	Quad4	5184	5185	5156	5155	
2777	Quad4	5213	5214	5185	5184	
2778	Quad4	5242	5243	5214	5213	
2779	Quad4	5271	5272	5243	5242	
2780	Quad4	5300	5301	5272	5271	
2781	Quad4	5329	5330	5301	5300	
2782	Quad4	5358	5359	5330	5329	
2783	Quad4	5387	5388	5359	5358	
2784	Quad4	5416	5417	5388	5387	
2785	Quad4	5445	5446	5417	5416	
2786	Quad4	5474	5475	5446	5445	
2787	Quad4	5503	5504	5475	5474	
2788	Quad4	5532	5533	5504	5503	
2789	Quad4	5561	5562	5533	5532	
2790	Quad4	5590	5591	5562	5561	
2791	Quad4	5619	5620	5591	5590	
2792	Quad4	5648	5649	5620	5619	
2793	Quad4	5677	5678	5649	5648	
2794	Quad4	5706	5707	5678	5677	
2795	Quad4	5735	5736	5707	5706	
2796	Quad4	5764	5765	5736	5735	
2797	Quad4	5793	5794	5765	5764	
2798	Quad4	5822	5823	5794	5793	
2799	Quad4	5851	5852	5823	5822	
2800	Quad4	5880	5881	5852	5851	
2801	Quad4	5909	5910	5881	5880	
2802	Quad4	5938	5939	5910	5909	
2803	Quad4	5967	5968	5939	5938	
2804	Quad4	5996	5997	5968	5967	
2805	Quad4	6025	6026	5997	5996	
2806	Quad4	6054	6055	6026	6025	
2807	Quad4	6083	6084	6055	6054	
2808	Quad4	6112	6113	6084	6083	
2809	Quad4	6141	6142	6113	6112	
2810	Quad4	6170	6171	6142	6141	
2811	Quad4	6199	6200	6171	6170	
2812	Quad4	6228	6229	6200	6199	
2813	Quad4	6257	6258	6229	6228	
2814	Quad4	6286	6287	6258	6257	
2815	Quad4	6315	6316	6287	6286	
2816	Quad4	6344	6345	6316	6315	
2817	Quad4	6373	6374	6345	6344	
2818	Quad4	6402	6403	6374	6373	
2819	Quad4	6431	6432	6403	6402	
2820	Quad4	6460	6461	6432	6431	
2821	Quad4	6489	6490	6461	6460	
2822	Quad4	6518	6519	6490	6489	
2823	Quad4	6547	6548	6519	6518	
2824	Quad4	6576	6577	6548	6547	
2825	Quad4	6605	6606	6577	6576	
2826	Quad4	6634	6635	6606	6605	
2827	Quad4	6663	6664	6635	6634	
2828	Quad4	6692	6693	6664	6663	
2829	Quad4	6721	6722	6693	6692	
2830	Quad4	6750	6751	6722	6721	
2831	Quad4	6779	6780	6751	6750	
2832	Quad4	6808	6809	6780	6779	
2833	Quad4	6837	6838	6809	6808	
2834	Quad4	6866	6867	6838	6837	
2835	Quad4	6895	6896	6867	6866	
2836	Quad4	6924	6925	6896	6895	
2837	Quad4	6953	6954	6925	6924	
2838	Quad4	6982	6983	6954	6953	
2839	Quad4	7011	7012	6983	6982	
2840	Quad4	7040	7041	7012	7011	
2841	Quad4	7069	7070	7041	7040	
2842	Quad4	7098	7099	7070	7069	
2843	Quad4	7127	7128	7099	7098	
2844	Quad4	7156	7157	7128	7127	
2845	Quad4	7185	7186	7157	7156	
2846	Quad4	7214	7215	7186	7185	
2847	Quad4	7243	7244	7215	7214	
2848	Quad4	7272	7273	7244	7243	
2849	Quad4	7301	7302	7273	7272	
2850	Quad4	7330	7331	7302	7301	
2851	Quad4	7359	7360	7331	7330	
2852	Quad4	7388	7389	7360	7359	
2853	Quad4	7417	7418	7389	7388	
2854	Quad4	7446	7447	7418	7417	
2855	Quad4	7475	7476	7447	7446	
2856	Quad4	7504	7505	7476	7475	
2857	Quad4	7533	7534	7505	7504	
2858	Quad4	7562	7563	7534	7533	
2859	Quad4	7591	7592	7563	7562	
2860	Quad4	7620	7621	7592	7591	
2861	Quad4	7649	7650	7621	7620	
2862	Quad4	7678	7679	7650	7649	
2863	Quad4	7707	7708	7679	7678	
2864	Quad4	7736	7737	7708	7707	
2865	Quad4	7765	7766	7737	7736	
2866	Quad4	7794	7795	7766	7765	
2867	Quad4	7823	7824	7795	7794	
2868	Quad4	7852	7853	7824	7823	
2869	Quad4	7881	7882	7853	7852	
2870	Quad4	7910	7911	7882	7881	
2871	Quad4	7939	7940	7911	7910	
2872	Quad4	7968	7969	7940	7939	
2873	Quad4	7997	7998	7969	7968	
2874	Quad4	8026	8027	7998	7997	
2875	Quad4	8055	8056	8027	8026	
2876	Quad4	8084	8085	8056	8055	
2877	Quad4	8113	8114	8085	8084	
2878	Quad4	8142	8143	8114	8113	
2879	Quad4	8171	8172	8143	8142	
2880	Quad4	8184	8183	8172	8171	
2881	Quad4	4750	4751	3076	3075	
2882	Quad4	4779	4780	4751	4750	
2883	Quad4	4808	4809	4780	4779	
2884	Quad4	4837	4838	4809	4808	
2885	Quad4	4866	4867	4838	4837	
2886	Quad4	4895	4896	4867	4866	
2887	Quad4	4924	4925	4896	4895	
2888	Quad4	4953	4954	4925	4924	
2889	Quad4	4982	4983	4954	4953	
2890	Quad4	5011	5012	4983	4982	
2891	Quad4	5040	5041	5012	5011	
2892	Quad4	5069	5070	5041	5040	
2893	Quad4	5098	5099	5070	5069	
2894	Quad4	5127	5128	5099	5098	
2895	Quad4	5156	5157	5128	5127	
2896	Quad4	5185	5186	5157	5156	
2897	Quad4	5214	5215	5186	5185	
2898	Quad4	5243	5244	5215	5214	
2899	Quad4	5272	5273	5244	5243	
2900	Quad4	5301	5302	5273	5272	
2901	Quad4	5330	5331	5302	5301	
2902	Quad4	5359	5360	5331	5330	
2903	Quad4	5388	5389	5360	5359	
2904	Quad4	5417	5418	5389	5388	
2905	Quad4	5446	5447	5418	5417	
2906	Quad4	5475	5476	5447	5446	
2907	Quad4	5504	5505	5476	5475	
2908	Quad4	5533	5534	5505	5504	
2909	Quad4	5562	5563	5534	5533	
2910	Quad4	5591	5592	5563	5562	
2911	Quad4	5620	5621	5592	5591	
2912	Quad4	5649	5650	5621	5620	
2913	Quad4	5678	5679	5650	5649	
2914	Quad4	5707	5708	5679	5678	
2915	Quad4	5736	5737	5708	5707	
2916	Quad4	5765	5766	5737	5736	
2917	Quad4	5794	5795	5766	5765	
2918	Quad4	5823	5824	5795	5794	
2919	Quad4	5852	5853	5824	5823	
2920	Quad4	5881	5882	5853	5852	
2921	Quad4	5910	5911	5882	5881	
2922	Quad4	5939	5940	5911	5910	
2923	Quad4	5968	5969	5940	5939	
2924	Quad4	5997	5998	5969	5968	
2925	Quad4	6026	6027	5998	5997	
2926	Quad4	6055	6056	6027	6026	
2927	Quad4	6084	6085	6056	6055	
2928	Quad4	6113	6114	6085	6084	
2929	Quad4	6142	6143	6114	6113	
2930	Quad4	6171	6172	6143	6142	
2931	Quad4	6200	6201	6172	6171	
2932	Quad4	6229	6230	6201	6200	
2933	Quad4	6258	6259	6230	6229	
2934	Quad4	6287	6288	6259	6258	
2935	Quad4	6316	6317	6288	6287	
2936	Quad4	6345	6346	6317	6316	
2937	Quad4	6374	6375	6346	6345	
2938	Quad4	6403	6404	6375	6374	
2939	Quad4	6432	6433	6404	6403	
2940	Quad4	6461	6462	6433	6432	
2941	Quad4	6490	6491	6462	6461	
2942	Quad4	6519	6520	6491	6490	
2943	Quad4	6548	6549	6520	6519	
2944	Quad4	6577	6578	6549	6548	
2945	Quad4	6606	6607	6578	6577	
2946	Quad4	6635	6636	6607	6606	
2947	Quad4	6664	6665	6636	6635	
2948	Quad4	6693	6694	6665	6664	
2949	Quad4	6722	6723	6694	6693	
2950	Quad4	6751	6752	6723	6722	
2951	Quad4	6780	6781	6752	6751	
2952	Quad4	6809	6810	6781	6780	
2953	Quad4	6838	6839	6810	6809	
2954	Quad4	6867	6868	6839	6838	
2955	Quad4	6896	6897	6868	6867	
2956	Quad4	6925	6926	6897	6896	
2957	Quad4	6954	6955	6926	6925	
2958	Quad4	6983	6984	6955	6954	
2959	Quad4	7012	7013	6984	6983	
2960	Quad4	7041	7042	7013	7012	
2961	Quad4	7070	7071	7042	7041	
2962	Quad4	7099	7100	7071	7070	
2963	Quad4	7128	7129	7100	7099	
2964	Quad4	7157	7158	7129	7128	
2965	Quad4	7186	7187	7158	7157	
2966	Quad4	7215	7216	7187	7186	
2967	Quad4	7244	7245	7216	7215	
2968	Quad4	7273	7274	7245	7244	
2969	Quad4	7302	7303	7274	7273	
2970	Quad4	7331	7332	7303	7302	
2971	Quad4	7360	7361	7332	7331	
2972	Quad4	7389	7390	7361	7360	
2973	Quad4	7418	7419	7390	7389	
2974	Quad4	7447	7448	7419	7418	
2975	Quad4	7476	7477	7448	7447	
2976	Quad4	7505	7506	7477	7476	
2977	Quad4	7534	7535	7506	7505	
2978	Quad4	7563	7564	7535	7534	
2979	Quad4	7592	7593	7564	7563	
2980	Quad4	7621	7622	7593	7592	
2981	Quad4	7650	7651	7622	7621	
2982	Quad4	7679	7680	7651	7650	
2983	Quad4	7708	7709	7680	7679	
2984	Quad4	7737	7738	7709	7708	
2985	Quad4	7766	7767	7738	7737	
2986	Quad4	7795	7796	7767	7766	
2987	Quad4	7824	7825	7796	7795	
2988	Quad4	7853	7854	7825	7824	
2989	Quad4	7882	7883	7854	7853	
2990	Quad4	7911	7912	7883	7882	
2991	Quad4	7940	7941	7912	7911	
2992	Quad4	7969	7970	7941	7940	
2993	Quad4	7998	7999	7970	7969	
2994	Quad4	8027	8028	7999	7998	
2995	Quad4	8056	8057	8028	8027	
2996	Quad4	8085	8086	8057	8056	
2997	Quad4	8114	8115	8086	8085	
2998	Quad4	8143	8144	8115	8114	
2999	Quad4	8172	8173	8144	8143	
3000	Quad4	8183	8182	8173	8172	
3001	Quad4	4751	4752	3077	3076	
3002	Quad4	4780	4781	4752	4751	
3003	Quad4	4809	4810	4781	4780	
3004	Quad4	4838	4839	4810	4809	
3005	Quad4	4867	4868	4839	4838	
3006	Quad4	4896	4897	4868	4867	
3007	Quad4	4925	4926	4897	4896	
3008	Quad4	4954	4955	4926	4925	
3009	Quad4	4983	4984	4955	4954	
3010	Quad4	5012	5013	4984	4983	
3011	Quad4	5041	5042	5013	5012	
3012	Quad4	5070	5071	5042	5041	
3013	Quad4	5099	5100	5071	5070	
3014	Quad4	5128	5129	5100	5099	
3015	Quad4	5157	5158	5129	5128	
3016	Quad4	5186	5187	5158	5157	
3017	Quad4	5215	5216	5187	5186	
3018	Quad4	5244	5245	5216	5215	
3019	Quad4	5273	5274	5245	5244	
3020	Quad4	5302	5303	5274	5273	
3021	Quad4	5331	5332	5303	5302	
3022	Quad4	5360	5361	5332	5331	
3023	Quad4	5389	5390	5361	5360	
3024	Quad4	5418	5419	5390	5389	
3025	Quad4	5447	5448	5419	5418	
3026	Quad4	5476	5477	5448	5447	
3027	Quad4	5505	5506	5477	5476	
3028	Quad4	5534	5535	5506	5505	
3029	Quad4	5563	5564	5535	5534	
3030	Quad4	5592	5593	5564	5563	
3031	Quad4	5621	5622	5593	5592	
3032	Quad4	5650	5651	5622	5621	
3033	Quad4	5679	5680	5651	5650	
3034	Quad4	5708	5709	5680	5679	
3035	Quad4	5737	5738	5709	5708	
3036	Quad4	5766	5767	5738	5737	
3037	Quad4	5795	5796	5767	5766	
3038	Quad4	5824	5825	5796	5795	
3039	Quad4	5853	5854	5825	5824	
3040	Quad4	5882	5883	5854	5853	
3041	Quad4	5911	5912	5883	5882	
3042	Quad4	5940	5941	5912	5911	
3043	Quad4	5969	5970	5941	5940	
3044	Quad4	5998	5999	5970	5969	
3045	Quad4	6027	6028	5999	5998	
3046	Quad4	6056	6057	6028	6027	
3047	Quad4	6085	6086	6057	6056	
3048	Quad4	6114	6115	6086	6085	
3049	Quad4	6143	6144	6115	6114	
3050	Quad4	6172	6173	6144	6143	
3051	Quad4	6201	6202	6173	6172	
3052	Quad4	6230	6231	6202	6201	
3053	Quad4	6259	6260	6231	6230	
3054	Quad4	6288	6289	6260	6259	
3055	Quad4	6317	6318	6289	6288	
3056	Quad4	6346	6347	6318	6317	
3057	Quad4	6375	6376	6347	6346	
3058	Quad4	6404	6405	6376	6375	
3059	Quad4	6433	6434	6405	6404	
3060	Quad4	6462	6463	6434	6433	
3061	Quad4	6491	6492	6463	6462	
3062	Quad4	6520	6521	6492	6491	
3063	Quad4	6549	6550	6521	6520	
3064	Quad4	6578	6579	6550	6549	
3065	Quad4	6607	6608	6579	6578	
3066	Quad4	6636	6637	6608	6607	
3067	Quad4	6665	6666	6637	6636	
3068	Quad4	6694	6695	6666	6665	
3069	Quad4	6723	6724	6695	6694	
3070	Quad4	6752	6753	6724	6723	
3071	Quad4	6781	6782	6753	6752	
3072	Quad4	6810	6811	6782	6781	
3073	Quad4	6839	6840	6811	6810	
3074	Quad4	6868	6869	6840	6839	
3075	Quad4	6897	6898	6869	6868	
3076	Quad4	6926	6927	6898	6897	
3077	Quad4	6955	6956	6927	6926	
3078	Quad4	6984	6985	6956	6955	
3079	Quad4	7013	7014	6985	6984	
3080	Quad4	7042	7043	7014	7013	
3081	Quad4	7071	7072	7043	7042	
3082	Quad4	7100	7101	7072	7071	
3083	Quad4	7129	7130	7101	7100	
3084	Quad4	7158	7159	7130	7129	
3085	Quad4	7187	7188	7159	7158	
3086	Quad4	7216	7217	7188	7187	
3087	Quad4	7245	7246	7217	7216	
3088	Quad4	7274	7275	7246	7245	
3089	Quad4	7303	7304	7275	7274	
3090	Quad4	7332	7333	7304	7303	
3091	Quad4	7361	7362	7333	7332	
3092	Quad4	7390	7391	7362	7361	
3093	Quad4	7419	7420	7391	7390	
3094	Quad4	7448	7449	7420	7419	
3095	Quad4	7477	7478	7449	7448	
3096	Quad4	7506	7507	7478	7477	
3097	Quad4	7535	7536	7507	7506	
3098	Quad4	7564	7565	7536	7535	
3099	Quad4	7593	7594	7565	7564	
3100	Quad4	7622	7623	7594	7593	
3101	Quad4	7651	7652	7623	7622	
3102	Quad4	7680	7681	7652	7651	
3103	Quad4	7709	7710	7681	7680	
3104	Quad4	7738	7739	7710	7709	
3105	Quad4	7767	7768	7739	7738	
3106	Quad4	7796	7797	7768	7767	
3107	Quad4	7825	7826	7797	7796	
3108	Quad4	7854	7855	7826	7825	
3109	Quad4	7883	7884	7855	7854	
3110	Quad4	7912	7913	7884	7883	
3111	Quad4	7941	7942	7913	7912	
3112	Quad4	7970	7971	7942	7941	
3113	Quad4	7999	8000	7971	7970	
3114	Quad4	8028	8029	8000	7999	
3115	Quad4	8057	8058	8029	8028	
3116	Quad4	8086	8087	8058	8057	
3117	Quad4	8115	8116	8087	8086	
3118	Quad4	8144	8145	8116	8115	
3119	Quad4	8173	8174	8145	8144	
3120	Quad4	8182	8181	8174	8173	
3121	Quad4	4752	4753	3078	3077	
3122	Quad4	4781	4782	4753	4752	
3123	Quad4	4810	4811	4782	4781	
3124	Quad4	4839	4840	4811	4810	
3125	Quad4	4868	4869	4840	4839	
3126	Quad4	4897	4898	4869	4868	
3127	Quad4	4926	4927	4898	4897	
3128	Quad4	4955	4956	4927	4926	
3129	Quad4	4984	4985	4956	4955	
3130	Quad4	5013	5014	4985	4984	
3131	Quad4	5042	5043	5014	5013	
3132	Quad4	5071	5072	5043	5042	
3133	Quad4	5100	5101	5072	5071	
3134	Quad4	5129	5130	5101	5100	
3135	Quad4	5158	5159	5130	5129	
3136	Quad4	5187	5188	5159	5158	
3137	Quad4	5216	5217	5188	5187	
3138	Quad4	5245	5246	5217	5216	
3139	Quad4	5274	5275	5246	5245	
3140	Quad4	5303	5304	5275	5274	
3141	Quad4	5332	5333	5304	5303	
3142	Quad4	5361	5362	5333	5332	
3143	Quad4	5390	5391	5362	5361	
3144	Quad4	5419	5420	5391	5390	
3145	Quad4	5448	5449	5420	5419	
3146	Quad4	5477	5478	5449	5448	
3147	Quad4	5506	5507	5478	5477	
3148	Quad4	5535	5536	5507	5506	
3149	Quad4	5564	5565	5536	5535	
3150	Quad4	5593	5594	5565	5564	
3151	Quad4	5622	5623	5594	5593	
3152	Quad4	5651	5652	5623	5622	
3153	Quad4	5680	5681	5652	5651	
3154	Quad4	5709	5710	5681	5680	
3155	Quad4	5738	5739	5710	5709	
3156	Quad4	5767	5768	5739	5738	
3157	Quad4	5796	5797	5768	5767	
3158	Quad4	5825	5826	5797	5796	
3159	Quad4	5854	5855	5826	5825	
3160	Quad4	5883	5884	5855	5854	
3161	Quad4	5912	5913	5884	5883	
3162	Quad4	5941	5942	5913	5912	
3163	Quad4	5970	5971	5942	5941	
3164	Quad4	5999	6000	5971	5970	
3165	Quad4	6028	6029	6000	5999	
3166	Quad4	6057	6058	6029	6028	
3167	Quad4	6086	6087	6058	6057	
3168	Quad4	6115	6116	6087	6086	
3169	Quad4	6144	6145	6116	6115	
3170	Quad4	6173	6174	6145	6144	
3171	Quad4	6202	6203	6174	6173	
3172	Quad4	6231	6232	6203	6202	
3173	Quad4	6260	6261	6232	6231	
3174	Quad4	6289	6290	6261	6260	
3175	Quad4	6318	6319	6290	6289	
3176	Quad4	6347	6348	6319	6318	
3177	Quad4	6376	6377	6348	6347	
3178	Quad4	6405	6406	6377	6376	
3179	Quad4	6434	6435	6406	6405	
3180	Quad4	6463	6464	6435	6434	
3181	Quad4	6492	6493	6464	6463	
3182	Quad4	6521	6522	6493	6492	
3183	Quad4	6550	6551	6522	6521	
3184	Quad4	6579	6580	6551	6550	
3185	Quad4	6608	6609	6580	6579	
3186	Quad4	6637	6638	6609	6608	
3187	Quad4	6666	6667	6638	6637	
3188	Quad4	6695	6696	6667	6666	
3189	Quad4	6724	6725	6696	6695	
3190	Quad4	6753	6754	6725	6724	
3191	Quad4	6782	6783	6754	6753	
3192	Quad4	6811	6812	6783	6782	
3193	Quad4	6840	6841	6812	6811	
3194	Quad4	6869	6870	6841	6840	
3195	Quad4	6898	6899	6870	6869	
3196	Quad4	6927	6928	6899	6898	
3197	Quad4	6956	6957	6928	6927	
3198	Quad4	6985	6986	6957	6956	
3199	Quad4	7014	7015	6986	6985	
3200	Quad4	7043	7044	7015	7014	
3201	Quad4	7072	7073	7044	7043	
3202	Quad4	7101	7102	7073	7072	
3203	Quad4	7130	7131	7102	7101	
3204	Quad4	7159	7160	7131	7130	
3205	Quad4	7188	7189	7160	7159	
3206	Quad4	7217	7218	7189	7188	
3207	Quad4	7246	7247	7218	7217	
3208	Quad4	7275	7276	7247	7246	
3209	Quad4	7304	7305	7276	7275	
3210	Quad4	7333	7334	7305	7304	
3211	Quad4	7362	7363	7334	7333	
3212	Quad4	7391	7392	7363	7362	
3213	Quad4	7420	7421	7392	7391	
3214	Quad4	7449	7450	7421	7420	
3215	Quad4	7478	7479	7450	7449	
3216	Quad4	7507	7508	7479	7478	
3217	Quad4	7536	7537	7508	7507	
3218	Quad4	7565	7566	7537	7536	
3219	Quad4	7594	7595	7566	7565	
3220	Quad4	7623	7624	7595	7594	
3221	Quad4	7652	7653	7624	7623	
3222	Quad4	7681	7682	7653	7652	
3223	Quad4	7710	7711	7682	7681	
3224	Quad4	7739	7740	7711	7710	
3225	Quad4	7768	7769	7740	7739	
3226	Quad4	7797	7798	7769	7768	
3227	Quad4	7826	7827	7798	7797	
3228	Quad4	7855	7856	7827	7826	
3229	Quad4	7884	7885	7856	7855	
3230	Quad4	7913	7914	7885	7884	
3231	Quad4	7942	7943	7914	7913	
3232	Quad4	7971	7972	7943	7942	
3233	Quad4	8000	8001	7972	7971	
3234	Quad4	8029	8030	8001	8000	
3235	Quad4	8058	8059	8030	8029	
3236	Quad4	8087	8088	8059	8058	
3237	Quad4	8116	8117	8088	8087	
3238	Quad4	8145	8146	8117	8116	
3239	Quad4	8174	8175	8146	8145	
3240	Quad4	8181	8180	8175	8174	
3241	Quad4	4753	4754	3079	3078	
3242	Quad4	4782	4783	4754	4753	
3243	Quad4	4811	4812	4783	4782	
3244	Quad4	4840	4841	4812	4811	
3245	Quad4	4869	4870	4841	4840	
3246	Quad4	4898	4899	4870	4869	
3247	Quad4	4927	4928	4899	4898	
3248	Quad4	4956	4957	4928	4927	
3249	Quad4	4985	4986	4957	4956	
3250	Quad4	5014	5015	4986	4985	
3251	Quad4	5043	5044	5015	5014	
3252	Quad4	5072	5073	5044	5043	
3253	Quad4	5101	5102	5073	5072	
3254	Quad4	5130	5131	5102	5101	
3255	Quad4	5159	5160	5131	5130	
3256	Quad4	5188	5189	5160	5159	
3257	Quad4	5217	5218	5189	5188	
3258	Quad4	5246	5247	5218	5217	
3259	Quad4	5275	5276	5247	5246	
3260	Quad4	5304	5305	5276	5275	
3261	Quad4	5333	5334	5305	5304	
3262	Quad4	5362	5363	5334	5333	
3263	Quad4	5391	5392	5363	5362	
3264	Quad4	5420	5421	5392	5391	
3265	Quad4	5449	5450	5421	5420	
3266	Quad4	5478	5479	5450	5449	
3267	Quad4	5507	5508	5479	5478	
3268	Quad4	5536	5537	5508	5507	
3269	Quad4	5565	5566	5537	5536	
3270	Quad4	5594	5595	5566	5565	
3271	Quad4	5623	5624	5595	5594	
3272	Quad4	5652	5653	5624	5623	
3273	Quad4	5681	5682	5653	5652	
3274	Quad4	5710	5711	5682	5681	
3275	Quad4	5739	5740	5711	5710	
3276	Quad4	5768	5769	5740	5739	
3277	Quad4	5797	5798	5769	5768	
3278	Quad4	5826	5827	5798	5797	
3279	Quad4	5855	5856	5827	5826	
3280	Quad4	5884	5885	5856	5855	
3281	Quad4	5913	5914	5885	5884	
3282	Quad4	5942	5943	5914	5913	
3283	Quad4	5971	5972	5943	5942	
3284	Quad4	6000	6001	5972	5971	
3285	Quad4	6029	6030	6001	6000	
3286	Quad4	6058	6059	6030	6029	
3287	Quad4	6087	6088	6059	6058	
3288	Quad4	6116	6117	6088	6087	
3289	Quad4	6145	6146	6117	6116	
3290	Quad4	6174	6175	6146	6145	
3291	Quad4	6203	6204	6175	6174	
3292	Quad4	6232	6233	6204	6203	
3293	Quad4	6261	6262	6233	6232	
3294	Quad4	6290	6291	6262	6261	
3295	Quad4	6319	6320	6291	6290	
3296	Quad4	6348	6349	6320	6319	
3297	Quad4	6377	6378	6349	6348	
3298	Quad4	6406	6407	6378	6377	
3299	Quad4	6435	6436	6407	6406	
3300	Quad4	6464	6465	6436	6435	
3301	Quad4	6493	6494	6465	6464	
3302	Quad4	6522	6523	6494	6493	
3303	Quad4	6551	6552	6523	6522	
3304	Quad4	6580	6581	6552	6551	
3305	Quad4	6609	6610	6581	6580	
3306	Quad4	6638	6639	6610	6609	
3307	Quad4	6667	6668	6639	6638	
3308	Quad4	6696	6697	6668	6667	
3309	Quad4	6725	6726	6697	6696	
3310	Quad4	6754	6755	6726	6725	
3311	Quad4	6783	6784	6755	6754	
3312	Quad4	6812	6813	6784	6783	
3313	Quad4	6841	6842	6813	6812	
3314	Quad4	6870	6871	6842	6841	
3315	Quad4	6899	6900	6871	6870	
3316	Quad4	6928	6929	6900	6899	
3317	Quad4	6957	6958	6929	6928	
3318	Quad4	6986	6987	6958	6957	
3319	Quad4	7015	7016	6987	6986	
3320	Quad4	7044	7045	7016	7015	
3321	Quad4	7073	7074	7045	7044	
3322	Quad4	7102	7103	7074	7073	
3323	Quad4	7131	7132	7103	7102	
3324	Quad4	7160	7161	7132	7131	
3325	Quad4	7189	7190	7161	7160	
3326	Quad4	7218	7219	7190	7189	
3327	Quad4	7247	7248	7219	7218	
3328	Quad4	7276	7277	7248	7247	
3329	Quad4	7305	7306	7277	7276	
3330	Quad4	7334	7335	7306	7305	
3331	Quad4	7363	7364	7335	7334	
3332	Quad4	7392	7393	7364	7363	
3333	Quad4	7421	7422	7393	7392	
3334	Quad4	7450	7451	7422	7421	
3335	Quad4	7479	7480	7451	7450	
3336	Quad4	7508	7509	7480	7479	
3337	Quad4	7537	7538	7509	7508	
3338	Quad4	7566	7567	7538	7537	
3339	Quad4	7595	7596	7567	7566	
3340	Quad4	7624	7625	7596	7595	
3341	Quad4	7653	7654	7625	7624	
3342	Quad4	7682	7683	7654	7653	
3343	Quad4	7711	7712	7683	7682	
3344	Quad4	7740	7741	7712	7711	
3345	Quad4	7769	7770	7741	7740	
3346	Quad4	7798	7799	7770	7769	
3347	Quad4	7827	7828	7799	7798	
3348	Quad4	7856	7857	7828	7827	
3349	Quad4	7885	7886	7857	7856	
3350	Quad4	7914	7915	7886	7885	
3351	Quad4	7943	7944	7915	7914	
3352	Quad4	7972	7973	7944	7943	
3353	Quad4	8001	8002	7973	7972	
3354	Quad4	8030	8031	8002	8001	
3355	Quad4	8059	8060	8031	8030	
3356	Quad4	8088	8089	8060	8059	
3357	Quad4	8117	8118	8089	8088	
3358	Quad4	8146	8147	8118	8117	
3359	Quad4	8175	8176	8147	8146	
3360	Quad4	8180	8179	8176	8175	
3361	Quad4	4754	4755	3080	3079	
3362	Quad4	4783	4784	4755	4754	
3363	Quad4	4812	4813	4784	4783	
3364	Quad4	4841	4842	4813	4812	
3365	Quad4	4870	4871	4842	4841	
3366	Quad4	4899	4900	4871	4870	
3367	Quad4	4928	4929	4900	4899	
3368	Quad4	4957	4958	4929	4928	
3369	Quad4	4986	4987	4958	4957	
3370	Quad4	5015	5016	4987	4986	
3371	Quad4	5044	5045	5016	5015	
3372	Quad4	5073	5074	5045	5044	
3373	Quad4	5102	5103	5074	5073	
3374	Quad4	5131	5132	5103	5102	
3375	Quad4	5160	5161	5132	5131	
3376	Quad4	5189	5190	5161	5160	
3377	Quad4	5218	5219	5190	5189	
3378	Quad4	5247	5248	5219	5218	
3379	Quad4	5276	5277	5248	5247	
3380	Quad4	5305	5306	5277	5276	
3381	Quad4	5334	5335	5306	5305	
3382	Quad4	5363	5364	5335	5334	
3383	Quad4	5392	5393	5364	5363	
3384	Quad4	5421	5422	5393	5392	
3385	Quad4	5450	5451	5422	5421	
3386	Quad4	5479	5480	5451	5450	
3387	Quad4	5508	5509	5480	5479	
3388	Quad4	5537	5538	5509	5508	
3389	Quad4	5566	5567	5538	5537	
3390	Quad4	5595	5596	5567	5566	
3391	Quad4	5624	5625	5596	5595	
3392	Quad4	5653	5654	5625	5624	
3393	Quad4	5682	5683	5654	5653	
3394	Quad4	5711	5712	5683	5682	
3395	Quad4	5740	5741	5712	5711	
3396	Quad4	5769	5770	5741	5740	
3397	Quad4	5798	5799	5770	5769	
3398	Quad4	5827	5828	5799	5798	
3399	Quad4	5856	5857	5828	5827	
3400	Quad4	5885	5886	5857	5856	
3401	Quad4	5914	5915	5886	5885	
3402	Quad4	5943	5944	5915	5914	
3403	Quad4	5972	5973	5944	5943	
3404	Quad4	6001	6002	5973	5972	
3405	Quad4	6030	6031	6002	6001	
3406	Quad4	6059	6060	6031	6030	
3407	Quad4	6088	6089	6060	6059	
3408	Quad4	6117	6118	6089	6088	
3409	Quad4	6146	6147	6118	6117	
3410	Quad4	6175	6176	6147	6146	
3411	Quad4	6204	6205	6176	6175	
3412	Quad4	6233	6234	6205	6204	
3413	Quad4	6262	6263	6234	6233	
3414	Quad4	6291	6292	6263	6262	
3415	Quad4	6320	6321	6292	6291	
3416	Quad4	6349	6350	6321	6320	
3417	Quad4	6378	6379	6350	6349	
3418	Quad4	6407	6408	6379	6378	
3419	Quad4	6436	6437	6408	6407	
3420	Quad4	6465	6466	6437	6436	
3421	Quad4	6494	6495	6466	6465	
3422	Quad4	6523	6524	6495	6494	
3423	Quad4	6552	6553	6524	6523	
3424	Quad4	6581	6582	6553	6552	
3425	Quad4	6610	6611	6582	6581	
3426	Quad4	6639	6640	6611	6610	
3427	Quad4	6668	6669	6640	6639	
3428	Quad4	6697	6698	6669	6668	
3429	Quad4	6726	6727	6698	6697	
3430	Quad4	6755	6756	6727	6726	
3431	Quad4	6784	6785	6756	6755	
3432	Quad4	6813	6814	6785	6784	
3433	Quad4	6842	6843	6814	6813	
3434	Quad4	6871	6872	6843	6842	
3435	Quad4	6900	6901	6872	6871	
3436	Quad4	6929	6930	6901	6900	
3437	Quad4	6958	6959	6930	6929	
3438	Quad4	6987	6988	6959	6958	
3439	Quad4	7016	7017	6988	6987	
3440	Quad4	7045	7046	7017	7016	
3441	Quad4	7074	7075	7046	7045	
3442	Quad4	7103	7104	7075	7074	
3443	Quad4	7132	7133	7104	7103	
3444	Quad4	7161	7162	7133	7132	
3445	Quad4	7190	7191	7162	7161	
3446	Quad4	7219	7220	7191	7190	
3447	Quad4	7248	7249	7220	7219	
3448	Quad4	7277	7278	7249	7248	
3449	Quad4	7306	7307	7278	7277	
3450	Quad4	7335	7336	7307	7306	
3451	Quad4	7364	7365	7336	7335	
3452	Quad4	7393	7394	7365	7364	
3453	Quad4	7422	7423	7394	7393	
3454	Quad4	7451	7452	7423	7422	
3455	Quad4	7480	7481	7452	7451	
3456	Quad4	7509	7510	7481	7480	
3457	Quad4	7538	7539	7510	7509	
3458	Quad4	7567	7568	7539	7538	
3459	Quad4	7596	7597	7568	7567	
3460	Quad4	7625	7626	7597	7596	
3461	Quad4	7654	7655	7626	7625	
3462	Quad4	7683	7684	7655	7654	
3463	Quad4	7712	7713	7684	7683	
3464	Quad4	7741	7742	7713	7712	
3465	Quad4	7770	7771	7742	7741	
3466	Quad4	7799	7800	7771	7770	
3467	Quad4	7828	7829	7800	7799	
3468	Quad4	7857	7858	7829	7828	
3469	Quad4	7886	7887	7858	7857	
3470	Quad4	7915	7916	7887	7886	
3471	Quad4	7944	7945	7916	7915	
3472	Quad4	7973	7974	7945	7944	
3473	Quad4	8002	8003	7974	7973	
3474	Quad4	8031	8032	8003	8002	
3475	Quad4	8060	8061	8032	8031	
3476	Quad4	8089	8090	8061	8060	
3477	Quad4	8118	8119	8090	8089	
3478	Quad4	8147	8148	8119	8118	
3479	Quad4	8176	8177	8148	8147	
3480	Quad4	8179	8178	8177	8176	
3481	Quad4	4755	8325	6	3080	
3482	Quad4	4784	8324	8325	4755	
3483	Quad4	4813	8323	8324	4784	
3484	Quad4	4842	8322	8323	4813	
3485	Quad4	4871	8321	8322	4842	
3486	Quad4	4900	8320	8321	4871	
3487	Quad4	4929	8319	8320	4900	
3488	Quad4	4958	8318	8319	4929	
3489	Quad4	4987	8317	8318	4958	
3490	Quad4	5016	8316	8317	4987	
3491	Quad4	5045	8315	8316	5016	
3492	Quad4	5074	8314	8315	5045	
3493	Quad4	5103	8313	8314	5074	
3494	Quad4	5132	8312	8313	5103	
3495	Quad4	5161	8311	8312	5132	
3496	Quad4	5190	8310	8311	5161	
3497	Quad4	5219	8309	8310	5190	
3498	Quad4	5248	8308	8309	5219	
3499	Quad4	5277	8307	8308	5248	
3500	Quad4	5306	8306	8307	5277	
3501	Quad4	5335	8305	8306	5306	
3502	Quad4	5364	8304	8305	5335	
3503	Quad4	5393	8303	8304	5364	
3504	Quad4	5422	8302	8303	5393	
3505	Quad4	5451	8301	8302	5422	
3506	Quad4	5480	8300	8301	5451	
3507	Quad4	5509	8299	8300	5480	
3508	Quad4	5538	8298	8299	5509	
3509	Quad4	5567	8297	8298	5538	
3510	Quad4	5596	8296	8297	5567	
3511	Quad4	5625	8295	8296	5596	
3512	Quad4	5654	8294	8295	5625	
3513	Quad4	5683	8293	8294	5654	
3514	Quad4	5712	8292	8293	5683	
3515	Quad4	5741	8291	8292	5712	
3516	Quad4	5770	8290	8291	5741	
3517	Quad4	5799	8289	8290	5770	
3518	Quad4	5828	8288	8289	5799	
3519	Quad4	5857	8287	8288	5828	
3520	Quad4	5886	8286	8287	5857	
3521	Quad4	5915	8285	8286	5886	
3522	Quad4	5944	8284	8285	5915	
3523	Quad4	5973	8283	8284	5944	
3524	Quad4	6002	8282	8283	5973	
3525	Quad4	6031	8281	8282	6002	
3526	Quad4	6060	8280	8281	6031	
3527	Quad4	6089	8279	8280	6060	
3528	Quad4	6118	8278	8279	6089	
3529	Quad4	6147	8277	8278	6118	
3530	Quad4	6176	8276	8277	6147	
3531	Quad4	6205	8275	8276	6176	
3532	Quad4	6234	8274	8275	6205	
3533	Quad4	6263	8273	8274	6234	
3534	Quad4	6292	8272	8273	6263	
3535	Quad4	6321	8271	8272	6292	
3536	Quad4	6350	8270	8271	6321	
3537	Quad4	6379	8269	8270	6350	
3538	Quad4	6408	8268	8269	6379	
3539	Quad4	6437	8267	8268	6408	
3540	Quad4	6466	8266	8267	6437	
3541	Quad4	6495	8265	8266	6466	
3542	Quad4	6524	8264	8265	6495	
3543	Quad4	6553	8263	8264	6524	
3544	Quad4	6582	8262	8263	6553	
3545	Quad4	6611	8261	8262	6582	
3546	Quad4	6640	8260	8261	6611	
3547	Quad4	6669	8259	8260	6640	
3548	Quad4	6698	8258	8259	6669	
3549	Quad4	6727	8257	8258	6698	
3550	Quad4	6756	8256	8257	6727	
3551	Quad4	6785	8255	8256	6756	
3552	Quad4	6814	8254	8255	6785	
3553	Quad4	6843	8253	8254	6814	
3554	Quad4	6872	8252	8253	6843	
3555	Quad4	6901	8251	8252	6872	
3556	Quad4	6930	8250	8251	6901	
3557	Quad4	6959	8249	8250	6930	
3558	Quad4	6988	8248	8249	6959	
3559	Quad4	7017	8247	8248	6988	
3560	Quad4	7046	8246	8247	7017	
3561	Quad4	7075	8245	8246	7046	
3562	Quad4	7104	8244	8245	7075	
3563	Quad4	7133	8243	8244	7104	
3564	Quad4	7162	8242	8243	7133	
3565	Quad4	7191	8241	8242	7162	
3566	Quad4	7220	8240	8241	7191	
3567	Quad4	7249	8239	8240	7220	
3568	Quad4	7278	8238	8239	7249	
3569	Quad4	7307	8237	8238	7278	
3570	Quad4	7336	8236	8237	7307	
3571	Quad4	7365	8235	8236	7336	
3572	Quad4	7394	8234	8235	7365	
3573	Quad4	7423	8233	8234	7394	
3574	Quad4	7452	8232	8233	7423	
3575	Quad4	7481	8231	8232	7452	
3576	Quad4	7510	8230	8231	7481	
3577	Quad4	7539	8229	8230	7510	
3578	Quad4	7568	8228	8229	7539	
3579	Quad4	7597	8227	8228	7568	
3580	Quad4	7626	8226	8227	7597	
3581	Quad4	7655	8225	8226	7626	
3582	Quad4	7684	8224	8225	7655	
3583	Quad4	7713	8223	8224	7684	
3584	Quad4	7742	8222	8223	7713	
3585	Quad4	7771	8221	8222	7742	
3586	Quad4	7800	8220	8221	7771	
3587	Quad4	7829	8219	8220	7800	
3588	Quad4	7858	8218	8219	7829	
3589	Quad4	7887	8217	8218	7858	
3590	Quad4	7916	8216	8217	7887	
3591	Quad4	7945	8215	8216	7916	
3592	Quad4	7974	8214	8215	7945	
3593	Quad4	8003	8213	8214	7974	
3594	Quad4	8032	8212	8213	8003	
3595	Quad4	8061	8211	8212	8032	
3596	Quad4	8090	8210	8211	8061	
3597	Quad4	8119	8209	8210	8090	
3598	Quad4	8148	8208	8209	8119	
3599	Quad4	8177	8207	8208	8148	
3600	Quad4	8178	9	8207	8177	
3601	Quad4	8325	8326	9525	6	
3602	Quad4	8324	8335	8326	8325	
3603	Quad4	8323	8344	8335	8324	
3604	Quad4	8322	8353	8344	8323	
3605	Quad4	8321	8362	8353	8322	
3606	Quad4	8320	8371	8362	8321	
3607	Quad4	8319	8380	8371	8320	
3608	Quad4	8318	8389	8380	8319	
3609	Quad4	8317	8398	8389	8318	
3610	Quad4	8316	8407	8398	8317	
3611	Quad4	8315	8416	8407	8316	
3612	Quad4	8314	8425	8416	8315	
3613	Quad4	8313	8434	8425	8314	
3614	Quad4	8312	8443	8434	8313	
3615	Quad4	8311	8452	8443	8312	
3616	Quad4	8310	8461	8452	8311	
3617	Quad4	8309	8470	8461	8310	
3618	Quad4	8308	8479	8470	8309	
3619	Quad4	8307	8488	8479	8308	
3620	Quad4	8306	8497	8488	8307	
3621	Quad4	8305	8506	8497	8306	
3622	Quad4	8304	8515	8506	8305	
3623	Quad4	8303	8524	8515	8304	
3624	Quad4	8302	8533	8524	8303	
3625	Quad4	8301	8542	8533	8302	
3626	Quad4	8300	8551	8542	8301	
3627	Quad4	8299	8560	8551	8300	
3628	Quad4	8298	8569	8560	8299	
3629	Quad4	8297	8578	8569	8298	
3630	Quad4	8296	8587	8578	8297	
3631	Quad4	8295	8596	8587	8296	
3632	Quad4	8294	8605	8596	8295	
3633	Quad4	8293	8614	8605	8294	
3634	Quad4	8292	8623	8614	8293	
3635	Quad4	8291	8632	8623	8292	
3636	Quad4	8290	8641	8632	8291	
3637	Quad4	8289	8650	8641	8290	
3638	Quad4	8288	8659	8650	8289	
3639	Quad4	8287	8668	8659	8288	
3640	Quad4	8286	8677	8668	8287	
3641	Quad4	8285	8686	8677	8286	
3642	Quad4	8284	8695	8686	8285	
3643	Quad4	8283	8704	8695	8284	
3644	Quad4	8282	8713	8704	8283	
3645	Quad4	8281	8722	8713	8282	
3646	Quad4	8280	8731	8722	8281	
3647	Quad4	8279	8740	8731	8280	
3648	Quad4	8278	8749	8740	8279	
3649	Quad4	8277	8758	8749	8278	
3650	Quad4	8276	8767	8758	8277	
3651	Quad4	8275	8776	8767	8276	
3652	Quad4	8274	8785	8776	8275	
3653	Quad4	8273	8794	8785	8274	
3654	Quad4	8272	8803	8794	8273	
3655	Quad4	8271	8812	8803	8272	
3656	Quad4	8270	8821	8812	8271	
3657	Quad4	8269	8830	8821	8270	
3658	Quad4	8268	8839	8830	8269	
3659	Quad4	8267	8848	8839	8268	
3660	Quad4	8266	8857	8848	8267	
3661	Quad4	8265	8866	8857	8266	
3662	Quad4	8264	8875	8866	8265	
3663	Quad4	8263	8884	8875	8264	
3664	Quad4	8262	8893	8884	8263	
3665	Quad4	8261	8902	8893	8262	
3666	Quad4	8260	8911	8902	8261	
3667	Quad4	8259	8920	8911	8260	
3668	Quad4	8258	8929	8920	8259	
3669	Quad4	8257	8938	8929	8258	
3670	Quad4	8256	8947	8938	8257	
3671	Quad4	8255	8956	8947	8256	
3672	Quad4	8254	8965	8956	8255	
3673	Quad4	8253	8974	8965	8254	
3674	Quad4	8252	8983	8974	8253	
3675	Quad4	8251	8992	8983	8252	
3676	Quad4	8250	9001	8992	8251	
3677	Quad4	8249	9010	9001	8250	
3678	Quad4	8248	9019	9010	8249	
3679	Quad4	8247	9028	9019	8248	
3680	Quad4	8246	9037	9028	8247	
3681	Quad4	8245	9046	9037	8246	
3682	Quad4	8244	9055	9046	8245	
3683	Quad4	8243	9064	9055	8244	
3684	Quad4	8242	9073	9064	8243	
3685	Quad4	8241	9082	9073	8242	
3686	Quad4	8240	9091	9082	8241	
3687	Quad4	8239	9100	9091	8240	
3688	Quad4	8238	9109	9100	8239	
3689	Quad4	8237	9118	9109	8238	
3690	Quad4	8236	9127	9118	8237	
3691	Quad4	8235	9136	9127	8236	
3692	Quad4	8234	9145	9136	8235	
3693	Quad4	8233	9154	9145	8234	
3694	Quad4	8232	9163	9154	8233	
3695	Quad4	8231	9172	9163	8232	
3696	Quad4	8230	9181	9172	8231	
3697	Quad4	8229	9190	9181	8230	
3698	Quad4	8228	9199	9190	8229	
3699	Quad4	8227	9208	9199	8228	
3700	Quad4	8226	9217	9208	8227	
3701	Quad4	8225	9226	9217	8226	
3702	Quad4	8224	9235	9226	8225	
3703	Quad4	8223	9244	9235	8224	
3704	Quad4	8222	9253	9244	8223	
3705	Quad4	8221	9262	9253	8222	
3706	Quad4	8220	9271	9262	8221	
3707	Quad4	8219	9280	9271	8220	
3708	Quad4	8218	9289	9280	8219	
3709	Quad4	8217	9298	9289	8218	
3710	Quad4	8216	9307	9298	8217	
3711	Quad4	8215	9316	9307	8216	
3712	Quad4	8214	9325	9316	8215	
3713	Quad4	8213	9334	9325	8214	
3714	Quad4	8212	9343	9334	8213	
3715	Quad4	8211	9352	9343	8212	
3716	Quad4	8210	9361	9352	8211	
3717	Quad4	8209	9370	9361	8210	
3718	Quad4	8208	9379	9370	8209	
3719	Quad4	8207	9388	9379	8208	
3720	Quad4	9	9524	9388	8207	
3721	Quad4	8326	8327	9526	9525	
3722	Quad4	8335	8336	8327	8326	
3723	Quad4	8344	8345	8336	8335	
3724	Quad4	8353	8354	8345	8344	
3725	Quad4	8362	8363	8354	8353	
3726	Quad4	8371	8372	8363	8362	
3727	Quad4	8380	8381	8372	8371	
3728	Quad4	8389	8390	8381	8380	
3729	Quad4	8398	8399	8390	8389	
3730	Quad4	8407	8408	8399	8398	
3731	Quad4	8416	8417	8408	8407	
3732	Quad4	8425	8426	8417	8416	
3733	Quad4	8434	8435	8426	8425	
3734	Quad4	8443	8444	8435	8434	
3735	Quad4	8452	8453	8444	8443	
3736	Quad4	8461	8462	8453	8452	
3737	Quad4	8470	8471	8462	8461	
3738	Quad4	8479	8480	8471	8470	
3739	Quad4	8488	8489	8480	8479	
3740	Quad4	8497	8498	8489	8488	
3741	Quad4	8506	8507	8498	8497	
3742	Quad4	8515	8516	8507	8506	
3743	Quad4	8524	8525	8516	8515	
3744	Quad4	8533	8534	8525	8524	
3745	Quad4	8542	8543	8534	8533	
3746	Quad4	8551	8552	8543	8542	
3747	Quad4	8560	8561	8552	8551	
3748	Quad4	8569	8570	8561	8560	
3749	Quad4	8578	8579	8570	8569	
3750	Quad4	8587	8588	8579	8578	
3751	Quad4	8596	8597	8588	8587	
3752	Quad4	8605	8606	8597	8596	
3753	Quad4	8614	8615	8606	8605	
3754	Quad4	8623	8624	8615	8614	
3755	Quad4	8632	8633	8624	8623	
3756	Quad4	8641	8642	8633	8632	
3757	Quad4	8650	8651	8642	8641	
3758	Quad4	8659	8660	8651	8650	
3759	Quad4	8668	8669	8660	8659	
3760	Quad4	8677	8678	8669	8668	
3761	Quad4	8686	8687	8678	8677	
3762	Quad4	8695	8696	8687	8686	
3763	Quad4	8704	8705	8696	8695	
3764	Quad4	8713	8714	8705	8704	
3765	Quad4	8722	8723	8714	8713	
3766	Quad4	8731	8732	8723	8722	
3767	Quad4	8740	8741	8732	8731	
3768	Quad4	8749	8750	8741	8740	
3769	Quad4	8758	8759	8750	8749	
3770	Quad4	8767	8768	8759	8758	
3771	Quad4	8776	8777	8768	8767	
3772	Quad4	8785	8786	8777	8776	
3773	Quad4	8794	8795	8786	8785	
3774	Quad4	8803	8804	8795	8794	
3775	Quad4	8812	8813	8804	8803	
3776	Quad4	8821	8822	8813	8812	
3777	Quad4	8830	8831	8822	8821	
3778	Quad4	8839	8840	8831	8830	
3779	Quad4	8848	8849	8840	8839	
3780	Quad4	8857	8858	8849	8848	
3781	Quad4	8866	8867	8858	8857	
3782	Quad4	8875	8876	8867	8866	
3783	Quad4	8884	8885	8876	8875	
3784	Quad4	8893	8894	8885	8884	
3785	Quad4	8902	8903	8894	8893	
3786	Quad4	8911	8912	8903	8902	
3787	Quad4	8920	8921	8912	8911	
3788	Quad4	8929	8930	8921	8920	
3789	Quad4	8938	8939	8930	8929	
3790	Quad4	8947	8948	8939	8938	
3791	Quad4	8956	8957	8948	8947	
3792	Quad4	8965	8966	8957	8956	
3793	Quad4	8974	8975	8966	8965	
3794	Quad4	8983	8984	8975	8974	
3795	Quad4	8992	8993	8984	8983	
3796	Quad4	9001	9002	8993	8992	
3797	Quad4	9010	9011	9002	9001	
3798	Quad4	9019	9020	9011	9010	
3799	Quad4	9028	9029	9020	9019	
3800	Quad4	9037	9038	9029	9028	
3801	Quad4	9046	9047	9038	9037	
3802	Quad4	9055	9056	9047	9046	
3803	Quad4	9064	9065	9056	9055	
3804	Quad4	9073	9074	9065	9064	
3805	Quad4	9082	9083	9074	9073	
3806	Quad4	9091	9092	9083	9082	
3807	Quad4	9100	9101	9092	9091	
3808	Quad4	9109	9110	9101	9100	
3809	Quad4	9118	9119	9110	9109	
3810	Quad4	9127	9128	9119	9118	
3811	Quad4	9136	9137	9128	9127	
3812	Quad4	9145	9146	9137	9136	
3813	Quad4	9154	9155	9146	9145	
3814	Quad4	9163	9164	9155	9154	
3815	Quad4	9172	9173	9164	9163	
3816	Quad4	9181	9182	9173	9172	
3817	Quad4	9190	9191	9182	9181	
3818	Quad4	9199	9200	9191	9190	
3819	Quad4	9208	9209	9200	9199	
3820	Quad4	9217	9218	9209	9208	
3821	Quad4	9226	9227	9218	9217	
3822	Quad4	9235	9236	9227	9226	
3823	Quad4	9244	9245	9236	9235	
3824	Quad4	9253	9254	9245	9244	
3825	Quad4	9262	9263	9254	9253	
3826	Quad4	9271	9272	9263	9262	
3827	Quad4	9280	9281	9272	9271	
3828	Quad4	9289	9290	9281	9280	
3829	Quad4	9298	9299	9290	9289	
3830	Quad4	9307	9308	9299	9298	
3831	Quad4	9316	9317	9308	9307	
3832	Quad4	9325	9326	9317	9316	
3833	Quad4	9334	9335	9326	9325	
3834	Quad4	9343	9344	9335	9334	
3835	Quad4	9352	9353	9344	9343	
3836	Quad4	9361	9362	9353	9352	
3837	Quad4	9370	9371	9362	9361	
3838	Quad4	9379	9380	9371	9370	
3839	Quad4	9388	9389	9380	9379	
3840	Quad4	9524	9523	9389	9388	
3841	Quad4	8327	8328	9527	9526	
3842	Quad4	8336	8337	8328	8327	
3843	Quad4	8345	8346	8337	8336	
3844	Quad4	8354	8355	8346	8345	
3845	Quad4	8363	8364	8355	8354	
3846	Quad4	8372	8373	8364	8363	
3847	Quad4	8381	8382	8373	8372	
3848	Quad4	8390	8391	8382	8381	
3849	Quad4	8399	8400	8391	8390	
3850	Quad4	8408	8409	8400	8399	
3851	Quad4	8417	8418	8409	8408	
3852	Quad4	8426	8427	8418	8417	
3853	Quad4	8435	8436	8427	8426	
3854	Quad4	8444	8445	8436	8435	
3855	Quad4	8453	8454	8445	8444	
3856	Quad4	8462	8463	8454	8453	
3857	Quad4	8471	8472	8463	8462	
3858	Quad4	8480	8481	8472	8471	
3859	Quad4	8489	8490	8481	8480	
3860	Quad4	8498	8499	8490	8489	
3861	Quad4	8507	8508	8499	8498	
3862	Quad4	8516	8517	8508	8507	
3863	Quad4	8525	8526	8517	8516	
3864	Quad4	8534	8535	8526	8525	
3865	Quad4	8543	8544	8535	8534	
3866	Quad4	8552	8553	8544	8543	
3867	Quad4	8561	8562	8553	8552	
3868	Quad4	8570	8571	8562	8561	
3869	Quad4	8579	8580	8571	8570	
3870	Quad4	8588	8589	8580	8579	
3871	Quad4	8597	8598	8589	8588	
3872	Quad4	8606	8607	8598	8597	
3873	Quad4	8615	8616	8607	8606	
3874	Quad4	8624	8625	8616	8615	
3875	Quad4	8633	8634	8625	8624	
3876	Quad4	8642	8643	8634	8633	
3877	Quad4	8651	8652	8643	8642	
3878	Quad4	8660	8661	8652	8651	
3879	Quad4	8669	8670	8661	8660	
3880	Quad4	8678	8679	8670	8669	
3881	Quad4	8687	8688	8679	8678	
3882	Quad4	8696	8697	8688	8687	
3883	Quad4	8705	8706	8697	8696	
3884	Quad4	8714	8715	8706	8705	
3885	Quad4	8723	8724	8715	8714	
3886	Quad4	8732	8733	8724	8723	
3887	Quad4	8741	8742	8733	8732	
3888	Quad4	8750	8751	8742	8741	
3889	Quad4	8759	8760	8751	8750	
3890	Quad4	8768	8769	8760	8759	
3891	Quad4	8777	8778	8769	8768	
3892	Quad4	8786	8787	8778	8777	
3893	Quad4	8795	8796	8787	8786	
3894	Quad4	8804	8805	8796	8795	
3895	Quad4	8813	8814	8805	8804	
3896	Quad4	8822	8823	8814	8813	
3897	Quad4	8831	8832	8823	8822	
3898	Quad4	8840	8841	8832	8831	
3899	Quad4	8849	8850	8841	8840	
3900	Quad4	8858	8859	8850	8849	
3901	Quad4	8867	8868	8859	8858	
3902	Quad4	8876	8877	8868	8867	
3903	Quad4	8885	8886	8877	8876	
3904	Quad4	8894	8895	8886	8885	
3905	Quad4	8903	8904	8895	8894	
3906	Quad4	8912	8913	8904	8903	
3907	Quad4	8921	8922	8913	8912	
3908	Quad4	8930	8931	8922	8921	
3909	Quad4	8939	8940	8931	8930	
3910	Quad4	8948	8949	8940	8939	
3911	Quad4	8957	8958	8949	8948	
3912	Quad4	8966	8967	8958	8957	
3913	Quad4	8975	8976	8967	8966	
3914	Quad4	8984	8985	8976	8975	
3915	Quad4	8993	8994	8985	8984	
3916	Quad4	9002	9003	8994	8993	
3917	Quad4	9011	9012	9003	9002	
3918	Quad4	9020	9021	9012	9011	
3919	Quad4	9029	9030	9021	9020	
3920	Quad4	9038	9039	9030	9029	
3921	Quad4	9047	9048	9039	9038	
3922	Quad4	9056	9057	9048	9047	
3923	Quad4	9065	9066	9057	9056	
3924	Quad4	9074	9075	9066	9065	
3925	Quad4	9083	9084	9075	9074	
3926	Quad4	9092	9093	9084	9083	
3927	Quad4	9101	9102	9093	9092	
3928	Quad4	9110	9111	9102	9101	
3929	Quad4	9119	9120	9111	9110	
3930	Quad4	9128	9129	9120	9119	
3931	Quad4	9137	9138	9129	9128	
3932	Quad4	9146	9147	9138	9137	
3933	Quad4	9155	9156	9147	9146	
3934	Quad4	9164	9165	9156	9155	
3935	Quad4	9173	9174	9165	9164	
3936	Quad4	9182	9183	9174	9173	
3937	Quad4	9191	9192	9183	9182	
3938	Quad4	9200	9201	9192	9191	
3939	Quad4	9209	9210	9201	9200	
3940	Quad4	9218	9219	9210	9209	
3941	Quad4	9227	9228	9219	9218	
3942	Quad4	9236	9237	9228	9227	
3943	Quad4	9245	9246	9237	9236	
3944	Quad4	9254	9255	9246	9245	
3945	Quad4	9263	9264	9255	9254	
3946	Quad4	9272	9273	9264	9263	
3947	Quad4	9281	9282	9273	9272	
3948	Quad4	9290	9291	9282	9281	
3949	Quad4	9299	9300	9291	9290	
3950	Quad4	9308	9309	9300	9299	
3951	Quad4	9317	9318	9309	9308	
3952	Quad4	9326	9327	9318	9317	
3953	Quad4	9335	9336	9327	9326	
3954	Quad4	9344	9345	9336	9335	
3955	Quad4	9353	9354	9345	9344	
3956	Quad4	9362	9363	9354	9353	
3957	Quad4	9371	9372	9363	9362	
3958	Quad4	9380	9381	9372	9371	
3959	Quad4	9389	9390	9381	9380	
3960	Quad4	9523	9522	9390	9389	
3961	Quad4	8328	8329	9528	9527	
3962	Quad4	8337	8338	8329	8328	
3963	Quad4	8346	8347	8338	8337	
3964	Quad4	8355	8356	8347	8346	
3965	Quad4	8364	8365	8356	8355	
3966	Quad4	8373	8374	8365	8364	
3967	Quad4	8382	8383	8374	8373	
3968	Quad4	8391	8392	8383	8382	
3969	Quad4	8400	8401	8392	8391	
3970	Quad4	8409	8410	8401	8400	
3971	Quad4	8418	8419	8410	8409	
3972	Quad4	8427	8428	8419	8418	
3973	Quad4	8436	8437	8428	8427	
3974	Quad4	8445	8446	8437	8436	
3975	Quad4	8454	8455	8446	8445	
3976	Quad4	8463	8464	8455	8454	
3977	Quad4	8472	8473	8464	8463	
3978	Quad4	8481	8482	8473	8472	
3979	Quad4	8490	8491	8482	8481	
3980	Quad4	8499	8500	8491	8490	
3981	Quad4	8508	8509	8500	8499	
3982	Quad4	8517	8518	8509	8508	
3983	Quad4	8526	8527	8518	8517	
3984	Quad4	8535	8536	8527	8526	
3985	Quad4	8544	8545	8536	8535	
3986	Quad4	8553	8554	8545	8544	
3987	Quad4	8562	8563	8554	8553	
3988	Quad4	8571	8572	8563	8562	
3989	Quad4	8580	8581	8572	8571	
3990	Quad4	8589	8590	8581	8580	
3991	Quad4	8598	8599	8590	8589	
3992	Quad4	8607	8608	8599	8598	
3993	Quad4	8616	8617	8608	8607	
3994	Quad4	8625	8626	8617	8616	
3995	Quad4	8634	8635	8626	8625	
3996	Quad4	8643	8644	8635	8634	
3997	Quad4	8652	8653	8644	8643	
3998	Quad4	8661	8662	8653	8652	
3999	Quad4	8670	8671	8662	8661	
4000	Quad4	8679	8680	8671	8670	
4001	Quad4	8688	8689	8680	8679	
4002	Quad4	8697	8698	8689	8688	
4003	Quad4	8706	8707	8698	8697	
4004	Quad4	8715	8716	8707	8706	
4005	Quad4	8724	8725	8716	8715	
4006	Quad4	8733	8734	8725	8724	
4007	Quad4	8742	8743	8734	8733	
4008	Quad4	8751	8752	8743	8742	
4009	Quad4	8760	8761	8752	8751	
4010	Quad4	8769	8770	8761	8760	
4011	Quad4	8778	8779	8770	8769	
4012	Quad4	8787	8788	8779	8778	
4013	Quad4	8796	8797	8788	8787	
4014	Quad4	8805	8806	8797	8796	
4015	Quad4	8814	8815	8806	8805	
4016	Quad4	8823	8824	8815	8814	
4017	Quad4	8832	8833	8824	8823	
4018	Quad4	8841	8842	8833	8832	
4019	Quad4	8850	8851	8842	8841	
4020	Quad4	8859	8860	8851	8850	
4021	Quad4	8868	8869	8860	8859	
4022	Quad4	8877	8878	8869	8868	
4023	Quad4	8886	8887	8878	8877	
4024	Quad4	8895	8896	8887	8886	
4025	Quad4	8904	8905	8896	8895	
4026	Quad4	8913	8914	8905	8904	
4027	Quad4	8922	8923	8914	8913	
4028	Quad4	8931	8932	8923	8922	
4029	Quad4	8940	8941	8932	8931	
4030	Quad4	8949	8950	8941	8940	
4031	Quad4	8958	8959	8950	8949	
4032	Quad4	8967	8968	8959	8958	
4033	Quad4	8976	8977	8968	8967	
4034	Quad4	8985	8986	8977	8976	
4035	Quad4	8994	8995	8986	8985	
4036	Quad4	9003	9004	8995	8994	
4037	Quad4	9012	9013	9004	9003	
4038	Quad4	9021	9022	9013	9012	
4039	Quad4	9030	9031	9022	9021	
4040	Quad4	9039	9040	9031	9030	
4041	Quad4	9048	9049	9040	9039	
4042	Quad4	9057	9058	9049	9048	
4043	Quad4	9066	9067	9058	9057	
4044	Quad4	9075	9076	9067	9066	
4045	Quad4	9084	9085	9076	9075	
4046	Quad4	9093	9094	9085	9084	
4047	Quad4	9102	9103	9094	9093	
4048	Quad4	9111	9112	9103	9102	
4049	Quad4	9120	9121	9112	9111	
4050	Quad4	9129	9130	9121	9120	
4051	Quad4	9138	9139	9130	9129	
4052	Quad4	9147	9148	9139	9138	
4053	Quad4	9156	9157	9148	9147	
4054	Quad4	9165	9166	9157	9156	
4055	Quad4	9174	9175	9166	9165	
4056	Quad4	9183	9184	9175	9174	
4057	Quad4	9192	9193	9184	9183	
4058	Quad4	9201	9202	9193	9192	
4059	Quad4	9210	9211	9202	9201	
4060	Quad4	9219	9220	9211	9210	
4061	Quad4	9228	9229	9220	9219	
4062	Quad4	9237	9238	9229	9228	
4063	Quad4	9246	9247	9238	9237	
4064	Quad4	9255	9256	9247	9246	
4065	Quad4	9264	9265	9256	9255	
4066	Quad4	9273	9274	9265	9264	
4067	Quad4	9282	9283	9274	9273	
4068	Quad4	9291	9292	9283	9282	
4069	Quad4	9300	9301	9292	9291	
4070	Quad4	9309	9310	9301	9300	
4071	Quad4	9318	9319	9310	9309	
4072	Quad4	9327	9328	9319	9318	
4073	Quad4	9336	9337	9328	9327	
4074	Quad4	9345	9346	9337	9336	
4075	Quad4	9354	9355	9346	9345	
4076	Quad4	9363	9364	9355	9354	
4077	Quad4	9372	9373	9364	9363	
4078	Quad4	9381	9382	9373	9372	
4079	Quad4	9390	9391	9382	9381	
4080	Quad4	9522	9521	9391	9390	
4081	Quad4	8329	8330	9529	9528	
4082	Quad4	8338	8339	8330	8329	
4083	Quad4	8347	8348	8339	8338	
4084	Quad4	8356	8357	8348	8347	
4085	Quad4	8365	8366	8357	8356	
4086	Quad4	8374	8375	8366	8365	
4087	Quad4	8383	8384	8375	8374	
4088	Quad4	8392	8393	8384	8383	
4089	Quad4	8401	8402	8393	8392	
4090	Quad4	8410	8411	8402	8401	
4091	Quad4	8419	8420	8411	8410	
4092	Quad4	8428	8429	8420	8419	
4093	Quad4	8437	8438	8429	8428	
4094	Quad4	8446	8447	8438	8437	
4095	Quad4	8455	8456	8447	8446	
4096	Quad4	8464	8465	8456	8455	
4097	Quad4	8473	8474	8465	8464	
4098	Quad4	8482	8483	8474	8473	
4099	Quad4	8491	8492	8483	8482	
4100	Quad4	8500	8501	8492	8491	
4101	Quad4	8509	8510	8501	8500	
4102	Quad4	8518	8519	8510	8509	
4103	Quad4	8527	8528	8519	8518	
4104	Quad4	8536	8537	8528	8527	
4105	Quad4	8545	8546	8537	8536	
4106	Quad4	8554	8555	8546	8545	
4107	Quad4	8563	8564	8555	8554	
4108	Quad4	8572	8573	8564	8563	
4109	Quad4	8581	8582	8573	8572	
4110	Quad4	8590	8591	8582	8581	
4111	Quad4	8599	8600	8591	8590	
4112	Quad4	8608	8609	8600	8599	
4113	Quad4	8617	8618	8609	8608	
4114	Quad4	8626	8627	8618	8617	
4115	Quad4	8635	8636	8627	8626	
4116	Quad4	8644	8645	8636	8635	
4117	Quad4	8653	8654	8645	8644	
4118	Quad4	8662	8663	8654	8653	
4119	Quad4	8671	8672	8663	8662	
4120	Quad4	8680	8681	8672	8671	
4121	Quad4	8689	8690	8681	8680	
4122	Quad4	8698	8699	8690	8689	
4123	Quad4	8707	8708	8699	8698	
4124	Quad4	8716	8717	8708	8707	
4125	Quad4	8725	8726	8717	8716	
4126	Quad4	8734	8735	8726	8725	
4127	Quad4	8743	8744	8735	8734	
4128	Quad4	8752	8753	8744	8743	
4129	Quad4	8761	8762	8753	8752	
4130	Quad4	8770	8771	8762	8761	
4131	Quad4	8779	8780	8771	8770	
4132	Quad4	8788	8789	8780	8779	
4133	Quad4	8797	8798	8789	8788	
4134	Quad4	8806	8807	8798	8797	
4135	Quad4	8815	8816	8807	8806	
4136	Quad4	8824	8825	8816	8815	
4137	Quad4	8833	8834	8825	8824	
4138	Quad4	8842	8843	8834	8833	
4139	Quad4	8851	8852	8843	8842	
4140	Quad4	8860	8861	8852	8851	
4141	Quad4	8869	8870	8861	8860	
4142	Quad4	8878	8879	8870	8869	
4143	Quad4	8887	8888	8879	8878	
4144	Quad4	8896	8897	8888	8887	
4145	Quad4	8905	8906	8897	8896	
4146	Quad4	8914	8915	8906	8905	
4147	Quad4	8923	8924	8915	8914	
4148	Quad4	8932	8933	8924	8923	
4149	Quad4	8941	8942	8933	8932	
4150	Quad4	8950	8951	8942	8941	
4151	Quad4	8959	8960	8951	8950	
4152	Quad4	8968	8969	8960	8959	
4153	Quad4	8977	8978	8969	8968	
4154	Quad4	8986	8987	8978	8977	
4155	Quad4	8995	8996	8987	8986	
4156	Quad4	9004	9005	8996	8995	
4157	Quad4	9013	9014	9005	9004	
4158	Quad4	9022	9023	9014	9013	
4159	Quad4	9031	9032	9023	9022	
4160	Quad4	9040	9041	9032	9031	
4161	Quad4	9049	9050	9041	9040	
4162	Quad4	9058	9059	9050	9049	
4163	Quad4	9067	9068	9059	9058	
4164	Quad4	9076	9077	9068	9067	
4165	Quad4	9085	9086	9077	9076	
4166	Quad4	9094	9095	9086	9085	
4167	Quad4	9103	9104	9095	9094	
4168	Quad4	9112	9113	9104	9103	
4169	Quad4	9121	9122	9113	9112	
4170	Quad4	9130	9131	9122	9121	
4171	Quad4	9139	9140	9131	9130	
4172	Quad4	9148	9149	9140	9139	
4173	Quad4	9157	9158	9149	9148	
4174	Quad4	9166	9167	9158	9157	
4175	Quad4	9175	9176	9167	9166	
4176	Quad4	9184	9185	9176	9175	
4177	Quad4	9193	9194	9185	9184	
4178	Quad4	9202	9203	9194	9193	
4179	Quad4	9211	9212	9203	9202	
4180	Quad4	9220	9221	9212	9211	
4181	Quad4	9229	9230	9221	9220	
4182	Quad4	9238	9239	9230	9229	
4183	Quad4	9247	9248	9239	9238	
4184	Quad4	9256	9257	9248	9247	
4185	Quad4	9265	9266	9257	9256	
4186	Quad4	9274	9275	9266	9265	
4187	Quad4	9283	9284	9275	9274	
4188	Quad4	9292	9293	9284	9283	
4189	Quad4	9301	9302	9293	9292	
4190	Quad4	9310	9311	9302	9301	
4191	Quad4	9319	9320	9311	9310	
4192	Quad4	9328	9329	9320	9319	
4193	Quad4	9337	9338	9329	9328	
4194	Quad4	9346	9347	9338	9337	
4195	Quad4	9355	9356	9347	9346	
4196	Quad4	9364	9365	9356	9355	
4197	Quad4	9373	9374	9365	9364	
4198	Quad4	9382	9383	9374	9373	
4199	Quad4	9391	9392	9383	9382	
4200	Quad4	9521	9520	9392	9391	
4201	Quad4	8330	8331	9530	9529	
4202	Quad4	8339	8340	8331	8330	
4203	Quad4	8348	8349	8340	8339	
4204	Quad4	8357	8358	8349	8348	
4205	Quad4	8366	8367	8358	8357	
4206	Quad4	8375	8376	8367	8366	
4207	Quad4	8384	8385	8376	8375	
4208	Quad4	8393	8394	8385	8384	
4209	Quad4	8402	8403	8394	8393	
4210	Quad4	8411	8412	8403	8402	
4211	Quad4	8420	8421	8412	8411	
4212	Quad4	8429	8430	8421	8420	
4213	Quad4	8438	8439	8430	8429	
4214	Quad4	8447	8448	8439	8438	
4215	Quad4	8456	8457	8448	8447	
4216	Quad4	8465	8466	8457	8456	
4217	Quad4	8474	8475	8466	8465	
4218	Quad4	8483	8484	8475	8474	
4219	Quad4	8492	8493	8484	8483	
4220	Quad4	8501	8502	8493	8492	
4221	Quad4	8510	8511	8502	8501	
4222	Quad4	8519	8520	8511	8510	
4223	Quad4	8528	8529	8520	8519	
4224	Quad4	8537	8538	8529	8528	
4225	Quad4	8546	8547	8538	8537	
4226	Quad4	8555	8556	8547	8546	
4227	Quad4	8564	8565	8556	8555	
4228	Quad4	8573	8574	8565	8564	
4229	Quad4	8582	8583	8574	8573	
4230	Quad4	8591	8592	8583	8582	
4231	Quad4	8600	8601	8592	8591	
4232	Quad4	8609	8610	8601	8600	
4233	Quad4	8618	8619	8610	8609	
4234	Quad4	8627	8628	8619	8618	
4235	Quad4	8636	8637	8628	8627	
4236	Quad4	8645	8646	8637	8636	
4237	Quad4	8654	8655	8646	8645	
4238	Quad4	8663	8664	8655	8654	
4239	Quad4	8672	8673	8664	8663	
4240	Quad4	8681	8682	8673	8672	
4241	Quad4	8690	8691	8682	8681	
4242	Quad4	8699	8700	8691	8690	
4243	Quad4	8708	8709	8700	8699	
4244	Quad4	8717	8718	8709	8708	
4245	Quad4	8726	8727	8718	8717	
4246	Quad4	8735	8736	8727	8726	
4247	Quad4	8744	8745	8736	8735	
4248	Quad4	8753	8754	8745	8744	
4249	Quad4	8762	8763	8754	8753	
4250	Quad4	8771	8772	8763	8762	
4251	Quad4	8780	8781	8772	8771	
4252	Quad4	8789	8790	8781	8780	
4253	Quad4	8798	8799	8790	8789	
4254	Quad4	8807	8808	8799	8798	
4255	Quad4	8816	8817	8808	8807	
4256	Quad4	8825	8826	8817	8816	
4257	Quad4	8834	8835	8826	8825	
4258	Quad4	8843	8844	8835	8834	
4259	Quad4	8852	8853	8844	8843	
4260	Quad4	8861	8862	8853	8852	
4261	Quad4	8870	8871	8862	8861	
4262	Quad4	8879	8880	8871	8870	
4263	Quad4	8888	8889	8880	8879	
4264	Quad4	8897	8898	8889	8888	
4265	Quad4	8906	8907	8898	8897	
4266	Quad4	8915	8916	8907	8906	
4267	Quad4	8924	8925	8916	8915	
4268	Quad4	8933	8934	8925	8924	
4269	Quad4	8942	8943	8934	8933	
4270	Quad4	8951	8952	8943	8942	
4271	Quad4	8960	8961	8952	8951	
4272	Quad4	8969	8970	8961	8960	
4273	Quad4	8978	8979	8970	8969	
4274	Quad4	8987	8988	8979	8978	
4275	Quad4	8996	8997	8988	8987	
4276	Quad4	9005	9006	8997	8996	
4277	Quad4	9014	9015	9006	9005	
4278	Quad4	9023	9024	9015	9014	
4279	Quad4	9032	9033	9024	9023	
4280	Quad4	9041	9042	9033	9032	
4281	Quad4	9050	9051	9042	9041	
4282	Quad4	9059	9060	9051	9050	
4283	Quad4	9068	9069	9060	9059	
4284	Quad4	9077	9078	9069	9068	
4285	Quad4	9086	9087	9078	9077	
4286	Quad4	9095	9096	9087	9086	
4287	Quad4	9104	9105	9096	9095	
4288	Quad4	9113	9114	9105	9104	
4289	Quad4	9122	9123	9114	9113	
4290	Quad4	9131	9132	9123	9122	
4291	Quad4	9140	9141	9132	9131	
4292	Quad4	9149	9150	9141	9140	
4293	Quad4	9158	9159	9150	9149	
4294	Quad4	9167	9168	9159	9158	
4295	Quad4	9176	9177	9168	9167	
4296	Quad4	9185	9186	9177	9176	
4297	Quad4	9194	9195	9186	9185	
4298	Quad4	9203	9204	9195	9194	
4299	Quad4	9212	9213	9204	9203	
4300	Quad4	9221	9222	9213	9212	
4301	Quad4	9230	9231	9222	9221	
4302	Quad4	9239	9240	9231	9230	
4303	Quad4	9248	9249	9240	9239	
4304	Quad4	9257	9258	9249	9248	
4305	Quad4	9266	9267	9258	9257	
4306	Quad4	9275	9276	9267	9266	
4307	Quad4	9284	9285	9276	9275	
4308	Quad4	9293	9294	9285	9284	
4309	Quad4	9302	9303	9294	9293	
4310	Quad4	9311	9312	9303	9302	
4311	Quad4	9320	9321	9312	9311	
4312	Quad4	9329	9330	9321	9320	
4313	Quad4	9338	9339	9330	9329	
4314	Quad4	9347	9348	9339	9338	
4315	Quad4	9356	9357	9348	9347	
4316	Quad4	9365	9366	9357	9356	
4317	Quad4	9374	9375	9366	9365	
4318	Quad4	9383	9384	9375	9374	
4319	Quad4	9392	9393	9384	9383	
4320	Quad4	9520	9519	9393	9392	
4321	Quad4	8331	8332	9531	9530	
4322	Quad4	8340	8341	8332	8331	
4323	Quad4	8349	8350	8341	8340	
4324	Quad4	8358	8359	8350	8349	
4325	Quad4	8367	8368	8359	8358	
4326	Quad4	8376	8377	8368	8367	
4327	Quad4	8385	8386	8377	8376	
4328	Quad4	8394	8395	8386	8385	
4329	Quad4	8403	8404	8395	8394	
4330	Quad4	8412	8413	8404	8403	
4331	Quad4	8421	8422	8413	8412	
4332	Quad4	8430	8431	8422	8421	
4333	Quad4	8439	8440	8431	8430	
4334	Quad4	8448	8449	8440	8439	
4335	Quad4	8457	8458	8449	8448	
4336	Quad4	8466	8467	8458	8457	
4337	Quad4	8475	8476	8467	8466	
4338	Quad4	8484	8485	8476	8475	
4339	Quad4	8493	8494	8485	8484	
4340	Quad4	8502	8503	8494	8493	
4341	Quad4	8511	8512	8503	8502	
4342	Quad4	8520	8521	8512	8511	
4343	Quad4	8529	8530	8521	8520	
4344	Quad4	8538	8539	8530	8529	
4345	Quad4	8547	8548	8539	8538	
4346	Quad4	8556	8557	8548	8547	
4347	Quad4	8565	8566	8557	8556	
4348	Quad4	8574	8575	8566	8565	
4349	Quad4	8583	8584	8575	8574	
4350	Quad4	8592	8593	8584	8583	
4351	Quad4	8601	8602	8593	8592	
4352	Quad4	8610	8611	8602	8601	
4353	Quad4	8619	8620	8611	8610	
4354	Quad4	8628	8629	8620	8619	
4355	Quad4	8637	8638	8629	8628	
4356	Quad4	8646	8647	8638	8637	
4357	Quad4	8655	8656	8647	8646	
4358	Quad4	8664	8665	8656	8655	
4359	Quad4	8673	8674	8665	8664	
4360	Quad4	8682	8683	8674	8673	
4361	Quad4	8691	8692	8683	8682	
4362	Quad4	8700	8701	8692	8691	
4363	Quad4	8709	8710	8701	8700	
4364	Quad4	8718	8719	8710	8709	
4365	Quad4	8727	8728	8719	8718	
4366	Quad4	8736	8737	8728	8727	
4367	Quad4	8745	8746	8737	8736	
4368	Quad4	8754	8755	8746	8745	
4369	Quad4	8763	8764	8755	8754	
4370	Quad4	8772	8773	8764	8763	
4371	Quad4	8781	8782	8773	8772	
4372	Quad4	8790	8791	8782	8781	
4373	Quad4	8799	8800	8791	8790	
4374	Quad4	8808	8809	8800	8799	
4375	Quad4	8817	8818	8809	8808	
4376	Quad4	8826	8827	8818	8817	
4377	Quad4	8835	8836	8827	8826	
4378	Quad4	8844	8845	8836	8835	
4379	Quad4	8853	8854	8845	8844	
4380	Quad4	8862	8863	8854	8853	
4381	Quad4	8871	8872	8863	8862	
4382	Quad4	8880	8881	8872	8871	
4383	Quad4	8889	8890	8881	8880	
4384	Quad4	8898	8899	8890	8889	
4385	Quad4	8907	8908	8899	8898	
4386	Quad4	8916	8917	8908	8907	
4387	Quad4	8925	8926	8917	8916	
4388	Quad4	8934	8935	8926	8925	
4389	Quad4	8943	8944	8935	8934	
4390	Quad4	8952	8953	8944	8943	
4391	Quad4	8961	8962	8953	8952	
4392	Quad4	8970	8971	8962	8961	
4393	Quad4	8979	8980	8971	8970	
4394	Quad4	8988	8989	8980	8979	
4395	Quad4	8997	8998	8989	8988	
4396	Quad4	9006	9007	8998	8997	
4397	Quad4	9015	9016	9007	9006	
4398	Quad4	9024	9025	9016	9015	
4399	Quad4	9033	9034	9025	9024	
4400	Quad4	9042	9043	9034	9033	
4401	Quad4	9051	9052	9043	9042	
4402	Quad4	9060	9061	9052	9051	
4403	Quad4	9069	9070	9061	9060	
4404	Quad4	9078	9079	9070	9069	
4405	Quad4	9087	9088	9079	9078	
4406	Quad4	9096	9097	9088	9087	
4407	Quad4	9105	9106	9097	9096	
4408	Quad4	9114	9115	9106	9105	
4409	Quad4	9123	9124	9115	9114	
4410	Quad4	9132	9133	9124	9123	
4411	Quad4	9141	9142	9133	9132	
4412	Quad4	9150	9151	9142	9141	
4413	Quad4	9159	9160	9151	9150	
4414	Quad4	9168	9169	9160	9159	
4415	Quad4	9177	9178	9169	9168	
4416	Quad4	9186	9187	9178	9177	
4417	Quad4	9195	9196	9187	9186	
4418	Quad4	9204	9205	9196	9195	
4419	Quad4	9213	9214	9205	9204	
4420	Quad4	9222	9223	9214	9213	
4421	Quad4	9231	9232	9223	9222	
4422	Quad4	9240	9241	9232	9231	
4423	Quad4	9249	9250	9241	9240	
4424	Quad4	9258	9259	9250	9249	
4425	Quad4	9267	9268	9259	9258	
4426	Quad4	9276	9277	9268	9267	
4427	Quad4	9285	9286	9277	9276	
4428	Quad4	9294	9295	9286	9285	
4429	Quad4	9303	9304	9295	9294	
4430	Quad4	9312	9313	9304	9303	
4431	Quad4	9321	9322	9313	9312	
4432	Quad4	9330	9331	9322	9321	
4433	Quad4	9339	9340	9331	9330	
4434	Quad4	9348	9349	9340	9339	
4435	Quad4	9357	9358	9349	9348	
4436	Quad4	9366	9367	9358	9357	
4437	Quad4	9375	9376	9367	9366	
4438	Quad4	9384	9385	9376	9375	
4439	Quad4	9393	9394	9385	9384	
4440	Quad4	9519	9518	9394	9393	
4441	Quad4	8332	8333	9532	9531	
4442	Quad4	8341	8342	8333	8332	
4443	Quad4	8350	8351	8342	8341	
4444	Quad4	8359	8360	8351	8350	
4445	Quad4	8368	8369	8360	8359	
4446	Quad4	8377	8378	8369	8368	
4447	Quad4	8386	8387	8378	8377	
4448	Quad4	8395	8396	8387	8386	
4449	Quad4	8404	8405	8396	8395	
4450	Quad4	8413	8414	8405	8404	
4451	Quad4	8422	8423	8414	8413	
4452	Quad4	8431	8432	8423	8422	
4453	Quad4	8440	8441	8432	8431	
4454	Quad4	8449	8450	8441	8440	
4455	Quad4	8458	8459	8450	8449	
4456	Quad4	8467	8468	8459	8458	
4457	Quad4	8476	8477	8468	8467	
4458	Quad4	8485	8486	8477	8476	
4459	Quad4	8494	8495	8486	8485	
4460	Quad4	8503	8504	8495	8494	
4461	Quad4	8512	8513	8504	8503	
4462	Quad4	8521	8522	8513	8512	
4463	Quad4	8530	8531	8522	8521	
4464	Quad4	8539	8540	8531	8530	
4465	Quad4	8548	8549	8540	8539	
4466	Quad4	8557	8558	8549	8548	
4467	Quad4	8566	8567	8558	8557	
4468	Quad4	8575	8576	8567	8566	
4469	Quad4	8584	8585	8576	8575	
4470	Quad4	8593	8594	8585	8584	
4471	Quad4	8602	8603	8594	8593	
4472	Quad4	8611	8612	8603	8602	
4473	Quad4	8620	8621	8612	8611	
4474	Quad4	8629	8630	8621	8620	
4475	Quad4	8638	8639	8630	8629	
4476	Quad4	8647	8648	8639	8638	
4477	Quad4	8656	8657	8648	8647	
4478	Quad4	8665	8666	8657	8656	
4479	Quad4	8674	8675	8666	8665	
4480	Quad4	8683	8684	8675	8674	
4481	Quad4	8692	8693	8684	8683	
4482	Quad4	8701	8702	8693	8692	
4483	Quad4	8710	8711	8702	8701	
4484	Quad4	8719	8720	8711	8710	
4485	Quad4	8728	8729	8720	8719	
4486	Quad4	8737	8738	8729	8728	
4487	Quad4	8746	8747	8738	8737	
4488	Quad4	8755	8756	8747	8746	
4489	Quad4	8764	8765	8756	8755	
4490	Quad4	8773	8774	8765	8764	
4491	Quad4	8782	8783	8774	8773	
4492	Quad4	8791	8792	8783	8782	
4493	Quad4	8800	8801	8792	8791	
4494	Quad4	8809	8810	8801	8800	
4495	Quad4	8818	8819	8810	8809	
4496	Quad4	8827	8828	8819	8818	
4497	Quad4	8836	8837	8828	8827	
4498	Quad4	8845	8846	8837	8836	
4499	Quad4	8854	8855	8846	8845	
4500	Quad4	8863	8864	8855	8854	
4501	Quad4	8872	8873	8864	8863	
4502	Quad4	8881	8882	8873	8872	
4503	Quad4	8890	8891	8882	8881	
4504	Quad4	8899	8900	8891	8890	
4505	Quad4	8908	8909	8900	8899	
4506	Quad4	8917	8918	8909	8908	
4507	Quad4	8926	8927	8918	8917	
4508	Quad4	8935	8936	8927	8926	
4509	Quad4	8944	8945	8936	8935	
4510	Quad4	8953	8954	8945	8944	
4511	Quad4	8962	8963	8954	8953	
4512	Quad4	8971	8972	8963	8962	
4513	Quad4	8980	8981	8972	8971	
4514	Quad4	8989	8990	8981	8980	
4515	Quad4	8998	8999	8990	8989	
4516	Quad4	9007	9008	8999	8998	
4517	Quad4	9016	9017	9008	9007	
4518	Quad4	9025	9026	9017	9016	
4519	Quad4	9034	9035	9026	9025	
4520	Quad4	9043	9044	9035	9034	
4521	Quad4	9052	9053	9044	9043	
4522	Quad4	9061	9062	9053	9052	
4523	Quad4	9070	9071	9062	9061	
4524	Quad4	9079	9080	9071	9070	
4525	Quad4	9088	9089	9080	9079	
4526	Quad4	9097	9098	9089	9088	
4527	Quad4	9106	9107	9098	9097	
4528	Quad4	9115	9116	9107	9106	
4529	Quad4	9124	9125	9116	9115	
4530	Quad4	9133	9134	9125	9124	
4531	Quad4	9142	9143	9134	9133	
4532	Quad4	9151	9152	9143	9142	
4533	Quad4	9160	9161	9152	9151	
4534	Quad4	9169	9170	9161	9160	
4535	Quad4	9178	9179	9170	9169	
4536	Quad4	9187	9188	9179	9178	
4537	Quad4	9196	9197	9188	9187	
4538	Quad4	9205	9206	9197	9196	
4539	Quad4	9214	9215	9206	9205	
4540	Quad4	9223	9224	9215	9214	
4541	Quad4	9232	9233	9224	9223	
4542	Quad4	9241	9242	9233	9232	
4543	Quad4	9250	9251	9242	9241	
4544	Quad4	9259	9260	9251	9250	
4545	Quad4	9268	9269	9260	9259	
4546	Quad4	9277	9278	9269	9268	
4547	Quad4	9286	9287	9278	9277	
4548	Quad4	9295	9296	9287	9286	
4549	Quad4	9304	9305	9296	9295	
4550	Quad4	9313	9314	9305	9304	
4551	Quad4	9322	9323	9314	9313	
4552	Quad4	9331	9332	9323	9322	
4553	Quad4	9340	9341	9332	9331	
4554	Quad4	9349	9350	9341	9340	
4555	Quad4	9358	9359	9350	9349	
4556	Quad4	9367	9368	9359	9358	
4557	Quad4	9376	9377	9368	9367	
4558	Quad4	9385	9386	9377	9376	
4559	Quad4	9394	9395	9386	9385	
4560	Quad4	9518	9517	9395	9394	
4561	Quad4	8333	8334	9533	9532	
4562	Quad4	8342	8343	8334	8333	
4563	Quad4	8351	8352	8343	8342	
4564	Quad4	8360	8361	8352	8351	
4565	Quad4	8369	8370	8361	8360	
4566	Quad4	8378	8379	8370	8369	
4567	Quad4	8387	8388	8379	8378	
4568	Quad4	8396	8397	8388	8387	
4569	Quad4	8405	8406	8397	8396	
4570	Quad4	8414	8415	8406	8405	
4571	Quad4	8423	8424	8415	8414	
4572	Quad4	8432	8433	8424	8423	
4573	Quad4	8441	8442	8433	8432	
4574	Quad4	8450	8451	8442	8441	
4575	Quad4	8459	8460	8451	8450	
4576	Quad4	8468	8469	8460	8459	
4577	Quad4	8477	8478	8469	8468	
4578	Quad4	8486	8487	8478	8477	
4579	Quad4	8495	8496	8487	8486	
4580	Quad4	8504	8505	8496	8495	
4581	Quad4	8513	8514	8505	8504	
4582	Quad4	8522	8523	8514	8513	
4583	Quad4	8531	8532	8523	8522	
4584	Quad4	8540	8541	8532	8531	
4585	Quad4	8549	8550	8541	8540	
4586	Quad4	8558	8559	8550	8549	
4587	Quad4	8567	8568	8559	8558	
4588	Quad4	8576	8577	8568	8567	
4589	Quad4	8585	8586	8577	8576	
4590	Quad4	8594	8595	8586	8585	
4591	Quad4	8603	8604	8595	8594	
4592	Quad4	8612	8613	8604	8603	
4593	Quad4	8621	8622	8613	8612	
4594	Quad4	8630	8631	8622	8621	
4595	Quad4	8639	8640	8631	8630	
4596	Quad4	8648	8649	8640	8639	
4597	Quad4	8657	8658	8649	8648	
4598	Quad4	8666	8667	8658	8657	
4599	Quad4	8675	8676	8667	8666	
4600	Quad4	8684	8685	8676	8675	
4601	Quad4	8693	8694	8685	8684	
4602	Quad4	8702	8703	8694	8693	
4603	Quad4	8711	8712	8703	8702	
4604	Quad4	8720	8721	8712	8711	
4605	Quad4	8729	8730	8721	8720	
4606	Quad4	8738	8739	8730	8729	
4607	Quad4	8747	8748	8739	8738	
4608	Quad4	8756	8757	8748	8747	
4609	Quad4	8765	8766	8757	8756	
4610	Quad4	8774	8775	8766	8765	
4611	Quad4	8783	8784	8775	8774	
4612	Quad4	8792	8793	8784	8783	
4613	Quad4	8801	8802	8793	8792	
4614	Quad4	8810	8811	8802	8801	
4615	Quad4	8819	8820	8811	8810	
4616	Quad4	8828	8829	8820	8819	
4617	Quad4	8837	8838	8829	8828	
4618	Quad4	8846	8847	8838	8837	
4619	Quad4	8855	8856	8847	8846	
4620	Quad4	8864	8865	8856	8855	
4621	Quad4	8873	8874	8865	8864	
4622	Quad4	8882	8883	8874	8873	
4623	Quad4	8891	8892	8883	8882	
4624	Quad4	8900	8901	8892	8891	
4625	Quad4	8909	8910	8901	8900	
4626	Quad4	8918	8919	8910	8909	
4627	Quad4	8927	8928	8919	8918	
4628	Quad4	8936	8937	8928	8927	
4629	Quad4	8945	8946	8937	8936	
4630	Quad4	8954	8955	8946	8945	
4631	Quad4	8963	8964	8955	8954	
4632	Quad4	8972	8973	8964	8963	
4633	Quad4	8981	8982	8973	8972	
4634	Quad4	8990	8991	8982	8981	
4635	Quad4	8999	9000	8991	8990	
4636	Quad4	9008	9009	9000	8999	
4637	Quad4	9017	9018	9009	9008	
4638	Quad4	9026	9027	9018	9017	
4639	Quad4	9035	9036	9027	9026	
4640	Quad4	9044	9045	9036	9035	
4641	Quad4	9053	9054	9045	9044	
4642	Quad4	9062	9063	9054	9053	
4643	Quad4	9071	9072	9063	9062	
4644	Quad4	9080	9081	9072	9071	
4645	Quad4	9089	9090	9081	9080	
4646	Quad4	9098	9099	9090	9089	
4647	Quad4	9107	9108	9099	9098	
4648	Quad4	9116	9117	9108	9107	
4649	Quad4	9125	9126	9117	9116	
4650	Quad4	9134	9135	9126	9125	
4651	Quad4	9143	9144	9135	9134	
4652	Quad4	9152	9153	9144	9143	
4653	Quad4	9161	9162	9153	9152	
4654	Quad4	9170	9171	9162	9161	
4655	Quad4	9179	9180	9171	9170	
4656	Quad4	9188	9189	9180	9179	
4657	Quad4	9197	9198	9189	9188	
4658	Quad4	9206	9207	9198	9197	
4659	Quad4	9215	9216	9207	9206	
4660	Quad4	9224	9225	9216	9215	
4661	Quad4	9233	9234	9225	9224	
4662	Quad4	9242	9243	9234	9233	
4663	Quad4	9251	9252	9243	9242	
4664	Quad4	9260	9261	9252	9251	
4665	Quad4	9269	9270	9261	9260	
4666	Quad4	9278	9279	9270	9269	
4667	Quad4	9287	9288	9279	9278	
4668	Quad4	9296	9297	9288	9287	
4669	Quad4	9305	9306	9297	9296	
4670	Quad4	9314	9315	9306	9305	
4671	Quad4	9323	9324	9315	9314	
4672	Quad4	9332	9333	9324	9323	
4673	Quad4	9341	9342	9333	9332	
4674	Quad4	9350	9351	9342	9341	
4675	Quad4	9359	9360	9351	9350	
4676	Quad4	9368	9369	9360	9359	
4677	Quad4	9377	9378	9369	9368	
4678	Quad4	9386	9387	9378	9377	
4679	Quad4	9395	9396	9387	9386	
4680	Quad4	9517	9516	9396	9395	
4681	Quad4	8334	9397	5	9533	
4682	Quad4	8343	9398	9397	8334	
4683	Quad4	8352	9399	9398	8343	
4684	Quad4	8361	9400	9399	8352	
4685	Quad4	8370	9401	9400	8361	
4686	Quad4	8379	9402	9401	8370	
4687	Quad4	8388	9403	9402	8379	
4688	Quad4	8397	9404	9403	8388	
4689	Quad4	8406	9405	9404	8397	
4690	Quad4	8415	9406	9405	8406	
4691	Quad4	8424	9407	9406	8415	
4692	Quad4	8433	9408	9407	8424	
4693	Quad4	8442	9409	9408	8433	
4694	Quad4	8451	9410	9409	8442	
4695	Quad4	8460	9411	9410	8451	
4696	Quad4	8469	9412	9411	8460	
4697	Quad4	8478	9413	9412	8469	
4698	Quad4	8487	9414	9413	8478	
4699	Quad4	8496	9415	9414	8487	
4700	Quad4	8505	9416	9415	8496	
4701	Quad4	8514	9417	9416	8505	
4702	Quad4	8523	9418	9417	8514	
4703	Quad4	8532	9419	9418	8523	
4704	Quad4	8541	9420	9419	8532	
4705	Quad4	8550	9421	9420	8541	
4706	Quad4	8559	9422	9421	8550	
4707	Quad4	8568	9423	9422	8559	
4708	Quad4	8577	9424	9423	8568	
4709	Quad4	8586	9425	9424	8577	
4710	Quad4	8595	9426	9425	8586	
4711	Quad4	8604	9427	9426	8595	
4712	Quad4	8613	9428	9427	8604	
4713	Quad4	8622	9429	9428	8613	
4714	Quad4	8631	9430	9429	8622	
4715	Quad4	8640	9431	9430	8631	
4716	Quad4	8649	9432	9431	8640	
4717	Quad4	8658	9433	9432	8649	
4718	Quad4	8667	9434	9433	8658	
4719	Quad4	8676	9435	9434	8667	
4720	Quad4	8685	9436	9435	8676	
4721	Quad4	8694	9437	9436	8685	
4722	Quad4	8703	9438	9437	8694	
4723	Quad4	8712	9439	9438	8703	
4724	Quad4	8721	9440	9439	8712	
4725	Quad4	8730	9441	9440	8721	
4726	Quad4	8739	9442	9441	8730	
4727	Quad4	8748	9443	9442	8739	
4728	Quad4	8757	9444	9443	8748	
4729	Quad4	8766	9445	9444	8757	
4730	Quad4	8775	9446	9445	8766	
4731	Quad4	8784	9447	9446	8775	
4732	Quad4	8793	9448	9447	8784	
4733	Quad4	8802	9449	9448	8793	
4734	Quad4	8811	9450	9449	8802	
4735	Quad4	8820	9451	9450	8811	
4736	Quad4	8829	9452	9451	8820	
4737	Quad4	8838	9453	9452	8829	
4738	Quad4	8847	9454	9453	8838	
4739	Quad4	8856	9455	9454	8847	
4740	Quad4	8865	9456	9455	8856	
4741	Quad4	8874	9457	9456	8865	
4742	Quad4	8883	9458	9457	8874	
4743	Quad4	8892	9459	9458	8883	
4744	Quad4	8901	9460	9459	8892	
4745	Quad4	8910	9461	9460	8901	
4746	Quad4	8919	9462	9461	8910	
4747	Quad4	8928	9463	9462	8919	
4748	Quad4	8937	9464	9463	8928	
4749	Quad4	8946	9465	9464	8937	
4750	Quad4	8955	9466	9465	8946	
4751	Quad4	8964	9467	9466	8955	
4752	Quad4	8973	9468	9467	8964	
4753	Quad4	8982	9469	9468	8973	
4754	Quad4	8991	9470	9469	8982	
4755	Quad4	9000	9471	9470	8991	
4756	Quad4	9009	9472	9471	9000	
4757	Quad4	9018	9473	9472	9009	
4758	Quad4	9027	9474	9473	9018	
4759	Quad4	9036	9475	9474	9027	
4760	Quad4	9045	9476	9475	9036	
4761	Quad4	9054	9477	9476	9045	
4762	Quad4	9063	9478	9477	9054	
4763	Quad4	9072	9479	9478	9063	
4764	Quad4	9081	9480	9479	9072	
4765	Quad4	9090	9481	9480	9081	
4766	Quad4	9099	9482	9481	9090	
4767	Quad4	9108	9483	9482	9099	
4768	Quad4	9117	9484	9483	9108	
4769	Quad4	9126	9485	9484	9117	
4770	Quad4	9135	9486	9485	9126	
4771	Quad4	9144	9487	9486	9135	
4772	Quad4	9153	9488	9487	9144	
4773	Quad4	9162	9489	9488	9153	
4774	Quad4	9171	9490	9489	9162	
4775	Quad4	9180	9491	9490	9171	
4776	Quad4	9189	9492	9491	9180	
4777	Quad4	9198	9493	9492	9189	
4778	Quad4	9207	9494	9493	9198	
4779	Quad4	9216	9495	9494	9207	
4780	Quad4	9225	9496	9495	9216	
4781	Quad4	9234	9497	9496	9225	
4782	Quad4	9243	9498	9497	9234	
4783	Quad4	9252	9499	9498	9243	
4784	Quad4	9261	9500	9499	9252	
4785	Quad4	9270	9501	9500	9261	
4786	Quad4	9279	9502	9501	9270	
4787	Quad4	9288	9503	9502	9279	
4788	Quad4	9297	9504	9503	9288	
4789	Quad4	9306	9505	9504	9297	
4790	Quad4	9315	9506	9505	9306	
4791	Quad4	9324	9507	9506	9315	
4792	Quad4	9333	9508	9507	9324	
4793	Quad4	9342	9509	9508	9333	
4794	Quad4	9351	9510	9509	9342	
4795	Quad4	9360	9511	9510	9351	
4796	Quad4	9369	9512	9511	9360	
4797	Quad4	9378	9513	9512	9369	
4798	Quad4	9387	9514	9513	9378	
4799	Quad4	9396	9515	9514	9387	
4800	Quad4	9516	10	9515	9396	
4801	Quad4	10403	9534	10432	1	
4802	Quad4	10402	9563	9534	10403	
4803	Quad4	10401	9592	9563	10402	
4804	Quad4	10400	9621	9592	10401	
4805	Quad4	10399	9650	9621	10400	
4806	Quad4	10398	9679	9650	10399	
4807	Quad4	10397	9708	9679	10398	
4808	Quad4	10396	9737	9708	10397	
4809	Quad4	10395	9766	9737	10396	
4810	Quad4	10394	9795	9766	10395	
4811	Quad4	10393	9824	9795	10394	
4812	Quad4	10392	9853	9824	10393	
4813	Quad4	10391	9882	9853	10392	
4814	Quad4	10390	9911	9882	10391	
4815	Quad4	10389	9940	9911	10390	
4816	Quad4	10388	9969	9940	10389	
4817	Quad4	10387	9998	9969	10388	
4818	Quad4	10386	10027	9998	10387	
4819	Quad4	10385	10056	10027	10386	
4820	Quad4	10384	10085	10056	10385	
4821	Quad4	10383	10114	10085	10384	
4822	Quad4	10382	10143	10114	10383	
4823	Quad4	10381	10172	10143	10382	
4824	Quad4	10380	10201	10172	10381	
4825	Quad4	10379	10230	10201	10380	
4826	Quad4	10378	10259	10230	10379	
4827	Quad4	10377	10288	10259	10378	
4828	Quad4	10376	10317	10288	10377	
4829	Quad4	10375	10346	10317	10376	
4830	Quad4	7	3408	10346	10375	
4831	Quad4	9534	9535	10431	10432	
4832	Quad4	9563	9564	9535	9534	
4833	Quad4	9592	9593	9564	9563	
4834	Quad4	9621	9622	9593	9592	
4835	Quad4	9650	9651	9622	9621	
4836	Quad4	9679	9680	9651	9650	
4837	Quad4	9708	9709	9680	9679	
4838	Quad4	9737	9738	9709	9708	
4839	Quad4	9766	9767	9738	9737	
4840	Quad4	9795	9796	9767	9766	
4841	Quad4	9824	9825	9796	9795	
4842	Quad4	9853	9854	9825	9824	
4843	Quad4	9882	9883	9854	9853	
4844	Quad4	9911	9912	9883	9882	
4845	Quad4	9940	9941	9912	9911	
4846	Quad4	9969	9970	9941	9940	
4847	Quad4	9998	9999	9970	9969	
4848	Quad4	10027	10028	9999	9998	
4849	Quad4	10056	10057	10028	10027	
4850	Quad4	10085	10086	10057	10056	
4851	Quad4	10114	10115	10086	10085	
4852	Quad4	10143	10144	10115	10114	
4853	Quad4	10172	10173	10144	10143	
4854	Quad4	10201	10202	10173	10172	
4855	Quad4	10230	10231	10202	10201	
4856	Quad4	10259	10260	10231	10230	
4857	Quad4	10288	10289	10260	10259	
4858	Quad4	10317	10318	10289	10288	
4859	Quad4	10346	10347	10318	10317	
4860	Quad4	3408	3407	10347	10346	
4861	Quad4	9535	9536	10430	10431	
4862	Quad4	9564	9565	9536	9535	
4863	Quad4	9593	9594	9565	9564	
4864	Quad4	9622	9623	9594	9593	
4865	Quad4	9651	9652	9623	9622	
4866	Quad4	9680	9681	9652	9651	
4867	Quad4	9709	9710	9681	9680	
4868	Quad4	9738	9739	9710	9709	
4869	Quad4	9767	9768	9739	9738	
4870	Quad4	9796	9797	9768	9767	
4871	Quad4	9825	9826	9797	9796	
4872	Quad4	9854	9855	9826	9825	
4873	Quad4	9883	9884	9855	9854	
4874	Quad4	9912	9913	9884	9883	
4875	Quad4	9941	9942	9913	9912	
4876	Quad4	9970	9971	9942	9941	
4877	Quad4	9999	10000	9971	9970	
4878	Quad4	10028	10029	10000	9999	
4879	Quad4	10057	10058	10029	10028	
4880	Quad4	10086	10087	10058	10057	
4881	Quad4	10115	10116	10087	10086	
4882	Quad4	10144	10145	10116	10115	
4883	Quad4	10173	10174	10145	10144	
4884	Quad4	10202	10203	10174	10173	
4885	Quad4	10231	10232	10203	10202	
4886	Quad4	10260	10261	10232	10231	
4887	Quad4	10289	10290	10261	10260	
4888	Quad4	10318	10319	10290	10289	
4889	Quad4	10347	10348	10319	10318	
4890	Quad4	3407	3406	10348	10347	
4891	Quad4	9536	9537	10429	10430	
4892	Quad4	9565	9566	9537	9536	
4893	Quad4	9594	9595	9566	9565	
4894	Quad4	9623	9624	9595	9594	
4895	Quad4	9652	9653	9624	9623	
4896	Quad4	9681	9682	9653	9652	
4897	Quad4	9710	9711	9682	9681	
4898	Quad4	9739	9740	9711	9710	
4899	Quad4	9768	9769	9740	9739	
4900	Quad4	9797	9798	9769	9768	
4901	Quad4	9826	9827	9798	9797	
4902	Quad4	9855	9856	9827	9826	
4903	Quad4	9884	9885	9856	9855	
4904	Quad4	9913	9914	9885	9884	
4905	Quad4	9942	9943	9914	9913	
4906	Quad4	9971	9972	9943	9942	
4907	Quad4	10000	10001	9972	9971	
4908	Quad4	10029	10030	10001	10000	
4909	Quad4	10058	10059	10030	10029	
4910	Quad4	10087	10088	10059	10058	
4911	Quad4	10116	10117	10088	10087	
4912	Quad4	10145	10146	10117	10116	
4913	Quad4	10174	10175	10146	10145	
4914	Quad4	10203	10204	10175	10174	
4915	Quad4	10232	10233	10204	10203	
4916	Quad4	10261	10262	10233	10232	
4917	Quad4	10290	10291	10262	10261	
4918	Quad4	10319	10320	10291	10290	
4919	Quad4	10348	10349	10320	10319	
4920	Quad4	3406	3405	10349	10348	
4921	Quad4	9537	9538	10428	10429	
4922	Quad4	9566	9567	9538	9537	
4923	Quad4	9595	9596	9567	9566	
4924	Quad4	9624	9625	9596	9595	
4925	Quad4	9653	9654	9625	9624	
4926	Quad4	9682	9683	9654	9653	
4927	Quad4	9711	9712	9683	9682	
4928	Quad4	9740	9741	9712	9711	
4929	Quad4	9769	9770	9741	9740	
4930	Quad4	9798	9799	9770	9769	
4931	Quad4	9827	9828	9799	9798	
4932	Quad4	9856	9857	9828	9827	
4933	Quad4	9885	9886	9857	9856	
4934	Quad4	9914	9915	9886	9885	
4935	Quad4	9943	9944	9915	9914	
4936	Quad4	9972	9973	9944	9943	
4937	Quad4	10001	10002	9973	9972	
4938	Quad4	10030	10031	10002	10001	
4939	Quad4	10059	10060	10031	10030	
4940	Quad4	10088	10089	10060	10059	
4941	Quad4	10117	10118	10089	10088	
4942	Quad4	10146	10147	10118	10117	
4943	Quad4	10175	10176	10147	10146	
4944	Quad4	10204	10205	10176	10175	
4945	Quad4	10233	10234	10205	10204	
4946	Quad4	10262	10263	10234	10233	
4947	Quad4	10291	10292	10263	10262	
4948	Quad4	10320	10321	10292	10291	
4949	Quad4	10349	10350	10321	10320	
4950	Quad4	3405	3404	10350	10349	
4951	Quad4	9538	9539	10427	10428	
4952	Quad4	9567	9568	9539	9538	
4953	Quad4	9596	9597	9568	9567	
4954	Quad4	9625	9626	9597	9596	
4955	Quad4	9654	9655	9626	9625	
4956	Quad4	9683	9684	9655	9654	
4957	Quad4	9712	9713	9684	9683	
4958	Quad4	9741	9742	9713	9712	
4959	Quad4	9770	9771	9742	9741	
4960	Quad4	9799	9800	9771	9770	
4961	Quad4	9828	9829	9800	9799	
4962	Quad4	9857	9858	9829	9828	
4963	Quad4	9886	9887	9858	9857	
4964	Quad4	9915	9916	9887	9886	
4965	Quad4	9944	9945	9916	9915	
4966	Quad4	9973	9974	9945	9944	
4967	Quad4	10002	10003	9974	9973	
4968	Quad4	10031	10032	10003	10002	
4969	Quad4	10060	10061	10032	10031	
4970	Quad4	10089	10090	10061	10060	
4971	Quad4	10118	10119	10090	10089	
4972	Quad4	10147	10148	10119	10118	
4973	Quad4	10176	10177	10148	10147	
4974	Quad4	10205	10206	10177	10176	
4975	Quad4	10234	10235	10206	10205	
4976	Quad4	10263	10264	10235	10234	
4977	Quad4	10292	10293	10264	10263	
4978	Quad4	10321	10322	10293	10292	
4979	Quad4	10350	10351	10322	10321	
4980	Quad4	3404	3403	10351	10350	
4981	Quad4	9539	9540	10426	10427	
4982	Quad4	9568	9569	9540	9539	
4983	Quad4	9597	9598	9569	9568	
4984	Quad4	9626	9627	9598	9597	
4985	Quad4	9655	9656	9627	9626	
4986	Quad4	9684	9685	9656	9655	
4987	Quad4	9713	9714	9685	9684	
4988	Quad4	9742	9743	9714	9713	
4989	Quad4	9771	9772	9743	9742	
4990	Quad4	9800	9801	9772	9771	
4991	Quad4	9829	9830	9801	9800	
4992	Quad4	9858	9859	9830	9829	
4993	Quad4	9887	9888	9859	9858	
4994	Quad4	9916	9917	9888	9887	
4995	Quad4	9945	9946	9917	9916	
4996	Quad4	9974	9975	9946	9945	
4997	Quad4	10003	10004	9975	9974	
4998	Quad4	10032	10033	10004	10003	
4999	Quad4	10061	10062	10033	10032	
5000	Quad4	10090	10091	10062	10061	
5001	Quad4	10119	10120	10091	10090	
5002	Quad4	10148	10149	10120	10119	
5003	Quad4	10177	10178	10149	10148	
5004	Quad4	10206	10207	10178	10177	
5005	Quad4	10235	10236	10207	10206	
5006	Quad4	10264	10265	10236	10235	
5007	Quad4	10293	10294	10265	10264	
5008	Quad4	10322	10323	10294	10293	
5009	Quad4	10351	10352	10323	10322	
5010	Quad4	3403	3402	10352	10351	
5011	Quad4	9540	9541	10425	10426	
5012	Quad4	9569	9570	9541	9540	
5013	Quad4	9598	9599	9570	9569	
5014	Quad4	9627	9628	9599	9598	
5015	Quad4	9656	9657	9628	9627	
5016	Quad4	9685	9686	9657	9656	
5017	Quad4	9714	9715	9686	9685	
5018	Quad4	9743	9744	9715	9714	
5019	Quad4	9772	9773	9744	9743	
5020	Quad4	9801	9802	9773	9772	
5021	Quad4	9830	9831	9802	9801	
5022	Quad4	9859	9860	9831	9830	
5023	Quad4	9888	9889	9860	9859	
5024	Quad4	9917	9918	9889	9888	
5025	Quad4	9946	9947	9918	9917	
5026	Quad4	9975	9976	9947	9946	
5027	Quad4	10004	10005	9976	9975	
5028	Quad4	10033	10034	10005	10004	
5029	Quad4	10062	10063	10034	10033	
5030	Quad4	10091	10092	10063	10062	
5031	Quad4	10120	10121	10092	10091	
5032	Quad4	10149	10150	10121	10120	
5033	Quad4	10178	10179	10150	10149	
5034	Quad4	10207	10208	10179	10178	
5035	Quad4	10236	10237	10208	10207	
5036	Quad4	10265	10266	10237	10236	
5037	Quad4	10294	10295	10266	10265	
5038	Quad4	10323	10324	10295	10294	
5039	Quad4	10352	10353	10324	10323	
5040	Quad4	3402	3401	10353	10352	
5041	Quad4	9541	9542	10424	10425	
5042	Quad4	9570	9571	9542	9541	
5043	Quad4	9599	9600	9571	9570	
5044	Quad4	9628	9629	9600	9599	
5045	Quad4	9657	9658	9629	9628	
5046	Quad4	9686	9687	9658	9657	
5047	Quad4	9715	9716	9687	9686	
5048	Quad4	9744	9745	9716	9715	
5049	Quad4	9773	9774	9745	9744	
5050	Quad4	9802	9803	9774	9773	
5051	Quad4	9831	9832	9803	9802	
5052	Quad4	9860	9861	9832	9831	
5053	Quad4	9889	9890	9861	9860	
5054	Quad4	9918	9919	9890	9889	
5055	Quad4	9947	9948	9919	9918	
5056	Quad4	9976	9977	9948	9947	
5057	Quad4	10005	10006	9977	9976	
5058	Quad4	10034	10035	10006	10005	
5059	Quad4	10063	10064	10035	10034	
5060	Quad4	10092	10093	10064	10063	
5061	Quad4	10121	10122	10093	10092	
5062	Quad4	10150	10151	10122	10121	
5063	Quad4	10179	10180	10151	10150	
5064	Quad4	10208	10209	10180	10179	
5065	Quad4	10237	10238	10209	10208	
5066	Quad4	10266	10267	10238	10237	
5067	Quad4	10295	10296	10267	10266	
5068	Quad4	10324	10325	10296	10295	
5069	Quad4	10353	10354	10325	10324	
5070	Quad4	3401	3400	10354	10353	
5071	Quad4	9542	9543	10423	10424	
5072	Quad4	9571	9572	9543	9542	
5073	Quad4	9600	9601	9572	9571	
5074	Quad4	9629	9630	9601	9600	
5075	Quad4	9658	9659	9630	9629	
5076	Quad4	9687	9688	9659	9658	
5077	Quad4	9716	9717	9688	9687	
5078	Quad4	9745	9746	9717	9716	
5079	Quad4	9774	9775	9746	9745	
5080	Quad4	9803	9804	9775	9774	
5081	Quad4	9832	9833	9804	9803	
5082	Quad4	9861	9862	9833	9832	
5083	Quad4	9890	9891	9862	9861	
5084	Quad4	9919	9920	9891	9890	
5085	Quad4	9948	9949	9920	9919	
5086	Quad4	9977	9978	9949	9948	
5087	Quad4	10006	10007	9978	9977	
5088	Quad4	10035	10036	10007	10006	
5089	Quad4	10064	10065	10036	10035	
5090	Quad4	10093	10094	10065	10064	
5091	Quad4	10122	10123	10094	10093	
5092	Quad4	10151	10152	10123	10122	
5093	Quad4	10180	10181	10152	10151	
5094	Quad4	10209	10210	10181	10180	
5095	Quad4	10238	10239	10210	10209	
5096	Quad4	10267	10268	10239	10238	
5097	Quad4	10296	10297	10268	10267	
5098	Quad4	10325	10326	10297	10296	
5099	Quad4	10354	10355	10326	10325	
5100	Quad4	3400	3399	10355	10354	
5101	Quad4	9543	9544	10422	10423	
5102	Quad4	9572	9573	9544	9543	
5103	Quad4	9601	9602	9573	9572	
5104	Quad4	9630	9631	9602	9601	
5105	Quad4	9659	9660	9631	9630	
5106	Quad4	9688	9689	9660	9659	
5107	Quad4	9717	9718	9689	9688	
5108	Quad4	9746	9747	9718	9717	
5109	Quad4	9775	9776	9747	9746	
5110	Quad4	9804	9805	9776	9775	
5111	Quad4	9833	9834	9805	9804	
5112	Quad4	9862	9863	9834	9833	
5113	Quad4	9891	9892	9863	9862	
5114	Quad4	9920	9921	9892	9891	
5115	Quad4	9949	9950	9921	9920	
5116	Quad4	9978	9979	9950	9949	
5117	Quad4	10007	10008	9979	9978	
5118	Quad4	10036	10037	10008	10007	
5119	Quad4	10065	10066	10037	10036	
5120	Quad4	10094	10095	10066	10065	
5121	Quad4	10123	10124	10095	10094	
5122	Quad4	10152	10153	10124	10123	
5123	Quad4	10181	10182	10153	10152	
5124	Quad4	10210	10211	10182	10181	
5125	Quad4	10239	10240	10211	10210	
5126	Quad4	10268	10269	10240	10239	
5127	Quad4	10297	10298	10269	10268	
5128	Quad4	10326	10327	10298	10297	
5129	Quad4	10355	10356	10327	10326	
5130	Quad4	3399	3398	10356	10355	
5131	Quad4	9544	9545	10421	10422	
5132	Quad4	9573	9574	9545	9544	
5133	Quad4	9602	9603	9574	9573	
5134	Quad4	9631	9632	9603	9602	
5135	Quad4	9660	9661	9632	9631	
5136	Quad4	9689	9690	9661	9660	
5137	Quad4	9718	9719	9690	9689	
5138	Quad4	9747	9748	9719	9718	
5139	Quad4	9776	9777	9748	9747	
5140	Quad4	9805	9806	9777	9776	
5141	Quad4	9834	9835	9806	9805	
5142	Quad4	9863	9864	9835	9834	
5143	Quad4	9892	9893	9864	9863	
5144	Quad4	9921	9922	9893	9892	
5145	Quad4	9950	9951	9922	9921	
5146	Quad4	9979	9980	9951	9950	
5147	Quad4	10008	10009	9980	9979	
5148	Quad4	10037	10038	10009	10008	
5149	Quad4	10066	10067	10038	10037	
5150	Quad4	10095	10096	10067	10066	
5151	Quad4	10124	10125	10096	10095	
5152	Quad4	10153	10154	10125	10124	
5153	Quad4	10182	10183	10154	10153	
5154	Quad4	10211	10212	10183	10182	
5155	Quad4	10240	10241	10212	10211	
5156	Quad4	10269	10270	10241	10240	
5157	Quad4	10298	10299	10270	10269	
5158	Quad4	10327	10328	10299	10298	
5159	Quad4	10356	10357	10328	10327	
5160	Quad4	3398	3397	10357	10356	
5161	Quad4	9545	9546	10420	10421	
5162	Quad4	9574	9575	9546	9545	
5163	Quad4	9603	9604	9575	9574	
5164	Quad4	9632	9633	9604	9603	
5165	Quad4	9661	9662	9633	9632	
5166	Quad4	9690	9691	9662	9661	
5167	Quad4	9719	9720	9691	9690	
5168	Quad4	9748	9749	9720	9719	
5169	Quad4	9777	9778	9749	9748	
5170	Quad4	9806	9807	9778	9777	
5171	Quad4	9835	9836	9807	9806	
5172	Quad4	9864	9865	9836	9835	
5173	Quad4	9893	9894	9865	9864	
5174	Quad4	9922	9923	9894	9893	
5175	Quad4	9951	9952	9923	9922	
5176	Quad4	9980	9981	9952	9951	
5177	Quad4	10009	10010	9981	9980	
5178	Quad4	10038	10039	10010	10009	
5179	Quad4	10067	10068	10039	10038	
5180	Quad4	10096	10097	10068	10067	
5181	Quad4	10125	10126	10097	10096	
5182	Quad4	10154	10155	10126	10125	
5183	Quad4	10183	10184	10155	10154	
5184	Quad4	10212	10213	10184	10183	
5185	Quad4	10241	10242	10213	10212	
5186	Quad4	10270	10271	10242	10241	
5187	Quad4	10299	10300	10271	10270	
5188	Quad4	10328	10329	10300	10299	
5189	Quad4	10357	10358	10329	10328	
5190	Quad4	3397	3396	10358	10357	
5191	Quad4	9546	9547	10419	10420	
5192	Quad4	9575	9576	9547	9546	
5193	Quad4	9604	9605	9576	9575	
5194	Quad4	9633	9634	9605	9604	
5195	Quad4	9662	9663	9634	9633	
5196	Quad4	9691	9692	9663	9662	
5197	Quad4	9720	9721	9692	9691	
5198	Quad4	9749	9750	9721	9720	
5199	Quad4	9778	9779	9750	9749	
5200	Quad4	9807	9808	9779	9778	
5201	Quad4	9836	9837	9808	9807	
5202	Quad4	9865	9866	9837	9836	
5203	Quad4	9894	9895	9866	9865	
5204	Quad4	9923	9924	9895	9894	
5205	Quad4	9952	9953	9924	9923	
5206	Quad4	9981	9982	9953	9952	
5207	Quad4	10010	10011	9982	9981	
5208	Quad4	10039	10040	10011	10010	
5209	Quad4	10068	10069	10040	10039	
5210	Quad4	10097	10098	10069	10068	
5211	Quad4	10126	10127	10098	10097	
5212	Quad4	10155	10156	10127	10126	
5213	Quad4	10184	10185	10156	10155	
5214	Quad4	10213	10214	10185	10184	
5215	Quad4	10242	10243	10214	10213	
5216	Quad4	10271	10272	10243	10242	
5217	Quad4	10300	10301	10272	10271	
5218	Quad4	10329	10330	10301	10300	
5219	Quad4	10358	10359	10330	10329	
5220	Quad4	3396	3395	10359	10358	
5221	Quad4	9547	9548	10418	10419	
5222	Quad4	9576	9577	9548	9547	
5223	Quad4	9605	9606	9577	9576	
5224	Quad4	9634	9635	9606	9605	
5225	Quad4	9663	9664	9635	9634	
5226	Quad4	9692	9693	9664	9663	
5227	Quad4	9721	9722	9693	9692	
5228	Quad4	9750	9751	9722	9721	
5229	Quad4	9779	9780	9751	9750	
5230	Quad4	9808	9809	9780	9779	
5231	Quad4	9837	9838	9809	9808	
5232	Quad4	9866	9867	9838	9837	
5233	Quad4	9895	9896	9867	9866	
5234	Quad4	9924	9925	9896	9895	
5235	Quad4	9953	9954	9925	9924	
5236	Quad4	9982	9983	9954	9953	
5237	Quad4	10011	10012	9983	9982	
5238	Quad4	10040	10041	10012	10011	
5239	Quad4	10069	10070	10041	10040	
5240	Quad4	10098	10099	10070	10069	
5241	Quad4	10127	10128	10099	10098	
5242	Quad4	10156	10157	10128	10127	
5243	Quad4	10185	10186	10157	10156	
5244	Quad4	10214	10215	10186	10185	
5245	Quad4	10243	10244	10215	10214	
5246	Quad4	10272	10273	10244	10243	
5247	Quad4	10301	10302	10273	10272	
5248	Quad4	10330	10331	10302	10301	
5249	Quad4	10359	10360	10331	10330	
5250	Quad4	3395	3394	10360	10359	
5251	Quad4	9548	9549	10417	10418	
5252	Quad4	9577	9578	9549	9548	
5253	Quad4	9606	9607	9578	9577	
5254	Quad4	9635	9636	9607	9606	
5255	Quad4	9664	9665	9636	9635	
5256	Quad4	9693	9694	9665	9664	
5257	Quad4	9722	9723	9694	9693	
5258	Quad4	9751	9752	9723	9722	
5259	Quad4	9780	9781	9752	9751	
5260	Quad4	9809	9810	9781	9780	
5261	Quad4	9838	9839	9810	9809	
5262	Quad4	9867	9868	9839	9838	
5263	Quad4	9896	9897	9868	9867	
5264	Quad4	9925	9926	9897	9896	
5265	Quad4	9954	9955	9926	9925	
5266	Quad4	9983	9984	9955	9954	
5267	Quad4	10012	10013	9984	9983	
5268	Quad4	10041	10042	10013	10012	
5269	Quad4	10070	10071	10042	10041	
5270	Quad4	10099	10100	10071	10070	
5271	Quad4	10128	10129	10100	10099	
5272	Quad4	10157	10158	10129	10128	
5273	Quad4	10186	10187	10158	10157	
5274	Quad4	10215	10216	10187	10186	
5275	Quad4	10244	10245	10216	10215	
5276	Quad4	10273	10274	10245	10244	
5277	Quad4	10302	10303	10274	10273	
5278	Quad4	10331	10332	10303	10302	
5279	Quad4	10360	10361	10332	10331	
5280	Quad4	3394	3393	10361	10360	
5281	Quad4	9549	9550	10416	10417	
5282	Quad4	9578	9579	9550	9549	
5283	Quad4	9607	9608	9579	9578	
5284	Quad4	9636	9637	9608	9607	
5285	Quad4	9665	9666	9637	9636	
5286	Quad4	9694	9695	9666	9665	
5287	Quad4	9723	9724	9695	9694	
5288	Quad4	9752	9753	9724	9723	
5289	Quad4	9781	9782	9753	9752	
5290	Quad4	9810	9811	9782	9781	
5291	Quad4	9839	9840	9811	9810	
5292	Quad4	9868	9869	9840	9839	
5293	Quad4	9897	9898	9869	9868	
5294	Quad4	9926	9927	9898	9897	
5295	Quad4	9955	9956	9927	9926	
5296	Quad4	9984	9985	9956	9955	
5297	Quad4	10013	10014	9985	9984	
5298	Quad4	10042	10043	10014	10013	
5299	Quad4	10071	10072	10043	10042	
5300	Quad4	10100	10101	10072	10071	
5301	Quad4	10129	10130	10101	10100	
5302	Quad4	10158	10159	10130	10129	
5303	Quad4	10187	10188	10159	10158	
5304	Quad4	10216	10217	10188	10187	
5305	Quad4	10245	10246	10217	10216	
5306	Quad4	10274	10275	10246	10245	
5307	Quad4	10303	10304	10275	10274	
5308	Quad4	10332	10333	10304	10303	
5309	Quad4	10361	10362	10333	10332	
5310	Quad4	3393	3392	10362	10361	
5311	Quad4	9550	9551	10415	10416	
5312	Quad4	9579	9580	9551	9550	
5313	Quad4	9608	9609	9580	9579	
5314	Quad4	9637	9638	9609	9608	
5315	Quad4	9666	9667	9638	9637	
5316	Quad4	9695	9696	9667	9666	
5317	Quad4	9724	9725	9696	9695	
5318	Quad4	9753	9754	9725	9724	
5319	Quad4	9782	9783	9754	9753	
5320	Quad4	9811	9812	9783	9782	
5321	Quad4	9840	9841	9812	9811	
5322	Quad4	9869	9870	9841	9840	
5323	Quad4	9898	9899	9870	9869	
5324	Quad4	9927	9928	9899	9898	
5325	Quad4	9956	9957	9928	9927	
5326	Quad4	9985	9986	9957	9956	
5327	Quad4	10014	10015	9986	9985	
5328	Quad4	10043	10044	10015	10014	
5329	Quad4	10072	10073	10044	10043	
5330	Quad4	10101	10102	10073	10072	
5331	Quad4	10130	10131	10102	10101	
5332	Quad4	10159	10160	10131	10130	
5333	Quad4	10188	10189	10160	10159	
5334	Quad4	10217	10218	10189	10188	
5335	Quad4	10246	10247	10218	10217	
5336	Quad4	10275	10276	10247	10246	
5337	Quad4	10304	10305	10276	10275	
5338	Quad4	10333	10334	10305	10304	
5339	Quad4	10362	10363	10334	10333	
5340	Quad4	3392	3391	10363	10362	
5341	Quad4	9551	9552	10414	10415	
5342	Quad4	9580	9581	9552	9551	
5343	Quad4	9609	9610	9581	9580	
5344	Quad4	9638	9639	9610	9609	
5345	Quad4	9667	9668	9639	9638	
5346	Quad4	9696	9697	9668	9667	
5347	Quad4	9725	9726	9697	9696	
5348	Quad4	9754	9755	9726	9725	
5349	Quad4	9783	9784	9755	9754	
5350	Quad4	9812	9813	9784	9783	
5351	Quad4	9841	9842	9813	9812	
5352	Quad4	9870	9871	9842	9841	
5353	Quad4	9899	9900	9871	9870	
5354	Quad4	9928	9929	9900	9899	
5355	Quad4	9957	9958	9929	9928	
5356	Quad4	9986	9987	9958	9957	
5357	Quad4	10015	10016	9987	9986	
5358	Quad4	10044	10045	10016	10015	
5359	Quad4	10073	10074	10045	10044	
5360	Quad4	10102	10103	10074	10073	
5361	Quad4	10131	10132	10103	10102	
5362	Quad4	10160	10161	10132	10131	
5363	Quad4	10189	10190	10161	10160	
5364	Quad4	10218	10219	10190	10189	
5365	Quad4	10247	10248	10219	10218	
5366	Quad4	10276	10277	10248	10247	
5367	Quad4	10305	10306	10277	10276	
5368	Quad4	10334	10335	10306	10305	
5369	Quad4	10363	10364	10335	10334	
5370	Quad4	3391	3390	10364	10363	
5371	Quad4	9552	9553	10413	10414	
5372	Quad4	9581	9582	9553	9552	
5373	Quad4	9610	9611	9582	9581	
5374	Quad4	9639	9640	9611	9610	
5375	Quad4	9668	9669	9640	9639	
5376	Quad4	9697	9698	9669	9668	
5377	Quad4	9726	9727	9698	9697	
5378	Quad4	9755	9756	9727	9726	
5379	Quad4	9784	9785	9756	9755	
5380	Quad4	9813	9814	9785	9784	
5381	Quad4	9842	9843	9814	9813	
5382	Quad4	9871	9872	9843	9842	
5383	Quad4	9900	9901	9872	9871	
5384	Quad4	9929	9930	9901	9900	
5385	Quad4	9958	9959	9930	9929	
5386	Quad4	9987	9988	9959	9958	
5387	Quad4	10016	10017	9988	9987	
5388	Quad4	10045	10046	10017	10016	
5389	Quad4	10074	10075	10046	10045	
5390	Quad4	10103	10104	10075	10074	
5391	Quad4	10132	10133	10104	10103	
5392	Quad4	10161	10162	10133	10132	
5393	Quad4	10190	10191	10162	10161	
5394	Quad4	10219	10220	10191	10190	
5395	Quad4	10248	10249	10220	10219	
5396	Quad4	10277	10278	10249	10248	
5397	Quad4	10306	10307	10278	10277	
5398	Quad4	10335	10336	10307	10306	
5399	Quad4	10364	10365	10336	10335	
5400	Quad4	3390	3389	10365	10364	
5401	Quad4	9553	9554	10412	10413	
5402	Quad4	9582	9583	9554	9553	
5403	Quad4	9611	9612	9583	9582	
5404	Quad4	9640	9641	9612	9611	
5405	Quad4	9669	9670	9641	9640	
5406	Quad4	9698	9699	9670	9669	
5407	Quad4	9727	9728	9699	9698	
5408	Quad4	9756	9757	9728	9727	
5409	Quad4	9785	9786	9757	9756	
5410	Quad4	9814	9815	9786	9785	
5411	Quad4	9843	9844	9815	9814	
5412	Quad4	9872	9873	9844	9843	
5413	Quad4	9901	9902	9873	9872	
5414	Quad4	9930	9931	9902	9901	
5415	Quad4	9959	9960	9931	9930	
5416	Quad4	9988	9989	9960	9959	
5417	Quad4	10017	10018	9989	9988	
5418	Quad4	10046	10047	10018	10017	
5419	Quad4	10075	10076	10047	10046	
5420	Quad4	10104	10105	10076	10075	
5421	Quad4	10133	10134	10105	10104	
5422	Quad4	10162	10163	10134	10133	
5423	Quad4	10191	10192	10163	10162	
5424	Quad4	10220	10221	10192	10191	
5425	Quad4	10249	10250	10221	10220	
5426	Quad4	10278	10279	10250	10249	
5427	Quad4	10307	10308	10279	10278	
5428	Quad4	10336	10337	10308	10307	
5429	Quad4	10365	10366	10337	10336	
5430	Quad4	3389	3388	10366	10365	
5431	Quad4	9554	9555	10411	10412	
5432	Quad4	9583	9584	9555	9554	
5433	Quad4	9612	9613	9584	9583	
5434	Quad4	9641	9642	9613	9612	
5435	Quad4	9670	9671	9642	9641	
5436	Quad4	9699	9700	9671	9670	
5437	Quad4	9728	9729	9700	9699	
5438	Quad4	9757	9758	9729	9728	
5439	Quad4	9786	9787	9758	9757	
5440	Quad4	9815	9816	9787	9786	
5441	Quad4	9844	9845	9816	9815	
5442	Quad4	9873	9874	9845	9844	
5443	Quad4	9902	9903	9874	9873	
5444	Quad4	9931	9932	9903	9902	
5445	Quad4	9960	9961	9932	9931	
5446	Quad4	9989	9990	9961	9960	
5447	Quad4	10018	10019	9990	9989	
5448	Quad4	10047	10048	10019	10018	
5449	Quad4	10076	10077	10048	10047	
5450	Quad4	10105	10106	10077	10076	
5451	Quad4	10134	10135	10106	10105	
5452	Quad4	10163	10164	10135	10134	
5453	Quad4	10192	10193	10164	10163	
5454	Quad4	10221	10222	10193	10192	
5455	Quad4	10250	10251	10222	10221	
5456	Quad4	10279	10280	10251	10250	
5457	Quad4	10308	10309	10280	10279	
5458	Quad4	10337	10338	10309	10308	
5459	Quad4	10366	10367	10338	10337	
5460	Quad4	3388	3387	10367	10366	
5461	Quad4	9555	9556	10410	10411	
5462	Quad4	9584	9585	9556	9555	
5463	Quad4	9613	9614	9585	9584	
5464	Quad4	9642	9643	9614	9613	
5465	Quad4	9671	9672	9643	9642	
5466	Quad4	9700	9701	9672	9671	
5467	Quad4	9729	9730	9701	9700	
5468	Quad4	9758	9759	9730	9729	
5469	Quad4	9787	9788	9759	9758	
5470	Quad4	9816	9817	9788	9787	
5471	Quad4	9845	9846	9817	9816	
5472	Quad4	9874	9875	9846	9845	
5473	Quad4	9903	9904	9875	9874	
5474	Quad4	9932	9933	9904	9903	
5475	Quad4	9961	9962	9933	9932	
5476	Quad4	9990	9991	9962	9961	
5477	Quad4	10019	10020	9991	9990	
5478	Quad4	10048	10049	10020	10019	
5479	Quad4	10077	10078	10049	10048	
5480	Quad4	10106	10107	10078	10077	
5481	Quad4	10135	10136	10107	10106	
5482	Quad4	10164	10165	10136	10135	
5483	Quad4	10193	10194	10165	10164	
5484	Quad4	10222	10223	10194	10193	
5485	Quad4	10251	10252	10223	10222	
5486	Quad4	10280	10281	10252	10251	
5487	Quad4	10309	10310	10281	10280	
5488	Quad4	10338	10339	10310	10309	
5489	Quad4	10367	10368	10339	10338	
5490	Quad4	3387	3386	10368	10367	
5491	Quad4	9556	9557	10409	10410	
5492	Quad4	9585	9586	9557	9556	
5493	Quad4	9614	9615	9586	9585	
5494	Quad4	9643	9644	9615	9614	
5495	Quad4	9672	9673	9644	9643	
5496	Quad4	9701	9702	9673	9672	
5497	Quad4	9730	9731	9702	9701	
5498	Quad4	9759	9760	9731	9730	
5499	Quad4	9788	9789	9760	9759	
5500	Quad4	9817	9818	9789	9788	
5501	Quad4	9846	9847	9818	9817	
5502	Quad4	9875	9876	9847	9846	
5503	Quad4	9904	9905	9876	9875	
5504	Quad4	9933	9934	9905	9904	
5505	Quad4	9962	9963	9934	9933	
5506	Quad4	9991	9992	9963	9962	
5507	Quad4	10020	10021	9992	9991	
5508	Quad4	10049	10050	10021	10020	
5509	Quad4	10078	10079	10050	10049	
5510	Quad4	10107	10108	10079	10078	
5511	Quad4	10136	10137	10108	10107	
5512	Quad4	10165	10166	10137	10136	
5513	Quad4	10194	10195	10166	10165	
5514	Quad4	10223	10224	10195	10194	
5515	Quad4	10252	10253	10224	10223	
5516	Quad4	10281	10282	10253	10252	
5517	Quad4	10310	10311	10282	10281	
5518	Quad4	10339	10340	10311	10310	
5519	Quad4	10368	10369	10340	10339	
5520	Quad4	3386	3385	10369	10368	
5521	Quad4	9557	9558	10408	10409	
5522	Quad4	9586	9587	9558	9557	
5523	Quad4	9615	9616	9587	9586	
5524	Quad4	9644	9645	9616	9615	
5525	Quad4	9673	9674	9645	9644	
5526	Quad4	9702	9703	9674	9673	
5527	Quad4	9731	9732	9703	9702	
5528	Quad4	9760	9761	9732	9731	
5529	Quad4	9789	9790	9761	9760	
5530	Quad4	9818	9819	9790	9789	
5531	Quad4	9847	9848	9819	9818	
5532	Quad4	9876	9877	9848	9847	
5533	Quad4	9905	9906	9877	9876	
5534	Quad4	9934	9935	9906	9905	
5535	Quad4	9963	9964	9935	9934	
5536	Quad4	9992	9993	9964	9963	
5537	Quad4	10021	10022	9993	9992	
5538	Quad4	10050	10051	10022	10021	
5539	Quad4	10079	10080	10051	10050	
5540	Quad4	10108	10109	10080	10079	
5541	Quad4	10137	10138	10109	10108	
5542	Quad4	10166	10167	10138	10137	
5543	Quad4	10195	10196	10167	10166	
5544	Quad4	10224	10225	10196	10195	
5545	Quad4	10253	10254	10225	10224	
5546	Quad4	10282	10283	10254	10253	
5547	Quad4	10311	10312	10283	10282	
5548	Quad4	10340	10341	10312	10311	
5549	Quad4	10369	10370	10341	10340	
5550	Quad4	3385	3384	10370	10369	
5551	Quad4	9558	9559	10407	10408	
5552	Quad4	9587	9588	9559	9558	
5553	Quad4	9616	9617	9588	9587	
5554	Quad4	9645	9646	9617	9616	
5555	Quad4	9674	9675	9646	9645	
5556	Quad4	9703	9704	9675	9674	
5557	Quad4	9732	9733	9704	9703	
5558	Quad4	9761	9762	9733	9732	
5559	Quad4	9790	9791	9762	9761	
5560	Quad4	9819	9820	9791	9790	
5561	Quad4	9848	9849	9820	9819	
5562	Quad4	9877	9878	9849	9848	
5563	Quad4	9906	9907	9878	9877	
5564	Quad4	9935	9936	9907	9906	
5565	Quad4	9964	9965	9936	9935	
5566	Quad4	9993	9994	9965	9964	
5567	Quad4	10022	10023	9994	9993	
5568	Quad4	10051	10052	10023	10022	
5569	Quad4	10080	10081	10052	10051	
5570	Quad4	10109	10110	10081	10080	
5571	Quad4	10138	10139	10110	10109	
5572	Quad4	10167	10168	10139	10138	
5573	Quad4	10196	10197	10168	10167	
5574	Quad4	10225	10226	10197	10196	
5575	Quad4	10254	10255	10226	10225	
5576	Quad4	10283	10284	10255	10254	
5577	Quad4	10312	10313	10284	10283	
5578	Quad4	10341	10342	10313	10312	
5579	Quad4	10370	10371	10342	10341	
5580	Quad4	3384	3383	10371	10370	
5581	Quad4	9559	9560	10406	10407	
5582	Quad4	9588	9589	9560	9559	
5583	Quad4	9617	9618	9589	9588	
5584	Quad4	9646	9647	9618	9617	
5585	Quad4	9675	9676	9647	9646	
5586	Quad4	9704	9705	9676	9675	
5587	Quad4	9733	9734	9705	9704	
5588	Quad4	9762	9763	9734	9733	
5589	Quad4	9791	9792	9763	9762	
5590	Quad4	9820	9821	9792	9791	
5591	Quad4	9849	9850	9821	9820	
5592	Quad4	9878	9879	9850	9849	
5593	Quad4	9907	9908	9879	9878	
5594	Quad4	9936	9937	9908	9907	
5595	Quad4	9965	9966	9937	9936	
5596	Quad4	9994	9995	9966	9965	
5597	Quad4	10023	10024	9995	9994	
5598	Quad4	10052	10053	10024	10023	
5599	Quad4	10081	10082	10053	10052	
5600	Quad4	10110	10111	10082	10081	
5601	Quad4	10139	10140	10111	10110	
5602	Quad4	10168	10169	10140	10139	
5603	Quad4	10197	10198	10169	10168	
5604	Quad4	10226	10227	10198	10197	
5605	Quad4	10255	10256	10227	10226	
5606	Quad4	10284	10285	10256	10255	
5607	Quad4	10313	10314	10285	10284	
5608	Quad4	10342	10343	10314	10313	
5609	Quad4	10371	10372	10343	10342	
5610	Quad4	3383	3382	10372	10371	
5611	Quad4	9560	9561	10405	10406	
5612	Quad4	9589	9590	9561	9560	
5613	Quad4	9618	9619	9590	9589	
5614	Quad4	9647	9648	9619	9618	
5615	Quad4	9676	9677	9648	9647	
5616	Quad4	9705	9706	9677	9676	
5617	Quad4	9734	9735	9706	9705	
5618	Quad4	9763	9764	9735	9734	
5619	Quad4	9792	9793	9764	9763	
5620	Quad4	9821	9822	9793	9792	
5621	Quad4	9850	9851	9822	9821	
5622	Quad4	9879	9880	9851	9850	
5623	Quad4	9908	9909	9880	9879	
5624	Quad4	9937	9938	9909	9908	
5625	Quad4	9966	9967	9938	9937	
5626	Quad4	9995	9996	9967	9966	
5627	Quad4	10024	10025	9996	9995	
5628	Quad4	10053	10054	10025	10024	
5629	Quad4	10082	10083	10054	10053	
5630	Quad4	10111	10112	10083	10082	
5631	Quad4	10140	10141	10112	10111	
5632	Quad4	10169	10170	10141	10140	
5633	Quad4	10198	10199	10170	10169	
5634	Quad4	10227	10228	10199	10198	
5635	Quad4	10256	10257	10228	10227	
5636	Quad4	10285	10286	10257	10256	
5637	Quad4	10314	10315	10286	10285	
5638	Quad4	10343	10344	10315	10314	
5639	Quad4	10372	10373	10344	10343	
5640	Quad4	3382	3381	10373	10372	
5641	Quad4	9561	9562	10404	10405	
5642	Quad4	9590	9591	9562	9561	
5643	Quad4	9619	9620	9591	9590	
5644	Quad4	9648	9649	9620	9619	
5645	Quad4	9677	9678	9649	9648	
5646	Quad4	9706	9707	9678	9677	
5647	Quad4	9735	9736	9707	9706	
5648	Quad4	9764	9765	9736	9735	
5649	Quad4	9793	9794	9765	9764	
5650	Quad4	9822	9823	9794	9793	
5651	Quad4	9851	9852	9823	9822	
5652	Quad4	9880	9881	9852	9851	
5653	Quad4	9909	9910	9881	9880	
5654	Quad4	9938	9939	9910	9909	
5655	Quad4	9967	9968	9939	9938	
5656	Quad4	9996	9997	9968	9967	
5657	Quad4	10025	10026	9997	9996	
5658	Quad4	10054	10055	10026	10025	
5659	Quad4	10083	10084	10055	10054	
5660	Quad4	10112	10113	10084	10083	
5661	Quad4	10141	10142	10113	10112	
5662	Quad4	10170	10171	10142	10141	
5663	Quad4	10199	10200	10171	10170	
5664	Quad4	10228	10229	10200	10199	
5665	Quad4	10257	10258	10229	10228	
5666	Quad4	10286	10287	10258	10257	
5667	Quad4	10315	10316	10287	10286	
5668	Quad4	10344	10345	10316	10315	
5669	Quad4	10373	10374	10345	10344	
5670	Quad4	3381	3380	10374	10373	
5671	Quad4	9562	3051	3	10404	
5672	Quad4	9591	3050	3051	9562	
5673	Quad4	9620	3049	3050	9591	
5674	Quad4	9649	3048	3049	9620	
5675	Quad4	9678	3047	3048	9649	
5676	Quad4	9707	3046	3047	9678	
5677	Quad4	9736	3045	3046	9707	
5678	Quad4	9765	3044	3045	9736	
5679	Quad4	9794	3043	3044	9765	
5680	Quad4	9823	3042	3043	9794	
5681	Quad4	9852	3041	3042	9823	
5682	Quad4	9881	3040	3041	9852	
5683	Quad4	9910	3039	3040	9881	
5684	Quad4	9939	3038	3039	9910	
5685	Quad4	9968	3037	3038	9939	
5686	Quad4	9997	3036	3037	9968	
5687	Quad4	10026	3035	3036	9997	
5688	Quad4	10055	3034	3035	10026	
5689	Quad4	10084	3033	3034	10055	
5690	Quad4	10113	3032	3033	10084	
5691	Quad4	10142	3031	3032	10113	
5692	Quad4	10171	3030	3031	10142	
5693	Quad4	10200	3029	3030	10171	
5694	Quad4	10229	3028	3029	10200	
5695	Quad4	10258	3027	3028	10229	
5696	Quad4	10287	3026	3027	10258	
5697	Quad4	10316	3025	3026	10287	
5698	Quad4	10345	3024	3025	10316	
5699	Quad4	10374	3023	3024	10345	
5700	Quad4	3380	8	3023	10374	
5701	Quad4	3370	3081	3371	16	
5702	Quad4	3369	3090	3081	3370	
5703	Quad4	3368	3099	3090	3369	
5704	Quad4	3367	3108	3099	3368	
5705	Quad4	3366	3117	3108	3367	
5706	Quad4	3365	3126	3117	3366	
5707	Quad4	3364	3135	3126	3365	
5708	Quad4	3363	3144	3135	3364	
5709	Quad4	3362	3153	3144	3363	
5710	Quad4	3361	3162	3153	3362	
5711	Quad4	3360	3171	3162	3361	
5712	Quad4	3359	3180	3171	3360	
5713	Quad4	3358	3189	3180	3359	
5714	Quad4	3357	3198	3189	3358	
5715	Quad4	3356	3207	3198	3357	
5716	Quad4	3355	3216	3207	3356	
5717	Quad4	3354	3225	3216	3355	
5718	Quad4	3353	3234	3225	3354	
5719	Quad4	3352	3243	3234	3353	
5720	Quad4	3351	3252	3243	3352	
5721	Quad4	3350	3261	3252	3351	
5722	Quad4	3349	3270	3261	3350	
5723	Quad4	3348	3279	3270	3349	
5724	Quad4	3347	3288	3279	3348	
5725	Quad4	3346	3297	3288	3347	
5726	Quad4	3345	3306	3297	3346	
5727	Quad4	3344	3315	3306	3345	
5728	Quad4	3343	3324	3315	3344	
5729	Quad4	3342	3333	3324	3343	
5730	Quad4	15	316	3333	3342	
5731	Quad4	3081	3082	3372	3371	
5732	Quad4	3090	3091	3082	3081	
5733	Quad4	3099	3100	3091	3090	
5734	Quad4	3108	3109	3100	3099	
5735	Quad4	3117	3118	3109	3108	
5736	Quad4	3126	3127	3118	3117	
5737	Quad4	3135	3136	3127	3126	
5738	Quad4	3144	3145	3136	3135	
5739	Quad4	3153	3154	3145	3144	
5740	Quad4	3162	3163	3154	3153	
5741	Quad4	3171	3172	3163	3162	
5742	Quad4	3180	3181	3172	3171	
5743	Quad4	3189	3190	3181	3180	
5744	Quad4	3198	3199	3190	3189	
5745	Quad4	3207	3208	3199	3198	
5746	Quad4	3216	3217	3208	3207	
5747	Quad4	3225	3226	3217	3216	
5748	Quad4	3234	3235	3226	3225	
5749	Quad4	3243	3244	3235	3234	
5750	Quad4	3252	3253	3244	3243	
5751	Quad4	3261	3262	3253	3252	
5752	Quad4	3270	3271	3262	3261	
5753	Quad4	3279	3280	3271	3270	
5754	Quad4	3288	3289	3280	3279	
5755	Quad4	3297	3298	3289	3288	
5756	Quad4	3306	3307	3298	3297	
5757	Quad4	3315	3316	3307	3306	
5758	Quad4	3324	3325	3316	3315	
5759	Quad4	3333	3334	3325	3324	
5760	Quad4	316	317	3334	3333	
5761	Quad4	3082	3083	3373	3372	
5762	Quad4	3091	3092	3083	3082	
5763	Quad4	3100	3101	3092	3091	
5764	Quad4	3109	3110	3101	3100	
5765	Quad4	3118	3119	3110	3109	
5766	Quad4	3127	3128	3119	3118	
5767	Quad4	3136	3137	3128	3127	
5768	Quad4	3145	3146	3137	3136	
5769	Quad4	3154	3155	3146	3145	
5770	Quad4	3163	3164	3155	3154	
5771	Quad4	3172	3173	3164	3163	
5772	Quad4	3181	3182	3173	3172	
5773	Quad4	3190	3191	3182	3181	
5774	Quad4	3199	3200	3191	3190	
5775	Quad4	3208	3209	3200	3199	
5776	Quad4	3217	3218	3209	3208	
5777	Quad4	3226	3227	3218	3217	
5778	Quad4	3235	3236	3227	3226	
5779	Quad4	3244	3245	3236	3235	
5780	Quad4	3253	3254	3245	3244	
5781	Quad4	3262	3263	3254	3253	
5782	Quad4	3271	3272	3263	3262	
5783	Quad4	3280	3281	3272	3271	
5784	Quad4	3289	3290	3281	3280	
5785	Quad4	3298	3299	3290	3289	
5786	Quad4	3307	3308	3299	3298	
5787	Quad4	3316	3317	3308	3307	
5788	Quad4	3325	3326	3317	3316	
5789	Quad4	3334	3335	3326	3325	
5790	Quad4	317	318	3335	3334	
5791	Quad4	3083	3084	3374	3373	
5792	Quad4	3092	3093	3084	3083	
5793	Quad4	3101	3102	3093	3092	
5794	Quad4	3110	3111	3102	3101	
5795	Quad4	3119	3120	3111	3110	
5796	Quad4	3128	3129	3120	3119	
5797	Quad4	3137	3138	3129	3128	
5798	Quad4	3146	3147	3138	3137	
5799	Quad4	3155	3156	3147	3146	
5800	Quad4	3164	3165	3156	3155	
5801	Quad4	3173	3174	3165	3164	
5802	Quad4	3182	3183	3174	3173	
5803	Quad4	3191	3192	3183	3182	
5804	Quad4	3200	3201	3192	3191	
5805	Quad4	3209	3210	3201	3200	
5806	Quad4	3218	3219	3210	3209	
5807	Quad4	3227	3228	3219	3218	
5808	Quad4	3236	3237	3228	3227	
5809	Quad4	3245	3246	3237	3236	
5810	Quad4	3254	3255	3246	3245	
5811	Quad4	3263	3264	3255	3254	
5812	Quad4	3272	3273	3264	3263	
5813	Quad4	3281	3282	3273	3272	
5814	Quad4	3290	3291	3282	3281	
5815	Quad4	3299	3300	3291	3290	
5816	Quad4	3308	3309	3300	3299	
5817	Quad4	3317	3318	3309	3308	
5818	Quad4	3326	3327	3318	3317	
5819	Quad4	3335	3336	3327	3326	
5820	Quad4	318	319	3336	3335	
5821	Quad4	3084	3085	3375	3374	
5822	Quad4	3093	3094	3085	3084	
5823	Quad4	3102	3103	3094	3093	
5824	Quad4	3111	3112	3103	3102	
5825	Quad4	3120	3121	3112	3111	
5826	Quad4	3129	3130	3121	3120	
5827	Quad4	3138	3139	3130	3129	
5828	Quad4	3147	3148	3139	3138	
5829	Quad4	3156	3157	3148	3147	
5830	Quad4	3165	3166	3157	3156	
5831	Quad4	3174	3175	3166	3165	
5832	Quad4	3183	3184	3175	3174	
5833	Quad4	3192	3193	3184	3183	
5834	Quad4	3201	3202	3193	3192	
5835	Quad4	3210	3211	3202	3201	
5836	Quad4	3219	3220	3211	3210	
5837	Quad4	3228	3229	3220	3219	
5838	Quad4	3237	3238	3229	3228	
5839	Quad4	3246	3247	3238	3237	
5840	Quad4	3255	3256	3247	3246	
5841	Quad4	3264	3265	3256	3255	
5842	Quad4	3273	3274	3265	3264	
5843	Quad4	3282	3283	3274	3273	
5844	Quad4	3291	3292	3283	3282	
5845	Quad4	3300	3301	3292	3291	
5846	Quad4	3309	3310	3301	3300	
5847	Quad4	3318	3319	3310	3309	
5848	Quad4	3327	3328	3319	3318	
5849	Quad4	3336	3337	3328	3327	
5850	Quad4	319	320	3337	3336	
5851	Quad4	3085	3086	3376	3375	
5852	Quad4	3094	3095	3086	3085	
5853	Quad4	3103	3104	3095	3094	
5854	Quad4	3112	3113	3104	3103	
5855	Quad4	3121	3122	3113	3112	
5856	Quad4	3130	3131	3122	3121	
5857	Quad4	3139	3140	3131	3130	
5858	Quad4	3148	3149	3140	3139	
5859	Quad4	3157	3158	3149	3148	
5860	Quad4	3166	3167	3158	3157	
5861	Quad4	3175	3176	3167	3166	
5862	Quad4	3184	3185	3176	3175	
5863	Quad4	3193	3194	3185	3184	
5864	Quad4	3202	3203	3194	3193	
5865	Quad4	3211	3212	3203	3202	
5866	Quad4	3220	3221	3212	3211	
5867	Quad4	3229	3230	3221	3220	
5868	Quad4	3238	3239	3230	3229	
5869	Quad4	3247	3248	3239	3238	
5870	Quad4	3256	3257	3248	3247	
5871	Quad4	3265	3266	3257	3256	
5872	Quad4	3274	3275	3266	3265	
5873	Quad4	3283	3284	3275	3274	
5874	Quad4	3292	3293	3284	3283	
5875	Quad4	3301	3302	3293	3292	
5876	Quad4	3310	3311	3302	3301	
5877	Quad4	3319	3320	3311	3310	
5878	Quad4	3328	3329	3320	3319	
5879	Quad4	3337	3338	3329	3328	
5880	Quad4	320	321	3338	3337	
5881	Quad4	3086	3087	3377	3376	
5882	Quad4	3095	3096	3087	3086	
5883	Quad4	3104	3105	3096	3095	
5884	Quad4	3113	3114	3105	3104	
5885	Quad4	3122	3123	3114	3113	
5886	Quad4	3131	3132	3123	3122	
5887	Quad4	3140	3141	3132	3131	
5888	Quad4	3149	3150	3141	3140	
5889	Quad4	3158	3159	3150	3149	
5890	Quad4	3167	3168	3159	3158	
5891	Quad4	3176	3177	3168	3167	
5892	Quad4	3185	3186	3177	3176	
5893	Quad4	3194	3195	3186	3185	
5894	Quad4	3203	3204	3195	3194	
5895	Quad4	3212	3213	3204	3203	
5896	Quad4	3221	3222	3213	3212	
5897	Quad4	3230	3231	3222	3221	
5898	Quad4	3239	3240	3231	3230	
5899	Quad4	3248	3249	3240	3239	
5900	Quad4	3257	3258	3249	3248	
5901	Quad4	3266	3267	3258	3257	
5902	Quad4	3275	3276	3267	3266	
5903	Quad4	3284	3285	3276	3275	
5904	Quad4	3293	3294	3285	3284	
5905	Quad4	3302	3303	3294	3293	
5906	Quad4	3311	3312	3303	3302	
5907	Quad4	3320	3321	3312	3311	
5908	Quad4	3329	3330	3321	3320	
5909	Quad4	3338	3339	3330	3329	
5910	Quad4	321	322	3339	3338	
5911	Quad4	3087	3088	3378	3377	
5912	Quad4	3096	3097	3088	3087	
5913	Quad4	3105	3106	3097	3096	
5914	Quad4	3114	3115	3106	3105	
5915	Quad4	3123	3124	3115	3114	
5916	Quad4	3132	3133	3124	3123	
5917	Quad4	3141	3142	3133	3132	
5918	Quad4	3150	3151	3142	3141	
5919	Quad4	3159	3160	3151	3150	
5920	Quad4	3168	3169	3160	3159	
5921	Quad4	3177	3178	3169	3168	
5922	Quad4	3186	3187	3178	3177	
5923	Quad4	3195	3196	3187	3186	
5924	Quad4	3204	3205	3196	3195	
5925	Quad4	3213	3214	3205	3204	
5926	Quad4	3222	3223	3214	3213	
5927	Quad4	3231	3232	3223	3222	
5928	Quad4	3240	3241	3232	3231	
5929	Quad4	3249	3250	3241	3240	
5930	Quad4	3258	3259	3250	3249	
5931	Quad4	3267	3268	3259	3258	
5932	Quad4	3276	3277	3268	3267	
5933	Quad4	3285	3286	3277	3276	
5934	Quad4	3294	3295	3286	3285	
5935	Quad4	3303	3304	3295	3294	
5936	Quad4	3312	3313	3304	3303	
5937	Quad4	3321	3322	3313	3312	
5938	Quad4	3330	3331	3322	3321	
5939	Quad4	3339	3340	3331	3330	
5940	Quad4	322	323	3340	3339	
5941	Quad4	3088	3089	3379	3378	
5942	Quad4	3097	3098	3089	3088	
5943	Quad4	3106	3107	3098	3097	
5944	Quad4	3115	3116	3107	3106	
5945	Quad4	3124	3125	3116	3115	
5946	Quad4	3133	3134	3125	3124	
5947	Quad4	3142	3143	3134	3133	
5948	Quad4	3151	3152	3143	3142	
5949	Quad4	3160	3161	3152	3151	
5950	Quad4	3169	3170	3161	3160	
5951	Quad4	3178	3179	3170	3169	
5952	Quad4	3187	3188	3179	3178	
5953	Quad4	3196	3197	3188	3187	
5954	Quad4	3205	3206	3197	3196	
5955	Quad4	3214	3215	3206	3205	
5956	Quad4	3223	3224	3215	3214	
5957	Quad4	3232	3233	3224	3223	
5958	Quad4	3241	3242	3233	3232	
5959	Quad4	3250	3251	3242	3241	
5960	Quad4	3259	3260	3251	3250	
5961	Quad4	3268	3269	3260	3259	
5962	Quad4	3277	3278	3269	3268	
5963	Quad4	3286	3287	3278	3277	
5964	Quad4	3295	3296	3287	3286	
5965	Quad4	3304	3305	3296	3295	
5966	Quad4	3313	3314	3305	3304	
5967	Quad4	3322	3323	3314	3313	
5968	Quad4	3331	3332	3323	3322	
5969	Quad4	3340	3341	3332	3331	
5970	Quad4	323	324	3341	3340	
5971	Quad4	3089	3408	7	3379	
5972	Quad4	3098	3407	3408	3089	
5973	Quad4	3107	3406	3407	3098	
5974	Quad4	3116	3405	3406	3107	
5975	Quad4	3125	3404	3405	3116	
5976	Quad4	3134	3403	3404	3125	
5977	Quad4	3143	3402	3403	3134	
5978	Quad4	3152	3401	3402	3143	
5979	Quad4	3161	3400	3401	3152	
5980	Quad4	3170	3399	3400	3161	
5981	Quad4	3179	3398	3399	3170	
5982	Quad4	3188	3397	3398	3179	
5983	Quad4	3197	3396	3397	3188	
5984	Quad4	3206	3395	3396	3197	
5985	Quad4	3215	3394	3395	3206	
5986	Quad4	3224	3393	3394	3215	
5987	Quad4	3233	3392	3393	3224	
5988	Quad4	3242	3391	3392	3233	
5989	Quad4	3251	3390	3391	3242	
5990	Quad4	3260	3389	3390	3251	
5991	Quad4	3269	3388	3389	3260	
5992	Quad4	3278	3387	3388	3269	
5993	Quad4	3287	3386	3387	3278	
5994	Quad4	3296	3385	3386	3287	
5995	Quad4	3305	3384	3385	3296	
5996	Quad4	3314	3383	3384	3305	
5997	Quad4	3323	3382	3383	3314	
5998	Quad4	3332	3381	3382	3323	
5999	Quad4	3341	3380	3381	3332	
6000	Quad4	324	8	3380	3341	
6001	Quad4	4607	3409	307	13	
6002	Quad4	4606	3418	3409	4607	
6003	Quad4	4605	3427	3418	4606	
6004	Quad4	4604	3436	3427	4605	
6005	Quad4	4603	3445	3436	4604	
6006	Quad4	4602	3454	3445	4603	
6007	Quad4	4601	3463	3454	4602	
6008	Quad4	4600	3472	3463	4601	
6009	Quad4	4599	3481	3472	4600	
6010	Quad4	4598	3490	3481	4599	
6011	Quad4	4597	3499	3490	4598	
6012	Quad4	4596	3508	3499	4597	
6013	Quad4	4595	3517	3508	4596	
6014	Quad4	4594	3526	3517	4595	
6015	Quad4	4593	3535	3526	4594	
6016	Quad4	4592	3544	3535	4593	
6017	Quad4	4591	3553	3544	4592	
6018	Quad4	4590	3562	3553	4591	
6019	Quad4	4589	3571	3562	4590	
6020	Quad4	4588	3580	3571	4589	
6021	Quad4	4587	3589	3580	4588	
6022	Quad4	4586	3598	3589	4587	
6023	Quad4	4585	3607	3598	4586	
6024	Quad4	4584	3616	3607	4585	
6025	Quad4	4583	3625	3616	4584	
6026	Quad4	4582	3634	3625	4583	
6027	Quad4	4581	3643	3634	4582	
6028	Quad4	4580	3652	3643	4581	
6029	Quad4	4579	3661	3652	4580	
6030	Quad4	4578	3670	3661	4579	
6031	Quad4	4577	3679	3670	4578	
6032	Quad4	4576	3688	3679	4577	
6033	Quad4	4575	3697	3688	4576	
6034	Quad4	4574	3706	3697	4575	
6035	Quad4	4573	3715	3706	4574	
6036	Quad4	4572	3724	3715	4573	
6037	Quad4	4571	3733	3724	4572	
6038	Quad4	4570	3742	3733	4571	
6039	Quad4	4569	3751	3742	4570	
6040	Quad4	4568	3760	3751	4569	
6041	Quad4	4567	3769	3760	4568	
6042	Quad4	4566	3778	3769	4567	
6043	Quad4	4565	3787	3778	4566	
6044	Quad4	4564	3796	3787	4565	
6045	Quad4	4563	3805	3796	4564	
6046	Quad4	4562	3814	3805	4563	
6047	Quad4	4561	3823	3814	4562	
6048	Quad4	4560	3832	3823	4561	
6049	Quad4	4559	3841	3832	4560	
6050	Quad4	4558	3850	3841	4559	
6051	Quad4	4557	3859	3850	4558	
6052	Quad4	4556	3868	3859	4557	
6053	Quad4	4555	3877	3868	4556	
6054	Quad4	4554	3886	3877	4555	
6055	Quad4	4553	3895	3886	4554	
6056	Quad4	4552	3904	3895	4553	
6057	Quad4	4551	3913	3904	4552	
6058	Quad4	4550	3922	3913	4551	
6059	Quad4	4549	3931	3922	4550	
6060	Quad4	4548	3940	3931	4549	
6061	Quad4	4547	3949	3940	4548	
6062	Quad4	4546	3958	3949	4547	
6063	Quad4	4545	3967	3958	4546	
6064	Quad4	4544	3976	3967	4545	
6065	Quad4	4543	3985	3976	4544	
6066	Quad4	4542	3994	3985	4543	
6067	Quad4	4541	4003	3994	4542	
6068	Quad4	4540	4012	4003	4541	
6069	Quad4	4539	4021	4012	4540	
6070	Quad4	4538	4030	4021	4539	
6071	Quad4	4537	4039	4030	4538	
6072	Quad4	4536	4048	4039	4537	
6073	Quad4	4535	4057	4048	4536	
6074	Quad4	4534	4066	4057	4535	
6075	Quad4	4533	4075	4066	4534	
6076	Quad4	4532	4084	4075	4533	
6077	Quad4	4531	4093	4084	4532	
6078	Quad4	4530	4102	4093	4531	
6079	Quad4	4529	4111	4102	4530	
6080	Quad4	4528	4120	4111	4529	
6081	Quad4	4527	4129	4120	4528	
6082	Quad4	4526	4138	4129	4527	
6083	Quad4	4525	4147	4138	4526	
6084	Quad4	4524	4156	4147	4525	
6085	Quad4	4523	4165	4156	4524	
6086	Quad4	4522	4174	4165	4523	
6087	Quad4	4521	4183	4174	4522	
6088	Quad4	4520	4192	4183	4521	
6089	Quad4	4519	4201	4192	4520	
6090	Quad4	4518	4210	4201	4519	
6091	Quad4	4517	4219	4210	4518	
6092	Quad4	4516	4228	4219	4517	
6093	Quad4	4515	4237	4228	4516	
6094	Quad4	4514	4246	4237	4515	
6095	Quad4	4513	4255	4246	4514	
6096	Quad4	4512	4264	4255	4513	
6097	Quad4	4511	4273	4264	4512	
6098	Quad4	4510	4282	4273	4511	
6099	Quad4	4509	4291	4282	4510	
6100	Quad4	4508	4300	4291	4509	
6101	Quad4	4507	4309	4300	4508	
6102	Quad4	4506	4318	4309	4507	
6103	Quad4	4505	4327	4318	4506	
6104	Quad4	4504	4336	4327	4505	
6105	Quad4	4503	4345	4336	4504	
6106	Quad4	4502	4354	4345	4503	
6107	Quad4	4501	4363	4354	4502	
6108	Quad4	4500	4372	4363	4501	
6109	Quad4	4499	4381	4372	4500	
6110	Quad4	4498	4390	4381	4499	
6111	Quad4	4497	4399	4390	4498	
6112	Quad4	4496	4408	4399	4497	
6113	Quad4	4495	4417	4408	4496	
6114	Quad4	4494	4426	4417	4495	
6115	Quad4	4493	4435	4426	4494	
6116	Quad4	4492	4444	4435	4493	
6117	Quad4	4491	4453	4444	4492	
6118	Quad4	4490	4462	4453	4491	
6119	Quad4	4489	4471	4462	4490	
6120	Quad4	14	4488	4471	4489	
6121	Quad4	3409	3410	308	307	
6122	Quad4	3418	3419	3410	3409	
6123	Quad4	3427	3428	3419	3418	
6124	Quad4	3436	3437	3428	3427	
6125	Quad4	3445	3446	3437	3436	
6126	Quad4	3454	3455	3446	3445	
6127	Quad4	3463	3464	3455	3454	
6128	Quad4	3472	3473	3464	3463	
6129	Quad4	3481	3482	3473	3472	
6130	Quad4	3490	3491	3482	3481	
6131	Quad4	3499	3500	3491	3490	
6132	Quad4	3508	3509	3500	3499	
6133	Quad4	3517	3518	3509	3508	
6134	Quad4	3526	3527	3518	3517	
6135	Quad4	3535	3536	3527	3526	
6136	Quad4	3544	3545	3536	3535	
6137	Quad4	3553	3554	3545	3544	
6138	Quad4	3562	3563	3554	3553	
6139	Quad4	3571	3572	3563	3562	
6140	Quad4	3580	3581	3572	3571	
6141	Quad4	3589	3590	3581	3580	
6142	Quad4	3598	3599	3590	3589	
6143	Quad4	3607	3608	3599	3598	
6144	Quad4	3616	3617	3608	3607	
6145	Quad4	3625	3626	3617	3616	
6146	Quad4	3634	3635	3626	3625	
6147	Quad4	3643	3644	3635	3634	
6148	Quad4	3652	3653	3644	3643	
6149	Quad4	3661	3662	3653	3652	
6150	Quad4	3670	3671	3662	3661	
6151	Quad4	3679	3680	3671	3670	
6152	Quad4	3688	3689	3680	3679	
6153	Quad4	3697	3698	3689	3688	
6154	Quad4	3706	3707	3698	3697	
6155	Quad4	3715	3716	3707	3706	
6156	Quad4	3724	3725	3716	3715	
6157	Quad4	3733	3734	3725	3724	
6158	Quad4	3742	3743	3734	3733	
6159	Quad4	3751	3752	3743	3742	
6160	Quad4	3760	3761	3752	3751	
6161	Quad4	3769	3770	3761	3760	
6162	Quad4	3778	3779	3770	3769	
6163	Quad4	3787	3788	3779	3778	
6164	Quad4	3796	3797	3788	3787	
6165	Quad4	3805	3806	3797	3796	
6166	Quad4	3814	3815	3806	3805	
6167	Quad4	3823	3824	3815	3814	
6168	Quad4	3832	3833	3824	3823	
6169	Quad4	3841	3842	3833	3832	
6170	Quad4	3850	3851	3842	3841	
6171	Quad4	3859	3860	3851	3850	
6172	Quad4	3868	3869	3860	3859	
6173	Quad4	3877	3878	3869	3868	
6174	Quad4	3886	3887	3878	3877	
6175	Quad4	3895	3896	3887	3886	
6176	Quad4	3904	3905	3896	3895	
6177	Quad4	3913	3914	3905	3904	
6178	Quad4	3922	3923	3914	3913	
6179	Quad4	3931	3932	3923	3922	
6180	Quad4	3940	3941	3932	3931	
6181	Quad4	3949	3950	3941	3940	
6182	Quad4	3958	3959	3950	3949	
6183	Quad4	3967	3968	3959	3958	
6184	Quad4	3976	3977	3968	3967	
6185	Quad4	3985	3986	3977	3976	
6186	Quad4	3994	3995	3986	3985	
6187	Quad4	4003	4004	3995	3994	
6188	Quad4	4012	4013	4004	4003	
6189	Quad4	4021	4022	4013	4012	
6190	Quad4	4030	4031	4022	4021	
6191	Quad4	4039	4040	4031	4030	
6192	Quad4	4048	4049	4040	4039	
6193	Quad4	4057	4058	4049	4048	
6194	Quad4	4066	4067	4058	4057	
6195	Quad4	4075	4076	4067	4066	
6196	Quad4	4084	4085	4076	4075	
6197	Quad4	4093	4094	4085	4084	
6198	Quad4	4102	4103	4094	4093	
6199	Quad4	4111	4112	4103	4102	
6200	Quad4	4120	4121	4112	4111	
6201	Quad4	4129	4130	4121	4120	
6202	Quad4	4138	4139	4130	4129	
6203	Quad4	4147	4148	4139	4138	
6204	Quad4	4156	4157	4148	4147	
6205	Quad4	4165	4166	4157	4156	
6206	Quad4	4174	4175	4166	4165	
6207	Quad4	4183	4184	4175	4174	
6208	Quad4	4192	4193	4184	4183	
6209	Quad4	4201	4202	4193	4192	
6210	Quad4	4210	4211	4202	4201	
6211	Quad4	4219	4220	4211	4210	
6212	Quad4	4228	4229	4220	4219	
6213	Quad4	4237	4238	4229	4228	
6214	Quad4	4246	4247	4238	4237	
6215	Quad4	4255	4256	4247	4246	
6216	Quad4	4264	4265	4256	4255	
6217	Quad4	4273	4274	4265	4264	
6218	Quad4	4282	4283	4274	4273	
6219	Quad4	4291	4292	4283	4282	
6220	Quad4	4300	4301	4292	4291	
6221	Quad4	4309	4310	4301	4300	
6222	Quad4	4318	4319	4310	4309	
6223	Quad4	4327	4328	4319	4318	
6224	Quad4	4336	4337	4328	4327	
6225	Quad4	4345	4346	4337	4336	
6226	Quad4	4354	4355	4346	4345	
6227	Quad4	4363	4364	4355	4354	
6228	Quad4	4372	4373	4364	4363	
6229	Quad4	4381	4382	4373	4372	
6230	Quad4	4390	4391	4382	4381	
6231	Quad4	4399	4400	4391	4390	
6232	Quad4	4408	4409	4400	4399	
6233	Quad4	4417	4418	4409	4408	
6234	Quad4	4426	4427	4418	4417	
6235	Quad4	4435	4436	4427	4426	
6236	Quad4	4444	4445	4436	4435	
6237	Quad4	4453	4454	4445	4444	
6238	Quad4	4462	4463	4454	4453	
6239	Quad4	4471	4472	4463	4462	
6240	Quad4	4488	4487	4472	4471	
6241	Quad4	3410	3411	309	308	
6242	Quad4	3419	3420	3411	3410	
6243	Quad4	3428	3429	3420	3419	
6244	Quad4	3437	3438	3429	3428	
6245	Quad4	3446	3447	3438	3437	
6246	Quad4	3455	3456	3447	3446	
6247	Quad4	3464	3465	3456	3455	
6248	Quad4	3473	3474	3465	3464	
6249	Quad4	3482	3483	3474	3473	
6250	Quad4	3491	3492	3483	3482	
6251	Quad4	3500	3501	3492	3491	
6252	Quad4	3509	3510	3501	3500	
6253	Quad4	3518	3519	3510	3509	
6254	Quad4	3527	3528	3519	3518	
6255	Quad4	3536	3537	3528	3527	
6256	Quad4	3545	3546	3537	3536	
6257	Quad4	3554	3555	3546	3545	
6258	Quad4	3563	3564	3555	3554	
6259	Quad4	3572	3573	3564	3563	
6260	Quad4	3581	3582	3573	3572	
6261	Quad4	3590	3591	3582	3581	
6262	Quad4	3599	3600	3591	3590	
6263	Quad4	3608	3609	3600	3599	
6264	Quad4	3617	3618	3609	3608	
6265	Quad4	3626	3627	3618	3617	
6266	Quad4	3635	3636	3627	3626	
6267	Quad4	3644	3645	3636	3635	
6268	Quad4	3653	3654	3645	3644	
6269	Quad4	3662	3663	3654	3653	
6270	Quad4	3671	3672	3663	3662	
6271	Quad4	3680	3681	3672	3671	
6272	Quad4	3689	3690	3681	3680	
6273	Quad4	3698	3699	3690	3689	
6274	Quad4	3707	3708	3699	3698	
6275	Quad4	3716	3717	3708	3707	
6276	Quad4	3725	3726	3717	3716	
6277	Quad4	3734	3735	3726	3725	
6278	Quad4	3743	3744	3735	3734	
6279	Quad4	3752	3753	3744	3743	
6280	Quad4	3761	3762	3753	3752	
6281	Quad4	3770	3771	3762	3761	
6282	Quad4	3779	3780	3771	3770	
6283	Quad4	3788	3789	3780	3779	
6284	Quad4	3797	3798	3789	3788	
6285	Quad4	3806	3807	3798	3797	
6286	Quad4	3815	3816	3807	3806	
6287	Quad4	3824	3825	3816	3815	
6288	Quad4	3833	3834	3825	3824	
6289	Quad4	3842	3843	3834	3833	
6290	Quad4	3851	3852	3843	3842	
6291	Quad4	3860	3861	3852	3851	
6292	Quad4	3869	3870	3861	3860	
6293	Quad4	3878	3879	3870	3869	
6294	Quad4	3887	3888	3879	3878	
6295	Quad4	3896	3897	3888	3887	
6296	Quad4	3905	3906	3897	3896	
6297	Quad4	3914	3915	3906	3905	
6298	Quad4	3923	3924	3915	3914	
6299	Quad4	3932	3933	3924	3923	
6300	Quad4	3941	3942	3933	3932	
6301	Quad4	3950	3951	3942	3941	
6302	Quad4	3959	3960	3951	3950	
6303	Quad4	3968	3969	3960	3959	
6304	Quad4	3977	3978	3969	3968	
6305	Quad4	3986	3987	3978	3977	
6306	Quad4	3995	3996	3987	3986	
6307	Quad4	4004	4005	3996	3995	
6308	Quad4	4013	4014	4005	4004	
6309	Quad4	4022	4023	4014	4013	
6310	Quad4	4031	4032	4023	4022	
6311	Quad4	4040	4041	4032	4031	
6312	Quad4	4049	4050	4041	4040	
6313	Quad4	4058	4059	4050	4049	
6314	Quad4	4067	4068	4059	4058	
6315	Quad4	4076	4077	4068	4067	
6316	Quad4	4085	4086	4077	4076	
6317	Quad4	4094	4095	4086	4085	
6318	Quad4	4103	4104	4095	4094	
6319	Quad4	4112	4113	4104	4103	
6320	Quad4	4121	4122	4113	4112	
6321	Quad4	4130	4131	4122	4121	
6322	Quad4	4139	4140	4131	4130	
6323	Quad4	4148	4149	4140	4139	
6324	Quad4	4157	4158	4149	4148	
6325	Quad4	4166	4167	4158	4157	
6326	Quad4	4175	4176	4167	4166	
6327	Quad4	4184	4185	4176	4175	
6328	Quad4	4193	4194	4185	4184	
6329	Quad4	4202	4203	4194	4193	
6330	Quad4	4211	4212	4203	4202	
6331	Quad4	4220	4221	4212	4211	
6332	Quad4	4229	4230	4221	4220	
6333	Quad4	4238	4239	4230	4229	
6334	Quad4	4247	4248	4239	4238	
6335	Quad4	4256	4257	4248	4247	
6336	Quad4	4265	4266	4257	4256	
6337	Quad4	4274	4275	4266	4265	
6338	Quad4	4283	4284	4275	4274	
6339	Quad4	4292	4293	4284	4283	
6340	Quad4	4301	4302	4293	4292	
6341	Quad4	4310	4311	4302	4301	
6342	Quad4	4319	4320	4311	4310	
6343	Quad4	4328	4329	4320	4319	
6344	Quad4	4337	4338	4329	4328	
6345	Quad4	4346	4347	4338	4337	
6346	Quad4	4355	4356	4347	4346	
6347	Quad4	4364	4365	4356	4355	
6348	Quad4	4373	4374	4365	4364	
6349	Quad4	4382	4383	4374	4373	
6350	Quad4	4391	4392	4383	4382	
6351	Quad4	4400	4401	4392	4391	
6352	Quad4	4409	4410	4401	4400	
6353	Quad4	4418	4419	4410	4409	
6354	Quad4	4427	4428	4419	4418	
6355	Quad4	4436	4437	4428	4427	
6356	Quad4	4445	4446	4437	4436	
6357	Quad4	4454	4455	4446	4445	
6358	Quad4	4463	4464	4455	4454	
6359	Quad4	4472	4473	4464	4463	
6360	Quad4	4487	4486	4473	4472	
6361	Quad4	3411	3412	310	309	
6362	Quad4	3420	3421	3412	3411	
6363	Quad4	3429	3430	3421	3420	
6364	Quad4	3438	3439	3430	3429	
6365	Quad4	3447	3448	3439	3438	
6366	Quad4	3456	3457	3448	3447	
6367	Quad4	3465	3466	3457	3456	
6368	Quad4	3474	3475	3466	3465	
6369	Quad4	3483	3484	3475	3474	
6370	Quad4	3492	3493	3484	3483	
6371	Quad4	3501	3502	3493	3492	
6372	Quad4	3510	3511	3502	3501	
6373	Quad4	3519	3520	3511	3510	
6374	Quad4	3528	3529	3520	3519	
6375	Quad4	3537	3538	3529	3528	
6376	Quad4	3546	3547	3538	3537	
6377	Quad4	3555	3556	3547	3546	
6378	Quad4	3564	3565	3556	3555	
6379	Quad4	3573	3574	3565	3564	
6380	Quad4	3582	3583	3574	3573	
6381	Quad4	3591	3592	3583	3582	
6382	Quad4	3600	3601	3592	3591	
6383	Quad4	3609	3610	3601	3600	
6384	Quad4	3618	3619	3610	3609	
6385	Quad4	3627	3628	3619	3618	
6386	Quad4	3636	3637	3628	3627	
6387	Quad4	3645	3646	3637	3636	
6388	Quad4	3654	3655	3646	3645	
6389	Quad4	3663	3664	3655	3654	
6390	Quad4	3672	3673	3664	3663	
6391	Quad4	3681	3682	3673	3672	
6392	Quad4	3690	3691	3682	3681	
6393	Quad4	3699	3700	3691	3690	
6394	Quad4	3708	3709	3700	3699	
6395	Quad4	3717	3718	3709	3708	
6396	Quad4	3726	3727	3718	3717	
6397	Quad4	3735	3736	3727	3726	
6398	Quad4	3744	3745	3736	3735	
6399	Quad4	3753	3754	3745	3744	
6400	Quad4	3762	3763	3754	3753	
6401	Quad4	3771	3772	3763	3762	
6402	Quad4	3780	3781	3772	3771	
6403	Quad4	3789	3790	3781	3780	
6404	Quad4	3798	3799	3790	3789	
6405	Quad4	3807	3808	3799	3798	
6406	Quad4	3816	3817	3808	3807	
6407	Quad4	3825	3826	3817	3816	
6408	Quad4	3834	3835	3826	3825	
6409	Quad4	3843	3844	3835	3834	
6410	Quad4	3852	3853	3844	3843	
6411	Quad4	3861	3862	3853	3852	
6412	Quad4	3870	3871	3862	3861	
6413	Quad4	3879	3880	3871	3870	
6414	Quad4	3888	3889	3880	3879	
6415	Quad4	3897	3898	3889	3888	
6416	Quad4	3906	3907	3898	3897	
6417	Quad4	3915	3916	3907	3906	
6418	Quad4	3924	3925	3916	3915	
6419	Quad4	3933	3934	3925	3924	
6420	Quad4	3942	3943	3934	3933	
6421	Quad4	3951	3952	3943	3942	
6422	Quad4	3960	3961	3952	3951	
6423	Quad4	3969	3970	3961	3960	
6424	Quad4	3978	3979	3970	3969	
6425	Quad4	3987	3988	3979	3978	
6426	Quad4	3996	3997	3988	3987	
6427	Quad4	4005	4006	3997	3996	
6428	Quad4	4014	4015	4006	4005	
6429	Quad4	4023	4024	4015	4014	
6430	Quad4	4032	4033	4024	4023	
6431	Quad4	4041	4042	4033	4032	
6432	Quad4	4050	4051	4042	4041	
6433	Quad4	4059	4060	4051	4050	
6434	Quad4	4068	4069	4060	4059	
6435	Quad4	4077	4078	4069	4068	
6436	Quad4	4086	4087	4078	4077	
6437	Quad4	4095	4096	4087	4086	
6438	Quad4	4104	4105	4096	4095	
6439	Quad4	4113	4114	4105	4104	
6440	Quad4	4122	4123	4114	4113	
6441	Quad4	4131	4132	4123	4122	
6442	Quad4	4140	4141	4132	4131	
6443	Quad4	4149	4150	4141	4140	
6444	Quad4	4158	4159	4150	4149	
6445	Quad4	4167	4168	4159	4158	
6446	Quad4	4176	4177	4168	4167	
6447	Quad4	4185	4186	4177	4176	
6448	Quad4	4194	4195	4186	4185	
6449	Quad4	4203	4204	4195	4194	
6450	Quad4	4212	4213	4204	4203	
6451	Quad4	4221	4222	4213	4212	
6452	Quad4	4230	4231	4222	4221	
6453	Quad4	4239	4240	4231	4230	
6454	Quad4	4248	4249	4240	4239	
6455	Quad4	4257	4258	4249	4248	
6456	Quad4	4266	4267	4258	4257	
6457	Quad4	4275	4276	4267	4266	
6458	Quad4	4284	4285	4276	4275	
6459	Quad4	4293	4294	4285	4284	
6460	Quad4	4302	4303	4294	4293	
6461	Quad4	4311	4312	4303	4302	
6462	Quad4	4320	4321	4312	4311	
6463	Quad4	4329	4330	4321	4320	
6464	Quad4	4338	4339	4330	4329	
6465	Quad4	4347	4348	4339	4338	
6466	Quad4	4356	4357	4348	4347	
6467	Quad4	4365	4366	4357	4356	
6468	Quad4	4374	4375	4366	4365	
6469	Quad4	4383	4384	4375	4374	
6470	Quad4	4392	4393	4384	4383	
6471	Quad4	4401	4402	4393	4392	
6472	Quad4	4410	4411	4402	4401	
6473	Quad4	4419	4420	4411	4410	
6474	Quad4	4428	4429	4420	4419	
6475	Quad4	4437	4438	4429	4428	
6476	Quad4	4446	4447	4438	4437	
6477	Quad4	4455	4456	4447	4446	
6478	Quad4	4464	4465	4456	4455	
6479	Quad4	4473	4474	4465	4464	
6480	Quad4	4486	4485	4474	4473	
6481	Quad4	3412	3413	311	310	
6482	Quad4	3421	3422	3413	3412	
6483	Quad4	3430	3431	3422	3421	
6484	Quad4	3439	3440	3431	3430	
6485	Quad4	3448	3449	3440	3439	
6486	Quad4	3457	3458	3449	3448	
6487	Quad4	3466	3467	3458	3457	
6488	Quad4	3475	3476	3467	3466	
6489	Quad4	3484	3485	3476	3475	
6490	Quad4	3493	3494	3485	3484	
6491	Quad4	3502	3503	3494	3493	
6492	Quad4	3511	3512	3503	3502	
6493	Quad4	3520	3521	3512	3511	
6494	Quad4	3529	3530	3521	3520	
6495	Quad4	3538	3539	3530	3529	
6496	Quad4	3547	3548	3539	3538	
6497	Quad4	3556	3557	3548	3547	
6498	Quad4	3565	3566	3557	3556	
6499	Quad4	3574	3575	3566	3565	
6500	Quad4	3583	3584	3575	3574	
6501	Quad4	3592	3593	3584	3583	
6502	Quad4	3601	3602	3593	3592	
6503	Quad4	3610	3611	3602	3601	
6504	Quad4	3619	3620	3611	3610	
6505	Quad4	3628	3629	3620	3619	
6506	Quad4	3637	3638	3629	3628	
6507	Quad4	3646	3647	3638	3637	
6508	Quad4	3655	3656	3647	3646	
6509	Quad4	3664	3665	3656	3655	
6510	Quad4	3673	3674	3665	3664	
6511	Quad4	3682	3683	3674	3673	
6512	Quad4	3691	3692	3683	3682	
6513	Quad4	3700	3701	3692	3691	
6514	Quad4	3709	3710	3701	3700	
6515	Quad4	3718	3719	3710	3709	
6516	Quad4	3727	3728	3719	3718	
6517	Quad4	3736	3737	3728	3727	
6518	Quad4	3745	3746	3737	3736	
6519	Quad4	3754	3755	3746	3745	
6520	Quad4	3763	3764	3755	3754	
6521	Quad4	3772	3773	3764	3763	
6522	Quad4	3781	3782	3773	3772	
6523	Quad4	3790	3791	3782	3781	
6524	Quad4	3799	3800	3791	3790	
6525	Quad4	3808	3809	3800	3799	
6526	Quad4	3817	3818	3809	3808	
6527	Quad4	3826	3827	3818	3817	
6528	Quad4	3835	3836	3827	3826	
6529	Quad4	3844	3845	3836	3835	
6530	Quad4	3853	3854	3845	3844	
6531	Quad4	3862	3863	3854	3853	
6532	Quad4	3871	3872	3863	3862	
6533	Quad4	3880	3881	3872	3871	
6534	Quad4	3889	3890	3881	3880	
6535	Quad4	3898	3899	3890	3889	
6536	Quad4	3907	3908	3899	3898	
6537	Quad4	3916	3917	3908	3907	
6538	Quad4	3925	3926	3917	3916	
6539	Quad4	3934	3935	3926	3925	
6540	Quad4	3943	3944	3935	3934	
6541	Quad4	3952	3953	3944	3943	
6542	Quad4	3961	3962	3953	3952	
6543	Quad4	3970	3971	3962	3961	
6544	Quad4	3979	3980	3971	3970	
6545	Quad4	3988	3989	3980	3979	
6546	Quad4	3997	3998	3989	3988	
6547	Quad4	4006	4007	3998	3997	
6548	Quad4	4015	4016	4007	4006	
6549	Quad4	4024	4025	4016	4015	
6550	Quad4	4033	4034	4025	4024	
6551	Quad4	4042	4043	4034	4033	
6552	Quad4	4051	4052	4043	4042	
6553	Quad4	4060	4061	4052	4051	
6554	Quad4	4069	4070	4061	4060	
6555	Quad4	4078	4079	4070	4069	
6556	Quad4	4087	4088	4079	4078	
6557	Quad4	4096	4097	4088	4087	
6558	Quad4	4105	4106	4097	4096	
6559	Quad4	4114	4115	4106	4105	
6560	Quad4	4123	4124	4115	4114	
6561	Quad4	4132	4133	4124	4123	
6562	Quad4	4141	4142	4133	4132	
6563	Quad4	4150	4151	4142	4141	
6564	Quad4	4159	4160	4151	4150	
6565	Quad4	4168	4169	4160	4159	
6566	Quad4	4177	4178	4169	4168	
6567	Quad4	4186	4187	4178	4177	
6568	Quad4	4195	4196	4187	4186	
6569	Quad4	4204	4205	4196	4195	
6570	Quad4	4213	4214	4205	4204	
6571	Quad4	4222	4223	4214	4213	
6572	Quad4	4231	4232	4223	4222	
6573	Quad4	4240	4241	4232	4231	
6574	Quad4	4249	4250	4241	4240	
6575	Quad4	4258	4259	4250	4249	
6576	Quad4	4267	4268	4259	4258	
6577	Quad4	4276	4277	4268	4267	
6578	Quad4	4285	4286	4277	4276	
6579	Quad4	4294	4295	4286	4285	
6580	Quad4	4303	4304	4295	4294	
6581	Quad4	4312	4313	4304	4303	
6582	Quad4	4321	4322	4313	4312	
6583	Quad4	4330	4331	4322	4321	
6584	Quad4	4339	4340	4331	4330	
6585	Quad4	4348	4349	4340	4339	
6586	Quad4	4357	4358	4349	4348	
6587	Quad4	4366	4367	4358	4357	
6588	Quad4	4375	4376	4367	4366	
6589	Quad4	4384	4385	4376	4375	
6590	Quad4	4393	4394	4385	4384	
6591	Quad4	4402	4403	4394	4393	
6592	Quad4	4411	4412	4403	4402	
6593	Quad4	4420	4421	4412	4411	
6594	Quad4	4429	4430	4421	4420	
6595	Quad4	4438	4439	4430	4429	
6596	Quad4	4447	4448	4439	4438	
6597	Quad4	4456	4457	4448	4447	
6598	Quad4	4465	4466	4457	4456	
6599	Quad4	4474	4475	4466	4465	
6600	Quad4	4485	4484	4475	4474	
6601	Quad4	3413	3414	312	311	
6602	Quad4	3422	3423	3414	3413	
6603	Quad4	3431	3432	3423	3422	
6604	Quad4	3440	3441	3432	3431	
6605	Quad4	3449	3450	3441	3440	
6606	Quad4	3458	3459	3450	3449	
6607	Quad4	3467	3468	3459	3458	
6608	Quad4	3476	3477	3468	3467	
6609	Quad4	3485	3486	3477	3476	
6610	Quad4	3494	3495	3486	3485	
6611	Quad4	3503	3504	3495	3494	
6612	Quad4	3512	3513	3504	3503	
6613	Quad4	3521	3522	3513	3512	
6614	Quad4	3530	3531	3522	3521	
6615	Quad4	3539	3540	3531	3530	
6616	Quad4	3548	3549	3540	3539	
6617	Quad4	3557	3558	3549	3548	
6618	Quad4	3566	3567	3558	3557	
6619	Quad4	3575	3576	3567	3566	
6620	Quad4	3584	3585	3576	3575	
6621	Quad4	3593	3594	3585	3584	
6622	Quad4	3602	3603	3594	3593	
6623	Quad4	3611	3612	3603	3602	
6624	Quad4	3620	3621	3612	3611	
6625	Quad4	3629	3630	3621	3620	
6626	Quad4	3638	3639	3630	3629	
6627	Quad4	3647	3648	3639	3638	
6628	Quad4	3656	3657	3648	3647	
6629	Quad4	3665	3666	3657	3656	
6630	Quad4	3674	3675	3666	3665	
6631	Quad4	3683	3684	3675	3674	
6632	Quad4	3692	3693	3684	3683	
6633	Quad4	3701	3702	3693	3692	
6634	Quad4	3710	3711	3702	3701	
6635	Quad4	3719	3720	3711	3710	
6636	Quad4	3728	3729	3720	3719	
6637	Quad4	3737	3738	3729	3728	
6638	Quad4	3746	3747	3738	3737	
6639	Quad4	3755	3756	3747	3746	
6640	Quad4	3764	3765	3756	3755	
6641	Quad4	3773	3774	3765	3764	
6642	Quad4	3782	3783	3774	3773	
6643	Quad4	3791	3792	3783	3782	
6644	Quad4	3800	3801	3792	3791	
6645	Quad4	3809	3810	3801	3800	
6646	Quad4	3818	3819	3810	3809	
6647	Quad4	3827	3828	3819	3818	
6648	Quad4	3836	3837	3828	3827	
6649	Quad4	3845	3846	3837	3836	
6650	Quad4	3854	3855	3846	3845	
6651	Quad4	3863	3864	3855	3854	
6652	Quad4	3872	3873	3864	3863	
6653	Quad4	3881	3882	3873	3872	
6654	Quad4	3890	3891	3882	3881	
6655	Quad4	3899	3900	3891	3890	
6656	Quad4	3908	3909	3900	3899	
6657	Quad4	3917	3918	3909	3908	
6658	Quad4	3926	3927	3918	3917	
6659	Quad4	3935	3936	3927	3926	
6660	Quad4	3944	3945	3936	3935	
6661	Quad4	3953	3954	3945	3944	
6662	Quad4	3962	3963	3954	3953	
6663	Quad4	3971	3972	3963	3962	
6664	Quad4	3980	3981	3972	3971	
6665	Quad4	3989	3990	3981	3980	
6666	Quad4	3998	3999	3990	3989	
6667	Quad4	4007	4008	3999	3998	
6668	Quad4	4016	4017	4008	4007	
6669	Quad4	4025	4026	4017	4016	
6670	Quad4	4034	4035	4026	4025	
6671	Quad4	4043	4044	4035	4034	
6672	Quad4	4052	4053	4044	4043	
6673	Quad4	4061	4062	4053	4052	
6674	Quad4	4070	4071	4062	4061	
6675	Quad4	4079	4080	4071	4070	
6676	Quad4	4088	4089	4080	4079	
6677	Quad4	4097	4098	4089	4088	
6678	Quad4	4106	4107	4098	4097	
6679	Quad4	4115	4116	4107	4106	
6680	Quad4	4124	4125	4116	4115	
6681	Quad4	4133	4134	4125	4124	
6682	Quad4	4142	4143	4134	4133	
6683	Quad4	4151	4152	4143	4142	
6684	Quad4	4160	4161	4152	4151	
6685	Quad4	4169	4170	4161	4160	
6686	Quad4	4178	4179	4170	4169	
6687	Quad4	4187	4188	4179	4178	
6688	Quad4	4196	4197	4188	4187	
6689	Quad4	4205	4206	4197	4196	
6690	Quad4	4214	4215	4206	4205	
6691	Quad4	4223	4224	4215	4214	
6692	Quad4	4232	4233	4224	4223	
6693	Quad4	4241	4242	4233	4232	
6694	Quad4	4250	4251	4242	4241	
6695	Quad4	4259	4260	4251	4250	
6696	Quad4	4268	4269	4260	4259	
6697	Quad4	4277	4278	4269	4268	
6698	Quad4	4286	4287	4278	4277	
6699	Quad4	4295	4296	4287	4286	
6700	Quad4	4304	4305	4296	4295	
6701	Quad4	4313	4314	4305	4304	
6702	Quad4	4322	4323	4314	4313	
6703	Quad4	4331	4332	4323	4322	
6704	Quad4	4340	4341	4332	4331	
6705	Quad4	4349	4350	4341	4340	
6706	Quad4	4358	4359	4350	4349	
6707	Quad4	4367	4368	4359	4358	
6708	Quad4	4376	4377	4368	4367	
6709	Quad4	4385	4386	4377	4376	
6710	Quad4	4394	4395	4386	4385	
6711	Quad4	4403	4404	4395	4394	
6712	Quad4	4412	4413	4404	4403	
6713	Quad4	4421	4422	4413	4412	
6714	Quad4	4430	4431	4422	4421	
6715	Quad4	4439	4440	4431	4430	
6716	Quad4	4448	4449	4440	4439	
6717	Quad4	4457	4458	4449	4448	
6718	Quad4	4466	4467	4458	4457	
6719	Quad4	4475	4476	4467	4466	
6720	Quad4	4484	4483	4476	4475	
6721	Quad4	3414	3415	313	312	
6722	Quad4	3423	3424	3415	3414	
6723	Quad4	3432	3433	3424	3423	
6724	Quad4	3441	3442	3433	3432	
6725	Quad4	3450	3451	3442	3441	
6726	Quad4	3459	3460	3451	3450	
6727	Quad4	3468	3469	3460	3459	
6728	Quad4	3477	3478	3469	3468	
6729	Quad4	3486	3487	3478	3477	
6730	Quad4	3495	3496	3487	3486	
6731	Quad4	3504	3505	3496	3495	
6732	Quad4	3513	3514	3505	3504	
6733	Quad4	3522	3523	3514	3513	
6734	Quad4	3531	3532	3523	3522	
6735	Quad4	3540	3541	3532	3531	
6736	Quad4	3549	3550	3541	3540	
6737	Quad4	3558	3559	3550	3549	
6738	Quad4	3567	3568	3559	3558	
6739	Quad4	3576	3577	3568	3567	
6740	Quad4	3585	3586	3577	3576	
6741	Quad4	3594	3595	3586	3585	
6742	Quad4	3603	3604	3595	3594	
6743	Quad4	3612	3613	3604	3603	
6744	Quad4	3621	3622	3613	3612	
6745	Quad4	3630	3631	3622	3621	
6746	Quad4	3639	3640	3631	3630	
6747	Quad4	3648	3649	3640	3639	
6748	Quad4	3657	3658	3649	3648	
6749	Quad4	3666	3667	3658	3657	
6750	Quad4	3675	3676	3667	3666	
6751	Quad4	3684	3685	3676	3675	
6752	Quad4	3693	3694	3685	3684	
6753	Quad4	3702	3703	3694	3693	
6754	Quad4	3711	3712	3703	3702	
6755	Quad4	3720	3721	3712	3711	
6756	Quad4	3729	3730	3721	3720	
6757	Quad4	3738	3739	3730	3729	
6758	Quad4	3747	3748	3739	3738	
6759	Quad4	3756	3757	3748	3747	
6760	Quad4	3765	3766	3757	3756	
6761	Quad4	3774	3775	3766	3765	
6762	Quad4	3783	3784	3775	3774	
6763	Quad4	3792	3793	3784	3783	
6764	Quad4	3801	3802	3793	3792	
6765	Quad4	3810	3811	3802	3801	
6766	Quad4	3819	3820	3811	3810	
6767	Quad4	3828	3829	3820	3819	
6768	Quad4	3837	3838	3829	3828	
6769	Quad4	3846	3847	3838	3837	
6770	Quad4	3855	3856	3847	3846	
6771	Quad4	3864	3865	3856	3855	
6772	Quad4	3873	3874	3865	3864	
6773	Quad4	3882	3883	3874	3873	
6774	Quad4	3891	3892	3883	3882	
6775	Quad4	3900	3901	3892	3891	
6776	Quad4	3909	3910	3901	3900	
6777	Quad4	3918	3919	3910	3909	
6778	Quad4	3927	3928	3919	3918	
6779	Quad4	3936	3937	3928	3927	
6780	Quad4	3945	3946	3937	3936	
6781	Quad4	3954	3955	3946	3945	
6782	Quad4	3963	3964	3955	3954	
6783	Quad4	3972	3973	3964	3963	
6784	Quad4	3981	3982	3973	3972	
6785	Quad4	3990	3991	3982	3981	
6786	Quad4	3999	4000	3991	3990	
6787	Quad4	4008	4009	4000	3999	
6788	Quad4	4017	4018	4009	4008	
6789	Quad4	4026	4027	4018	4017	
6790	Quad4	4035	4036	4027	4026	
6791	Quad4	4044	4045	4036	4035	
6792	Quad4	4053	4054	4045	4044	
6793	Quad4	4062	4063	4054	4053	
6794	Quad4	4071	4072	4063	4062	
6795	Quad4	4080	4081	4072	4071	
6796	Quad4	4089	4090	4081	4080	
6797	Quad4	4098	4099	4090	4089	
6798	Quad4	4107	4108	4099	4098	
6799	Quad4	4116	4117	4108	4107	
6800	Quad4	4125	4126	4117	4116	
6801	Quad4	4134	4135	4126	4125	
6802	Quad4	4143	4144	4135	4134	
6803	Quad4	4152	4153	4144	4143	
6804	Quad4	4161	4162	4153	4152	
6805	Quad4	4170	4171	4162	4161	
6806	Quad4	4179	4180	4171	4170	
6807	Quad4	4188	4189	4180	4179	
6808	Quad4	4197	4198	4189	4188	
6809	Quad4	4206	4207	4198	4197	
6810	Quad4	4215	4216	4207	4206	
6811	Quad4	4224	4225	4216	4215	
6812	Quad4	4233	4234	4225	4224	
6813	Quad4	4242	4243	4234	4233	
6814	Quad4	4251	4252	4243	4242	
6815	Quad4	4260	4261	4252	4251	
6816	Quad4	4269	4270	4261	4260	
6817	Quad4	4278	4279	4270	4269	
6818	Quad4	4287	4288	4279	4278	
6819	Quad4	4296	4297	4288	4287	
6820	Quad4	4305	4306	4297	4296	
6821	Quad4	4314	4315	4306	4305	
6822	Quad4	4323	4324	4315	4314	
6823	Quad4	4332	4333	4324	4323	
6824	Quad4	4341	4342	4333	4332	
6825	Quad4	4350	4351	4342	4341	
6826	Quad4	4359	4360	4351	4350	
6827	Quad4	4368	4369	4360	4359	
6828	Quad4	4377	4378	4369	4368	
6829	Quad4	4386	4387	4378	4377	
6830	Quad4	4395	4396	4387	4386	
6831	Quad4	4404	4405	4396	4395	
6832	Quad4	4413	4414	4405	4404	
6833	Quad4	4422	4423	4414	4413	
6834	Quad4	4431	4432	4423	4422	
6835	Quad4	4440	4441	4432	4431	
6836	Quad4	4449	4450	4441	4440	
6837	Quad4	4458	4459	4450	4449	
6838	Quad4	4467	4468	4459	4458	
6839	Quad4	4476	4477	4468	4467	
6840	Quad4	4483	4482	4477	4476	
6841	Quad4	3415	3416	314	313	
6842	Quad4	3424	3425	3416	3415	
6843	Quad4	3433	3434	3425	3424	
6844	Quad4	3442	3443	3434	3433	
6845	Quad4	3451	3452	3443	3442	
6846	Quad4	3460	3461	3452	3451	
6847	Quad4	3469	3470	3461	3460	
6848	Quad4	3478	3479	3470	3469	
6849	Quad4	3487	3488	3479	3478	
6850	Quad4	3496	3497	3488	3487	
6851	Quad4	3505	3506	3497	3496	
6852	Quad4	3514	3515	3506	3505	
6853	Quad4	3523	3524	3515	3514	
6854	Quad4	3532	3533	3524	3523	
6855	Quad4	3541	3542	3533	3532	
6856	Quad4	3550	3551	3542	3541	
6857	Quad4	3559	3560	3551	3550	
6858	Quad4	3568	3569	3560	3559	
6859	Quad4	3577	3578	3569	3568	
6860	Quad4	3586	3587	3578	3577	
6861	Quad4	3595	3596	3587	3586	
6862	Quad4	3604	3605	3596	3595	
6863	Quad4	3613	3614	3605	3604	
6864	Quad4	3622	3623	3614	3613	
6865	Quad4	3631	3632	3623	3622	
6866	Quad4	3640	3641	3632	3631	
6867	Quad4	3649	3650	3641	3640	
6868	Quad4	3658	3659	3650	3649	
6869	Quad4	3667	3668	3659	3658	
6870	Quad4	3676	3677	3668	3667	
6871	Quad4	3685	3686	3677	3676	
6872	Quad4	3694	3695	3686	3685	
6873	Quad4	3703	3704	3695	3694	
6874	Quad4	3712	3713	3704	3703	
6875	Quad4	3721	3722	3713	3712	
6876	Quad4	3730	3731	3722	3721	
6877	Quad4	3739	3740	3731	3730	
6878	Quad4	3748	3749	3740	3739	
6879	Quad4	3757	3758	3749	3748	
6880	Quad4	3766	3767	3758	3757	
6881	Quad4	3775	3776	3767	3766	
6882	Quad4	3784	3785	3776	3775	
6883	Quad4	3793	3794	3785	3784	
6884	Quad4	3802	3803	3794	3793	
6885	Quad4	3811	3812	3803	3802	
6886	Quad4	3820	3821	3812	3811	
6887	Quad4	3829	3830	3821	3820	
6888	Quad4	3838	3839	3830	3829	
6889	Quad4	3847	3848	3839	3838	
6890	Quad4	3856	3857	3848	3847	
6891	Quad4	3865	3866	3857	3856	
6892	Quad4	3874	3875	3866	3865	
6893	Quad4	3883	3884	3875	3874	
6894	Quad4	3892	3893	3884	3883	
6895	Quad4	3901	3902	3893	3892	
6896	Quad4	3910	3911	3902	3901	
6897	Quad4	3919	3920	3911	3910	
6898	Quad4	3928	3929	3920	3919	
6899	Quad4	3937	3938	3929	3928	
6900	Quad4	3946	3947	3938	3937	
6901	Quad4	3955	3956	3947	3946	
6902	Quad4	3964	3965	3956	3955	
6903	Quad4	3973	3974	3965	3964	
6904	Quad4	3982	3983	3974	3973	
6905	Quad4	3991	3992	3983	3982	
6906	Quad4	4000	4001	3992	3991	
6907	Quad4	4009	4010	4001	4000	
6908	Quad4	4018	4019	4010	4009	
6909	Quad4	4027	4028	4019	4018	
6910	Quad4	4036	4037	4028	4027	
6911	Quad4	4045	4046	4037	4036	
6912	Quad4	4054	4055	4046	4045	
6913	Quad4	4063	4064	4055	4054	
6914	Quad4	4072	4073	4064	4063	
6915	Quad4	4081	4082	4073	4072	
6916	Quad4	4090	4091	4082	4081	
6917	Quad4	4099	4100	4091	4090	
6918	Quad4	4108	4109	4100	4099	
6919	Quad4	4117	4118	4109	4108	
6920	Quad4	4126	4127	4118	4117	
6921	Quad4	4135	4136	4127	4126	
6922	Quad4	4144	4145	4136	4135	
6923	Quad4	4153	4154	4145	4144	
6924	Quad4	4162	4163	4154	4153	
6925	Quad4	4171	4172	4163	4162	
6926	Quad4	4180	4181	4172	4171	
6927	Quad4	4189	4190	4181	4180	
6928	Quad4	4198	4199	4190	4189	
6929	Quad4	4207	4208	4199	4198	
6930	Quad4	4216	4217	4208	4207	
6931	Quad4	4225	4226	4217	4216	
6932	Quad4	4234	4235	4226	4225	
6933	Quad4	4243	4244	4235	4234	
6934	Quad4	4252	4253	4244	4243	
6935	Quad4	4261	4262	4253	4252	
6936	Quad4	4270	4271	4262	4261	
6937	Quad4	4279	4280	4271	4270	
6938	Quad4	4288	4289	4280	4279	
6939	Quad4	4297	4298	4289	4288	
6940	Quad4	4306	4307	4298	4297	
6941	Quad4	4315	4316	4307	4306	
6942	Quad4	4324	4325	4316	4315	
6943	Quad4	4333	4334	4325	4324	
6944	Quad4	4342	4343	4334	4333	
6945	Quad4	4351	4352	4343	4342	
6946	Quad4	4360	4361	4352	4351	
6947	Quad4	4369	4370	4361	4360	
6948	Quad4	4378	4379	4370	4369	
6949	Quad4	4387	4388	4379	4378	
6950	Quad4	4396	4397	4388	4387	
6951	Quad4	4405	4406	4397	4396	
6952	Quad4	4414	4415	4406	4405	
6953	Quad4	4423	4424	4415	4414	
6954	Quad4	4432	4433	4424	4423	
6955	Quad4	4441	4442	4433	4432	
6956	Quad4	4450	4451	4442	4441	
6957	Quad4	4459	4460	4451	4450	
6958	Quad4	4468	4469	4460	4459	
6959	Quad4	4477	4478	4469	4468	
6960	Quad4	4482	4481	4478	4477	
6961	Quad4	3416	3417	315	314	
6962	Quad4	3425	3426	3417	3416	
6963	Quad4	3434	3435	3426	3425	
6964	Quad4	3443	3444	3435	3434	
6965	Quad4	3452	3453	3444	3443	
6966	Quad4	3461	3462	3453	3452	
6967	Quad4	3470	3471	3462	3461	
6968	Quad4	3479	3480	3471	3470	
6969	Quad4	3488	3489	3480	3479	
6970	Quad4	3497	3498	3489	3488	
6971	Quad4	3506	3507	3498	3497	
6972	Quad4	3515	3516	3507	3506	
6973	Quad4	3524	3525	3516	3515	
6974	Quad4	3533	3534	3525	3524	
6975	Quad4	3542	3543	3534	3533	
6976	Quad4	3551	3552	3543	3542	
6977	Quad4	3560	3561	3552	3551	
6978	Quad4	3569	3570	3561	3560	
6979	Quad4	3578	3579	3570	3569	
6980	Quad4	3587	3588	3579	3578	
6981	Quad4	3596	3597	3588	3587	
6982	Quad4	3605	3606	3597	3596	
6983	Quad4	3614	3615	3606	3605	
6984	Quad4	3623	3624	3615	3614	
6985	Quad4	3632	3633	3624	3623	
6986	Quad4	3641	3642	3633	3632	
6987	Quad4	3650	3651	3642	3641	
6988	Quad4	3659	3660	3651	3650	
6989	Quad4	3668	3669	3660	3659	
6990	Quad4	3677	3678	3669	3668	
6991	Quad4	3686	3687	3678	3677	
6992	Quad4	3695	3696	3687	3686	
6993	Quad4	3704	3705	3696	3695	
6994	Quad4	3713	3714	3705	3704	
6995	Quad4	3722	3723	3714	3713	
6996	Quad4	3731	3732	3723	3722	
6997	Quad4	3740	3741	3732	3731	
6998	Quad4	3749	3750	3741	3740	
6999	Quad4	3758	3759	3750	3749	
7000	Quad4	3767	3768	3759	3758	
7001	Quad4	3776	3777	3768	3767	
7002	Quad4	3785	3786	3777	3776	
7003	Quad4	3794	3795	3786	3785	
7004	Quad4	3803	3804	3795	3794	
7005	Quad4	3812	3813	3804	3803	
7006	Quad4	3821	3822	3813	3812	
7007	Quad4	3830	3831	3822	3821	
7008	Quad4	3839	3840	3831	3830	
7009	Quad4	3848	3849	3840	3839	
7010	Quad4	3857	3858	3849	3848	
7011	Quad4	3866	3867	3858	3857	
7012	Quad4	3875	3876	3867	3866	
7013	Quad4	3884	3885	3876	3875	
7014	Quad4	3893	3894	3885	3884	
7015	Quad4	3902	3903	3894	3893	
7016	Quad4	3911	3912	3903	3902	
7017	Quad4	3920	3921	3912	3911	
7018	Quad4	3929	3930	3921	3920	
7019	Quad4	3938	3939	3930	3929	
7020	Quad4	3947	3948	3939	3938	
7021	Quad4	3956	3957	3948	3947	
7022	Quad4	3965	3966	3957	3956	
7023	Quad4	3974	3975	3966	3965	
7024	Quad4	3983	3984	3975	3974	
7025	Quad4	3992	3993	3984	3983	
7026	Quad4	4001	4002	3993	3992	
7027	Quad4	4010	4011	4002	4001	
7028	Quad4	4019	4020	4011	4010	
7029	Quad4	4028	4029	4020	4019	
7030	Quad4	4037	4038	4029	4028	
7031	Quad4	4046	4047	4038	4037	
7032	Quad4	4055	4056	4047	4046	
7033	Quad4	4064	4065	4056	4055	
7034	Quad4	4073	4074	4065	4064	
7035	Quad4	4082	4083	4074	4073	
7036	Quad4	4091	4092	4083	4082	
7037	Quad4	4100	4101	4092	4091	
7038	Quad4	4109	4110	4101	4100	
7039	Quad4	4118	4119	4110	4109	
7040	Quad4	4127	4128	4119	4118	
7041	Quad4	4136	4137	4128	4127	
7042	Quad4	4145	4146	4137	4136	
7043	Quad4	4154	4155	4146	4145	
7044	Quad4	4163	4164	4155	4154	
7045	Quad4	4172	4173	4164	4163	
7046	Quad4	4181	4182	4173	4172	
7047	Quad4	4190	4191	4182	4181	
7048	Quad4	4199	4200	4191	4190	
7049	Quad4	4208	4209	4200	4199	
7050	Quad4	4217	4218	4209	4208	
7051	Quad4	4226	4227	4218	4217	
7052	Quad4	4235	4236	4227	4226	
7053	Quad4	4244	4245	4236	4235	
7054	Quad4	4253	4254	4245	4244	
7055	Quad4	4262	4263	4254	4253	
7056	Quad4	4271	4272	4263	4262	
7057	Quad4	4280	4281	4272	4271	
7058	Quad4	4289	4290	4281	4280	
7059	Quad4	4298	4299	4290	4289	
7060	Quad4	4307	4308	4299	4298	
7061	Quad4	4316	4317	4308	4307	
7062	Quad4	4325	4326	4317	4316	
7063	Quad4	4334	4335	4326	4325	
7064	Quad4	4343	4344	4335	4334	
7065	Quad4	4352	4353	4344	4343	
7066	Quad4	4361	4362	4353	4352	
7067	Quad4	4370	4371	4362	4361	
7068	Quad4	4379	4380	4371	4370	
7069	Quad4	4388	4389	4380	4379	
7070	Quad4	4397	4398	4389	4388	
7071	Quad4	4406	4407	4398	4397	
7072	Quad4	4415	4416	4407	4406	
7073	Quad4	4424	4425	4416	4415	
7074	Quad4	4433	4434	4425	4424	
7075	Quad4	4442	4443	4434	4433	
7076	Quad4	4451	4452	4443	4442	
7077	Quad4	4460	4461	4452	4451	
7078	Quad4	4469	4470	4461	4460	
7079	Quad4	4478	4479	4470	4469	
7080	Quad4	4481	4480	4479	4478	
7081	Quad4	3417	4726	11	315	
7082	Quad4	3426	4725	4726	3417	
7083	Quad4	3435	4724	4725	3426	
7084	Quad4	3444	4723	4724	3435	
7085	Quad4	3453	4722	4723	3444	
7086	Quad4	3462	4721	4722	3453	
7087	Quad4	3471	4720	4721	3462	
7088	Quad4	3480	4719	4720	3471	
7089	Quad4	3489	4718	4719	3480	
7090	Quad4	3498	4717	4718	3489	
7091	Quad4	3507	4716	4717	3498	
7092	Quad4	3516	4715	4716	3507	
7093	Quad4	3525	4714	4715	3516	
7094	Quad4	3534	4713	4714	3525	
7095	Quad4	3543	4712	4713	3534	
7096	Quad4	3552	4711	4712	3543	
7097	Quad4	3561	4710	4711	3552	
7098	Quad4	3570	4709	4710	3561	
7099	Quad4	3579	4708	4709	3570	
7100	Quad4	3588	4707	4708	3579	
7101	Quad4	3597	4706	4707	3588	
7102	Quad4	3606	4705	4706	3597	
7103	Quad4	3615	4704	4705	3606	
7104	Quad4	3624	4703	4704	3615	
7105	Quad4	3633	4702	4703	3624	
7106	Quad4	3642	4701	4702	3633	
7107	Quad4	3651	4700	4701	3642	
7108	Quad4	3660	4699	4700	3651	
7109	Quad4	3669	4698	4699	3660	
7110	Quad4	3678	4697	4698	3669	
7111	Quad4	3687	4696	4697	3678	
7112	Quad4	3696	4695	4696	3687	
7113	Quad4	3705	4694	4695	3696	
7114	Quad4	3714	4693	4694	3705	
7115	Quad4	3723	4692	4693	3714	
7116	Quad4	3732	4691	4692	3723	
7117	Quad4	3741	4690	4691	3732	
7118	Quad4	3750	4689	4690	3741	
7119	Quad4	3759	4688	4689	3750	
7120	Quad4	3768	4687	4688	3759	
7121	Quad4	3777	4686	4687	3768	
7122	Quad4	3786	4685	4686	3777	
7123	Quad4	3795	4684	4685	3786	
7124	Quad4	3804	4683	4684	3795	
7125	Quad4	3813	4682	4683	3804	
7126	Quad4	3822	4681	4682	3813	
7127	Quad4	3831	4680	4681	3822	
7128	Quad4	3840	4679	4680	3831	
7129	Quad4	3849	4678	4679	3840	
7130	Quad4	3858	4677	4678	3849	
7131	Quad4	3867	4676	4677	3858	
7132	Quad4	3876	4675	4676	3867	
7133	Quad4	3885	4674	4675	3876	
7134	Quad4	3894	4673	4674	3885	
7135	Quad4	3903	4672	4673	3894	
7136	Quad4	3912	4671	4672	3903	
7137	Quad4	3921	4670	4671	3912	
7138	Quad4	3930	4669	4670	3921	
7139	Quad4	3939	4668	4669	3930	
7140	Quad4	3948	4667	4668	3939	
7141	Quad4	3957	4666	4667	3948	
7142	Quad4	3966	4665	4666	3957	
7143	Quad4	3975	4664	4665	3966	
7144	Quad4	3984	4663	4664	3975	
7145	Quad4	3993	4662	4663	3984	
7146	Quad4	4002	4661	4662	3993	
7147	Quad4	4011	4660	4661	4002	
7148	Quad4	4020	4659	4660	4011	
7149	Quad4	4029	4658	4659	4020	
7150	Quad4	4038	4657	4658	4029	
7151	Quad4	4047	4656	4657	4038	
7152	Quad4	4056	4655	4656	4047	
7153	Quad4	4065	4654	4655	4056	
7154	Quad4	4074	4653	4654	4065	
7155	Quad4	4083	4652	4653	4074	
7156	Quad4	4092	4651	4652	4083	
7157	Quad4	4101	4650	4651	4092	
7158	Quad4	4110	4649	4650	4101	
7159	Quad4	4119	4648	4649	4110	
7160	Quad4	4128	4647	4648	4119	
7161	Quad4	4137	4646	4647	4128	
7162	Quad4	4146	4645	4646	4137	
7163	Quad4	4155	4644	4645	4146	
7164	Quad4	4164	4643	4644	4155	
7165	Quad4	4173	4642	4643	4164	
7166	Quad4	4182	4641	4642	4173	
7167	Quad4	4191	4640	4641	4182	
7168	Quad4	4200	4639	4640	4191	
7169	Quad4	4209	4638	4639	4200	
7170	Quad4	4218	4637	4638	4209	
7171	Quad4	4227	4636	4637	4218	
7172	Quad4	4236	4635	4636	4227	
7173	Quad4	4245	4634	4635	4236	
7174	Quad4	4254	4633	4634	4245	
7175	Quad4	4263	4632	4633	4254	
7176	Quad4	4272	4631	4632	4263	
7177	Quad4	4281	4630	4631	4272	
7178	Quad4	4290	4629	4630	4281	
7179	Quad4	4299	4628	4629	4290	
7180	Quad4	4308	4627	4628	4299	
7181	Quad4	4317	4626	4627	4308	
7182	Quad4	4326	4625	4626	4317	
7183	Quad4	4335	4624	4625	4326	
7184	Quad4	4344	4623	4624	4335	
7185	Quad4	4353	4622	4623	4344	
7186	Quad4	4362	4621	4622	4353	
7187	Quad4	4371	4620	4621	4362	
7188	Quad4	4380	4619	4620	4371	
7189	Quad4	4389	4618	4619	4380	
7190	Quad4	4398	4617	4618	4389	
7191	Quad4	4407	4616	4617	4398	
7192	Quad4	4416	4615	4616	4407	
7193	Quad4	4425	4614	4615	4416	
7194	Quad4	4434	4613	4614	4425	
7195	Quad4	4443	4612	4613	4434	
7196	Quad4	4452	4611	4612	4443	
7197	Quad4	4461	4610	4611	4452	
7198	Quad4	4470	4609	4610	4461	
7199	Quad4	4479	4608	4609	4470	
7200	Quad4	4480	12	4608	4479	
7201	Quad4	10723	10732	10404	3	
7202	Quad4	10724	10761	10732	10723	
7203	Quad4	10725	10790	10761	10724	
7204	Quad4	10726	10819	10790	10725	
7205	Quad4	10727	10848	10819	10726	
7206	Quad4	10728	10877	10848	10727	
7207	Quad4	10729	10906	10877	10728	
7208	Quad4	10730	10935	10906	10729	
7209	Quad4	10731	10964	10935	10730	
7210	Quad4	4	11021	10964	10731	
7211	Quad4	10732	10733	10405	10404	
7212	Quad4	10761	10762	10733	10732	
7213	Quad4	10790	10791	10762	10761	
7214	Quad4	10819	10820	10791	10790	
7215	Quad4	10848	10849	10820	10819	
7216	Quad4	10877	10878	10849	10848	
7217	Quad4	10906	10907	10878	10877	
7218	Quad4	10935	10936	10907	10906	
7219	Quad4	10964	10965	10936	10935	
7220	Quad4	11021	11020	10965	10964	
7221	Quad4	10733	10734	10406	10405	
7222	Quad4	10762	10763	10734	10733	
7223	Quad4	10791	10792	10763	10762	
7224	Quad4	10820	10821	10792	10791	
7225	Quad4	10849	10850	10821	10820	
7226	Quad4	10878	10879	10850	10849	
7227	Quad4	10907	10908	10879	10878	
7228	Quad4	10936	10937	10908	10907	
7229	Quad4	10965	10966	10937	10936	
7230	Quad4	11020	11019	10966	10965	
7231	Quad4	10734	10735	10407	10406	
7232	Quad4	10763	10764	10735	10734	
7233	Quad4	10792	10793	10764	10763	
7234	Quad4	10821	10822	10793	10792	
7235	Quad4	10850	10851	10822	10821	
7236	Quad4	10879	10880	10851	10850	
7237	Quad4	10908	10909	10880	10879	
7238	Quad4	10937	10938	10909	10908	
7239	Quad4	10966	10967	10938	10937	
7240	Quad4	11019	11018	10967	10966	
7241	Quad4	10735	10736	10408	10407	
7242	Quad4	10764	10765	10736	10735	
7243	Quad4	10793	10794	10765	10764	
7244	Quad4	10822	10823	10794	10793	
7245	Quad4	10851	10852	10823	10822	
7246	Quad4	10880	10881	10852	10851	
7247	Quad4	10909	10910	10881	10880	
7248	Quad4	10938	10939	10910	10909	
7249	Quad4	10967	10968	10939	10938	
7250	Quad4	11018	11017	10968	10967	
7251	Quad4	10736	10737	10409	10408	
7252	Quad4	10765	10766	10737	10736	
7253	Quad4	10794	10795	10766	10765	
7254	Quad4	10823	10824	10795	10794	
7255	Quad4	10852	10853	10824	10823	
7256	Quad4	10881	10882	10853	10852	
7257	Quad4	10910	10911	10882	10881	
7258	Quad4	10939	10940	10911	10910	
7259	Quad4	10968	10969	10940	10939	
7260	Quad4	11017	11016	10969	10968	
7261	Quad4	10737	10738	10410	10409	
7262	Quad4	10766	10767	10738	10737	
7263	Quad4	10795	10796	10767	10766	
7264	Quad4	10824	10825	10796	10795	
7265	Quad4	10853	10854	10825	10824	
7266	Quad4	10882	10883	10854	10853	
7267	Quad4	10911	10912	10883	10882	
7268	Quad4	10940	10941	10912	10911	
7269	Quad4	10969	10970	10941	10940	
7270	Quad4	11016	11015	10970	10969	
7271	Quad4	10738	10739	10411	10410	
7272	Quad4	10767	10768	10739	10738	
7273	Quad4	10796	10797	10768	10767	
7274	Quad4	10825	10826	10797	10796	
7275	Quad4	10854	10855	10826	10825	
7276	Quad4	10883	10884	10855	10854	
7277	Quad4	10912	10913	10884	10883	
7278	Quad4	10941	10942	10913	10912	
7279	Quad4	10970	10971	10942	10941	
7280	Quad4	11015	11014	10971	10970	
7281	Quad4	10739	10740	10412	10411	
7282	Quad4	10768	10769	10740	10739	
7283	Quad4	10797	10798	10769	10768	
7284	Quad4	10826	10827	10798	10797	
7285	Quad4	10855	10856	10827	10826	
7286	Quad4	10884	10885	10856	10855	
7287	Quad4	10913	10914	10885	10884	
7288	Quad4	10942	10943	10914	10913	
7289	Quad4	10971	10972	10943	10942	
7290	Quad4	11014	11013	10972	10971	
7291	Quad4	10740	10741	10413	10412	
7292	Quad4	10769	10770	10741	10740	
7293	Quad4	10798	10799	10770	10769	
7294	Quad4	10827	10828	10799	10798	
7295	Quad4	10856	10857	10828	10827	
7296	Quad4	10885	10886	10857	10856	
7297	Quad4	10914	10915	10886	10885	
7298	Quad4	10943	10944	10915	10914	
7299	Quad4	10972	10973	10944	10943	
7300	Quad4	11013	11012	10973	10972	
7301	Quad4	10741	10742	10414	10413	
7302	Quad4	10770	10771	10742	10741	
7303	Quad4	10799	10800	10771	10770	
7304	Quad4	10828	10829	10800	10799	
7305	Quad4	10857	10858	10829	10828	
7306	Quad4	10886	10887	10858	10857	
7307	Quad4	10915	10916	10887	10886	
7308	Quad4	10944	10945	10916	10915	
7309	Quad4	10973	10974	10945	10944	
7310	Quad4	11012	11011	10974	10973	
7311	Quad4	10742	10743	10415	10414	
7312	Quad4	10771	10772	10743	10742	
7313	Quad4	10800	10801	10772	10771	
7314	Quad4	10829	10830	10801	10800	
7315	Quad4	10858	10859	10830	10829	
7316	Quad4	10887	10888	10859	10858	
7317	Quad4	10916	10917	10888	10887	
7318	Quad4	10945	10946	10917	10916	
7319	Quad4	10974	10975	10946	10945	
7320	Quad4	11011	11010	10975	10974	
7321	Quad4	10743	10744	10416	10415	
7322	Quad4	10772	10773	10744	10743	
7323	Quad4	10801	10802	10773	10772	
7324	Quad4	10830	10831	10802	10801	
7325	Quad4	10859	10860	10831	10830	
7326	Quad4	10888	10889	10860	10859	
7327	Quad4	10917	10918	10889	10888	
7328	Quad4	10946	10947	10918	10917	
7329	Quad4	10975	10976	10947	10946	
7330	Quad4	11010	11009	10976	10975	
7331	Quad4	10744	10745	10417	10416	
7332	Quad4	10773	10774	10745	10744	
7333	Quad4	10802	10803	10774	10773	
7334	Quad4	10831	10832	10803	10802	
7335	Quad4	10860	10861	10832	10831	
7336	Quad4	10889	10890	10861	10860	
7337	Quad4	10918	10919	10890	10889	
7338	Quad4	10947	10948	10919	10918	
7339	Quad4	10976	10977	10948	10947	
7340	Quad4	11009	11008	10977	10976	
7341	Quad4	10745	10746	10418	10417	
7342	Quad4	10774	10775	10746	10745	
7343	Quad4	10803	10804	10775	10774	
7344	Quad4	10832	10833	10804	10803	
7345	Quad4	10861	10862	10833	10832	
7346	Quad4	10890	10891	10862	10861	
7347	Quad4	10919	10920	10891	10890	
7348	Quad4	10948	10949	10920	10919	
7349	Quad4	10977	10978	10949	10948	
7350	Quad4	11008	11007	10978	10977	
7351	Quad4	10746	10747	10419	10418	
7352	Quad4	10775	10776	10747	10746	
7353	Quad4	10804	10805	10776	10775	
7354	Quad4	10833	10834	10805	10804	
7355	Quad4	10862	10863	10834	10833	
7356	Quad4	10891	10892	10863	10862	
7357	Quad4	10920	10921	10892	10891	
7358	Quad4	10949	10950	10921	10920	
7359	Quad4	10978	10979	10950	10949	
7360	Quad4	11007	11006	10979	10978	
7361	Quad4	10747	10748	10420	10419	
7362	Quad4	10776	10777	10748	10747	
7363	Quad4	10805	10806	10777	10776	
7364	Quad4	10834	10835	10806	10805	
7365	Quad4	10863	10864	10835	10834	
7366	Quad4	10892	10893	10864	10863	
7367	Quad4	10921	10922	10893	10892	
7368	Quad4	10950	10951	10922	10921	
7369	Quad4	10979	10980	10951	10950	
7370	Quad4	11006	11005	10980	10979	
7371	Quad4	10748	10749	10421	10420	
7372	Quad4	10777	10778	10749	10748	
7373	Quad4	10806	10807	10778	10777	
7374	Quad4	10835	10836	10807	10806	
7375	Quad4	10864	10865	10836	10835	
7376	Quad4	10893	10894	10865	10864	
7377	Quad4	10922	10923	10894	10893	
7378	Quad4	10951	10952	10923	10922	
7379	Quad4	10980	10981	10952	10951	
7380	Quad4	11005	11004	10981	10980	
7381	Quad4	10749	10750	10422	10421	
7382	Quad4	10778	10779	10750	10749	
7383	Quad4	10807	10808	10779	10778	
7384	Quad4	10836	10837	10808	10807	
7385	Quad4	10865	10866	10837	10836	
7386	Quad4	10894	10895	10866	10865	
7387	Quad4	10923	10924	10895	10894	
7388	Quad4	10952	10953	10924	10923	
7389	Quad4	10981	10982	10953	10952	
7390	Quad4	11004	11003	10982	10981	
7391	Quad4	10750	10751	10423	10422	
7392	Quad4	10779	10780	10751	10750	
7393	Quad4	10808	10809	10780	10779	
7394	Quad4	10837	10838	10809	10808	
7395	Quad4	10866	10867	10838	10837	
7396	Quad4	10895	10896	10867	10866	
7397	Quad4	10924	10925	10896	10895	
7398	Quad4	10953	10954	10925	10924	
7399	Quad4	10982	10983	10954	10953	
7400	Quad4	11003	11002	10983	10982	
7401	Quad4	10751	10752	10424	10423	
7402	Quad4	10780	10781	10752	10751	
7403	Quad4	10809	10810	10781	10780	
7404	Quad4	10838	10839	10810	10809	
7405	Quad4	10867	10868	10839	10838	
7406	Quad4	10896	10897	10868	10867	
7407	Quad4	10925	10926	10897	10896	
7408	Quad4	10954	10955	10926	10925	
7409	Quad4	10983	10984	10955	10954	
7410	Quad4	11002	11001	10984	10983	
7411	Quad4	10752	10753	10425	10424	
7412	Quad4	10781	10782	10753	10752	
7413	Quad4	10810	10811	10782	10781	
7414	Quad4	10839	10840	10811	10810	
7415	Quad4	10868	10869	10840	10839	
7416	Quad4	10897	10898	10869	10868	
7417	Quad4	10926	10927	10898	10897	
7418	Quad4	10955	10956	10927	10926	
7419	Quad4	10984	10985	10956	10955	
7420	Quad4	11001	11000	10985	10984	
7421	Quad4	10753	10754	10426	10425	
7422	Quad4	10782	10783	10754	10753	
7423	Quad4	10811	10812	10783	10782	
7424	Quad4	10840	10841	10812	10811	
7425	Quad4	10869	10870	10841	10840	
7426	Quad4	10898	10899	10870	10869	
7427	Quad4	10927	10928	10899	10898	
7428	Quad4	10956	10957	10928	10927	
7429	Quad4	10985	10986	10957	10956	
7430	Quad4	11000	10999	10986	10985	
7431	Quad4	10754	10755	10427	10426	
7432	Quad4	10783	10784	10755	10754	
7433	Quad4	10812	10813	10784	10783	
7434	Quad4	10841	10842	10813	10812	
7435	Quad4	10870	10871	10842	10841	
7436	Quad4	10899	10900	10871	10870	
7437	Quad4	10928	10929	10900	10899	
7438	Quad4	10957	10958	10929	10928	
7439	Quad4	10986	10987	10958	10957	
7440	Quad4	10999	10998	10987	10986	
7441	Quad4	10755	10756	10428	10427	
7442	Quad4	10784	10785	10756	10755	
7443	Quad4	10813	10814	10785	10784	
7444	Quad4	10842	10843	10814	10813	
7445	Quad4	10871	10872	10843	10842	
7446	Quad4	10900	10901	10872	10871	
7447	Quad4	10929	10930	10901	10900	
7448	Quad4	10958	10959	10930	10929	
7449	Quad4	10987	10988	10959	10958	
7450	Quad4	10998	10997	10988	10987	
7451	Quad4	10756	10757	10429	10428	
7452	Quad4	10785	10786	10757	10756	
7453	Quad4	10814	10815	10786	10785	
7454	Quad4	10843	10844	10815	10814	
7455	Quad4	10872	10873	10844	10843	
7456	Quad4	10901	10902	10873	10872	
7457	Quad4	10930	10931	10902	10901	
7458	Quad4	10959	10960	10931	10930	
7459	Quad4	10988	10989	10960	10959	
7460	Quad4	10997	10996	10989	10988	
7461	Quad4	10757	10758	10430	10429	
7462	Quad4	10786	10787	10758	10757	
7463	Quad4	10815	10816	10787	10786	
7464	Quad4	10844	10845	10816	10815	
7465	Quad4	10873	10874	10845	10844	
7466	Quad4	10902	10903	10874	10873	
7467	Quad4	10931	10932	10903	10902	
7468	Quad4	10960	10961	10932	10931	
7469	Quad4	10989	10990	10961	10960	
7470	Quad4	10996	10995	10990	10989	
7471	Quad4	10758	10759	10431	10430	
7472	Quad4	10787	10788	10759	10758	
7473	Quad4	10816	10817	10788	10787	
7474	Quad4	10845	10846	10817	10816	
7475	Quad4	10874	10875	10846	10845	
7476	Quad4	10903	10904	10875	10874	
7477	Quad4	10932	10933	10904	10903	
7478	Quad4	10961	10962	10933	10932	
7479	Quad4	10990	10991	10962	10961	
7480	Quad4	10995	10994	10991	10990	
7481	Quad4	10759	10760	10432	10431	
7482	Quad4	10788	10789	10760	10759	
7483	Quad4	10817	10818	10789	10788	
7484	Quad4	10846	10847	10818	10817	
7485	Quad4	10875	10876	10847	10846	
7486	Quad4	10904	10905	10876	10875	
7487	Quad4	10933	10934	10905	10904	
7488	Quad4	10962	10963	10934	10933	
7489	Quad4	10991	10992	10963	10962	
7490	Quad4	10994	10993	10992	10991	
7491	Quad4	10760	11022	1	10432	
7492	Quad4	10789	11023	11022	10760	
7493	Quad4	10818	11024	11023	10789	
7494	Quad4	10847	11025	11024	10818	
7495	Quad4	10876	11026	11025	10847	
7496	Quad4	10905	11027	11026	10876	
7497	Quad4	10934	11028	11027	10905	
7498	Quad4	10963	11029	11028	10934	
7499	Quad4	10992	11030	11029	10963	
7500	Quad4	10993	2	11030	10992	
7501	Quad4	325	17	315	11	
7502	Quad4	326	26	17	325	
7503	Quad4	327	35	26	326	
7504	Quad4	328	44	35	327	
7505	Quad4	329	53	44	328	
7506	Quad4	330	62	53	329	
7507	Quad4	331	71	62	330	
7508	Quad4	332	80	71	331	
7509	Quad4	333	89	80	332	
7510	Quad4	334	98	89	333	
7511	Quad4	335	107	98	334	
7512	Quad4	336	116	107	335	
7513	Quad4	337	125	116	336	
7514	Quad4	338	134	125	337	
7515	Quad4	339	143	134	338	
7516	Quad4	340	152	143	339	
7517	Quad4	341	161	152	340	
7518	Quad4	342	170	161	341	
7519	Quad4	343	179	170	342	
7520	Quad4	344	188	179	343	
7521	Quad4	345	197	188	344	
7522	Quad4	346	206	197	345	
7523	Quad4	347	215	206	346	
7524	Quad4	348	224	215	347	
7525	Quad4	349	233	224	348	
7526	Quad4	350	242	233	349	
7527	Quad4	351	251	242	350	
7528	Quad4	352	260	251	351	
7529	Quad4	353	269	260	352	
7530	Quad4	8	324	269	353	
7531	Quad4	17	18	314	315	
7532	Quad4	26	27	18	17	
7533	Quad4	35	36	27	26	
7534	Quad4	44	45	36	35	
7535	Quad4	53	54	45	44	
7536	Quad4	62	63	54	53	
7537	Quad4	71	72	63	62	
7538	Quad4	80	81	72	71	
7539	Quad4	89	90	81	80	
7540	Quad4	98	99	90	89	
7541	Quad4	107	108	99	98	
7542	Quad4	116	117	108	107	
7543	Quad4	125	126	117	116	
7544	Quad4	134	135	126	125	
7545	Quad4	143	144	135	134	
7546	Quad4	152	153	144	143	
7547	Quad4	161	162	153	152	
7548	Quad4	170	171	162	161	
7549	Quad4	179	180	171	170	
7550	Quad4	188	189	180	179	
7551	Quad4	197	198	189	188	
7552	Quad4	206	207	198	197	
7553	Quad4	215	216	207	206	
7554	Quad4	224	225	216	215	
7555	Quad4	233	234	225	224	
7556	Quad4	242	243	234	233	
7557	Quad4	251	252	243	242	
7558	Quad4	260	261	252	251	
7559	Quad4	269	270	261	260	
7560	Quad4	324	323	270	269	
7561	Quad4	18	19	313	314	
7562	Quad4	27	28	19	18	
7563	Quad4	36	37	28	27	
7564	Quad4	45	46	37	36	
7565	Quad4	54	55	46	45	
7566	Quad4	63	64	55	54	
7567	Quad4	72	73	64	63	
7568	Quad4	81	82	73	72	
7569	Quad4	90	91	82	81	
7570	Quad4	99	100	91	90	
7571	Quad4	108	109	100	99	
7572	Quad4	117	118	109	108	
7573	Quad4	126	127	118	117	
7574	Quad4	135	136	127	126	
7575	Quad4	144	145	136	135	
7576	Quad4	153	154	145	144	
7577	Quad4	162	163	154	153	
7578	Quad4	171	172	163	162	
7579	Quad4	180	181	172	171	
7580	Quad4	189	190	181	180	
7581	Quad4	198	199	190	189	
7582	Quad4	207	208	199	198	
7583	Quad4	216	217	208	207	
7584	Quad4	225	226	217	216	
7585	Quad4	234	235	226	225	
7586	Quad4	243	244	235	234	
7587	Quad4	252	253	244	243	
7588	Quad4	261	262	253	252	
7589	Quad4	270	271	262	261	
7590	Quad4	323	322	271	270	
7591	Quad4	19	20	312	313	
7592	Quad4	28	29	20	19	
7593	Quad4	37	38	29	28	
7594	Quad4	46	47	38	37	
7595	Quad4	55	56	47	46	
7596	Quad4	64	65	56	55	
7597	Quad4	73	74	65	64	
7598	Quad4	82	83	74	73	
7599	Quad4	91	92	83	82	
7600	Quad4	100	101	92	91	
7601	Quad4	109	110	101	100	
7602	Quad4	118	119	110	109	
7603	Quad4	127	128	119	118	
7604	Quad4	136	137	128	127	
7605	Quad4	145	146	137	136	
7606	Quad4	154	155	146	145	
7607	Quad4	163	164	155	154	
7608	Quad4	172	173	164	163	
7609	Quad4	181	182	173	172	
7610	Quad4	190	191	182	181	
7611	Quad4	199	200	191	190	
7612	Quad4	208	209	200	199	
7613	Quad4	217	218	209	208	
7614	Quad4	226	227	218	217	
7615	Quad4	235	236	227	226	
7616	Quad4	244	245	236	235	
7617	Quad4	253	254	245	244	
7618	Quad4	262	263	254	253	
7619	Quad4	271	272	263	262	
7620	Quad4	322	321	272	271	
7621	Quad4	20	21	311	312	
7622	Quad4	29	30	21	20	
7623	Quad4	38	39	30	29	
7624	Quad4	47	48	39	38	
7625	Quad4	56	57	48	47	
7626	Quad4	65	66	57	56	
7627	Quad4	74	75	66	65	
7628	Quad4	83	84	75	74	
7629	Quad4	92	93	84	83	
7630	Quad4	101	102	93	92	
7631	Quad4	110	111	102	101	
7632	Quad4	119	120	111	110	
7633	Quad4	128	129	120	119	
7634	Quad4	137	138	129	128	
7635	Quad4	146	147	138	137	
7636	Quad4	155	156	147	146	
7637	Quad4	164	165	156	155	
7638	Quad4	173	174	165	164	
7639	Quad4	182	183	174	173	
7640	Quad4	191	192	183	182	
7641	Quad4	200	201	192	191	
7642	Quad4	209	210	201	200	
7643	Quad4	218	219	210	209	
7644	Quad4	227	228	219	218	
7645	Quad4	236	237	228	227	
7646	Quad4	245	246	237	236	
7647	Quad4	254	255	246	245	
7648	Quad4	263	264	255	254	
7649	Quad4	272	273	264	263	
7650	Quad4	321	320	273	272	
7651	Quad4	21	22	310	311	
7652	Quad4	30	31	22	21	
7653	Quad4	39	40	31	30	
7654	Quad4	48	49	40	39	
7655	Quad4	57	58	49	48	
7656	Quad4	66	67	58	57	
7657	Quad4	75	76	67	66	
7658	Quad4	84	85	76	75	
7659	Quad4	93	94	85	84	
7660	Quad4	102	103	94	93	
7661	Quad4	111	112	103	102	
7662	Quad4	120	121	112	111	
7663	Quad4	129	130	121	120	
7664	Quad4	138	139	130	129	
7665	Quad4	147	148	139	138	
7666	Quad4	156	157	148	147	
7667	Quad4	165	166	157	156	
7668	Quad4	174	175	166	165	
7669	Quad4	183	184	175	174	
7670	Quad4	192	193	184	183	
7671	Quad4	201	202	193	192	
7672	Quad4	210	211	202	201	
7673	Quad4	219	220	211	210	
7674	Quad4	228	229	220	219	
7675	Quad4	237	238	229	228	
7676	Quad4	246	247	238	237	
7677	Quad4	255	256	247	246	
7678	Quad4	264	265	256	255	
7679	Quad4	273	274	265	264	
7680	Quad4	320	319	274	273	
7681	Quad4	22	23	309	310	
7682	Quad4	31	32	23	22	
7683	Quad4	40	41	32	31	
7684	Quad4	49	50	41	40	
7685	Quad4	58	59	50	49	
7686	Quad4	67	68	59	58	
7687	Quad4	76	77	68	67	
7688	Quad4	85	86	77	76	
7689	Quad4	94	95	86	85	
7690	Quad4	103	104	95	94	
7691	Quad4	112	113	104	103	
7692	Quad4	121	122	113	112	
7693	Quad4	130	131	122	121	
7694	Quad4	139	140	131	130	
7695	Quad4	148	149	140	139	
7696	Quad4	157	158	149	148	
7697	Quad4	166	167	158	157	
7698	Quad4	175	176	167	166	
7699	Quad4	184	185	176	175	
7700	Quad4	193	194	185	184	
7701	Quad4	202	203	194	193	
7702	Quad4	211	212	203	202	
7703	Quad4	220	221	212	211	
7704	Quad4	229	230	221	220	
7705	Quad4	238	239	230	229	
7706	Quad4	247	248	239	238	
7707	Quad4	256	257	248	247	
7708	Quad4	265	266	257	256	
7709	Quad4	274	275	266	265	
7710	Quad4	319	318	275	274	
7711	Quad4	23	24	308	309	
7712	Quad4	32	33	24	23	
7713	Quad4	41	42	33	32	
7714	Quad4	50	51	42	41	
7715	Quad4	59	60	51	50	
7716	Quad4	68	69	60	59	
7717	Quad4	77	78	69	68	
7718	Quad4	86	87	78	77	
7719	Quad4	95	96	87	86	
7720	Quad4	104	105	96	95	
7721	Quad4	113	114	105	104	
7722	Quad4	122	123	114	113	
7723	Quad4	131	132	123	122	
7724	Quad4	140	141	132	131	
7725	Quad4	149	150	141	140	
7726	Quad4	158	159	150	149	
7727	Quad4	167	168	159	158	
7728	Quad4	176	177	168	167	
7729	Quad4	185	186	177	176	
7730	Quad4	194	195	186	185	
7731	Quad4	203	204	195	194	
7732	Quad4	212	213	204	203	
7733	Quad4	221	222	213	212	
7734	Quad4	230	231	222	221	
7735	Quad4	239	240	231	230	
7736	Quad4	248	249	240	239	
7737	Quad4	257	258	249	248	
7738	Quad4	266	267	258	257	
7739	Quad4	275	276	267	266	
7740	Quad4	318	317	276	275	
7741	Quad4	24	25	307	308	
7742	Quad4	33	34	25	24	
7743	Quad4	42	43	34	33	
7744	Quad4	51	52	43	42	
7745	Quad4	60	61	52	51	
7746	Quad4	69	70	61	60	
7747	Quad4	78	79	70	69	
7748	Quad4	87	88	79	78	
7749	Quad4	96	97	88	87	
7750	Quad4	105	106	97	96	
7751	Quad4	114	115	106	105	
7752	Quad4	123	124	115	114	
7753	Quad4	132	133	124	123	
7754	Quad4	141	142	133	132	
7755	Quad4	150	151	142	141	
7756	Quad4	159	160	151	150	
7757	Quad4	168	169	160	159	
7758	Quad4	177	178	169	168	
7759	Quad4	186	187	178	177	
7760	Quad4	195	196	187	186	
7761	Quad4	204	205	196	195	
7762	Quad4	213	214	205	204	
7763	Quad4	222	223	214	213	
7764	Quad4	231	232	223	222	
7765	Quad4	240	241	232	231	
7766	Quad4	249	250	241	240	
7767	Quad4	258	259	250	249	
7768	Quad4	267	268	259	258	
7769	Quad4	276	277	268	267	
7770	Quad4	317	316	277	276	
7771	Quad4	25	278	13	307	
7772	Quad4	34	279	278	25	
7773	Quad4	43	280	279	34	
7774	Quad4	52	281	280	43	
7775	Quad4	61	282	281	52	
7776	Quad4	70	283	282	61	
7777	Quad4	79	284	283	70	
7778	Quad4	88	285	284	79	
7779	Quad4	97	286	285	88	
7780	Quad4	106	287	286	97	
7781	Quad4	115	288	287	106	
7782	Quad4	124	289	288	115	
7783	Quad4	133	290	289	124	
7784	Quad4	142	291	290	133	
7785	Quad4	151	292	291	142	
7786	Quad4	160	293	292	151	
7787	Quad4	169	294	293	160	
7788	Quad4	178	295	294	169	
7789	Quad4	187	296	295	178	
7790	Quad4	196	297	296	187	
7791	Quad4	205	298	297	196	
7792	Quad4	214	299	298	205	
7793	Quad4	223	300	299	214	
7794	Quad4	232	301	300	223	
7795	Quad4	241	302	301	232	
7796	Quad4	250	303	302	241	
7797	Quad4	259	304	303	250	
7798	Quad4	268	305	304	259	
7799	Quad4	277	306	305	268	
7800	Quad4	316	15	306	277	
7801	Quad4	9525	10433	2994	6	
7802	Quad4	9526	10462	10433	9525	
7803	Quad4	9527	10491	10462	9526	
7804	Quad4	9528	10520	10491	9527	
7805	Quad4	9529	10549	10520	9528	
7806	Quad4	9530	10578	10549	9529	
7807	Quad4	9531	10607	10578	9530	
7808	Quad4	9532	10636	10607	9531	
7809	Quad4	9533	10665	10636	9532	
7810	Quad4	5	10722	10665	9533	
7811	Quad4	10433	10434	2995	2994	
7812	Quad4	10462	10463	10434	10433	
7813	Quad4	10491	10492	10463	10462	
7814	Quad4	10520	10521	10492	10491	
7815	Quad4	10549	10550	10521	10520	
7816	Quad4	10578	10579	10550	10549	
7817	Quad4	10607	10608	10579	10578	
7818	Quad4	10636	10637	10608	10607	
7819	Quad4	10665	10666	10637	10636	
7820	Quad4	10722	10721	10666	10665	
7821	Quad4	10434	10435	2996	2995	
7822	Quad4	10463	10464	10435	10434	
7823	Quad4	10492	10493	10464	10463	
7824	Quad4	10521	10522	10493	10492	
7825	Quad4	10550	10551	10522	10521	
7826	Quad4	10579	10580	10551	10550	
7827	Quad4	10608	10609	10580	10579	
7828	Quad4	10637	10638	10609	10608	
7829	Quad4	10666	10667	10638	10637	
7830	Quad4	10721	10720	10667	10666	
7831	Quad4	10435	10436	2997	2996	
7832	Quad4	10464	10465	10436	10435	
7833	Quad4	10493	10494	10465	10464	
7834	Quad4	10522	10523	10494	10493	
7835	Quad4	10551	10552	10523	10522	
7836	Quad4	10580	10581	10552	10551	
7837	Quad4	10609	10610	10581	10580	
7838	Quad4	10638	10639	10610	10609	
7839	Quad4	10667	10668	10639	10638	
7840	Quad4	10720	10719	10668	10667	
7841	Quad4	10436	10437	2998	2997	
7842	Quad4	10465	10466	10437	10436	
7843	Quad4	10494	10495	10466	10465	
7844	Quad4	10523	10524	10495	10494	
7845	Quad4	10552	10553	10524	10523	
7846	Quad4	10581	10582	10553	10552	
7847	Quad4	10610	10611	10582	10581	
7848	Quad4	10639	10640	10611	10610	
7849	Quad4	10668	10669	10640	10639	
7850	Quad4	10719	10718	10669	10668	
7851	Quad4	10437	10438	2999	2998	
7852	Quad4	10466	10467	10438	10437	
7853	Quad4	10495	10496	10467	10466	
7854	Quad4	10524	10525	10496	10495	
7855	Quad4	10553	10554	10525	10524	
7856	Quad4	10582	10583	10554	10553	
7857	Quad4	10611	10612	10583	10582	
7858	Quad4	10640	10641	10612	10611	
7859	Quad4	10669	10670	10641	10640	
7860	Quad4	10718	10717	10670	10669	
7861	Quad4	10438	10439	3000	2999	
7862	Quad4	10467	10468	10439	10438	
7863	Quad4	10496	10497	10468	10467	
7864	Quad4	10525	10526	10497	10496	
7865	Quad4	10554	10555	10526	10525	
7866	Quad4	10583	10584	10555	10554	
7867	Quad4	10612	10613	10584	10583	
7868	Quad4	10641	10642	10613	10612	
7869	Quad4	10670	10671	10642	10641	
7870	Quad4	10717	10716	10671	10670	
7871	Quad4	10439	10440	3001	3000	
7872	Quad4	10468	10469	10440	10439	
7873	Quad4	10497	10498	10469	10468	
7874	Quad4	10526	10527	10498	10497	
7875	Quad4	10555	10556	10527	10526	
7876	Quad4	10584	10585	10556	10555	
7877	Quad4	10613	10614	10585	10584	
7878	Quad4	10642	10643	10614	10613	
7879	Quad4	10671	10672	10643	10642	
7880	Quad4	10716	10715	10672	10671	
7881	Quad4	10440	10441	3002	3001	
7882	Quad4	10469	10470	10441	10440	
7883	Quad4	10498	10499	10470	10469	
7884	Quad4	10527	10528	10499	10498	
7885	Quad4	10556	10557	10528	10527	
7886	Quad4	10585	10586	10557	10556	
7887	Quad4	10614	10615	10586	10585	
7888	Quad4	10643	10644	10615	10614	
7889	Quad4	10672	10673	10644	10643	
7890	Quad4	10715	10714	10673	10672	
7891	Quad4	10441	10442	3003	3002	
7892	Quad4	10470	10471	10442	10441	
7893	Quad4	10499	10500	10471	10470	
7894	Quad4	10528	10529	10500	10499	
7895	Quad4	10557	10558	10529	10528	
7896	Quad4	10586	10587	10558	10557	
7897	Quad4	10615	10616	10587	10586	
7898	Quad4	10644	10645	10616	10615	
7899	Quad4	10673	10674	10645	10644	
7900	Quad4	10714	10713	10674	10673	
7901	Quad4	10442	10443	3004	3003	
7902	Quad4	10471	10472	10443	10442	
7903	Quad4	10500	10501	10472	10471	
7904	Quad4	10529	10530	10501	10500	
7905	Quad4	10558	10559	10530	10529	
7906	Quad4	10587	10588	10559	10558	
7907	Quad4	10616	10617	10588	10587	
7908	Quad4	10645	10646	10617	10616	
7909	Quad4	10674	10675	10646	10645	
7910	Quad4	10713	10712	10675	10674	
7911	Quad4	10443	10444	3005	3004	
7912	Quad4	10472	10473	10444	10443	
7913	Quad4	10501	10502	10473	10472	
7914	Quad4	10530	10531	10502	10501	
7915	Quad4	10559	10560	10531	10530	
7916	Quad4	10588	10589	10560	10559	
7917	Quad4	10617	10618	10589	10588	
7918	Quad4	10646	10647	10618	10617	
7919	Quad4	10675	10676	10647	10646	
7920	Quad4	10712	10711	10676	10675	
7921	Quad4	10444	10445	3006	3005	
7922	Quad4	10473	10474	10445	10444	
7923	Quad4	10502	10503	10474	10473	
7924	Quad4	10531	10532	10503	10502	
7925	Quad4	10560	10561	10532	10531	
7926	Quad4	10589	10590	10561	10560	
7927	Quad4	10618	10619	10590	10589	
7928	Quad4	10647	10648	10619	10618	
7929	Quad4	10676	10677	10648	10647	
7930	Quad4	10711	10710	10677	10676	
7931	Quad4	10445	10446	3007	3006	
7932	Quad4	10474	10475	10446	10445	
7933	Quad4	10503	10504	10475	10474	
7934	Quad4	10532	10533	10504	10503	
7935	Quad4	10561	10562	10533	10532	
7936	Quad4	10590	10591	10562	10561	
7937	Quad4	10619	10620	10591	10590	
7938	Quad4	10648	10649	10620	10619	
7939	Quad4	10677	10678	10649	10648	
7940	Quad4	10710	10709	10678	10677	
7941	Quad4	10446	10447	3008	3007	
7942	Quad4	10475	10476	10447	10446	
7943	Quad4	10504	10505	10476	10475	
7944	Quad4	10533	10534	10505	10504	
7945	Quad4	10562	10563	10534	10533	
7946	Quad4	10591	10592	10563	10562	
7947	Quad4	10620	10621	10592	10591	
7948	Quad4	10649	10650	10621	10620	
7949	Quad4	10678	10679	10650	10649	
7950	Quad4	10709	10708	10679	10678	
7951	Quad4	10447	10448	3009	3008	
7952	Quad4	10476	10477	10448	10447	
7953	Quad4	10505	10506	10477	10476	
7954	Quad4	10534	10535	10506	10505	
7955	Quad4	10563	10564	10535	10534	
7956	Quad4	10592	10593	10564	10563	
7957	Quad4	10621	10622	10593	10592	
7958	Quad4	10650	10651	10622	10621	
7959	Quad4	10679	10680	10651	10650	
7960	Quad4	10708	10707	10680	10679	
7961	Quad4	10448	10449	3010	3009	
7962	Quad4	10477	10478	10449	10448	
7963	Quad4	10506	10507	10478	10477	
7964	Quad4	10535	10536	10507	10506	
7965	Quad4	10564	10565	10536	10535	
7966	Quad4	10593	10594	10565	10564	
7967	Quad4	10622	10623	10594	10593	
7968	Quad4	10651	10652	10623	10622	
7969	Quad4	10680	10681	10652	10651	
7970	Quad4	10707	10706	10681	10680	
7971	Quad4	10449	10450	3011	3010	
7972	Quad4	10478	10479	10450	10449	
7973	Quad4	10507	10508	10479	10478	
7974	Quad4	10536	10537	10508	10507	
7975	Quad4	10565	10566	10537	10536	
7976	Quad4	10594	10595	10566	10565	
7977	Quad4	10623	10624	10595	10594	
7978	Quad4	10652	10653	10624	10623	
7979	Quad4	10681	10682	10653	10652	
7980	Quad4	10706	10705	10682	10681	
7981	Quad4	10450	10451	3012	3011	
7982	Quad4	10479	10480	10451	10450	
7983	Quad4	10508	10509	10480	10479	
7984	Quad4	10537	10538	10509	10508	
7985	Quad4	10566	10567	10538	10537	
7986	Quad4	10595	10596	10567	10566	
7987	Quad4	10624	10625	10596	10595	
7988	Quad4	10653	10654	10625	10624	
7989	Quad4	10682	10683	10654	10653	
7990	Quad4	10705	10704	10683	10682	
7991	Quad4	10451	10452	3013	3012	
7992	Quad4	10480	10481	10452	10451	
7993	Quad4	10509	10510	10481	10480	
7994	Quad4	10538	10539	10510	10509	
7995	Quad4	10567	10568	10539	10538	
7996	Quad4	10596	10597	10568	10567	
7997	Quad4	10625	10626	10597	10596	
7998	Quad4	10654	10655	10626	10625	
7999	Quad4	10683	10684	10655	10654	
8000	Quad4	10704	10703	10684	10683	
8001	Quad4	10452	10453	3014	3013	
8002	Quad4	10481	10482	10453	10452	
8003	Quad4	10510	10511	10482	10481	
8004	Quad4	10539	10540	10511	10510	
8005	Quad4	10568	10569	10540	10539	
8006	Quad4	10597	10598	10569	10568	
8007	Quad4	10626	10627	10598	10597	
8008	Quad4	10655	10656	10627	10626	
8009	Quad4	10684	10685	10656	10655	
8010	Quad4	10703	10702	10685	10684	
8011	Quad4	10453	10454	3015	3014	
8012	Quad4	10482	10483	10454	10453	
8013	Quad4	10511	10512	10483	10482	
8014	Quad4	10540	10541	10512	10511	
8015	Quad4	10569	10570	10541	10540	
8016	Quad4	10598	10599	10570	10569	
8017	Quad4	10627	10628	10599	10598	
8018	Quad4	10656	10657	10628	10627	
8019	Quad4	10685	10686	10657	10656	
8020	Quad4	10702	10701	10686	10685	
8021	Quad4	10454	10455	3016	3015	
8022	Quad4	10483	10484	10455	10454	
8023	Quad4	10512	10513	10484	10483	
8024	Quad4	10541	10542	10513	10512	
8025	Quad4	10570	10571	10542	10541	
8026	Quad4	10599	10600	10571	10570	
8027	Quad4	10628	10629	10600	10599	
8028	Quad4	10657	10658	10629	10628	
8029	Quad4	10686	10687	10658	10657	
8030	Quad4	10701	10700	10687	10686	
8031	Quad4	10455	10456	3017	3016	
8032	Quad4	10484	10485	10456	10455	
8033	Quad4	10513	10514	10485	10484	
8034	Quad4	10542	10543	10514	10513	
8035	Quad4	10571	10572	10543	10542	
8036	Quad4	10600	10601	10572	10571	
8037	Quad4	10629	10630	10601	10600	
8038	Quad4	10658	10659	10630	10629	
8039	Quad4	10687	10688	10659	10658	
8040	Quad4	10700	10699	10688	10687	
8041	Quad4	10456	10457	3018	3017	
8042	Quad4	10485	10486	10457	10456	
8043	Quad4	10514	10515	10486	10485	
8044	Quad4	10543	10544	10515	10514	
8045	Quad4	10572	10573	10544	10543	
8046	Quad4	10601	10602	10573	10572	
8047	Quad4	10630	10631	10602	10601	
8048	Quad4	10659	10660	10631	10630	
8049	Quad4	10688	10689	10660	10659	
8050	Quad4	10699	10698	10689	10688	
8051	Quad4	10457	10458	3019	3018	
8052	Quad4	10486	10487	10458	10457	
8053	Quad4	10515	10516	10487	10486	
8054	Quad4	10544	10545	10516	10515	
8055	Quad4	10573	10574	10545	10544	
8056	Quad4	10602	10603	10574	10573	
8057	Quad4	10631	10632	10603	10602	
8058	Quad4	10660	10661	10632	10631	
8059	Quad4	10689	10690	10661	10660	
8060	Quad4	10698	10697	10690	10689	
8061	Quad4	10458	10459	3020	3019	
8062	Quad4	10487	10488	10459	10458	
8063	Quad4	10516	10517	10488	10487	
8064	Quad4	10545	10546	10517	10516	
8065	Quad4	10574	10575	10546	10545	
8066	Quad4	10603	10604	10575	10574	
8067	Quad4	10632	10633	10604	10603	
8068	Quad4	10661	10662	10633	10632	
8069	Quad4	10690	10691	10662	10661	
8070	Quad4	10697	10696	10691	10690	
8071	Quad4	10459	10460	3021	3020	
8072	Quad4	10488	10489	10460	10459	
8073	Quad4	10517	10518	10489	10488	
8074	Quad4	10546	10547	10518	10517	
8075	Quad4	10575	10576	10547	10546	
8076	Quad4	10604	10605	10576	10575	
8077	Quad4	10633	10634	10605	10604	
8078	Quad4	10662	10663	10634	10633	
8079	Quad4	10691	10692	10663	10662	
8080	Quad4	10696	10695	10692	10691	
8081	Quad4	10460	10461	3022	3021	
8082	Quad4	10489	10490	10461	10460	
8083	Quad4	10518	10519	10490	10489	
8084	Quad4	10547	10548	10519	10518	
8085	Quad4	10576	10577	10548	10547	
8086	Quad4	10605	10606	10577	10576	
8087	Quad4	10634	10635	10606	10605	
8088	Quad4	10663	10664	10635	10634	
8089	Quad4	10692	10693	10664	10663	
8090	Quad4	10695	10694	10693	10692	
8091	Quad4	10461	10723	3	3022	
8092	Quad4	10490	10724	10723	10461	
8093	Quad4	10519	10725	10724	10490	
8094	Quad4	10548	10726	10725	10519	
8095	Quad4	10577	10727	10726	10548	
8096	Quad4	10606	10728	10727	10577	
8097	Quad4	10635	10729	10728	10606	
8098	Quad4	10664	10730	10729	10635	
8099	Quad4	10693	10731	10730	10664	
8100	Quad4	10694	4	10731	10693	
8101	Quad4	2886	375	354	2887	
8102	Quad4	2885	396	375	2886	
8103	Quad4	2884	417	396	2885	
8104	Quad4	2883	438	417	2884	
8105	Quad4	2882	459	438	2883	
8106	Quad4	2881	480	459	2882	
8107	Quad4	2880	501	480	2881	
8108	Quad4	2879	522	501	2880	
8109	Quad4	2878	543	522	2879	
8110	Quad4	2877	564	543	2878	
8111	Quad4	2876	585	564	2877	
8112	Quad4	2875	606	585	2876	
8113	Quad4	2874	627	606	2875	
8114	Quad4	2992	648	627	2874	
8115	Quad4	2993	669	648	2992	
8116	Quad4	2991	690	669	2993	
8117	Quad4	2990	711	690	2991	
8118	Quad4	2989	732	711	2990	
8119	Quad4	2988	753	732	2989	
8120	Quad4	2987	774	753	2988	
8121	Quad4	2986	795	774	2987	
8122	Quad4	2985	816	795	2986	
8123	Quad4	2984	837	816	2985	
8124	Quad4	2983	858	837	2984	
8125	Quad4	2982	879	858	2983	
8126	Quad4	2981	900	879	2982	
8127	Quad4	2980	921	900	2981	
8128	Quad4	2979	942	921	2980	
8129	Quad4	2978	963	942	2979	
8130	Quad4	2977	984	963	2978	
8131	Quad4	2976	1005	984	2977	
8132	Quad4	2975	1026	1005	2976	
8133	Quad4	2974	1047	1026	2975	
8134	Quad4	2973	1068	1047	2974	
8135	Quad4	2972	1089	1068	2973	
8136	Quad4	2971	1110	1089	2972	
8137	Quad4	2970	1131	1110	2971	
8138	Quad4	2969	1152	1131	2970	
8139	Quad4	2968	1173	1152	2969	
8140	Quad4	2967	1194	1173	2968	
8141	Quad4	2966	1215	1194	2967	
8142	Quad4	2965	1236	1215	2966	
8143	Quad4	2964	1257	1236	2965	
8144	Quad4	2963	1278	1257	2964	
8145	Quad4	2962	1299	1278	2963	
8146	Quad4	2961	1320	1299	2962	
8147	Quad4	2960	1341	1320	2961	
8148	Quad4	2959	1362	1341	2960	
8149	Quad4	2958	1383	1362	2959	
8150	Quad4	2957	1404	1383	2958	
8151	Quad4	2956	1425	1404	2957	
8152	Quad4	2955	1446	1425	2956	
8153	Quad4	2954	1467	1446	2955	
8154	Quad4	2953	1488	1467	2954	
8155	Quad4	2952	1509	1488	2953	
8156	Quad4	2951	1530	1509	2952	
8157	Quad4	2950	1551	1530	2951	
8158	Quad4	2949	1572	1551	2950	
8159	Quad4	2948	1593	1572	2949	
8160	Quad4	2947	1614	1593	2948	
8161	Quad4	2946	1635	1614	2947	
8162	Quad4	2945	1656	1635	2946	
8163	Quad4	2944	1677	1656	2945	
8164	Quad4	2943	1698	1677	2944	
8165	Quad4	2942	1719	1698	2943	
8166	Quad4	2941	1740	1719	2942	
8167	Quad4	2940	1761	1740	2941	
8168	Quad4	2939	1782	1761	2940	
8169	Quad4	2938	1803	1782	2939	
8170	Quad4	2937	1824	1803	2938	
8171	Quad4	2936	1845	1824	2937	
8172	Quad4	2935	1866	1845	2936	
8173	Quad4	2934	1887	1866	2935	
8174	Quad4	2933	1908	1887	2934	
8175	Quad4	2932	1929	1908	2933	
8176	Quad4	2931	1950	1929	2932	
8177	Quad4	2930	1971	1950	2931	
8178	Quad4	2929	1992	1971	2930	
8179	Quad4	2928	2013	1992	2929	
8180	Quad4	2927	2034	2013	2928	
8181	Quad4	2926	2055	2034	2927	
8182	Quad4	2925	2076	2055	2926	
8183	Quad4	2924	2097	2076	2925	
8184	Quad4	2923	2118	2097	2924	
8185	Quad4	2922	2139	2118	2923	
8186	Quad4	2921	2160	2139	2922	
8187	Quad4	2920	2181	2160	2921	
8188	Quad4	2919	2202	2181	2920	
8189	Quad4	2918	2223	2202	2919	
8190	Quad4	2917	2244	2223	2918	
8191	Quad4	2916	2265	2244	2917	
8192	Quad4	2915	2286	2265	2916	
8193	Quad4	2914	2307	2286	2915	
8194	Quad4	2913	2328	2307	2914	
8195	Quad4	2912	2349	2328	2913	
8196	Quad4	2911	2370	2349	2912	
8197	Quad4	2910	2391	2370	2911	
8198	Quad4	2909	2412	2391	2910	
8199	Quad4	2908	2433	2412	2909	
8200	Quad4	2907	2454	2433	2908	
8201	Quad4	2906	2475	2454	2907	
8202	Quad4	2905	2496	2475	2906	
8203	Quad4	2904	2517	2496	2905	
8204	Quad4	2903	2538	2517	2904	
8205	Quad4	2902	2559	2538	2903	
8206	Quad4	2901	2580	2559	2902	
8207	Quad4	2900	2601	2580	2901	
8208	Quad4	2899	2622	2601	2900	
8209	Quad4	2898	2643	2622	2899	
8210	Quad4	2897	2664	2643	2898	
8211	Quad4	2896	2685	2664	2897	
8212	Quad4	2895	2706	2685	2896	
8213	Quad4	2894	2727	2706	2895	
8214	Quad4	2893	2748	2727	2894	
8215	Quad4	2892	2769	2748	2893	
8216	Quad4	2891	2790	2769	2892	
8217	Quad4	2890	2811	2790	2891	
8218	Quad4	2889	2832	2811	2890	
8219	Quad4	2888	2853	2832	2889	
8220	Quad4	2887	354	2853	2888	
8221	Quad4	375	376	355	354	
8222	Quad4	396	397	376	375	
8223	Quad4	417	418	397	396	
8224	Quad4	438	439	418	417	
8225	Quad4	459	460	439	438	
8226	Quad4	480	481	460	459	
8227	Quad4	501	502	481	480	
8228	Quad4	522	523	502	501	
8229	Quad4	543	544	523	522	
8230	Quad4	564	565	544	543	
8231	Quad4	585	586	565	564	
8232	Quad4	606	607	586	585	
8233	Quad4	627	628	607	606	
8234	Quad4	648	649	628	627	
8235	Quad4	669	670	649	648	
8236	Quad4	690	691	670	669	
8237	Quad4	711	712	691	690	
8238	Quad4	732	733	712	711	
8239	Quad4	753	754	733	732	
8240	Quad4	774	775	754	753	
8241	Quad4	795	796	775	774	
8242	Quad4	816	817	796	795	
8243	Quad4	837	838	817	816	
8244	Quad4	858	859	838	837	
8245	Quad4	879	880	859	858	
8246	Quad4	900	901	880	879	
8247	Quad4	921	922	901	900	
8248	Quad4	942	943	922	921	
8249	Quad4	963	964	943	942	
8250	Quad4	984	985	964	963	
8251	Quad4	1005	1006	985	984	
8252	Quad4	1026	1027	1006	1005	
8253	Quad4	1047	1048	1027	1026	
8254	Quad4	1068	1069	1048	1047	
8255	Quad4	1089	1090	1069	1068	
8256	Quad4	1110	1111	1090	1089	
8257	Quad4	1131	1132	1111	1110	
8258	Quad4	1152	1153	1132	1131	
8259	Quad4	1173	1174	1153	1152	
8260	Quad4	1194	1195	1174	1173	
8261	Quad4	1215	1216	1195	1194	
8262	Quad4	1236	1237	1216	1215	
8263	Quad4	1257	1258	1237	1236	
8264	Quad4	1278	1279	1258	1257	
8265	Quad4	1299	1300	1279	1278	
8266	Quad4	1320	1321	1300	1299	
8267	Quad4	1341	1342	1321	1320	
8268	Quad4	1362	1363	1342	1341	
8269	Quad4	1383	1384	1363	1362	
8270	Quad4	1404	1405	1384	1383	
8271	Quad4	1425	1426	1405	1404	
8272	Quad4	1446	1447	1426	1425	
8273	Quad4	1467	1468	1447	1446	
8274	Quad4	1488	1489	1468	1467	
8275	Quad4	1509	1510	1489	1488	
8276	Quad4	1530	1531	1510	1509	
8277	Quad4	1551	1552	1531	1530	
8278	Quad4	1572	1573	1552	1551	
8279	Quad4	1593	1594	1573	1572	
8280	Quad4	1614	1615	1594	1593	
8281	Quad4	1635	1636	1615	1614	
8282	Quad4	1656	1657	1636	1635	
8283	Quad4	1677	1678	1657	1656	
8284	Quad4	1698	1699	1678	1677	
8285	Quad4	1719	1720	1699	1698	
8286	Quad4	1740	1741	1720	1719	
8287	Quad4	1761	1762	1741	1740	
8288	Quad4	1782	1783	1762	1761	
8289	Quad4	1803	1804	1783	1782	
8290	Quad4	1824	1825	1804	1803	
8291	Quad4	1845	1846	1825	1824	
8292	Quad4	1866	1867	1846	1845	
8293	Quad4	1887	1888	1867	1866	
8294	Quad4	1908	1909	1888	1887	
8295	Quad4	1929	1930	1909	1908	
8296	Quad4	1950	1951	1930	1929	
8297	Quad4	1971	1972	1951	1950	
8298	Quad4	1992	1993	1972	1971	
8299	Quad4	2013	2014	1993	1992	
8300	Quad4	2034	2035	2014	2013	
8301	Quad4	2055	2056	2035	2034	
8302	Quad4	2076	2077	2056	2055	
8303	Quad4	2097	2098	2077	2076	
8304	Quad4	2118	2119	2098	2097	
8305	Quad4	2139	2140	2119	2118	
8306	Quad4	2160	2161	2140	2139	
8307	Quad4	2181	2182	2161	2160	
8308	Quad4	2202	2203	2182	2181	
8309	Quad4	2223	2224	2203	2202	
8310	Quad4	2244	2245	2224	2223	
8311	Quad4	2265	2266	2245	2244	
8312	Quad4	2286	2287	2266	2265	
8313	Quad4	2307	2308	2287	2286	
8314	Quad4	2328	2329	2308	2307	
8315	Quad4	2349	2350	2329	2328	
8316	Quad4	2370	2371	2350	2349	
8317	Quad4	2391	2392	2371	2370	
8318	Quad4	2412	2413	2392	2391	
8319	Quad4	2433	2434	2413	2412	
8320	Quad4	2454	2455	2434	2433	
8321	Quad4	2475	2476	2455	2454	
8322	Quad4	2496	2497	2476	2475	
8323	Quad4	2517	2518	2497	2496	
8324	Quad4	2538	2539	2518	2517	
8325	Quad4	2559	2560	2539	2538	
8326	Quad4	2580	2581	2560	2559	
8327	Quad4	2601	2602	2581	2580	
8328	Quad4	2622	2623	2602	2601	
8329	Quad4	2643	2644	2623	2622	
8330	Quad4	2664	2665	2644	2643	
8331	Quad4	2685	2686	2665	2664	
8332	Quad4	2706	2707	2686	2685	
8333	Quad4	2727	2728	2707	2706	
8334	Quad4	2748	2749	2728	2727	
8335	Quad4	2769	2770	2749	2748	
8336	Quad4	2790	2791	2770	2769	
8337	Quad4	2811	2812	2791	2790	
8338	Quad4	2832	2833	2812	2811	
8339	Quad4	2853	2854	2833	2832	
8340	Quad4	354	355	2854	2853	
8341	Quad4	376	377	356	355	
8342	Quad4	397	398	377	376	
8343	Quad4	418	419	398	397	
8344	Quad4	439	440	419	418	
8345	Quad4	460	461	440	439	
8346	Quad4	481	482	461	460	
8347	Quad4	502	503	482	481	
8348	Quad4	523	524	503	502	
8349	Quad4	544	545	524	523	
8350	Quad4	565	566	545	544	
8351	Quad4	586	587	566	565	
8352	Quad4	607	608	587	586	
8353	Quad4	628	629	608	607	
8354	Quad4	649	650	629	628	
8355	Quad4	670	671	650	649	
8356	Quad4	691	692	671	670	
8357	Quad4	712	713	692	691	
8358	Quad4	733	734	713	712	
8359	Quad4	754	755	734	733	
8360	Quad4	775	776	755	754	
8361	Quad4	796	797	776	775	
8362	Quad4	817	818	797	796	
8363	Quad4	838	839	818	817	
8364	Quad4	859	860	839	838	
8365	Quad4	880	881	860	859	
8366	Quad4	901	902	881	880	
8367	Quad4	922	923	902	901	
8368	Quad4	943	944	923	922	
8369	Quad4	964	965	944	943	
8370	Quad4	985	986	965	964	
8371	Quad4	1006	1007	986	985	
8372	Quad4	1027	1028	1007	1006	
8373	Quad4	1048	1049	1028	1027	
8374	Quad4	1069	1070	1049	1048	
8375	Quad4	1090	1091	1070	1069	
8376	Quad4	1111	1112	1091	1090	
8377	Quad4	1132	1133	1112	1111	
8378	Quad4	1153	1154	1133	1132	
8379	Quad4	1174	1175	1154	1153	
8380	Quad4	1195	1196	1175	1174	
8381	Quad4	1216	1217	1196	1195	
8382	Quad4	1237	1238	1217	1216	
8383	Quad4	1258	1259	1238	1237	
8384	Quad4	1279	1280	1259	1258	
8385	Quad4	1300	1301	1280	1279	
8386	Quad4	1321	1322	1301	1300	
8387	Quad4	1342	1343	1322	1321	
8388	Quad4	1363	1364	1343	1342	
8389	Quad4	1384	1385	1364	1363	
8390	Quad4	1405	1406	1385	1384	
8391	Quad4	1426	1427	1406	1405	
8392	Quad4	1447	1448	1427	1426	
8393	Quad4	1468	1469	1448	1447	
8394	Quad4	1489	1490	1469	1468	
8395	Quad4	1510	1511	1490	1489	
8396	Quad4	1531	1532	1511	1510	
8397	Quad4	1552	1553	1532	1531	
8398	Quad4	1573	1574	1553	1552	
8399	Quad4	1594	1595	1574	1573	
8400	Quad4	1615	1616	1595	1594	
8401	Quad4	1636	1637	1616	1615	
8402	Quad4	1657	1658	1637	1636	
8403	Quad4	1678	1679	1658	1657	
8404	Quad4	1699	1700	1679	1678	
8405	Quad4	1720	1721	1700	1699	
8406	Quad4	1741	1742	1721	1720	
8407	Quad4	1762	1763	1742	1741	
8408	Quad4	1783	1784	1763	1762	
8409	Quad4	1804	1805	1784	1783	
8410	Quad4	1825	1826	1805	1804	
8411	Quad4	1846	1847	1826	1825	
8412	Quad4	1867	1868	1847	1846	
8413	Quad4	1888	1889	1868	1867	
8414	Quad4	1909	1910	1889	1888	
8415	Quad4	1930	1931	1910	1909	
8416	Quad4	1951	1952	1931	1930	
8417	Quad4	1972	1973	1952	1951	
8418	Quad4	1993	1994	1973	1972	
8419	Quad4	2014	2015	1994	1993	
8420	Quad4	2035	2036	2015	2014	
8421	Quad4	2056	2057	2036	2035	
8422	Quad4	2077	2078	2057	2056	
8423	Quad4	2098	2099	2078	2077	
8424	Quad4	2119	2120	2099	2098	
8425	Quad4	2140	2141	2120	2119	
8426	Quad4	2161	2162	2141	2140	
8427	Quad4	2182	2183	2162	2161	
8428	Quad4	2203	2204	2183	2182	
8429	Quad4	2224	2225	2204	2203	
8430	Quad4	2245	2246	2225	2224	
8431	Quad4	2266	2267	2246	2245	
8432	Quad4	2287	2288	2267	2266	
8433	Quad4	2308	2309	2288	2287	
8434	Quad4	2329	2330	2309	2308	
8435	Quad4	2350	2351	2330	2329	
8436	Quad4	2371	2372	2351	2350	
8437	Quad4	2392	2393	2372	2371	
8438	Quad4	2413	2414	2393	2392	
8439	Quad4	2434	2435	2414	2413	
8440	Quad4	2455	2456	2435	2434	
8441	Quad4	2476	2477	2456	2455	
8442	Quad4	2497	2498	2477	2476	
8443	Quad4	2518	2519	2498	2497	
8444	Quad4	2539	2540	2519	2518	
8445	Quad4	2560	2561	2540	2539	
8446	Quad4	2581	2582	2561	2560	
8447	Quad4	2602	2603	2582	2581	
8448	Quad4	2623	2624	2603	2602	
8449	Quad4	2644	2645	2624	2623	
8450	Quad4	2665	2666	2645	2644	
8451	Quad4	2686	2687	2666	2665	
8452	Quad4	2707	2708	2687	2686	
8453	Quad4	2728	2729	2708	2707	
8454	Quad4	2749	2750	2729	2728	
8455	Quad4	2770	2771	2750	2749	
8456	Quad4	2791	2792	2771	2770	
8457	Quad4	2812	2813	2792	2791	
8458	Quad4	2833	2834	2813	2812	
8459	Quad4	2854	2855	2834	2833	
8460	Quad4	355	356	2855	2854	
8461	Quad4	377	378	357	356	
8462	Quad4	398	399	378	377	
8463	Quad4	419	420	399	398	
8464	Quad4	440	441	420	419	
8465	Quad4	461	462	441	440	
8466	Quad4	482	483	462	461	
8467	Quad4	503	504	483	482	
8468	Quad4	524	525	504	503	
8469	Quad4	545	546	525	524	
8470	Quad4	566	567	546	545	
8471	Quad4	587	588	567	566	
8472	Quad4	608	609	588	587	
8473	Quad4	629	630	609	608	
8474	Quad4	650	651	630	629	
8475	Quad4	671	672	651	650	
8476	Quad4	692	693	672	671	
8477	Quad4	713	714	693	692	
8478	Quad4	734	735	714	713	
8479	Quad4	755	756	735	734	
8480	Quad4	776	777	756	755	
8481	Quad4	797	798	777	776	
8482	Quad4	818	819	798	797	
8483	Quad4	839	840	819	818	
8484	Quad4	860	861	840	839	
8485	Quad4	881	882	861	860	
8486	Quad4	902	903	882	881	
8487	Quad4	923	924	903	902	
8488	Quad4	944	945	924	923	
8489	Quad4	965	966	945	944	
8490	Quad4	986	987	966	965	
8491	Quad4	1007	1008	987	986	
8492	Quad4	1028	1029	1008	1007	
8493	Quad4	1049	1050	1029	1028	
8494	Quad4	1070	1071	1050	1049	
8495	Quad4	1091	1092	1071	1070	
8496	Quad4	1112	1113	1092	1091	
8497	Quad4	1133	1134	1113	1112	
8498	Quad4	1154	1155	1134	1133	
8499	Quad4	1175	1176	1155	1154	
8500	Quad4	1196	1197	1176	1175	
8501	Quad4	1217	1218	1197	1196	
8502	Quad4	1238	1239	1218	1217	
8503	Quad4	1259	1260	1239	1238	
8504	Quad4	1280	1281	1260	1259	
8505	Quad4	1301	1302	1281	1280	
8506	Quad4	1322	1323	1302	1301	
8507	Quad4	1343	1344	1323	1322	
8508	Quad4	1364	1365	1344	1343	
8509	Quad4	1385	1386	1365	1364	
8510	Quad4	1406	1407	1386	1385	
8511	Quad4	1427	1428	1407	1406	
8512	Quad4	1448	1449	1428	1427	
8513	Quad4	1469	1470	1449	1448	
8514	Quad4	1490	1491	1470	1469	
8515	Quad4	1511	1512	1491	1490	
8516	Quad4	1532	1533	1512	1511	
8517	Quad4	1553	1554	1533	1532	
8518	Quad4	1574	1575	1554	1553	
8519	Quad4	1595	1596	1575	1574	
8520	Quad4	1616	1617	1596	1595	
8521	Quad4	1637	1638	1617	1616	
8522	Quad4	1658	1659	1638	1637	
8523	Quad4	1679	1680	1659	1658	
8524	Quad4	1700	1701	1680	1679	
8525	Quad4	1721	1722	1701	1700	
8526	Quad4	1742	1743	1722	1721	
8527	Quad4	1763	1764	1743	1742	
8528	Quad4	1784	1785	1764	1763	
8529	Quad4	1805	1806	1785	1784	
8530	Quad4	1826	1827	1806	1805	
8531	Quad4	1847	1848	1827	1826	
8532	Quad4	1868	1869	1848	1847	
8533	Quad4	1889	1890	1869	1868	
8534	Quad4	1910	1911	1890	1889	
8535	Quad4	1931	1932	1911	1910	
8536	Quad4	1952	1953	1932	1931	
8537	Quad4	1973	1974	1953	1952	
8538	Quad4	1994	1995	1974	1973	
8539	Quad4	2015	2016	1995	1994	
8540	Quad4	2036	2037	2016	2015	
8541	Quad4	2057	2058	2037	2036	
8542	Quad4	2078	2079	2058	2057	
8543	Quad4	2099	2100	2079	2078	
8544	Quad4	2120	2121	2100	2099	
8545	Quad4	2141	2142	2121	2120	
8546	Quad4	2162	2163	2142	2141	
8547	Quad4	2183	2184	2163	2162	
8548	Quad4	2204	2205	2184	2183	
8549	Quad4	2225	2226	2205	2204	
8550	Quad4	2246	2247	2226	2225	
8551	Quad4	2267	2268	2247	2246	
8552	Quad4	2288	2289	2268	2267	
8553	Quad4	2309	2310	2289	2288	
8554	Quad4	2330	2331	2310	2309	
8555	Quad4	2351	2352	2331	2330	
8556	Quad4	2372	2373	2352	2351	
8557	Quad4	2393	2394	2373	2372	
8558	Quad4	2414	2415	2394	2393	
8559	Quad4	2435	2436	2415	2414	
8560	Quad4	2456	2457	2436	2435	
8561	Quad4	2477	2478	2457	2456	
8562	Quad4	2498	2499	2478	2477	
8563	Quad4	2519	2520	2499	2498	
8564	Quad4	2540	2541	2520	2519	
8565	Quad4	2561	2562	2541	2540	
8566	Quad4	2582	2583	2562	2561	
8567	Quad4	2603	2604	2583	2582	
8568	Quad4	2624	2625	2604	2603	
8569	Quad4	2645	2646	2625	2624	
8570	Quad4	2666	2667	2646	2645	
8571	Quad4	2687	2688	2667	2666	
8572	Quad4	2708	2709	2688	2687	
8573	Quad4	2729	2730	2709	2708	
8574	Quad4	2750	2751	2730	2729	
8575	Quad4	2771	2772	2751	2750	
8576	Quad4	2792	2793	2772	2771	
8577	Quad4	2813	2814	2793	2792	
8578	Quad4	2834	2835	2814	2813	
8579	Quad4	2855	2856	2835	2834	
8580	Quad4	356	357	2856	2855	
8581	Quad4	378	379	358	357	
8582	Quad4	399	400	379	378	
8583	Quad4	420	421	400	399	
8584	Quad4	441	442	421	420	
8585	Quad4	462	463	442	441	
8586	Quad4	483	484	463	462	
8587	Quad4	504	505	484	483	
8588	Quad4	525	526	505	504	
8589	Quad4	546	547	526	525	
8590	Quad4	567	568	547	546	
8591	Quad4	588	589	568	567	
8592	Quad4	609	610	589	588	
8593	Quad4	630	631	610	609	
8594	Quad4	651	652	631	630	
8595	Quad4	672	673	652	651	
8596	Quad4	693	694	673	672	
8597	Quad4	714	715	694	693	
8598	Quad4	735	736	715	714	
8599	Quad4	756	757	736	735	
8600	Quad4	777	778	757	756	
8601	Quad4	798	799	778	777	
8602	Quad4	819	820	799	798	
8603	Quad4	840	841	820	819	
8604	Quad4	861	862	841	840	
8605	Quad4	882	883	862	861	
8606	Quad4	903	904	883	882	
8607	Quad4	924	925	904	903	
8608	Quad4	945	946	925	924	
8609	Quad4	966	967	946	945	
8610	Quad4	987	988	967	966	
8611	Quad4	1008	1009	988	987	
8612	Quad4	1029	1030	1009	1008	
8613	Quad4	1050	1051	1030	1029	
8614	Quad4	1071	1072	1051	1050	
8615	Quad4	1092	1093	1072	1071	
8616	Quad4	1113	1114	1093	1092	
8617	Quad4	1134	1135	1114	1113	
8618	Quad4	1155	1156	1135	1134	
8619	Quad4	1176	1177	1156	1155	
8620	Quad4	1197	1198	1177	1176	
8621	Quad4	1218	1219	1198	1197	
8622	Quad4	1239	1240	1219	1218	
8623	Quad4	1260	1261	1240	1239	
8624	Quad4	1281	1282	1261	1260	
8625	Quad4	1302	1303	1282	1281	
8626	Quad4	1323	1324	1303	1302	
8627	Quad4	1344	1345	1324	1323	
8628	Quad4	1365	1366	1345	1344	
8629	Quad4	1386	1387	1366	1365	
8630	Quad4	1407	1408	1387	1386	
8631	Quad4	1428	1429	1408	1407	
8632	Quad4	1449	1450	1429	1428	
8633	Quad4	1470	1471	1450	1449	
8634	Quad4	1491	1492	1471	1470	
8635	Quad4	1512	1513	1492	1491	
8636	Quad4	1533	1534	1513	1512	
8637	Quad4	1554	1555	1534	1533	
8638	Quad4	1575	1576	1555	1554	
8639	Quad4	1596	1597	1576	1575	
8640	Quad4	1617	1618	1597	1596	
8641	Quad4	1638	1639	1618	1617	
8642	Quad4	1659	1660	1639	1638	
8643	Quad4	1680	1681	1660	1659	
8644	Quad4	1701	1702	1681	1680	
8645	Quad4	1722	1723	1702	1701	
8646	Quad4	1743	1744	1723	1722	
8647	Quad4	1764	1765	1744	1743	
8648	Quad4	1785	1786	1765	1764	
8649	Quad4	1806	1807	1786	1785	
8650	Quad4	1827	1828	1807	1806	
8651	Quad4	1848	1849	1828	1827	
8652	Quad4	1869	1870	1849	1848	
8653	Quad4	1890	1891	1870	1869	
8654	Quad4	1911	1912	1891	1890	
8655	Quad4	1932	1933	1912	1911	
8656	Quad4	1953	1954	1933	1932	
8657	Quad4	1974	1975	1954	1953	
8658	Quad4	1995	1996	1975	1974	
8659	Quad4	2016	2017	1996	1995	
8660	Quad4	2037	2038	2017	2016	
8661	Quad4	2058	2059	2038	2037	
8662	Quad4	2079	2080	2059	2058	
8663	Quad4	2100	2101	2080	2079	
8664	Quad4	2121	2122	2101	2100	
8665	Quad4	2142	2143	2122	2121	
8666	Quad4	2163	2164	2143	2142	
8667	Quad4	2184	2185	2164	2163	
8668	Quad4	2205	2206	2185	2184	
8669	Quad4	2226	2227	2206	2205	
8670	Quad4	2247	2248	2227	2226	
8671	Quad4	2268	2269	2248	2247	
8672	Quad4	2289	2290	2269	2268	
8673	Quad4	2310	2311	2290	2289	
8674	Quad4	2331	2332	2311	2310	
8675	Quad4	2352	2353	2332	2331	
8676	Quad4	2373	2374	2353	2352	
8677	Quad4	2394	2395	2374	2373	
8678	Quad4	2415	2416	2395	2394	
8679	Quad4	2436	2437	2416	2415	
8680	Quad4	2457	2458	2437	2436	
8681	Quad4	2478	2479	2458	2457	
8682	Quad4	2499	2500	2479	2478	
8683	Quad4	2520	2521	2500	2499	
8684	Quad4	2541	2542	2521	2520	
8685	Quad4	2562	2563	2542	2541	
8686	Quad4	2583	2584	2563	2562	
8687	Quad4	2604	2605	2584	2583	
8688	Quad4	2625	2626	2605	2604	
8689	Quad4	2646	2647	2626	2625	
8690	Quad4	2667	2668	2647	2646	
8691	Quad4	2688	2689	2668	2667	
8692	Quad4	2709	2710	2689	2688	
8693	Quad4	2730	2731	2710	2709	
8694	Quad4	2751	2752	2731	2730	
8695	Quad4	2772	2773	2752	2751	
8696	Quad4	2793	2794	2773	2772	
8697	Quad4	2814	2815	2794	2793	
8698	Quad4	2835	2836	2815	2814	
8699	Quad4	2856	2857	2836	2835	
8700	Quad4	357	358	2857	2856	
8701	Quad4	379	380	359	358	
8702	Quad4	400	401	380	379	
8703	Quad4	421	422	401	400	
8704	Quad4	442	443	422	421	
8705	Quad4	463	464	443	442	
8706	Quad4	484	485	464	463	
8707	Quad4	505	506	485	484	
8708	Quad4	526	527	506	505	
8709	Quad4	547	548	527	526	
8710	Quad4	568	569	548	547	
8711	Quad4	589	590	569	568	
8712	Quad4	610	611	590	589	
8713	Quad4	631	632	611	610	
8714	Quad4	652	653	632	631	
8715	Quad4	673	674	653	652	
8716	Quad4	694	695	674	673	
8717	Quad4	715	716	695	694	
8718	Quad4	736	737	716	715	
8719	Quad4	757	758	737	736	
8720	Quad4	778	779	758	757	
8721	Quad4	799	800	779	778	
8722	Quad4	820	821	800	799	
8723	Quad4	841	842	821	820	
8724	Quad4	862	863	842	841	
8725	Quad4	883	884	863	862	
8726	Quad4	904	905	884	883	
8727	Quad4	925	926	905	904	
8728	Quad4	946	947	926	925	
8729	Quad4	967	968	947	946	
8730	Quad4	988	989	968	967	
8731	Quad4	1009	1010	989	988	
8732	Quad4	1030	1031	1010	1009	
8733	Quad4	1051	1052	1031	1030	
8734	Quad4	1072	1073	1052	1051	
8735	Quad4	1093	1094	1073	1072	
8736	Quad4	1114	1115	1094	1093	
8737	Quad4	1135	1136	1115	1114	
8738	Quad4	1156	1157	1136	1135	
8739	Quad4	1177	1178	1157	1156	
8740	Quad4	1198	1199	1178	1177	
8741	Quad4	1219	1220	1199	1198	
8742	Quad4	1240	1241	1220	1219	
8743	Quad4	1261	1262	1241	1240	
8744	Quad4	1282	1283	1262	1261	
8745	Quad4	1303	1304	1283	1282	
8746	Quad4	1324	1325	1304	1303	
8747	Quad4	1345	1346	1325	1324	
8748	Quad4	1366	1367	1346	1345	
8749	Quad4	1387	1388	1367	1366	
8750	Quad4	1408	1409	1388	1387	
8751	Quad4	1429	1430	1409	1408	
8752	Quad4	1450	1451	1430	1429	
8753	Quad4	1471	1472	1451	1450	
8754	Quad4	1492	1493	1472	1471	
8755	Quad4	1513	1514	1493	1492	
8756	Quad4	1534	1535	1514	1513	
8757	Quad4	1555	1556	1535	1534	
8758	Quad4	1576	1577	1556	1555	
8759	Quad4	1597	1598	1577	1576	
8760	Quad4	1618	1619	1598	1597	
8761	Quad4	1639	1640	1619	1618	
8762	Quad4	1660	1661	1640	1639	
8763	Quad4	1681	1682	1661	1660	
8764	Quad4	1702	1703	1682	1681	
8765	Quad4	1723	1724	1703	1702	
8766	Quad4	1744	1745	1724	1723	
8767	Quad4	1765	1766	1745	1744	
8768	Quad4	1786	1787	1766	1765	
8769	Quad4	1807	1808	1787	1786	
8770	Quad4	1828	1829	1808	1807	
8771	Quad4	1849	1850	1829	1828	
8772	Quad4	1870	1871	1850	1849	
8773	Quad4	1891	1892	1871	1870	
8774	Quad4	1912	1913	1892	1891	
8775	Quad4	1933	1934	1913	1912	
8776	Quad4	1954	1955	1934	1933	
8777	Quad4	1975	1976	1955	1954	
8778	Quad4	1996	1997	1976	1975	
8779	Quad4	2017	2018	1997	1996	
8780	Quad4	2038	2039	2018	2017	
8781	Quad4	2059	2060	2039	2038	
8782	Quad4	2080	2081	2060	2059	
8783	Quad4	2101	2102	2081	2080	
8784	Quad4	2122	2123	2102	2101	
8785	Quad4	2143	2144	2123	2122	
8786	Quad4	2164	2165	2144	2143	
8787	Quad4	2185	2186	2165	2164	
8788	Quad4	2206	2207	2186	2185	
8789	Quad4	2227	2228	2207	2206	
8790	Quad4	2248	2249	2228	2227	
8791	Quad4	2269	2270	2249	2248	
8792	Quad4	2290	2291	2270	2269	
8793	Quad4	2311	2312	2291	2290	
8794	Quad4	2332	2333	2312	2311	
8795	Quad4	2353	2354	2333	2332	
8796	Quad4	2374	2375	2354	2353	
8797	Quad4	2395	2396	2375	2374	
8798	Quad4	2416	2417	2396	2395	
8799	Quad4	2437	2438	2417	2416	
8800	Quad4	2458	2459	2438	2437	
8801	Quad4	2479	2480	2459	2458	
8802	Quad4	2500	2501	2480	2479	
8803	Quad4	2521	2522	2501	2500	
8804	Quad4	2542	2543	2522	2521	
8805	Quad4	2563	2564	2543	2542	
8806	Quad4	2584	2585	2564	2563	
8807	Quad4	2605	2606	2585	2584	
8808	Quad4	2626	2627	2606	2605	
8809	Quad4	2647	2648	2627	2626	
8810	Quad4	2668	2669	2648	2647	
8811	Quad4	2689	2690	2669	2668	
8812	Quad4	2710	2711	2690	2689	
8813	Quad4	2731	2732	2711	2710	
8814	Quad4	2752	2753	2732	2731	
8815	Quad4	2773	2774	2753	2752	
8816	Quad4	2794	2795	2774	2773	
8817	Quad4	2815	2816	2795	2794	
8818	Quad4	2836	2837	2816	2815	
8819	Quad4	2857	2858	2837	2836	
8820	Quad4	358	359	2858	2857	
8821	Quad4	380	381	360	359	
8822	Quad4	401	402	381	380	
8823	Quad4	422	423	402	401	
8824	Quad4	443	444	423	422	
8825	Quad4	464	465	444	443	
8826	Quad4	485	486	465	464	
8827	Quad4	506	507	486	485	
8828	Quad4	527	528	507	506	
8829	Quad4	548	549	528	527	
8830	Quad4	569	570	549	548	
8831	Quad4	590	591	570	569	
8832	Quad4	611	612	591	590	
8833	Quad4	632	633	612	611	
8834	Quad4	653	654	633	632	
8835	Quad4	674	675	654	653	
8836	Quad4	695	696	675	674	
8837	Quad4	716	717	696	695	
8838	Quad4	737	738	717	716	
8839	Quad4	758	759	738	737	
8840	Quad4	779	780	759	758	
8841	Quad4	800	801	780	779	
8842	Quad4	821	822	801	800	
8843	Quad4	842	843	822	821	
8844	Quad4	863	864	843	842	
8845	Quad4	884	885	864	863	
8846	Quad4	905	906	885	884	
8847	Quad4	926	927	906	905	
8848	Quad4	947	948	927	926	
8849	Quad4	968	969	948	947	
8850	Quad4	989	990	969	968	
8851	Quad4	1010	1011	990	989	
8852	Quad4	1031	1032	1011	1010	
8853	Quad4	1052	1053	1032	1031	
8854	Quad4	1073	1074	1053	1052	
8855	Quad4	1094	1095	1074	1073	
8856	Quad4	1115	1116	1095	1094	
8857	Quad4	1136	1137	1116	1115	
8858	Quad4	1157	1158	1137	1136	
8859	Quad4	1178	1179	1158	1157	
8860	Quad4	1199	1200	1179	1178	
8861	Quad4	1220	1221	1200	1199	
8862	Quad4	1241	1242	1221	1220	
8863	Quad4	1262	1263	1242	1241	
8864	Quad4	1283	1284	1263	1262	
8865	Quad4	1304	1305	1284	1283	
8866	Quad4	1325	1326	1305	1304	
8867	Quad4	1346	1347	1326	1325	
8868	Quad4	1367	1368	1347	1346	
8869	Quad4	1388	1389	1368	1367	
8870	Quad4	1409	1410	1389	1388	
8871	Quad4	1430	1431	1410	1409	
8872	Quad4	1451	1452	1431	1430	
8873	Quad4	1472	1473	1452	1451	
8874	Quad4	1493	1494	1473	1472	
8875	Quad4	1514	1515	1494	1493	
8876	Quad4	1535	1536	1515	1514	
8877	Quad4	1556	1557	1536	1535	
8878	Quad4	1577	1578	1557	1556	
8879	Quad4	1598	1599	1578	1577	
8880	Quad4	1619	1620	1599	1598	
8881	Quad4	1640	1641	1620	1619	
8882	Quad4	1661	1662	1641	1640	
8883	Quad4	1682	1683	1662	1661	
8884	Quad4	1703	1704	1683	1682	
8885	Quad4	1724	1725	1704	1703	
8886	Quad4	1745	1746	1725	1724	
8887	Quad4	1766	1767	1746	1745	
8888	Quad4	1787	1788	1767	1766	
8889	Quad4	1808	1809	1788	1787	
8890	Quad4	1829	1830	1809	1808	
8891	Quad4	1850	1851	1830	1829	
8892	Quad4	1871	1872	1851	1850	
8893	Quad4	1892	1893	1872	1871	
8894	Quad4	1913	1914	1893	1892	
8895	Quad4	1934	1935	1914	1913	
8896	Quad4	1955	1956	1935	1934	
8897	Quad4	1976	1977	1956	1955	
8898	Quad4	1997	1998	1977	1976	
8899	Quad4	2018	2019	1998	1997	
8900	Quad4	2039	2040	2019	2018	
8901	Quad4	2060	2061	2040	2039	
8902	Quad4	2081	2082	2061	2060	
8903	Quad4	2102	2103	2082	2081	
8904	Quad4	2123	2124	2103	2102	
8905	Quad4	2144	2145	2124	2123	
8906	Quad4	2165	2166	2145	2144	
8907	Quad4	2186	2187	2166	2165	
8908	Quad4	2207	2208	2187	2186	
8909	Quad4	2228	2229	2208	2207	
8910	Quad4	2249	2250	2229	2228	
8911	Quad4	2270	2271	2250	2249	
8912	Quad4	2291	2292	2271	2270	
8913	Quad4	2312	2313	2292	2291	
8914	Quad4	2333	2334	2313	2312	
8915	Quad4	2354	2355	2334	2333	
8916	Quad4	2375	2376	2355	2354	
8917	Quad4	2396	2397	2376	2375	
8918	Quad4	2417	2418	2397	2396	
8919	Quad4	2438	2439	2418	2417	
8920	Quad4	2459	2460	2439	2438	
8921	Quad4	2480	2481	2460	2459	
8922	Quad4	2501	2502	2481	2480	
8923	Quad4	2522	2523	2502	2501	
8924	Quad4	2543	2544	2523	2522	
8925	Quad4	2564	2565	2544	2543	
8926	Quad4	2585	2586	2565	2564	
8927	Quad4	2606	2607	2586	2585	
8928	Quad4	2627	2628	2607	2606	
8929	Quad4	2648	2649	2628	2627	
8930	Quad4	2669	2670	2649	2648	
8931	Quad4	2690	2691	2670	2669	
8932	Quad4	2711	2712	2691	2690	
8933	Quad4	2732	2733	2712	2711	
8934	Quad4	2753	2754	2733	2732	
8935	Quad4	2774	2775	2754	2753	
8936	Quad4	2795	2796	2775	2774	
8937	Quad4	2816	2817	2796	2795	
8938	Quad4	2837	2838	2817	2816	
8939	Quad4	2858	2859	2838	2837	
8940	Quad4	359	360	2859	2858	
8941	Quad4	381	382	361	360	
8942	Quad4	402	403	382	381	
8943	Quad4	423	424	403	402	
8944	Quad4	444	445	424	423	
8945	Quad4	465	466	445	444	
8946	Quad4	486	487	466	465	
8947	Quad4	507	508	487	486	
8948	Quad4	528	529	508	507	
8949	Quad4	549	550	529	528	
8950	Quad4	570	571	550	549	
8951	Quad4	591	592	571	570	
8952	Quad4	612	613	592	591	
8953	Quad4	633	634	613	612	
8954	Quad4	654	655	634	633	
8955	Quad4	675	676	655	654	
8956	Quad4	696	697	676	675	
8957	Quad4	717	718	697	696	
8958	Quad4	738	739	718	717	
8959	Quad4	759	760	739	738	
8960	Quad4	780	781	760	759	
8961	Quad4	801	802	781	780	
8962	Quad4	822	823	802	801	
8963	Quad4	843	844	823	822	
8964	Quad4	864	865	844	843	
8965	Quad4	885	886	865	864	
8966	Quad4	906	907	886	885	
8967	Quad4	927	928	907	906	
8968	Quad4	948	949	928	927	
8969	Quad4	969	970	949	948	
8970	Quad4	990	991	970	969	
8971	Quad4	1011	1012	991	990	
8972	Quad4	1032	1033	1012	1011	
8973	Quad4	1053	1054	1033	1032	
8974	Quad4	1074	1075	1054	1053	
8975	Quad4	1095	1096	1075	1074	
8976	Quad4	1116	1117	1096	1095	
8977	Quad4	1137	1138	1117	1116	
8978	Quad4	1158	1159	1138	1137	
8979	Quad4	1179	1180	1159	1158	
8980	Quad4	1200	1201	1180	1179	
8981	Quad4	1221	1222	1201	1200	
8982	Quad4	1242	1243	1222	1221	
8983	Quad4	1263	1264	1243	1242	
8984	Quad4	1284	1285	1264	1263	
8985	Quad4	1305	1306	1285	1284	
8986	Quad4	1326	1327	1306	1305	
8987	Quad4	1347	1348	1327	1326	
8988	Quad4	1368	1369	1348	1347	
8989	Quad4	1389	1390	1369	1368	
8990	Quad4	1410	1411	1390	1389	
8991	Quad4	1431	1432	1411	1410	
8992	Quad4	1452	1453	1432	1431	
8993	Quad4	1473	1474	1453	1452	
8994	Quad4	1494	1495	1474	1473	
8995	Quad4	1515	1516	1495	1494	
8996	Quad4	1536	1537	1516	1515	
8997	Quad4	1557	1558	1537	1536	
8998	Quad4	1578	1579	1558	1557	
8999	Quad4	1599	1600	1579	1578	
9000	Quad4	1620	1621	1600	1599	
9001	Quad4	1641	1642	1621	1620	
9002	Quad4	1662	1663	1642	1641	
9003	Quad4	1683	1684	1663	1662	
9004	Quad4	1704	1705	1684	1683	
9005	Quad4	1725	1726	1705	1704	
9006	Quad4	1746	1747	1726	1725	
9007	Quad4	1767	1768	1747	1746	
9008	Quad4	1788	1789	1768	1767	
9009	Quad4	1809	1810	1789	1788	
9010	Quad4	1830	1831	1810	1809	
9011	Quad4	1851	1852	1831	1830	
9012	Quad4	1872	1873	1852	1851	
9013	Quad4	1893	1894	1873	1872	
9014	Quad4	1914	1915	1894	1893	
9015	Quad4	1935	1936	1915	1914	
9016	Quad4	1956	1957	1936	1935	
9017	Quad4	1977	1978	1957	1956	
9018	Quad4	1998	1999	1978	1977	
9019	Quad4	2019	2020	1999	1998	
9020	Quad4	2040	2041	2020	2019	
9021	Quad4	2061	2062	2041	2040	
9022	Quad4	2082	2083	2062	2061	
9023	Quad4	2103	2104	2083	2082	
9024	Quad4	2124	2125	2104	2103	
9025	Quad4	2145	2146	2125	2124	
9026	Quad4	2166	2167	2146	2145	
9027	Quad4	2187	2188	2167	2166	
9028	Quad4	2208	2209	2188	2187	
9029	Quad4	2229	2230	2209	2208	
9030	Quad4	2250	2251	2230	2229	
9031	Quad4	2271	2272	2251	2250	
9032	Quad4	2292	2293	2272	2271	
9033	Quad4	2313	2314	2293	2292	
9034	Quad4	2334	2335	2314	2313	
9035	Quad4	2355	2356	2335	2334	
9036	Quad4	2376	2377	2356	2355	
9037	Quad4	2397	2398	2377	2376	
9038	Quad4	2418	2419	2398	2397	
9039	Quad4	2439	2440	2419	2418	
9040	Quad4	2460	2461	2440	2439	
9041	Quad4	2481	2482	2461	2460	
9042	Quad4	2502	2503	2482	2481	
9043	Quad4	2523	2524	2503	2502	
9044	Quad4	2544	2545	2524	2523	
9045	Quad4	2565	2566	2545	2544	
9046	Quad4	2586	2587	2566	2565	
9047	Quad4	2607	2608	2587	2586	
9048	Quad4	2628	2629	2608	2607	
9049	Quad4	2649	2650	2629	2628	
9050	Quad4	2670	2671	2650	2649	
9051	Quad4	2691	2692	2671	2670	
9052	Quad4	2712	2713	2692	2691	
9053	Quad4	2733	2734	2713	2712	
9054	Quad4	2754	2755	2734	2733	
9055	Quad4	2775	2776	2755	2754	
9056	Quad4	2796	2797	2776	2775	
9057	Quad4	2817	2818	2797	2796	
9058	Quad4	2838	2839	2818	2817	
9059	Quad4	2859	2860	2839	2838	
9060	Quad4	360	361	2860	2859	
9061	Quad4	382	383	362	361	
9062	Quad4	403	404	383	382	
9063	Quad4	424	425	404	403	
9064	Quad4	445	446	425	424	
9065	Quad4	466	467	446	445	
9066	Quad4	487	488	467	466	
9067	Quad4	508	509	488	487	
9068	Quad4	529	530	509	508	
9069	Quad4	550	551	530	529	
9070	Quad4	571	572	551	550	
9071	Quad4	592	593	572	571	
9072	Quad4	613	614	593	592	
9073	Quad4	634	635	614	613	
9074	Quad4	655	656	635	634	
9075	Quad4	676	677	656	655	
9076	Quad4	697	698	677	676	
9077	Quad4	718	719	698	697	
9078	Quad4	739	740	719	718	
9079	Quad4	760	761	740	739	
9080	Quad4	781	782	761	760	
9081	Quad4	802	803	782	781	
9082	Quad4	823	824	803	802	
9083	Quad4	844	845	824	823	
9084	Quad4	865	866	845	844	
9085	Quad4	886	887	866	865	
9086	Quad4	907	908	887	886	
9087	Quad4	928	929	908	907	
9088	Quad4	949	950	929	928	
9089	Quad4	970	971	950	949	
9090	Quad4	991	992	971	970	
9091	Quad4	1012	1013	992	991	
9092	Quad4	1033	1034	1013	1012	
9093	Quad4	1054	1055	1034	1033	
9094	Quad4	1075	1076	1055	1054	
9095	Quad4	1096	1097	1076	1075	
9096	Quad4	1117	1118	1097	1096	
9097	Quad4	1138	1139	1118	1117	
9098	Quad4	1159	1160	1139	1138	
9099	Quad4	1180	1181	1160	1159	
9100	Quad4	1201	1202	1181	1180	
9101	Quad4	1222	1223	1202	1201	
9102	Quad4	1243	1244	1223	1222	
9103	Quad4	1264	1265	1244	1243	
9104	Quad4	1285	1286	1265	1264	
9105	Quad4	1306	1307	1286	1285	
9106	Quad4	1327	1328	1307	1306	
9107	Quad4	1348	1349	1328	1327	
9108	Quad4	1369	1370	1349	1348	
9109	Quad4	1390	1391	1370	1369	
9110	Quad4	1411	1412	1391	1390	
9111	Quad4	1432	1433	1412	1411	
9112	Quad4	1453	1454	1433	1432	
9113	Quad4	1474	1475	1454	1453	
9114	Quad4	1495	1496	1475	1474	
9115	Quad4	1516	1517	1496	1495	
9116	Quad4	1537	1538	1517	1516	
9117	Quad4	1558	1559	1538	1537	
9118	Quad4	1579	1580	1559	1558	
9119	Quad4	1600	1601	1580	1579	
9120	Quad4	1621	1622	1601	1600	
9121	Quad4	1642	1643	1622	1621	
9122	Quad4	1663	1664	1643	1642	
9123	Quad4	1684	1685	1664	1663	
9124	Quad4	1705	1706	1685	1684	
9125	Quad4	1726	1727	1706	1705	
9126	Quad4	1747	1748	1727	1726	
9127	Quad4	1768	1769	1748	1747	
9128	Quad4	1789	1790	1769	1768	
9129	Quad4	1810	1811	1790	1789	
9130	Quad4	1831	1832	1811	1810	
9131	Quad4	1852	1853	1832	1831	
9132	Quad4	1873	1874	1853	1852	
9133	Quad4	1894	1895	1874	1873	
9134	Quad4	1915	1916	1895	1894	
9135	Quad4	1936	1937	1916	1915	
9136	Quad4	1957	1958	1937	1936	
9137	Quad4	1978	1979	1958	1957	
9138	Quad4	1999	2000	1979	1978	
9139	Quad4	2020	2021	2000	1999	
9140	Quad4	2041	2042	2021	2020	
9141	Quad4	2062	2063	2042	2041	
9142	Quad4	2083	2084	2063	2062	
9143	Quad4	2104	2105	2084	2083	
9144	Quad4	2125	2126	2105	2104	
9145	Quad4	2146	2147	2126	2125	
9146	Quad4	2167	2168	2147	2146	
9147	Quad4	2188	2189	2168	2167	
9148	Quad4	2209	2210	2189	2188	
9149	Quad4	2230	2231	2210	2209	
9150	Quad4	2251	2252	2231	2230	
9151	Quad4	2272	2273	2252	2251	
9152	Quad4	2293	2294	2273	2272	
9153	Quad4	2314	2315	2294	2293	
9154	Quad4	2335	2336	2315	2314	
9155	Quad4	2356	2357	2336	2335	
9156	Quad4	2377	2378	2357	2356	
9157	Quad4	2398	2399	2378	2377	
9158	Quad4	2419	2420	2399	2398	
9159	Quad4	2440	2441	2420	2419	
9160	Quad4	2461	2462	2441	2440	
9161	Quad4	2482	2483	2462	2461	
9162	Quad4	2503	2504	2483	2482	
9163	Quad4	2524	2525	2504	2503	
9164	Quad4	2545	2546	2525	2524	
9165	Quad4	2566	2567	2546	2545	
9166	Quad4	2587	2588	2567	2566	
9167	Quad4	2608	2609	2588	2587	
9168	Quad4	2629	2630	2609	2608	
9169	Quad4	2650	2651	2630	2629	
9170	Quad4	2671	2672	2651	2650	
9171	Quad4	2692	2693	2672	2671	
9172	Quad4	2713	2714	2693	2692	
9173	Quad4	2734	2735	2714	2713	
9174	Quad4	2755	2756	2735	2734	
9175	Quad4	2776	2777	2756	2755	
9176	Quad4	2797	2798	2777	2776	
9177	Quad4	2818	2819	2798	2797	
9178	Quad4	2839	2840	2819	2818	
9179	Quad4	2860	2861	2840	2839	
9180	Quad4	361	362	2861	2860	
9181	Quad4	383	384	363	362	
9182	Quad4	404	405	384	383	
9183	Quad4	425	426	405	404	
9184	Quad4	446	447	426	425	
9185	Quad4	467	468	447	446	
9186	Quad4	488	489	468	467	
9187	Quad4	509	510	489	488	
9188	Quad4	530	531	510	509	
9189	Quad4	551	552	531	530	
9190	Quad4	572	573	552	551	
9191	Quad4	593	594	573	572	
9192	Quad4	614	615	594	593	
9193	Quad4	635	636	615	614	
9194	Quad4	656	657	636	635	
9195	Quad4	677	678	657	656	
9196	Quad4	698	699	678	677	
9197	Quad4	719	720	699	698	
9198	Quad4	740	741	720	719	
9199	Quad4	761	762	741	740	
9200	Quad4	782	783	762	761	
9201	Quad4	803	804	783	782	
9202	Quad4	824	825	804	803	
9203	Quad4	845	846	825	824	
9204	Quad4	866	867	846	845	
9205	Quad4	887	888	867	866	
9206	Quad4	908	909	888	887	
9207	Quad4	929	930	909	908	
9208	Quad4	950	951	930	929	
9209	Quad4	971	972	951	950	
9210	Quad4	992	993	972	971	
9211	Quad4	1013	1014	993	992	
9212	Quad4	1034	1035	1014	1013	
9213	Quad4	1055	1056	1035	1034	
9214	Quad4	1076	1077	1056	1055	
9215	Quad4	1097	1098	1077	1076	
9216	Quad4	1118	1119	1098	1097	
9217	Quad4	1139	1140	1119	1118	
9218	Quad4	1160	1161	1140	1139	
9219	Quad4	1181	1182	1161	1160	
9220	Quad4	1202	1203	1182	1181	
9221	Quad4	1223	1224	1203	1202	
9222	Quad4	1244	1245	1224	1223	
9223	Quad4	1265	1266	1245	1244	
9224	Quad4	1286	1287	1266	1265	
9225	Quad4	1307	1308	1287	1286	
9226	Quad4	1328	1329	1308	1307	
9227	Quad4	1349	1350	1329	1328	
9228	Quad4	1370	1371	1350	1349	
9229	Quad4	1391	1392	1371	1370	
9230	Quad4	1412	1413	1392	1391	
9231	Quad4	1433	1434	1413	1412	
9232	Quad4	1454	1455	1434	1433	
9233	Quad4	1475	1476	1455	1454	
9234	Quad4	1496	1497	1476	1475	
9235	Quad4	1517	1518	1497	1496	
9236	Quad4	1538	1539	1518	1517	
9237	Quad4	1559	1560	1539	1538	
9238	Quad4	1580	1581	1560	1559	
9239	Quad4	1601	1602	1581	1580	
9240	Quad4	1622	1623	1602	1601	
9241	Quad4	1643	1644	1623	1622	
9242	Quad4	1664	1665	1644	1643	
9243	Quad4	1685	1686	1665	1664	
9244	Quad4	1706	1707	1686	1685	
9245	Quad4	1727	1728	1707	1706	
9246	Quad4	1748	1749	1728	1727	
9247	Quad4	1769	1770	1749	1748	
9248	Quad4	1790	1791	1770	1769	
9249	Quad4	1811	1812	1791	1790	
9250	Quad4	1832	1833	1812	1811	
9251	Quad4	1853	1854	1833	1832	
9252	Quad4	1874	1875	1854	1853	
9253	Quad4	1895	1896	1875	1874	
9254	Quad4	1916	1917	1896	1895	
9255	Quad4	1937	1938	1917	1916	
9256	Quad4	1958	1959	1938	1937	
9257	Quad4	1979	1980	1959	1958	
9258	Quad4	2000	2001	1980	1979	
9259	Quad4	2021	2022	2001	2000	
9260	Quad4	2042	2043	2022	2021	
9261	Quad4	2063	2064	2043	2042	
9262	Quad4	2084	2085	2064	2063	
9263	Quad4	2105	2106	2085	2084	
9264	Quad4	2126	2127	2106	2105	
9265	Quad4	2147	2148	2127	2126	
9266	Quad4	2168	2169	2148	2147	
9267	Quad4	2189	2190	2169	2168	
9268	Quad4	2210	2211	2190	2189	
9269	Quad4	2231	2232	2211	2210	
9270	Quad4	2252	2253	2232	2231	
9271	Quad4	2273	2274	2253	2252	
9272	Quad4	2294	2295	2274	2273	
9273	Quad4	2315	2316	2295	2294	
9274	Quad4	2336	2337	2316	2315	
9275	Quad4	2357	2358	2337	2336	
9276	Quad4	2378	2379	2358	2357	
9277	Quad4	2399	2400	2379	2378	
9278	Quad4	2420	2421	2400	2399	
9279	Quad4	2441	2442	2421	2420	
9280	Quad4	2462	2463	2442	2441	
9281	Quad4	2483	2484	2463	2462	
9282	Quad4	2504	2505	2484	2483	
9283	Quad4	2525	2526	2505	2504	
9284	Quad4	2546	2547	2526	2525	
9285	Quad4	2567	2568	2547	2546	
9286	Quad4	2588	2589	2568	2567	
9287	Quad4	2609	2610	2589	2588	
9288	Quad4	2630	2631	2610	2609	
9289	Quad4	2651	2652	2631	2630	
9290	Quad4	2672	2673	2652	2651	
9291	Quad4	2693	2694	2673	2672	
9292	Quad4	2714	2715	2694	2693	
9293	Quad4	2735	2736	2715	2714	
9294	Quad4	2756	2757	2736	2735	
9295	Quad4	2777	2778	2757	2756	
9296	Quad4	2798	2799	2778	2777	
9297	Quad4	2819	2820	2799	2798	
9298	Quad4	2840	2841	2820	2819	
9299	Quad4	2861	2862	2841	2840	
9300	Quad4	362	363	2862	2861	
9301	Quad4	384	385	364	363	
9302	Quad4	405	406	385	384	
9303	Quad4	426	427	406	405	
9304	Quad4	447	448	427	426	
9305	Quad4	468	469	448	447	
9306	Quad4	489	490	469	468	
9307	Quad4	510	511	490	489	
9308	Quad4	531	532	511	510	
9309	Quad4	552	553	532	531	
9310	Quad4	573	574	553	552	
9311	Quad4	594	595	574	573	
9312	Quad4	615	616	595	594	
9313	Quad4	636	637	616	615	
9314	Quad4	657	658	637	636	
9315	Quad4	678	679	658	657	
9316	Quad4	699	700	679	678	
9317	Quad4	720	721	700	699	
9318	Quad4	741	742	721	720	
9319	Quad4	762	763	742	741	
9320	Quad4	783	784	763	762	
9321	Quad4	804	805	784	783	
9322	Quad4	825	826	805	804	
9323	Quad4	846	847	826	825	
9324	Quad4	867	868	847	846	
9325	Quad4	888	889	868	867	
9326	Quad4	909	910	889	888	
9327	Quad4	930	931	910	909	
9328	Quad4	951	952	931	930	
9329	Quad4	972	973	952	951	
9330	Quad4	993	994	973	972	
9331	Quad4	1014	1015	994	993	
9332	Quad4	1035	1036	1015	1014	
9333	Quad4	1056	1057	1036	1035	
9334	Quad4	1077	1078	1057	1056	
9335	Quad4	1098	1099	1078	1077	
9336	Quad4	1119	1120	1099	1098	
9337	Quad4	1140	1141	1120	1119	
9338	Quad4	1161	1162	1141	1140	
9339	Quad4	1182	1183	1162	1161	
9340	Quad4	1203	1204	1183	1182	
9341	Quad4	1224	1225	1204	1203	
9342	Quad4	1245	1246	1225	1224	
9343	Quad4	1266	1267	1246	1245	
9344	Quad4	1287	1288	1267	1266	
9345	Quad4	1308	1309	1288	1287	
9346	Quad4	1329	1330	1309	1308	
9347	Quad4	1350	1351	1330	1329	
9348	Quad4	1371	1372	1351	1350	
9349	Quad4	1392	1393	1372	1371	
9350	Quad4	1413	1414	1393	1392	
9351	Quad4	1434	1435	1414	1413	
9352	Quad4	1455	1456	1435	1434	
9353	Quad4	1476	1477	1456	1455	
9354	Quad4	1497	1498	1477	1476	
9355	Quad4	1518	1519	1498	1497	
9356	Quad4	1539	1540	1519	1518	
9357	Quad4	1560	1561	1540	1539	
9358	Quad4	1581	1582	1561	1560	
9359	Quad4	1602	1603	1582	1581	
9360	Quad4	1623	1624	1603	1602	
9361	Quad4	1644	1645	1624	1623	
9362	Quad4	1665	1666	1645	1644	
9363	Quad4	1686	1687	1666	1665	
9364	Quad4	1707	1708	1687	1686	
9365	Quad4	1728	1729	1708	1707	
9366	Quad4	1749	1750	1729	1728	
9367	Quad4	1770	1771	1750	1749	
9368	Quad4	1791	1792	1771	1770	
9369	Quad4	1812	1813	1792	1791	
9370	Quad4	1833	1834	1813	1812	
9371	Quad4	1854	1855	1834	1833	
9372	Quad4	1875	1876	1855	1854	
9373	Quad4	1896	1897	1876	1875	
9374	Quad4	1917	1918	1897	1896	
9375	Quad4	1938	1939	1918	1917	
9376	Quad4	1959	1960	1939	1938	
9377	Quad4	1980	1981	1960	1959	
9378	Quad4	2001	2002	1981	1980	
9379	Quad4	2022	2023	2002	2001	
9380	Quad4	2043	2044	2023	2022	
9381	Quad4	2064	2065	2044	2043	
9382	Quad4	2085	2086	2065	2064	
9383	Quad4	2106	2107	2086	2085	
9384	Quad4	2127	2128	2107	2106	
9385	Quad4	2148	2149	2128	2127	
9386	Quad4	2169	2170	2149	2148	
9387	Quad4	2190	2191	2170	2169	
9388	Quad4	2211	2212	2191	2190	
9389	Quad4	2232	2233	2212	2211	
9390	Quad4	2253	2254	2233	2232	
9391	Quad4	2274	2275	2254	2253	
9392	Quad4	2295	2296	2275	2274	
9393	Quad4	2316	2317	2296	2295	
9394	Quad4	2337	2338	2317	2316	
9395	Quad4	2358	2359	2338	2337	
9396	Quad4	2379	2380	2359	2358	
9397	Quad4	2400	2401	2380	2379	
9398	Quad4	2421	2422	2401	2400	
9399	Quad4	2442	2443	2422	2421	
9400	Quad4	2463	2464	2443	2442	
9401	Quad4	2484	2485	2464	2463	
9402	Quad4	2505	2506	2485	2484	
9403	Quad4	2526	2527	2506	2505	
9404	Quad4	2547	2548	2527	2526	
9405	Quad4	2568	2569	2548	2547	
9406	Quad4	2589	2590	2569	2568	
9407	Quad4	2610	2611	2590	2589	
9408	Quad4	2631	2632	2611	2610	
9409	Quad4	2652	2653	2632	2631	
9410	Quad4	2673	2674	2653	2652	
9411	Quad4	2694	2695	2674	2673	
9412	Quad4	2715	2716	2695	2694	
9413	Quad4	2736	2737	2716	2715	
9414	Quad4	2757	2758	2737	2736	
9415	Quad4	2778	2779	2758	2757	
9416	Quad4	2799	2800	2779	2778	
9417	Quad4	2820	2821	2800	2799	
9418	Quad4	2841	2842	2821	2820	
9419	Quad4	2862	2863	2842	2841	
9420	Quad4	363	364	2863	2862	
9421	Quad4	385	386	365	364	
9422	Quad4	406	407	386	385	
9423	Quad4	427	428	407	406	
9424	Quad4	448	449	428	427	
9425	Quad4	469	470	449	448	
9426	Quad4	490	491	470	469	
9427	Quad4	511	512	491	490	
9428	Quad4	532	533	512	511	
9429	Quad4	553	554	533	532	
9430	Quad4	574	575	554	553	
9431	Quad4	595	596	575	574	
9432	Quad4	616	617	596	595	
9433	Quad4	637	638	617	616	
9434	Quad4	658	659	638	637	
9435	Quad4	679	680	659	658	
9436	Quad4	700	701	680	679	
9437	Quad4	721	722	701	700	
9438	Quad4	742	743	722	721	
9439	Quad4	763	764	743	742	
9440	Quad4	784	785	764	763	
9441	Quad4	805	806	785	784	
9442	Quad4	826	827	806	805	
9443	Quad4	847	848	827	826	
9444	Quad4	868	869	848	847	
9445	Quad4	889	890	869	868	
9446	Quad4	910	911	890	889	
9447	Quad4	931	932	911	910	
9448	Quad4	952	953	932	931	
9449	Quad4	973	974	953	952	
9450	Quad4	994	995	974	973	
9451	Quad4	1015	1016	995	994	
9452	Quad4	1036	1037	1016	1015	
9453	Quad4	1057	1058	1037	1036	
9454	Quad4	1078	1079	1058	1057	
9455	Quad4	1099	1100	1079	1078	
9456	Quad4	1120	1121	1100	1099	
9457	Quad4	1141	1142	1121	1120	
9458	Quad4	1162	1163	1142	1141	
9459	Quad4	1183	1184	1163	1162	
9460	Quad4	1204	1205	1184	1183	
9461	Quad4	1225	1226	1205	1204	
9462	Quad4	1246	1247	1226	1225	
9463	Quad4	1267	1268	1247	1246	
9464	Quad4	1288	1289	1268	1267	
9465	Quad4	1309	1310	1289	1288	
9466	Quad4	1330	1331	1310	1309	
9467	Quad4	1351	1352	1331	1330	
9468	Quad4	1372	1373	1352	1351	
9469	Quad4	1393	1394	1373	1372	
9470	Quad4	1414	1415	1394	1393	
9471	Quad4	1435	1436	1415	1414	
9472	Quad4	1456	1457	1436	1435	
9473	Quad4	1477	1478	1457	1456	
9474	Quad4	1498	1499	1478	1477	
9475	Quad4	1519	1520	1499	1498	
9476	Quad4	1540	1541	1520	1519	
9477	Quad4	1561	1562	1541	1540	
9478	Quad4	1582	1583	1562	1561	
9479	Quad4	1603	1604	1583	1582	
9480	Quad4	1624	1625	1604	1603	
9481	Quad4	1645	1646	1625	1624	
9482	Quad4	1666	1667	1646	1645	
9483	Quad4	1687	1688	1667	1666	
9484	Quad4	1708	1709	1688	1687	
9485	Quad4	1729	1730	1709	1708	
9486	Quad4	1750	1751	1730	1729	
9487	Quad4	1771	1772	1751	1750	
9488	Quad4	1792	1793	1772	1771	
9489	Quad4	1813	1814	1793	1792	
9490	Quad4	1834	1835	1814	1813	
9491	Quad4	1855	1856	1835	1834	
9492	Quad4	1876	1877	1856	1855	
9493	Quad4	1897	1898	1877	1876	
9494	Quad4	1918	1919	1898	1897	
9495	Quad4	1939	1940	1919	1918	
9496	Quad4	1960	1961	1940	1939	
9497	Quad4	1981	1982	1961	1960	
9498	Quad4	2002	2003	1982	1981	
9499	Quad4	2023	2024	2003	2002	
9500	Quad4	2044	2045	2024	2023	
9501	Quad4	2065	2066	2045	2044	
9502	Quad4	2086	2087	2066	2065	
9503	Quad4	2107	2108	2087	2086	
9504	Quad4	2128	2129	2108	2107	
9505	Quad4	2149	2150	2129	2128	
9506	Quad4	2170	2171	2150	2149	
9507	Quad4	2191	2192	2171	2170	
9508	Quad4	2212	2213	2192	2191	
9509	Quad4	2233	2234	2213	2212	
9510	Quad4	2254	2255	2234	2233	
9511	Quad4	2275	2276	2255	2254	
9512	Quad4	2296	2297	2276	2275	
9513	Quad4	2317	2318	2297	2296	
9514	Quad4	2338	2339	2318	2317	
9515	Quad4	2359	2360	2339	2338	
9516	Quad4	2380	2381	2360	2359	
9517	Quad4	2401	2402	2381	2380	
9518	Quad4	2422	2423	2402	2401	
9519	Quad4	2443	2444	2423	2422	
9520	Quad4	2464	2465	2444	2443	
9521	Quad4	2485	2486	2465	2464	
9522	Quad4	2506	2507	2486	2485	
9523	Quad4	2527	2528	2507	2506	
9524	Quad4	2548	2549	2528	2527	
9525	Quad4	2569	2570	2549	2548	
9526	Quad4	2590	2591	2570	2569	
9527	Quad4	2611	2612	2591	2590	
9528	Quad4	2632	2633	2612	2611	
9529	Quad4	2653	2654	2633	2632	
9530	Quad4	2674	2675	2654	2653	
9531	Quad4	2695	2696	2675	2674	
9532	Quad4	2716	2717	2696	2695	
9533	Quad4	2737	2738	2717	2716	
9534	Quad4	2758	2759	2738	2737	
9535	Quad4	2779	2780	2759	2758	
9536	Quad4	2800	2801	2780	2779	
9537	Quad4	2821	2822	2801	2800	
9538	Quad4	2842	2843	2822	2821	
9539	Quad4	2863	2864	2843	2842	
9540	Quad4	364	365	2864	2863	
9541	Quad4	386	387	366	365	
9542	Quad4	407	408	387	386	
9543	Quad4	428	429	408	407	
9544	Quad4	449	450	429	428	
9545	Quad4	470	471	450	449	
9546	Quad4	491	492	471	470	
9547	Quad4	512	513	492	491	
9548	Quad4	533	534	513	512	
9549	Quad4	554	555	534	533	
9550	Quad4	575	576	555	554	
9551	Quad4	596	597	576	575	
9552	Quad4	617	618	597	596	
9553	Quad4	638	639	618	617	
9554	Quad4	659	660	639	638	
9555	Quad4	680	681	660	659	
9556	Quad4	701	702	681	680	
9557	Quad4	722	723	702	701	
9558	Quad4	743	744	723	722	
9559	Quad4	764	765	744	743	
9560	Quad4	785	786	765	764	
9561	Quad4	806	807	786	785	
9562	Quad4	827	828	807	806	
9563	Quad4	848	849	828	827	
9564	Quad4	869	870	849	848	
9565	Quad4	890	891	870	869	
9566	Quad4	911	912	891	890	
9567	Quad4	932	933	912	911	
9568	Quad4	953	954	933	932	
9569	Quad4	974	975	954	953	
9570	Quad4	995	996	975	974	
9571	Quad4	1016	1017	996	995	
9572	Quad4	1037	1038	1017	1016	
9573	Quad4	1058	1059	1038	1037	
9574	Quad4	1079	1080	1059	1058	
9575	Quad4	1100	1101	1080	1079	
9576	Quad4	1121	1122	1101	1100	
9577	Quad4	1142	1143	1122	1121	
9578	Quad4	1163	1164	1143	1142	
9579	Quad4	1184	1185	1164	1163	
9580	Quad4	1205	1206	1185	1184	
9581	Quad4	1226	1227	1206	1205	
9582	Quad4	1247	1248	1227	1226	
9583	Quad4	1268	1269	1248	1247	
9584	Quad4	1289	1290	1269	1268	
9585	Quad4	1310	1311	1290	1289	
9586	Quad4	1331	1332	1311	1310	
9587	Quad4	1352	1353	1332	1331	
9588	Quad4	1373	1374	1353	1352	
9589	Quad4	1394	1395	1374	1373	
9590	Quad4	1415	1416	1395	1394	
9591	Quad4	1436	1437	1416	1415	
9592	Quad4	1457	1458	1437	1436	
9593	Quad4	1478	1479	1458	1457	
9594	Quad4	1499	1500	1479	1478	
9595	Quad4	1520	1521	1500	1499	
9596	Quad4	1541	1542	1521	1520	
9597	Quad4	1562	1563	1542	1541	
9598	Quad4	1583	1584	1563	1562	
9599	Quad4	1604	1605	1584	1583	
9600	Quad4	1625	1626	1605	1604	
9601	Quad4	1646	1647	1626	1625	
9602	Quad4	1667	1668	1647	1646	
9603	Quad4	1688	1689	1668	1667	
9604	Quad4	1709	1710	1689	1688	
9605	Quad4	1730	1731	1710	1709	
9606	Quad4	1751	1752	1731	1730	
9607	Quad4	1772	1773	1752	1751	
9608	Quad4	1793	1794	1773	1772	
9609	Quad4	1814	1815	1794	1793	
9610	Quad4	1835	1836	1815	1814	
9611	Quad4	1856	1857	1836	1835	
9612	Quad4	1877	1878	1857	1856	
9613	Quad4	1898	1899	1878	1877	
9614	Quad4	1919	1920	1899	1898	
9615	Quad4	1940	1941	1920	1919	
9616	Quad4	1961	1962	1941	1940	
9617	Quad4	1982	1983	1962	1961	
9618	Quad4	2003	2004	1983	1982	
9619	Quad4	2024	2025	2004	2003	
9620	Quad4	2045	2046	2025	2024	
9621	Quad4	2066	2067	2046	2045	
9622	Quad4	2087	2088	2067	2066	
9623	Quad4	2108	2109	2088	2087	
9624	Quad4	2129	2130	2109	2108	
9625	Quad4	2150	2151	2130	2129	
9626	Quad4	2171	2172	2151	2150	
9627	Quad4	2192	2193	2172	2171	
9628	Quad4	2213	2214	2193	2192	
9629	Quad4	2234	2235	2214	2213	
9630	Quad4	2255	2256	2235	2234	
9631	Quad4	2276	2277	2256	2255	
9632	Quad4	2297	2298	2277	2276	
9633	Quad4	2318	2319	2298	2297	
9634	Quad4	2339	2340	2319	2318	
9635	Quad4	2360	2361	2340	2339	
9636	Quad4	2381	2382	2361	2360	
9637	Quad4	2402	2403	2382	2381	
9638	Quad4	2423	2424	2403	2402	
9639	Quad4	2444	2445	2424	2423	
9640	Quad4	2465	2466	2445	2444	
9641	Quad4	2486	2487	2466	2465	
9642	Quad4	2507	2508	2487	2486	
9643	Quad4	2528	2529	2508	2507	
9644	Quad4	2549	2550	2529	2528	
9645	Quad4	2570	2571	2550	2549	
9646	Quad4	2591	2592	2571	2570	
9647	Quad4	2612	2613	2592	2591	
9648	Quad4	2633	2634	2613	2612	
9649	Quad4	2654	2655	2634	2633	
9650	Quad4	2675	2676	2655	2654	
9651	Quad4	2696	2697	2676	2675	
9652	Quad4	2717	2718	2697	2696	
9653	Quad4	2738	2739	2718	2717	
9654	Quad4	2759	2760	2739	2738	
9655	Quad4	2780	2781	2760	2759	
9656	Quad4	2801	2802	2781	2780	
9657	Quad4	2822	2823	2802	2801	
9658	Quad4	2843	2844	2823	2822	
9659	Quad4	2864	2865	2844	2843	
9660	Quad4	365	366	2865	2864	
9661	Quad4	387	388	367	366	
9662	Quad4	408	409	388	387	
9663	Quad4	429	430	409	408	
9664	Quad4	450	451	430	429	
9665	Quad4	471	472	451	450	
9666	Quad4	492	493	472	471	
9667	Quad4	513	514	493	492	
9668	Quad4	534	535	514	513	
9669	Quad4	555	556	535	534	
9670	Quad4	576	577	556	555	
9671	Quad4	597	598	577	576	
9672	Quad4	618	619	598	597	
9673	Quad4	639	640	619	618	
9674	Quad4	660	661	640	639	
9675	Quad4	681	682	661	660	
9676	Quad4	702	703	682	681	
9677	Quad4	723	724	703	702	
9678	Quad4	744	745	724	723	
9679	Quad4	765	766	745	744	
9680	Quad4	786	787	766	765	
9681	Quad4	807	808	787	786	
9682	Quad4	828	829	808	807	
9683	Quad4	849	850	829	828	
9684	Quad4	870	871	850	849	
9685	Quad4	891	892	871	870	
9686	Quad4	912	913	892	891	
9687	Quad4	933	934	913	912	
9688	Quad4	954	955	934	933	
9689	Quad4	975	976	955	954	
9690	Quad4	996	997	976	975	
9691	Quad4	1017	1018	997	996	
9692	Quad4	1038	1039	1018	1017	
9693	Quad4	1059	1060	1039	1038	
9694	Quad4	1080	1081	1060	1059	
9695	Quad4	1101	1102	1081	1080	
9696	Quad4	1122	1123	1102	1101	
9697	Quad4	1143	1144	1123	1122	
9698	Quad4	1164	1165	1144	1143	
9699	Quad4	1185	1186	1165	1164	
9700	Quad4	1206	1207	1186	1185	
9701	Quad4	1227	1228	1207	1206	
9702	Quad4	1248	1249	1228	1227	
9703	Quad4	1269	1270	1249	1248	
9704	Quad4	1290	1291	1270	1269	
9705	Quad4	1311	1312	1291	1290	
9706	Quad4	1332	1333	1312	1311	
9707	Quad4	1353	1354	1333	1332	
9708	Quad4	1374	1375	1354	1353	
9709	Quad4	1395	1396	1375	1374	
9710	Quad4	1416	1417	1396	1395	
9711	Quad4	1437	1438	1417	1416	
9712	Quad4	1458	1459	1438	1437	
9713	Quad4	1479	1480	1459	1458	
9714	Quad4	1500	1501	1480	1479	
9715	Quad4	1521	1522	1501	1500	
9716	Quad4	1542	1543	1522	1521	
9717	Quad4	1563	1564	1543	1542	
9718	Quad4	1584	1585	1564	1563	
9719	Quad4	1605	1606	1585	1584	
9720	Quad4	1626	1627	1606	1605	
9721	Quad4	1647	1648	1627	1626	
9722	Quad4	1668	1669	1648	1647	
9723	Quad4	1689	1690	1669	1668	
9724	Quad4	1710	1711	1690	1689	
9725	Quad4	1731	1732	1711	1710	
9726	Quad4	1752	1753	1732	1731	
9727	Quad4	1773	1774	1753	1752	
9728	Quad4	1794	1795	1774	1773	
9729	Quad4	1815	1816	1795	1794	
9730	Quad4	1836	1837	1816	1815	
9731	Quad4	1857	1858	1837	1836	
9732	Quad4	1878	1879	1858	1857	
9733	Quad4	1899	1900	1879	1878	
9734	Quad4	1920	1921	1900	1899	
9735	Quad4	1941	1942	1921	1920	
9736	Quad4	1962	1963	1942	1941	
9737	Quad4	1983	1984	1963	1962	
9738	Quad4	2004	2005	1984	1983	
9739	Quad4	2025	2026	2005	2004	
9740	Quad4	2046	2047	2026	2025	
9741	Quad4	2067	2068	2047	2046	
9742	Quad4	2088	2089	2068	2067	
9743	Quad4	2109	2110	2089	2088	
9744	Quad4	2130	2131	2110	2109	
9745	Quad4	2151	2152	2131	2130	
9746	Quad4	2172	2173	2152	2151	
9747	Quad4	2193	2194	2173	2172	
9748	Quad4	2214	2215	2194	2193	
9749	Quad4	2235	2236	2215	2214	
9750	Quad4	2256	2257	2236	2235	
9751	Quad4	2277	2278	2257	2256	
9752	Quad4	2298	2299	2278	2277	
9753	Quad4	2319	2320	2299	2298	
9754	Quad4	2340	2341	2320	2319	
9755	Quad4	2361	2362	2341	2340	
9756	Quad4	2382	2383	2362	2361	
9757	Quad4	2403	2404	2383	2382	
9758	Quad4	2424	2425	2404	2403	
9759	Quad4	2445	2446	2425	2424	
9760	Quad4	2466	2467	2446	2445	
9761	Quad4	2487	2488	2467	2466	
9762	Quad4	2508	2509	2488	2487	
9763	Quad4	2529	2530	2509	2508	
9764	Quad4	2550	2551	2530	2529	
9765	Quad4	2571	2572	2551	2550	
9766	Quad4	2592	2593	2572	2571	
9767	Quad4	2613	2614	2593	2592	
9768	Quad4	2634	2635	2614	2613	
9769	Quad4	2655	2656	2635	2634	
9770	Quad4	2676	2677	2656	2655	
9771	Quad4	2697	2698	2677	2676	
9772	Quad4	2718	2719	2698	2697	
9773	Quad4	2739	2740	2719	2718	
9774	Quad4	2760	2761	2740	2739	
9775	Quad4	2781	2782	2761	2760	
9776	Quad4	2802	2803	2782	2781	
9777	Quad4	2823	2824	2803	2802	
9778	Quad4	2844	2845	2824	2823	
9779	Quad4	2865	2866	2845	2844	
9780	Quad4	366	367	2866	2865	
9781	Quad4	388	389	368	367	
9782	Quad4	409	410	389	388	
9783	Quad4	430	431	410	409	
9784	Quad4	451	452	431	430	
9785	Quad4	472	473	452	451	
9786	Quad4	493	494	473	472	
9787	Quad4	514	515	494	493	
9788	Quad4	535	536	515	514	
9789	Quad4	556	557	536	535	
9790	Quad4	577	578	557	556	
9791	Quad4	598	599	578	577	
9792	Quad4	619	620	599	598	
9793	Quad4	640	641	620	619	
9794	Quad4	661	662	641	640	
9795	Quad4	682	683	662	661	
9796	Quad4	703	704	683	682	
9797	Quad4	724	725	704	703	
9798	Quad4	745	746	725	724	
9799	Quad4	766	767	746	745	
9800	Quad4	787	788	767	766	
9801	Quad4	808	809	788	787	
9802	Quad4	829	830	809	808	
9803	Quad4	850	851	830	829	
9804	Quad4	871	872	851	850	
9805	Quad4	892	893	872	871	
9806	Quad4	913	914	893	892	
9807	Quad4	934	935	914	913	
9808	Quad4	955	956	935	934	
9809	Quad4	976	977	956	955	
9810	Quad4	997	998	977	976	
9811	Quad4	1018	1019	998	997	
9812	Quad4	1039	1040	1019	1018	
9813	Quad4	1060	1061	1040	1039	
9814	Quad4	1081	1082	1061	1060	
9815	Quad4	1102	1103	1082	1081	
9816	Quad4	1123	1124	1103	1102	
9817	Quad4	1144	1145	1124	1123	
9818	Quad4	1165	1166	1145	1144	
9819	Quad4	1186	1187	1166	1165	
9820	Quad4	1207	1208	1187	1186	
9821	Quad4	1228	1229	1208	1207	
9822	Quad4	1249	1250	1229	1228	
9823	Quad4	1270	1271	1250	1249	
9824	Quad4	1291	1292	1271	1270	
9825	Quad4	1312	1313	1292	1291	
9826	Quad4	1333	1334	1313	1312	
9827	Quad4	1354	1355	1334	1333	
9828	Quad4	1375	1376	1355	1354	
9829	Quad4	1396	1397	1376	1375	
9830	Quad4	1417	1418	1397	1396	
9831	Quad4	1438	1439	1418	1417	
9832	Quad4	1459	1460	1439	1438	
9833	Quad4	1480	1481	1460	1459	
9834	Quad4	1501	1502	1481	1480	
9835	Quad4	1522	1523	1502	1501	
9836	Quad4	1543	1544	1523	1522	
9837	Quad4	1564	1565	1544	1543	
9838	Quad4	1585	1586	1565	1564	
9839	Quad4	1606	1607	1586	1585	
9840	Quad4	1627	1628	1607	1606	
9841	Quad4	1648	1649	1628	1627	
9842	Quad4	1669	1670	1649	1648	
9843	Quad4	1690	1691	1670	1669	
9844	Quad4	1711	1712	1691	1690	
9845	Quad4	1732	1733	1712	1711	
9846	Quad4	1753	1754	1733	1732	
9847	Quad4	1774	1775	1754	1753	
9848	Quad4	1795	1796	1775	1774	
9849	Quad4	1816	1817	1796	1795	
9850	Quad4	1837	1838	1817	1816	
9851	Quad4	1858	1859	1838	1837	
9852	Quad4	1879	1880	1859	1858	
9853	Quad4	1900	1901	1880	1879	
9854	Quad4	1921	1922	1901	1900	
9855	Quad4	1942	1943	1922	1921	
9856	Quad4	1963	1964	1943	1942	
9857	Quad4	1984	1985	1964	1963	
9858	Quad4	2005	2006	1985	1984	
9859	Quad4	2026	2027	2006	2005	
9860	Quad4	2047	2048	2027	2026	
9861	Quad4	2068	2069	2048	2047	
9862	Quad4	2089	2090	2069	2068	
9863	Quad4	2110	2111	2090	2089	
9864	Quad4	2131	2132	2111	2110	
9865	Quad4	2152	2153	2132	2131	
9866	Quad4	2173	2174	2153	2152	
9867	Quad4	2194	2195	2174	2173	
9868	Quad4	2215	2216	2195	2194	
9869	Quad4	2236	2237	2216	2215	
9870	Quad4	2257	2258	2237	2236	
9871	Quad4	2278	2279	2258	2257	
9872	Quad4	2299	2300	2279	2278	
9873	Quad4	2320	2321	2300	2299	
9874	Quad4	2341	2342	2321	2320	
9875	Quad4	2362	2363	2342	2341	
9876	Quad4	2383	2384	2363	2362	
9877	Quad4	2404	2405	2384	2383	
9878	Quad4	2425	2426	2405	2404	
9879	Quad4	2446	2447	2426	2425	
9880	Quad4	2467	2468	2447	2446	
9881	Quad4	2488	2489	2468	2467	
9882	Quad4	2509	2510	2489	2488	
9883	Quad4	2530	2531	2510	2509	
9884	Quad4	2551	2552	2531	2530	
9885	Quad4	2572	2573	2552	2551	
9886	Quad4	2593	2594	2573	2572	
9887	Quad4	2614	2615	2594	2593	
9888	Quad4	2635	2636	2615	2614	
9889	Quad4	2656	2657	2636	2635	
9890	Quad4	2677	2678	2657	2656	
9891	Quad4	2698	2699	2678	2677	
9892	Quad4	2719	2720	2699	2698	
9893	Quad4	2740	2741	2720	2719	
9894	Quad4	2761	2762	2741	2740	
9895	Quad4	2782	2783	2762	2761	
9896	Quad4	2803	2804	2783	2782	
9897	Quad4	2824	2825	2804	2803	
9898	Quad4	2845	2846	2825	2824	
9899	Quad4	2866	2867	2846	2845	
9900	Quad4	367	368	2867	2866	
9901	Quad4	389	390	369	368	
9902	Quad4	410	411	390	389	
9903	Quad4	431	432	411	410	
9904	Quad4	452	453	432	431	
9905	Quad4	473	474	453	452	
9906	Quad4	494	495	474	473	
9907	Quad4	515	516	495	494	
9908	Quad4	536	537	516	515	
9909	Quad4	557	558	537	536	
9910	Quad4	578	579	558	557	
9911	Quad4	599	600	579	578	
9912	Quad4	620	621	600	599	
9913	Quad4	641	642	621	620	
9914	Quad4	662	663	642	641	
9915	Quad4	683	684	663	662	
9916	Quad4	704	705	684	683	
9917	Quad4	725	726	705	704	
9918	Quad4	746	747	726	725	
9919	Quad4	767	768	747	746	
9920	Quad4	788	789	768	767	
9921	Quad4	809	810	789	788	
9922	Quad4	830	831	810	809	
9923	Quad4	851	852	831	830	
9924	Quad4	872	873	852	851	
9925	Quad4	893	894	873	872	
9926	Quad4	914	915	894	893	
9927	Quad4	935	936	915	914	
9928	Quad4	956	957	936	935	
9929	Quad4	977	978	957	956	
9930	Quad4	998	999	978	977	
9931	Quad4	1019	1020	999	998	
9932	Quad4	1040	1041	1020	1019	
9933	Quad4	1061	1062	1041	1040	
9934	Quad4	1082	1083	1062	1061	
9935	Quad4	1103	1104	1083	1082	
9936	Quad4	1124	1125	1104	1103	
9937	Quad4	1145	1146	1125	1124	
9938	Quad4	1166	1167	1146	1145	
9939	Quad4	1187	1188	1167	1166	
9940	Quad4	1208	1209	1188	1187	
9941	Quad4	1229	1230	1209	1208	
9942	Quad4	1250	1251	1230	1229	
9943	Quad4	1271	1272	1251	1250	
9944	Quad4	1292	1293	1272	1271	
9945	Quad4	1313	1314	1293	1292	
9946	Quad4	1334	1335	1314	1313	
9947	Quad4	1355	1356	1335	1334	
9948	Quad4	1376	1377	1356	1355	
9949	Quad4	1397	1398	1377	1376	
9950	Quad4	1418	1419	1398	1397	
9951	Quad4	1439	1440	1419	1418	
9952	Quad4	1460	1461	1440	1439	
9953	Quad4	1481	1482	1461	1460	
9954	Quad4	1502	1503	1482	1481	
9955	Quad4	1523	1524	1503	1502	
9956	Quad4	1544	1545	1524	1523	
9957	Quad4	1565	1566	1545	1544	
9958	Quad4	1586	1587	1566	1565	
9959	Quad4	1607	1608	1587	1586	
9960	Quad4	1628	1629	1608	1607	
9961	Quad4	1649	1650	1629	1628	
9962	Quad4	1670	1671	1650	1649	
9963	Quad4	1691	1692	1671	1670	
9964	Quad4	1712	1713	1692	1691	
9965	Quad4	1733	1734	1713	1712	
9966	Quad4	1754	1755	1734	1733	
9967	Quad4	1775	1776	1755	1754	
9968	Quad4	1796	1797	1776	1775	
9969	Quad4	1817	1818	1797	1796	
9970	Quad4	1838	1839	1818	1817	
9971	Quad4	1859	1860	1839	1838	
9972	Quad4	1880	1881	1860	1859	
9973	Quad4	1901	1902	1881	1880	
9974	Quad4	1922	1923	1902	1901	
9975	Quad4	1943	1944	1923	1922	
9976	Quad4	1964	1965	1944	1943	
9977	Quad4	1985	1986	1965	1964	
9978	Quad4	2006	2007	1986	1985	
9979	Quad4	2027	2028	2007	2006	
9980	Quad4	2048	2049	2028	2027	
9981	Quad4	2069	2070	2049	2048	
9982	Quad4	2090	2091	2070	2069	
9983	Quad4	2111	2112	2091	2090	
9984	Quad4	2132	2133	2112	2111	
9985	Quad4	2153	2154	2133	2132	
9986	Quad4	2174	2175	2154	2153	
9987	Quad4	2195	2196	2175	2174	
9988	Quad4	2216	2217	2196	2195	
9989	Quad4	2237	2238	2217	2216	
9990	Quad4	2258	2259	2238	2237	
9991	Quad4	2279	2280	2259	2258	
9992	Quad4	2300	2301	2280	2279	
9993	Quad4	2321	2322	2301	2300	
9994	Quad4	2342	2343	2322	2321	
9995	Quad4	2363	2364	2343	2342	
9996	Quad4	2384	2385	2364	2363	
9997	Quad4	2405	2406	2385	2384	
9998	Quad4	2426	2427	2406	2405	
9999	Quad4	2447	2448	2427	2426	
10000	Quad4	2468	2469	2448	2447	
10001	Quad4	2489	2490	2469	2468	
10002	Quad4	2510	2511	2490	2489	
10003	Quad4	2531	2532	2511	2510	
10004	Quad4	2552	2553	2532	2531	
10005	Quad4	2573	2574	2553	2552	
10006	Quad4	2594	2595	2574	2573	
10007	Quad4	2615	2616	2595	2594	
10008	Quad4	2636	2637	2616	2615	
10009	Quad4	2657	2658	2637	2636	
10010	Quad4	2678	2679	2658	2657	
10011	Quad4	2699	2700	2679	2678	
10012	Quad4	2720	2721	2700	2699	
10013	Quad4	2741	2742	2721	2720	
10014	Quad4	2762	2763	2742	2741	
10015	Quad4	2783	2784	2763	2762	
10016	Quad4	2804	2805	2784	2783	
10017	Quad4	2825	2826	2805	2804	
10018	Quad4	2846	2847	2826	2825	
10019	Quad4	2867	2868	2847	2846	
10020	Quad4	368	369	2868	2867	
10021	Quad4	390	391	370	369	
10022	Quad4	411	412	391	390	
10023	Quad4	432	433	412	411	
10024	Quad4	453	454	433	432	
10025	Quad4	474	475	454	453	
10026	Quad4	495	496	475	474	
10027	Quad4	516	517	496	495	
10028	Quad4	537	538	517	516	
10029	Quad4	558	559	538	537	
10030	Quad4	579	580	559	558	
10031	Quad4	600	601	580	579	
10032	Quad4	621	622	601	600	
10033	Quad4	642	643	622	621	
10034	Quad4	663	664	643	642	
10035	Quad4	684	685	664	663	
10036	Quad4	705	706	685	684	
10037	Quad4	726	727	706	705	
10038	Quad4	747	748	727	726	
10039	Quad4	768	769	748	747	
10040	Quad4	789	790	769	768	
10041	Quad4	810	811	790	789	
10042	Quad4	831	832	811	810	
10043	Quad4	852	853	832	831	
10044	Quad4	873	874	853	852	
10045	Quad4	894	895	874	873	
10046	Quad4	915	916	895	894	
10047	Quad4	936	937	916	915	
10048	Quad4	957	958	937	936	
10049	Quad4	978	979	958	957	
10050	Quad4	999	1000	979	978	
10051	Quad4	1020	1021	1000	999	
10052	Quad4	1041	1042	1021	1020	
10053	Quad4	1062	1063	1042	1041	
10054	Quad4	1083	1084	1063	1062	
10055	Quad4	1104	1105	1084	1083	
10056	Quad4	1125	1126	1105	1104	
10057	Quad4	1146	1147	1126	1125	
10058	Quad4	1167	1168	1147	1146	
10059	Quad4	1188	1189	1168	1167	
10060	Quad4	1209	1210	1189	1188	
10061	Quad4	1230	1231	1210	1209	
10062	Quad4	1251	1252	1231	1230	
10063	Quad4	1272	1273	1252	1251	
10064	Quad4	1293	1294	1273	1272	
10065	Quad4	1314	1315	1294	1293	
10066	Quad4	1335	1336	1315	1314	
10067	Quad4	1356	1357	1336	1335	
10068	Quad4	1377	1378	1357	1356	
10069	Quad4	1398	1399	1378	1377	
10070	Quad4	1419	1420	1399	1398	
10071	Quad4	1440	1441	1420	1419	
10072	Quad4	1461	1462	1441	1440	
10073	Quad4	1482	1483	1462	1461	
10074	Quad4	1503	1504	1483	1482	
10075	Quad4	1524	1525	1504	1503	
10076	Quad4	1545	1546	1525	1524	
10077	Quad4	1566	1567	1546	1545	
10078	Quad4	1587	1588	1567	1566	
10079	Quad4	1608	1609	1588	1587	
10080	Quad4	1629	1630	1609	1608	
10081	Quad4	1650	1651	1630	1629	
10082	Quad4	1671	1672	1651	1650	
10083	Quad4	1692	1693	1672	1671	
10084	Quad4	1713	1714	1693	1692	
10085	Quad4	1734	1735	1714	1713	
10086	Quad4	1755	1756	1735	1734	
10087	Quad4	1776	1777	1756	1755	
10088	Quad4	1797	1798	1777	1776	
10089	Quad4	1818	1819	1798	1797	
10090	Quad4	1839	1840	1819	1818	
10091	Quad4	1860	1861	1840	1839	
10092	Quad4	1881	1882	1861	1860	
10093	Quad4	1902	1903	1882	1881	
10094	Quad4	1923	1924	1903	1902	
10095	Quad4	1944	1945	1924	1923	
10096	Quad4	1965	1966	1945	1944	
10097	Quad4	1986	1987	1966	1965	
10098	Quad4	2007	2008	1987	1986	
10099	Quad4	2028	2029	2008	2007	
10100	Quad4	2049	2050	2029	2028	
10101	Quad4	2070	2071	2050	2049	
10102	Quad4	2091	2092	2071	2070	
10103	Quad4	2112	2113	2092	2091	
10104	Quad4	2133	2134	2113	2112	
10105	Quad4	2154	2155	2134	2133	
10106	Quad4	2175	2176	2155	2154	
10107	Quad4	2196	2197	2176	2175	
10108	Quad4	2217	2218	2197	2196	
10109	Quad4	2238	2239	2218	2217	
10110	Quad4	2259	2260	2239	2238	
10111	Quad4	2280	2281	2260	2259	
10112	Quad4	2301	2302	2281	2280	
10113	Quad4	2322	2323	2302	2301	
10114	Quad4	2343	2344	2323	2322	
10115	Quad4	2364	2365	2344	2343	
10116	Quad4	2385	2386	2365	2364	
10117	Quad4	2406	2407	2386	2385	
10118	Quad4	2427	2428	2407	2406	
10119	Quad4	2448	2449	2428	2427	
10120	Quad4	2469	2470	2449	2448	
10121	Quad4	2490	2491	2470	2469	
10122	Quad4	2511	2512	2491	2490	
10123	Quad4	2532	2533	2512	2511	
10124	Quad4	2553	2554	2533	2532	
10125	Quad4	2574	2575	2554	2553	
10126	Quad4	2595	2596	2575	2574	
10127	Quad4	2616	2617	2596	2595	
10128	Quad4	2637	2638	2617	2616	
10129	Quad4	2658	2659	2638	2637	
10130	Quad4	2679	2680	2659	2658	
10131	Quad4	2700	2701	2680	2679	
10132	Quad4	2721	2722	2701	2700	
10133	Quad4	2742	2743	2722	2721	
10134	Quad4	2763	2764	2743	2742	
10135	Quad4	2784	2785	2764	2763	
10136	Quad4	2805	2806	2785	2784	
10137	Quad4	2826	2827	2806	2805	
10138	Quad4	2847	2848	2827	2826	
10139	Quad4	2868	2869	2848	2847	
10140	Quad4	369	370	2869	2868	
10141	Quad4	391	392	371	370	
10142	Quad4	412	413	392	391	
10143	Quad4	433	434	413	412	
10144	Quad4	454	455	434	433	
10145	Quad4	475	476	455	454	
10146	Quad4	496	497	476	475	
10147	Quad4	517	518	497	496	
10148	Quad4	538	539	518	517	
10149	Quad4	559	560	539	538	
10150	Quad4	580	581	560	559	
10151	Quad4	601	602	581	580	
10152	Quad4	622	623	602	601	
10153	Quad4	643	644	623	622	
10154	Quad4	664	665	644	643	
10155	Quad4	685	686	665	664	
10156	Quad4	706	707	686	685	
10157	Quad4	727	728	707	706	
10158	Quad4	748	749	728	727	
10159	Quad4	769	770	749	748	
10160	Quad4	790	791	770	769	
10161	Quad4	811	812	791	790	
10162	Quad4	832	833	812	811	
10163	Quad4	853	854	833	832	
10164	Quad4	874	875	854	853	
10165	Quad4	895	896	875	874	
10166	Quad4	916	917	896	895	
10167	Quad4	937	938	917	916	
10168	Quad4	958	959	938	937	
10169	Quad4	979	980	959	958	
10170	Quad4	1000	1001	980	979	
10171	Quad4	1021	1022	1001	1000	
10172	Quad4	1042	1043	1022	1021	
10173	Quad4	1063	1064	1043	1042	
10174	Quad4	1084	1085	1064	1063	
10175	Quad4	1105	1106	1085	1084	
10176	Quad4	1126	1127	1106	1105	
10177	Quad4	1147	1148	1127	1126	
10178	Quad4	1168	1169	1148	1147	
10179	Quad4	1189	1190	1169	1168	
10180	Quad4	1210	1211	1190	1189	
10181	Quad4	1231	1232	1211	1210	
10182	Quad4	1252	1253	1232	1231	
10183	Quad4	1273	1274	1253	1252	
10184	Quad4	1294	1295	1274	1273	
10185	Quad4	1315	1316	1295	1294	
10186	Quad4	1336	1337	1316	1315	
10187	Quad4	1357	1358	1337	1336	
10188	Quad4	1378	1379	1358	1357	
10189	Quad4	1399	1400	1379	1378	
10190	Quad4	1420	1421	1400	1399	
10191	Quad4	1441	1442	1421	1420	
10192	Quad4	1462	1463	1442	1441	
10193	Quad4	1483	1484	1463	1462	
10194	Quad4	1504	1505	1484	1483	
10195	Quad4	1525	1526	1505	1504	
10196	Quad4	1546	1547	1526	1525	
10197	Quad4	1567	1568	1547	1546	
10198	Quad4	1588	1589	1568	1567	
10199	Quad4	1609	1610	1589	1588	
10200	Quad4	1630	1631	1610	1609	
10201	Quad4	1651	1652	1631	1630	
10202	Quad4	1672	1673	1652	1651	
10203	Quad4	1693	1694	1673	1672	
10204	Quad4	1714	1715	1694	1693	
10205	Quad4	1735	1736	1715	1714	
10206	Quad4	1756	1757	1736	1735	
10207	Quad4	1777	1778	1757	1756	
10208	Quad4	1798	1799	1778	1777	
10209	Quad4	1819	1820	1799	1798	
10210	Quad4	1840	1841	1820	1819	
10211	Quad4	1861	1862	1841	1840	
10212	Quad4	1882	1883	1862	1861	
10213	Quad4	1903	1904	1883	1882	
10214	Quad4	1924	1925	1904	1903	
10215	Quad4	1945	1946	1925	1924	
10216	Quad4	1966	1967	1946	1945	
10217	Quad4	1987	1988	1967	1966	
10218	Quad4	2008	2009	1988	1987	
10219	Quad4	2029	2030	2009	2008	
10220	Quad4	2050	2051	2030	2029	
10221	Quad4	2071	2072	2051	2050	
10222	Quad4	2092	2093	2072	2071	
10223	Quad4	2113	2114	2093	2092	
10224	Quad4	2134	2135	2114	2113	
10225	Quad4	2155	2156	2135	2134	
10226	Quad4	2176	2177	2156	2155	
10227	Quad4	2197	2198	2177	2176	
10228	Quad4	2218	2219	2198	2197	
10229	Quad4	2239	2240	2219	2218	
10230	Quad4	2260	2261	2240	2239	
10231	Quad4	2281	2282	2261	2260	
10232	Quad4	2302	2303	2282	2281	
10233	Quad4	2323	2324	2303	2302	
10234	Quad4	2344	2345	2324	2323	
10235	Quad4	2365	2366	2345	2344	
10236	Quad4	2386	2387	2366	2365	
10237	Quad4	2407	2408	2387	2386	
10238	Quad4	2428	2429	2408	2407	
10239	Quad4	2449	2450	2429	2428	
10240	Quad4	2470	2471	2450	2449	
10241	Quad4	2491	2492	2471	2470	
10242	Quad4	2512	2513	2492	2491	
10243	Quad4	2533	2534	2513	2512	
10244	Quad4	2554	2555	2534	2533	
10245	Quad4	2575	2576	2555	2554	
10246	Quad4	2596	2597	2576	2575	
10247	Quad4	2617	2618	2597	2596	
10248	Quad4	2638	2639	2618	2617	
10249	Quad4	2659	2660	2639	2638	
10250	Quad4	2680	2681	2660	2659	
10251	Quad4	2701	2702	2681	2680	
10252	Quad4	2722	2723	2702	2701	
10253	Quad4	2743	2744	2723	2722	
10254	Quad4	2764	2765	2744	2743	
10255	Quad4	2785	2786	2765	2764	
10256	Quad4	2806	2807	2786	2785	
10257	Quad4	2827	2828	2807	2806	
10258	Quad4	2848	2849	2828	2827	
10259	Quad4	2869	2870	2849	2848	
10260	Quad4	370	371	2870	2869	
10261	Quad4	392	393	372	371	
10262	Quad4	413	414	393	392	
10263	Quad4	434	435	414	413	
10264	Quad4	455	456	435	434	
10265	Quad4	476	477	456	455	
10266	Quad4	497	498	477	476	
10267	Quad4	518	519	498	497	
10268	Quad4	539	540	519	518	
10269	Quad4	560	561	540	539	
10270	Quad4	581	582	561	560	
10271	Quad4	602	603	582	581	
10272	Quad4	623	624	603	602	
10273	Quad4	644	645	624	623	
10274	Quad4	665	666	645	644	
10275	Quad4	686	687	666	665	
10276	Quad4	707	708	687	686	
10277	Quad4	728	729	708	707	
10278	Quad4	749	750	729	728	
10279	Quad4	770	771	750	749	
10280	Quad4	791	792	771	770	
10281	Quad4	812	813	792	791	
10282	Quad4	833	834	813	812	
10283	Quad4	854	855	834	833	
10284	Quad4	875	876	855	854	
10285	Quad4	896	897	876	875	
10286	Quad4	917	918	897	896	
10287	Quad4	938	939	918	917	
10288	Quad4	959	960	939	938	
10289	Quad4	980	981	960	959	
10290	Quad4	1001	1002	981	980	
10291	Quad4	1022	1023	1002	1001	
10292	Quad4	1043	1044	1023	1022	
10293	Quad4	1064	1065	1044	1043	
10294	Quad4	1085	1086	1065	1064	
10295	Quad4	1106	1107	1086	1085	
10296	Quad4	1127	1128	1107	1106	
10297	Quad4	1148	1149	1128	1127	
10298	Quad4	1169	1170	1149	1148	
10299	Quad4	1190	1191	1170	1169	
10300	Quad4	1211	1212	1191	1190	
10301	Quad4	1232	1233	1212	1211	
10302	Quad4	1253	1254	1233	1232	
10303	Quad4	1274	1275	1254	1253	
10304	Quad4	1295	1296	1275	1274	
10305	Quad4	1316	1317	1296	1295	
10306	Quad4	1337	1338	1317	1316	
10307	Quad4	1358	1359	1338	1337	
10308	Quad4	1379	1380	1359	1358	
10309	Quad4	1400	1401	1380	1379	
10310	Quad4	1421	1422	1401	1400	
10311	Quad4	1442	1443	1422	1421	
10312	Quad4	1463	1464	1443	1442	
10313	Quad4	1484	1485	1464	1463	
10314	Quad4	1505	1506	1485	1484	
10315	Quad4	1526	1527	1506	1505	
10316	Quad4	1547	1548	1527	1526	
10317	Quad4	1568	1569	1548	1547	
10318	Quad4	1589	1590	1569	1568	
10319	Quad4	1610	1611	1590	1589	
10320	Quad4	1631	1632	1611	1610	
10321	Quad4	1652	1653	1632	1631	
10322	Quad4	1673	1674	1653	1652	
10323	Quad4	1694	1695	1674	1673	
10324	Quad4	1715	1716	1695	1694	
10325	Quad4	1736	1737	1716	1715	
10326	Quad4	1757	1758	1737	1736	
10327	Quad4	1778	1779	1758	1757	
10328	Quad4	1799	1800	1779	1778	
10329	Quad4	1820	1821	1800	1799	
10330	Quad4	1841	1842	1821	1820	
10331	Quad4	1862	1863	1842	1841	
10332	Quad4	1883	1884	1863	1862	
10333	Quad4	1904	1905	1884	1883	
10334	Quad4	1925	1926	1905	1904	
10335	Quad4	1946	1947	1926	1925	
10336	Quad4	1967	1968	1947	1946	
10337	Quad4	1988	1989	1968	1967	
10338	Quad4	2009	2010	1989	1988	
10339	Quad4	2030	2031	2010	2009	
10340	Quad4	2051	2052	2031	2030	
10341	Quad4	2072	2073	2052	2051	
10342	Quad4	2093	2094	2073	2072	
10343	Quad4	2114	2115	2094	2093	
10344	Quad4	2135	2136	2115	2114	
10345	Quad4	2156	2157	2136	2135	
10346	Quad4	2177	2178	2157	2156	
10347	Quad4	2198	2199	2178	2177	
10348	Quad4	2219	2220	2199	2198	
10349	Quad4	2240	2241	2220	2219	
10350	Quad4	2261	2262	2241	2240	
10351	Quad4	2282	2283	2262	2261	
10352	Quad4	2303	2304	2283	2282	
10353	Quad4	2324	2325	2304	2303	
10354	Quad4	2345	2346	2325	2324	
10355	Quad4	2366	2367	2346	2345	
10356	Quad4	2387	2388	2367	2366	
10357	Quad4	2408	2409	2388	2387	
10358	Quad4	2429	2430	2409	2408	
10359	Quad4	2450	2451	2430	2429	
10360	Quad4	2471	2472	2451	2450	
10361	Quad4	2492	2493	2472	2471	
10362	Quad4	2513	2514	2493	2492	
10363	Quad4	2534	2535	2514	2513	
10364	Quad4	2555	2556	2535	2534	
10365	Quad4	2576	2577	2556	2555	
10366	Quad4	2597	2598	2577	2576	
10367	Quad4	2618	2619	2598	2597	
10368	Quad4	2639	2640	2619	2618	
10369	Quad4	2660	2661	2640	2639	
10370	Quad4	2681	2682	2661	2660	
10371	Quad4	2702	2703	2682	2681	
10372	Quad4	2723	2724	2703	2702	
10373	Quad4	2744	2745	2724	2723	
10374	Quad4	2765	2766	2745	2744	
10375	Quad4	2786	2787	2766	2765	
10376	Quad4	2807	2808	2787	2786	
10377	Quad4	2828	2829	2808	2807	
10378	Quad4	2849	2850	2829	2828	
10379	Quad4	2870	2871	2850	2849	
10380	Quad4	371	372	2871	2870	
10381	Quad4	393	394	373	372	
10382	Quad4	414	415	394	393	
10383	Quad4	435	436	415	414	
10384	Quad4	456	457	436	435	
10385	Quad4	477	478	457	456	
10386	Quad4	498	499	478	477	
10387	Quad4	519	520	499	498	
10388	Quad4	540	541	520	519	
10389	Quad4	561	562	541	540	
10390	Quad4	582	583	562	561	
10391	Quad4	603	604	583	582	
10392	Quad4	624	625	604	603	
10393	Quad4	645	646	625	624	
10394	Quad4	666	667	646	645	
10395	Quad4	687	688	667	666	
10396	Quad4	708	709	688	687	
10397	Quad4	729	730	709	708	
10398	Quad4	750	751	730	729	
10399	Quad4	771	772	751	750	
10400	Quad4	792	793	772	771	
10401	Quad4	813	814	793	792	
10402	Quad4	834	835	814	813	
10403	Quad4	855	856	835	834	
10404	Quad4	876	877	856	855	
10405	Quad4	897	898	877	876	
10406	Quad4	918	919	898	897	
10407	Quad4	939	940	919	918	
10408	Quad4	960	961	940	939	
10409	Quad4	981	982	961	960	
10410	Quad4	1002	1003	982	981	
10411	Quad4	1023	1024	1003	1002	
10412	Quad4	1044	1045	1024	1023	
10413	Quad4	1065	1066	1045	1044	
10414	Quad4	1086	1087	1066	1065	
10415	Quad4	1107	1108	1087	1086	
10416	Quad4	1128	1129	1108	1107	
10417	Quad4	1149	1150	1129	1128	
10418	Quad4	1170	1171	1150	1149	
10419	Quad4	1191	1192	1171	1170	
10420	Quad4	1212	1213	1192	1191	
10421	Quad4	1233	1234	1213	1212	
10422	Quad4	1254	1255	1234	1233	
10423	Quad4	1275	1276	1255	1254	
10424	Quad4	1296	1297	1276	1275	
10425	Quad4	1317	1318	1297	1296	
10426	Quad4	1338	1339	1318	1317	
10427	Quad4	1359	1360	1339	1338	
10428	Quad4	1380	1381	1360	1359	
10429	Quad4	1401	1402	1381	1380	
10430	Quad4	1422	1423	1402	1401	
10431	Quad4	1443	1444	1423	1422	
10432	Quad4	1464	1465	1444	1443	
10433	Quad4	1485	1486	1465	1464	
10434	Quad4	1506	1507	1486	1485	
10435	Quad4	1527	1528	1507	1506	
10436	Quad4	1548	1549	1528	1527	
10437	Quad4	1569	1570	1549	1548	
10438	Quad4	1590	1591	1570	1569	
10439	Quad4	1611	1612	1591	1590	
10440	Quad4	1632	1633	1612	1611	
10441	Quad4	1653	1654	1633	1632	
10442	Quad4	1674	1675	1654	1653	
10443	Quad4	1695	1696	1675	1674	
10444	Quad4	1716	1717	1696	1695	
10445	Quad4	1737	1738	1717	1716	
10446	Quad4	1758	1759	1738	1737	
10447	Quad4	1779	1780	1759	1758	
10448	Quad4	1800	1801	1780	1779	
10449	Quad4	1821	1822	1801	1800	
10450	Quad4	1842	1843	1822	1821	
10451	Quad4	1863	1864	1843	1842	
10452	Quad4	1884	1885	1864	1863	
10453	Quad4	1905	1906	1885	1884	
10454	Quad4	1926	1927	1906	1905	
10455	Quad4	1947	1948	1927	1926	
10456	Quad4	1968	1969	1948	1947	
10457	Quad4	1989	1990	1969	1968	
10458	Quad4	2010	2011	1990	1989	
10459	Quad4	2031	2032	2011	2010	
10460	Quad4	2052	2053	2032	2031	
10461	Quad4	2073	2074	2053	2052	
10462	Quad4	2094	2095	2074	2073	
10463	Quad4	2115	2116	2095	2094	
10464	Quad4	2136	2137	2116	2115	
10465	Quad4	2157	2158	2137	2136	
10466	Quad4	2178	2179	2158	2157	
10467	Quad4	2199	2200	2179	2178	
10468	Quad4	2220	2221	2200	2199	
10469	Quad4	2241	2242	2221	2220	
10470	Quad4	2262	2263	2242	2241	
10471	Quad4	2283	2284	2263	2262	
10472	Quad4	2304	2305	2284	2283	
10473	Quad4	2325	2326	2305	2304	
10474	Quad4	2346	2347	2326	2325	
10475	Quad4	2367	2368	2347	2346	
10476	Quad4	2388	2389	2368	2367	
10477	Quad4	2409	2410	2389	2388	
10478	Quad4	2430	2431	2410	2409	
10479	Quad4	2451	2452	2431	2430	
10480	Quad4	2472	2473	2452	2451	
10481	Quad4	2493	2494	2473	2472	
10482	Quad4	2514	2515	2494	2493	
10483	Quad4	2535	2536	2515	2514	
10484	Quad4	2556	2557	2536	2535	
10485	Quad4	2577	2578	2557	2556	
10486	Quad4	2598	2599	2578	2577	
10487	Quad4	2619	2620	2599	2598	
10488	Quad4	2640	2641	2620	2619	
10489	Quad4	2661	2662	2641	2640	
10490	Quad4	2682	2683	2662	2661	
10491	Quad4	2703	2704	2683	2682	
10492	Quad4	2724	2725	2704	2703	
10493	Quad4	2745	2746	2725	2724	
10494	Quad4	2766	2767	2746	2745	
10495	Quad4	2787	2788	2767	2766	
10496	Quad4	2808	2809	2788	2787	
10497	Quad4	2829	2830	2809	2808	
10498	Quad4	2850	2851	2830	2829	
10499	Quad4	2871	2872	2851	2850	
10500	Quad4	372	373	2872	2871	
10501	Quad4	394	395	374	373	
10502	Quad4	415	416	395	394	
10503	Quad4	436	437	416	415	
10504	Quad4	457	458	437	436	
10505	Quad4	478	479	458	457	
10506	Quad4	499	500	479	478	
10507	Quad4	520	521	500	499	
10508	Quad4	541	542	521	520	
10509	Quad4	562	563	542	541	
10510	Quad4	583	584	563	562	
10511	Quad4	604	605	584	583	
10512	Quad4	625	626	605	604	
10513	Quad4	646	647	626	625	
10514	Quad4	667	668	647	646	
10515	Quad4	688	689	668	667	
10516	Quad4	709	710	689	688	
10517	Quad4	730	731	710	709	
10518	Quad4	751	752	731	730	
10519	Quad4	772	773	752	751	
10520	Quad4	793	794	773	772	
10521	Quad4	814	815	794	793	
10522	Quad4	835	836	815	814	
10523	Quad4	856	857	836	835	
10524	Quad4	877	878	857	856	
10525	Quad4	898	899	878	877	
10526	Quad4	919	920	899	898	
10527	Quad4	940	941	920	919	
10528	Quad4	961	962	941	940	
10529	Quad4	982	983	962	961	
10530	Quad4	1003	1004	983	982	
10531	Quad4	1024	1025	1004	1003	
10532	Quad4	1045	1046	1025	1024	
10533	Quad4	1066	1067	1046	1045	
10534	Quad4	1087	1088	1067	1066	
10535	Quad4	1108	1109	1088	1087	
10536	Quad4	1129	1130	1109	1108	
10537	Quad4	1150	1151	1130	1129	
10538	Quad4	1171	1172	1151	1150	
10539	Quad4	1192	1193	1172	1171	
10540	Quad4	1213	1214	1193	1192	
10541	Quad4	1234	1235	1214	1213	
10542	Quad4	1255	1256	1235	1234	
10543	Quad4	1276	1277	1256	1255	
10544	Quad4	1297	1298	1277	1276	
10545	Quad4	1318	1319	1298	1297	
10546	Quad4	1339	1340	1319	1318	
10547	Quad4	1360	1361	1340	1339	
10548	Quad4	1381	1382	1361	1360	
10549	Quad4	1402	1403	1382	1381	
10550	Quad4	1423	1424	1403	1402	
10551	Quad4	1444	1445	1424	1423	
10552	Quad4	1465	1466	1445	1444	
10553	Quad4	1486	1487	1466	1465	
10554	Quad4	1507	1508	1487	1486	
10555	Quad4	1528	1529	1508	1507	
10556	Quad4	1549	1550	1529	1528	
10557	Quad4	1570	1571	1550	1549	
10558	Quad4	1591	1592	1571	1570	
10559	Quad4	1612	1613	1592	1591	
10560	Quad4	1633	1634	1613	1612	
10561	Quad4	1654	1655	1634	1633	
10562	Quad4	1675	1676	1655	1654	
10563	Quad4	1696	1697	1676	1675	
10564	Quad4	1717	1718	1697	1696	
10565	Quad4	1738	1739	1718	1717	
10566	Quad4	1759	1760	1739	1738	
10567	Quad4	1780	1781	1760	1759	
10568	Quad4	1801	1802	1781	1780	
10569	Quad4	1822	1823	1802	1801	
10570	Quad4	1843	1844	1823	1822	
10571	Quad4	1864	1865	1844	1843	
10572	Quad4	1885	1886	1865	1864	
10573	Quad4	1906	1907	1886	1885	
10574	Quad4	1927	1928	1907	1906	
10575	Quad4	1948	1949	1928	1927	
10576	Quad4	1969	1970	1949	1948	
10577	Quad4	1990	1991	1970	1969	
10578	Quad4	2011	2012	1991	1990	
10579	Quad4	2032	2033	2012	2011	
10580	Quad4	2053	2054	2033	2032	
10581	Quad4	2074	2075	2054	2053	
10582	Quad4	2095	2096	2075	2074	
10583	Quad4	2116	2117	2096	2095	
10584	Quad4	2137	2138	2117	2116	
10585	Quad4	2158	2159	2138	2137	
10586	Quad4	2179	2180	2159	2158	
10587	Quad4	2200	2201	2180	2179	
10588	Quad4	2221	2222	2201	2200	
10589	Quad4	2242	2243	2222	2221	
10590	Quad4	2263	2264	2243	2242	
10591	Quad4	2284	2285	2264	2263	
10592	Quad4	2305	2306	2285	2284	
10593	Quad4	2326	2327	2306	2305	
10594	Quad4	2347	2348	2327	2326	
10595	Quad4	2368	2369	2348	2347	
10596	Quad4	2389	2390	2369	2368	
10597	Quad4	2410	2411	2390	2389	
10598	Quad4	2431	2432	2411	2410	
10599	Quad4	2452	2453	2432	2431	
10600	Quad4	2473	2474	2453	2452	
10601	Quad4	2494	2495	2474	2473	
10602	Quad4	2515	2516	2495	2494	
10603	Quad4	2536	2537	2516	2515	
10604	Quad4	2557	2558	2537	2536	
10605	Quad4	2578	2579	2558	2557	
10606	Quad4	2599	2600	2579	2578	
10607	Quad4	2620	2621	2600	2599	
10608	Quad4	2641	2642	2621	2620	
10609	Quad4	2662	2663	2642	2641	
10610	Quad4	2683	2684	2663	2662	
10611	Quad4	2704	2705	2684	2683	
10612	Quad4	2725	2726	2705	2704	
10613	Quad4	2746	2747	2726	2725	
10614	Quad4	2767	2768	2747	2746	
10615	Quad4	2788	2789	2768	2767	
10616	Quad4	2809	2810	2789	2788	
10617	Quad4	2830	2831	2810	2809	
10618	Quad4	2851	2852	2831	2830	
10619	Quad4	2872	2873	2852	2851	
10620	Quad4	373	374	2873	2872	
10621	Quad4	395	3080	6	374	
10622	Quad4	416	3079	3080	395	
10623	Quad4	437	3078	3079	416	
10624	Quad4	458	3077	3078	437	
10625	Quad4	479	3076	3077	458	
10626	Quad4	500	3075	3076	479	
10627	Quad4	521	3074	3075	500	
10628	Quad4	542	3073	3074	521	
10629	Quad4	563	3072	3073	542	
10630	Quad4	584	3071	3072	563	
10631	Quad4	605	3070	3071	584	
10632	Quad4	626	3069	3070	605	
10633	Quad4	647	3068	3069	626	
10634	Quad4	668	3067	3068	647	
10635	Quad4	689	3066	3067	668	
10636	Quad4	710	3065	3066	689	
10637	Quad4	731	3064	3065	710	
10638	Quad4	752	3063	3064	731	
10639	Quad4	773	3062	3063	752	
10640	Quad4	794	3061	3062	773	
10641	Quad4	815	3060	3061	794	
10642	Quad4	836	3059	3060	815	
10643	Quad4	857	3058	3059	836	
10644	Quad4	878	3057	3058	857	
10645	Quad4	899	3056	3057	878	
10646	Quad4	920	3055	3056	899	
10647	Quad4	941	3054	3055	920	
10648	Quad4	962	3053	3054	941	
10649	Quad4	983	3052	3053	962	
10650	Quad4	1004	11	3052	983	
10651	Quad4	1025	325	11	1004	
10652	Quad4	1046	326	325	1025	
10653	Quad4	1067	327	326	1046	
10654	Quad4	1088	328	327	1067	
10655	Quad4	1109	329	328	1088	
10656	Quad4	1130	330	329	1109	
10657	Quad4	1151	331	330	1130	
10658	Quad4	1172	332	331	1151	
10659	Quad4	1193	333	332	1172	
10660	Quad4	1214	334	333	1193	
10661	Quad4	1235	335	334	1214	
10662	Quad4	1256	336	335	1235	
10663	Quad4	1277	337	336	1256	
10664	Quad4	1298	338	337	1277	
10665	Quad4	1319	339	338	1298	
10666	Quad4	1340	340	339	1319	
10667	Quad4	1361	341	340	1340	
10668	Quad4	1382	342	341	1361	
10669	Quad4	1403	343	342	1382	
10670	Quad4	1424	344	343	1403	
10671	Quad4	1445	345	344	1424	
10672	Quad4	1466	346	345	1445	
10673	Quad4	1487	347	346	1466	
10674	Quad4	1508	348	347	1487	
10675	Quad4	1529	349	348	1508	
10676	Quad4	1550	350	349	1529	
10677	Quad4	1571	351	350	1550	
10678	Quad4	1592	352	351	1571	
10679	Quad4	1613	353	352	1592	
10680	Quad4	1634	8	353	1613	
10681	Quad4	1655	3023	8	1634	
10682	Quad4	1676	3024	3023	1655	
10683	Quad4	1697	3025	3024	1676	
10684	Quad4	1718	3026	3025	1697	
10685	Quad4	1739	3027	3026	1718	
10686	Quad4	1760	3028	3027	1739	
10687	Quad4	1781	3029	3028	1760	
10688	Quad4	1802	3030	3029	1781	
10689	Quad4	1823	3031	3030	1802	
10690	Quad4	1844	3032	3031	1823	
10691	Quad4	1865	3033	3032	1844	
10692	Quad4	1886	3034	3033	1865	
10693	Quad4	1907	3035	3034	1886	
10694	Quad4	1928	3036	3035	1907	
10695	Quad4	1949	3037	3036	1928	
10696	Quad4	1970	3038	3037	1949	
10697	Quad4	1991	3039	3038	1970	
10698	Quad4	2012	3040	3039	1991	
10699	Quad4	2033	3041	3040	2012	
10700	Quad4	2054	3042	3041	2033	
10701	Quad4	2075	3043	3042	2054	
10702	Quad4	2096	3044	3043	2075	
10703	Quad4	2117	3045	3044	2096	
10704	Quad4	2138	3046	3045	2117	
10705	Quad4	2159	3047	3046	2138	
10706	Quad4	2180	3048	3047	2159	
10707	Quad4	2201	3049	3048	2180	
10708	Quad4	2222	3050	3049	2201	
10709	Quad4	2243	3051	3050	2222	
10710	Quad4	2264	3	3051	2243	
10711	Quad4	2285	3022	3	2264	
10712	Quad4	2306	3021	3022	2285	
10713	Quad4	2327	3020	3021	2306	
10714	Quad4	2348	3019	3020	2327	
10715	Quad4	2369	3018	3019	2348	
10716	Quad4	2390	3017	3018	2369	
10717	Quad4	2411	3016	3017	2390	
10718	Quad4	2432	3015	3016	2411	
10719	Quad4	2453	3014	3015	2432	
10720	Quad4	2474	3013	3014	2453	
10721	Quad4	2495	3012	3013	2474	
10722	Quad4	2516	3011	3012	2495	
10723	Quad4	2537	3010	3011	2516	
10724	Quad4	2558	3009	3010	2537	
10725	Quad4	2579	3008	3009	2558	
10726	Quad4	2600	3007	3008	2579	
10727	Quad4	2621	3006	3007	2600	
10728	Quad4	2642	3005	3006	2621	
10729	Quad4	2663	3004	3005	2642	
10730	Quad4	2684	3003	3004	2663	
10731	Quad4	2705	3002	3003	2684	
10732	Quad4	2726	3001	3002	2705	
10733	Quad4	2747	3000	3001	2726	
10734	Quad4	2768	2999	3000	2747	
10735	Quad4	2789	2998	2999	2768	
10736	Quad4	2810	2997	2998	2789	
10737	Quad4	2831	2996	2997	2810	
10738	Quad4	2852	2995	2996	2831	
10739	Quad4	2873	2994	2995	2852	
10740	Quad4	374	6	2994	2873	
