Node Number	X Location (m)	Y Location (m)	Z Location (m)	
1	-10.	2.	0.	
2	-10.	5.	0.	
3	-2.	2.	0.	
4	-2.	5.	0.	
5	2.	5.	0.	
6	2.	2.	0.	
7	-10.	-2.	0.	
8	-2.	-2.	0.	
9	40.	2.	0.	
10	40.	5.	0.	
11	2.	-2.	0.	
12	40.	-2.	0.	
13	2.	-5.	0.	
14	40.	-5.	0.	
15	-2.	-5.	0.	
16	-10.	-5.	0.	
17	1.8667	-2.3	0.	
18	1.8667	-2.6	0.	
19	1.8667	-2.9	0.	
20	1.8667	-3.2	0.	
21	1.8667	-3.5	0.	
22	1.8667	-3.8	0.	
23	1.8667	-4.1	0.	
24	1.8667	-4.4	0.	
25	1.8667	-4.7	0.	
26	1.7333	-2.3	0.	
27	1.7333	-2.6	0.	
28	1.7333	-2.9	0.	
29	1.7333	-3.2	0.	
30	1.7333	-3.5	0.	
31	1.7333	-3.8	0.	
32	1.7333	-4.1	0.	
33	1.7333	-4.4	0.	
34	1.7333	-4.7	0.	
35	1.6	-2.3	0.	
36	1.6	-2.6	0.	
37	1.6	-2.9	0.	
38	1.6	-3.2	0.	
39	1.6	-3.5	0.	
40	1.6	-3.8	0.	
41	1.6	-4.1	0.	
42	1.6	-4.4	0.	
43	1.6	-4.7	0.	
44	1.4667	-2.3	0.	
45	1.4667	-2.6	0.	
46	1.4667	-2.9	0.	
47	1.4667	-3.2	0.	
48	1.4667	-3.5	0.	
49	1.4667	-3.8	0.	
50	1.4667	-4.1	0.	
51	1.4667	-4.4	0.	
52	1.4667	-4.7	0.	
53	1.3333	-2.3	0.	
54	1.3333	-2.6	0.	
55	1.3333	-2.9	0.	
56	1.3333	-3.2	0.	
57	1.3333	-3.5	0.	
58	1.3333	-3.8	0.	
59	1.3333	-4.1	0.	
60	1.3333	-4.4	0.	
61	1.3333	-4.7	0.	
62	1.2	-2.3	0.	
63	1.2	-2.6	0.	
64	1.2	-2.9	0.	
65	1.2	-3.2	0.	
66	1.2	-3.5	0.	
67	1.2	-3.8	0.	
68	1.2	-4.1	0.	
69	1.2	-4.4	0.	
70	1.2	-4.7	0.	
71	1.0667	-2.3	0.	
72	1.0667	-2.6	0.	
73	1.0667	-2.9	0.	
74	1.0667	-3.2	0.	
75	1.0667	-3.5	0.	
76	1.0667	-3.8	0.	
77	1.0667	-4.1	0.	
78	1.0667	-4.4	0.	
79	1.0667	-4.7	0.	
80	0.93333	-2.3	0.	
81	0.93333	-2.6	0.	
82	0.93333	-2.9	0.	
83	0.93333	-3.2	0.	
84	0.93333	-3.5	0.	
85	0.93333	-3.8	0.	
86	0.93333	-4.1	0.	
87	0.93333	-4.4	0.	
88	0.93333	-4.7	0.	
89	0.8	-2.3	0.	
90	0.8	-2.6	0.	
91	0.8	-2.9	0.	
92	0.8	-3.2	0.	
93	0.8	-3.5	0.	
94	0.8	-3.8	0.	
95	0.8	-4.1	0.	
96	0.8	-4.4	0.	
97	0.8	-4.7	0.	
98	0.66667	-2.3	0.	
99	0.66667	-2.6	0.	
100	0.66667	-2.9	0.	
101	0.66667	-3.2	0.	
102	0.66667	-3.5	0.	
103	0.66667	-3.8	0.	
104	0.66667	-4.1	0.	
105	0.66667	-4.4	0.	
106	0.66667	-4.7	0.	
107	0.53333	-2.3	0.	
108	0.53333	-2.6	0.	
109	0.53333	-2.9	0.	
110	0.53333	-3.2	0.	
111	0.53333	-3.5	0.	
112	0.53333	-3.8	0.	
113	0.53333	-4.1	0.	
114	0.53333	-4.4	0.	
115	0.53333	-4.7	0.	
116	0.4	-2.3	0.	
117	0.4	-2.6	0.	
118	0.4	-2.9	0.	
119	0.4	-3.2	0.	
120	0.4	-3.5	0.	
121	0.4	-3.8	0.	
122	0.4	-4.1	0.	
123	0.4	-4.4	0.	
124	0.4	-4.7	0.	
125	0.26667	-2.3	0.	
126	0.26667	-2.6	0.	
127	0.26667	-2.9	0.	
128	0.26667	-3.2	0.	
129	0.26667	-3.5	0.	
130	0.26667	-3.8	0.	
131	0.26667	-4.1	0.	
132	0.26667	-4.4	0.	
133	0.26667	-4.7	0.	
134	0.13333	-2.3	0.	
135	0.13333	-2.6	0.	
136	0.13333	-2.9	0.	
137	0.13333	-3.2	0.	
138	0.13333	-3.5	0.	
139	0.13333	-3.8	0.	
140	0.13333	-4.1	0.	
141	0.13333	-4.4	0.	
142	0.13333	-4.7	0.	
143	-3.9968e-016	-2.3	0.	
144	-3.5527e-016	-2.6	0.	
145	-3.1086e-016	-2.9	0.	
146	-2.6645e-016	-3.2	0.	
147	0.	-3.5	0.	
148	4.4409e-017	-3.8	0.	
149	8.8818e-017	-4.1	0.	
150	1.3323e-016	-4.4	0.	
151	1.7764e-016	-4.7	0.	
152	-0.13333	-2.3	0.	
153	-0.13333	-2.6	0.	
154	-0.13333	-2.9	0.	
155	-0.13333	-3.2	0.	
156	-0.13333	-3.5	0.	
157	-0.13333	-3.8	0.	
158	-0.13333	-4.1	0.	
159	-0.13333	-4.4	0.	
160	-0.13333	-4.7	0.	
161	-0.26667	-2.3	0.	
162	-0.26667	-2.6	0.	
163	-0.26667	-2.9	0.	
164	-0.26667	-3.2	0.	
165	-0.26667	-3.5	0.	
166	-0.26667	-3.8	0.	
167	-0.26667	-4.1	0.	
168	-0.26667	-4.4	0.	
169	-0.26667	-4.7	0.	
170	-0.4	-2.3	0.	
171	-0.4	-2.6	0.	
172	-0.4	-2.9	0.	
173	-0.4	-3.2	0.	
174	-0.4	-3.5	0.	
175	-0.4	-3.8	0.	
176	-0.4	-4.1	0.	
177	-0.4	-4.4	0.	
178	-0.4	-4.7	0.	
179	-0.53333	-2.3	0.	
180	-0.53333	-2.6	0.	
181	-0.53333	-2.9	0.	
182	-0.53333	-3.2	0.	
183	-0.53333	-3.5	0.	
184	-0.53333	-3.8	0.	
185	-0.53333	-4.1	0.	
186	-0.53333	-4.4	0.	
187	-0.53333	-4.7	0.	
188	-0.66667	-2.3	0.	
189	-0.66667	-2.6	0.	
190	-0.66667	-2.9	0.	
191	-0.66667	-3.2	0.	
192	-0.66667	-3.5	0.	
193	-0.66667	-3.8	0.	
194	-0.66667	-4.1	0.	
195	-0.66667	-4.4	0.	
196	-0.66667	-4.7	0.	
197	-0.8	-2.3	0.	
198	-0.8	-2.6	0.	
199	-0.8	-2.9	0.	
200	-0.8	-3.2	0.	
201	-0.8	-3.5	0.	
202	-0.8	-3.8	0.	
203	-0.8	-4.1	0.	
204	-0.8	-4.4	0.	
205	-0.8	-4.7	0.	
206	-0.93333	-2.3	0.	
207	-0.93333	-2.6	0.	
208	-0.93333	-2.9	0.	
209	-0.93333	-3.2	0.	
210	-0.93333	-3.5	0.	
211	-0.93333	-3.8	0.	
212	-0.93333	-4.1	0.	
213	-0.93333	-4.4	0.	
214	-0.93333	-4.7	0.	
215	-1.0667	-2.3	0.	
216	-1.0667	-2.6	0.	
217	-1.0667	-2.9	0.	
218	-1.0667	-3.2	0.	
219	-1.0667	-3.5	0.	
220	-1.0667	-3.8	0.	
221	-1.0667	-4.1	0.	
222	-1.0667	-4.4	0.	
223	-1.0667	-4.7	0.	
224	-1.2	-2.3	0.	
225	-1.2	-2.6	0.	
226	-1.2	-2.9	0.	
227	-1.2	-3.2	0.	
228	-1.2	-3.5	0.	
229	-1.2	-3.8	0.	
230	-1.2	-4.1	0.	
231	-1.2	-4.4	0.	
232	-1.2	-4.7	0.	
233	-1.3333	-2.3	0.	
234	-1.3333	-2.6	0.	
235	-1.3333	-2.9	0.	
236	-1.3333	-3.2	0.	
237	-1.3333	-3.5	0.	
238	-1.3333	-3.8	0.	
239	-1.3333	-4.1	0.	
240	-1.3333	-4.4	0.	
241	-1.3333	-4.7	0.	
242	-1.4667	-2.3	0.	
243	-1.4667	-2.6	0.	
244	-1.4667	-2.9	0.	
245	-1.4667	-3.2	0.	
246	-1.4667	-3.5	0.	
247	-1.4667	-3.8	0.	
248	-1.4667	-4.1	0.	
249	-1.4667	-4.4	0.	
250	-1.4667	-4.7	0.	
251	-1.6	-2.3	0.	
252	-1.6	-2.6	0.	
253	-1.6	-2.9	0.	
254	-1.6	-3.2	0.	
255	-1.6	-3.5	0.	
256	-1.6	-3.8	0.	
257	-1.6	-4.1	0.	
258	-1.6	-4.4	0.	
259	-1.6	-4.7	0.	
260	-1.7333	-2.3	0.	
261	-1.7333	-2.6	0.	
262	-1.7333	-2.9	0.	
263	-1.7333	-3.2	0.	
264	-1.7333	-3.5	0.	
265	-1.7333	-3.8	0.	
266	-1.7333	-4.1	0.	
267	-1.7333	-4.4	0.	
268	-1.7333	-4.7	0.	
269	-1.8667	-2.3	0.	
270	-1.8667	-2.6	0.	
271	-1.8667	-2.9	0.	
272	-1.8667	-3.2	0.	
273	-1.8667	-3.5	0.	
274	-1.8667	-3.8	0.	
275	-1.8667	-4.1	0.	
276	-1.8667	-4.4	0.	
277	-1.8667	-4.7	0.	
278	1.8667	-5.	0.	
279	1.7333	-5.	0.	
280	1.6	-5.	0.	
281	1.4667	-5.	0.	
282	1.3333	-5.	0.	
283	1.2	-5.	0.	
284	1.0667	-5.	0.	
285	0.93333	-5.	0.	
286	0.8	-5.	0.	
287	0.66667	-5.	0.	
288	0.53333	-5.	0.	
289	0.4	-5.	0.	
290	0.26667	-5.	0.	
291	0.13333	-5.	0.	
292	2.2204e-016	-5.	0.	
293	-0.13333	-5.	0.	
294	-0.26667	-5.	0.	
295	-0.4	-5.	0.	
296	-0.53333	-5.	0.	
297	-0.66667	-5.	0.	
298	-0.8	-5.	0.	
299	-0.93333	-5.	0.	
300	-1.0667	-5.	0.	
301	-1.2	-5.	0.	
302	-1.3333	-5.	0.	
303	-1.4667	-5.	0.	
304	-1.6	-5.	0.	
305	-1.7333	-5.	0.	
306	-1.8667	-5.	0.	
307	2.	-4.7	0.	
308	2.	-4.4	0.	
309	2.	-4.1	0.	
310	2.	-3.8	0.	
311	2.	-3.5	0.	
312	2.	-3.2	0.	
313	2.	-2.9	0.	
314	2.	-2.6	0.	
315	2.	-2.3	0.	
316	-2.	-4.7	0.	
317	-2.	-4.4	0.	
318	-2.	-4.1	0.	
319	-2.	-3.8	0.	
320	-2.	-3.5	0.	
321	-2.	-3.2	0.	
322	-2.	-2.9	0.	
323	-2.	-2.6	0.	
324	-2.	-2.3	0.	
325	1.8667	-2.	0.	
326	1.7333	-2.	0.	
327	1.6	-2.	0.	
328	1.4667	-2.	0.	
329	1.3333	-2.	0.	
330	1.2	-2.	0.	
331	1.0667	-2.	0.	
332	0.93333	-2.	0.	
333	0.8	-2.	0.	
334	0.66667	-2.	0.	
335	0.53333	-2.	0.	
336	0.4	-2.	0.	
337	0.26667	-2.	0.	
338	0.13333	-2.	0.	
339	-2.2204e-016	-2.	0.	
340	-0.13333	-2.	0.	
341	-0.26667	-2.	0.	
342	-0.4	-2.	0.	
343	-0.53333	-2.	0.	
344	-0.66667	-2.	0.	
345	-0.8	-2.	0.	
346	-0.93333	-2.	0.	
347	-1.0667	-2.	0.	
348	-1.2	-2.	0.	
349	-1.3333	-2.	0.	
350	-1.4667	-2.	0.	
351	-1.6	-2.	0.	
352	-1.7333	-2.	0.	
353	-1.8667	-2.	0.	
354	0.431	0.42576	0.	
355	0.50572	0.50072	0.	
356	0.58043	0.57569	0.	
357	0.65515	0.65065	0.	
358	0.72986	0.72561	0.	
359	0.80457	0.80058	0.	
360	0.87929	0.87554	0.	
361	0.954	0.95051	0.	
362	1.0287	1.0255	0.	
363	1.1034	1.1004	0.	
364	1.1781	1.1754	0.	
365	1.2529	1.2504	0.	
366	1.3276	1.3253	0.	
367	1.4023	1.4003	0.	
368	1.477	1.4753	0.	
369	1.5517	1.5502	0.	
370	1.6264	1.6252	0.	
371	1.7011	1.7001	0.	
372	1.7759	1.7751	0.	
373	1.8506	1.8501	0.	
374	1.9253	1.925	0.	
375	0.44767	0.40188	0.	
376	0.52159	0.47163	0.	
377	0.59551	0.54139	0.	
378	0.66943	0.61114	0.	
379	0.74335	0.68089	0.	
380	0.81727	0.75064	0.	
381	0.89119	0.82039	0.	
382	0.96511	0.89014	0.	
383	1.039	0.9599	0.	
384	1.113	1.0296	0.	
385	1.1869	1.0994	0.	
386	1.2608	1.1692	0.	
387	1.3347	1.2389	0.	
388	1.4086	1.3087	0.	
389	1.4826	1.3784	0.	
390	1.5565	1.4482	0.	
391	1.6304	1.5179	0.	
392	1.7043	1.5877	0.	
393	1.7782	1.6574	0.	
394	1.8522	1.7272	0.	
395	1.9261	1.7969	0.	
396	0.46386	0.37661	0.	
397	0.53701	0.44121	0.	
398	0.61016	0.50582	0.	
399	0.68331	0.57042	0.	
400	0.75646	0.63503	0.	
401	0.82961	0.69964	0.	
402	0.90276	0.76424	0.	
403	0.97591	0.82885	0.	
404	1.0491	0.89345	0.	
405	1.1222	0.95806	0.	
406	1.1954	1.0227	0.	
407	1.2685	1.0873	0.	
408	1.3417	1.1519	0.	
409	1.4148	1.2165	0.	
410	1.488	1.2811	0.	
411	1.5611	1.3457	0.	
412	1.6343	1.4103	0.	
413	1.7074	1.4749	0.	
414	1.7806	1.5395	0.	
415	1.8537	1.6041	0.	
416	1.9269	1.6687	0.	
417	0.47902	0.3505	0.	
418	0.55145	0.41	0.	
419	0.62388	0.4695	0.	
420	0.69631	0.529	0.	
421	0.76873	0.5885	0.	
422	0.84116	0.648	0.	
423	0.91359	0.7075	0.	
424	0.98602	0.767	0.	
425	1.0584	0.8265	0.	
426	1.1309	0.886	0.	
427	1.2033	0.9455	0.	
428	1.2757	1.005	0.	
429	1.3482	1.0645	0.	
430	1.4206	1.124	0.	
431	1.493	1.1835	0.	
432	1.5654	1.243	0.	
433	1.6379	1.3025	0.	
434	1.7103	1.362	0.	
435	1.7827	1.4215	0.	
436	1.8551	1.481	0.	
437	1.9276	1.5405	0.	
438	0.49311	0.32362	0.	
439	0.56487	0.37805	0.	
440	0.63662	0.43248	0.	
441	0.70838	0.48691	0.	
442	0.78014	0.54134	0.	
443	0.85189	0.59577	0.	
444	0.92365	0.6502	0.	
445	0.99541	0.70463	0.	
446	1.0672	0.75906	0.	
447	1.1389	0.81349	0.	
448	1.2107	0.86793	0.	
449	1.2824	0.92236	0.	
450	1.3542	0.97679	0.	
451	1.4259	1.0312	0.	
452	1.4977	1.0856	0.	
453	1.5695	1.1401	0.	
454	1.6412	1.1945	0.	
455	1.713	1.2489	0.	
456	1.7847	1.3034	0.	
457	1.8565	1.3578	0.	
458	1.9282	1.4122	0.	
459	0.50608	0.29602	0.	
460	0.57722	0.34542	0.	
461	0.64836	0.39481	0.	
462	0.7195	0.44421	0.	
463	0.79064	0.49361	0.	
464	0.86178	0.543	0.	
465	0.93292	0.5924	0.	
466	1.0041	0.64179	0.	
467	1.0752	0.69119	0.	
468	1.1463	0.74058	0.	
469	1.2175	0.78998	0.	
470	1.2886	0.83938	0.	
471	1.3597	0.88877	0.	
472	1.4309	0.93817	0.	
473	1.502	0.98756	0.	
474	1.5732	1.037	0.	
475	1.6443	1.0864	0.	
476	1.7154	1.1358	0.	
477	1.7866	1.1851	0.	
478	1.8577	1.2345	0.	
479	1.9289	1.2839	0.	
480	0.51842	0.26674	0.	
481	0.58897	0.31118	0.	
482	0.65952	0.35562	0.	
483	0.73007	0.40006	0.	
484	0.80062	0.4445	0.	
485	0.87117	0.48894	0.	
486	0.94173	0.53339	0.	
487	1.0123	0.57783	0.	
488	1.0828	0.62227	0.	
489	1.1534	0.66671	0.	
490	1.2239	0.71115	0.	
491	1.2945	0.75559	0.	
492	1.365	0.80003	0.	
493	1.4356	0.84447	0.	
494	1.5061	0.88891	0.	
495	1.5767	0.93335	0.	
496	1.6472	0.9778	0.	
497	1.7178	1.0222	0.	
498	1.7883	1.0667	0.	
499	1.8589	1.1111	0.	
500	1.9294	1.1556	0.	
501	0.52945	0.23681	0.	
502	0.59948	0.27633	0.	
503	0.66951	0.31585	0.	
504	0.73953	0.35536	0.	
505	0.80956	0.39488	0.	
506	0.87958	0.4344	0.	
507	0.94961	0.47391	0.	
508	1.0196	0.51343	0.	
509	1.0897	0.55295	0.	
510	1.1597	0.59246	0.	
511	1.2297	0.63198	0.	
512	1.2997	0.6715	0.	
513	1.3698	0.71102	0.	
514	1.4398	0.75053	0.	
515	1.5098	0.79005	0.	
516	1.5798	0.82957	0.	
517	1.6499	0.86908	0.	
518	1.7199	0.9086	0.	
519	1.7899	0.94812	0.	
520	1.8599	0.98763	0.	
521	1.93	1.0271	0.	
522	0.53916	0.20631	0.	
523	0.60872	0.24093	0.	
524	0.67829	0.27555	0.	
525	0.74785	0.31017	0.	
526	0.81742	0.34479	0.	
527	0.88698	0.37941	0.	
528	0.95654	0.41403	0.	
529	1.0261	0.44865	0.	
530	1.0957	0.48327	0.	
531	1.1652	0.51789	0.	
532	1.2348	0.55251	0.	
533	1.3044	0.58713	0.	
534	1.3739	0.62175	0.	
535	1.4435	0.65637	0.	
536	1.5131	0.69099	0.	
537	1.5826	0.72561	0.	
538	1.6522	0.76023	0.	
539	1.7217	0.79485	0.	
540	1.7913	0.82947	0.	
541	1.8609	0.86409	0.	
542	1.9304	0.89871	0.	
543	0.54751	0.17532	0.	
544	0.61667	0.20507	0.	
545	0.68584	0.23481	0.	
546	0.75501	0.26456	0.	
547	0.82417	0.29431	0.	
548	0.89334	0.32405	0.	
549	0.9625	0.3538	0.	
550	1.0317	0.38355	0.	
551	1.1008	0.41329	0.	
552	1.17	0.44304	0.	
553	1.2392	0.47279	0.	
554	1.3083	0.50253	0.	
555	1.3775	0.53228	0.	
556	1.4467	0.56203	0.	
557	1.5158	0.59177	0.	
558	1.585	0.62152	0.	
559	1.6542	0.65127	0.	
560	1.7233	0.68101	0.	
561	1.7925	0.71076	0.	
562	1.8617	0.74051	0.	
563	1.9308	0.77025	0.	
564	0.55447	0.1439	0.	
565	0.6233	0.16879	0.	
566	0.69214	0.19369	0.	
567	0.76097	0.21858	0.	
568	0.82981	0.24348	0.	
569	0.89864	0.26837	0.	
570	0.96748	0.29326	0.	
571	1.0363	0.31816	0.	
572	1.1051	0.34305	0.	
573	1.174	0.36794	0.	
574	1.2428	0.39284	0.	
575	1.3117	0.41773	0.	
576	1.3805	0.44262	0.	
577	1.4493	0.46752	0.	
578	1.5182	0.49241	0.	
579	1.587	0.51731	0.	
580	1.6558	0.5422	0.	
581	1.7247	0.56709	0.	
582	1.7935	0.59199	0.	
583	1.8623	0.61688	0.	
584	1.9312	0.64177	0.	
585	0.56002	0.11214	0.	
586	0.62859	0.13219	0.	
587	0.69716	0.15225	0.	
588	0.76573	0.17231	0.	
589	0.8343	0.19236	0.	
590	0.90287	0.21242	0.	
591	0.97144	0.23248	0.	
592	1.04	0.25254	0.	
593	1.1086	0.27259	0.	
594	1.1772	0.29265	0.	
595	1.2457	0.31271	0.	
596	1.3143	0.33276	0.	
597	1.3829	0.35282	0.	
598	1.4514	0.37288	0.	
599	1.52	0.39293	0.	
600	1.5886	0.41299	0.	
601	1.6571	0.43305	0.	
602	1.7257	0.45311	0.	
603	1.7943	0.47316	0.	
604	1.8629	0.49322	0.	
605	1.9314	0.51328	0.	
606	0.56414	8.0131e-002	0.	
607	0.63252	9.5363e-002	0.	
608	0.70089	0.11059	0.	
609	0.76927	0.12583	0.	
610	0.83764	0.14106	0.	
611	0.90601	0.15629	0.	
612	0.97439	0.17152	0.	
613	1.0428	0.18675	0.	
614	1.1111	0.20199	0.	
615	1.1795	0.21722	0.	
616	1.2479	0.23245	0.	
617	1.3163	0.24768	0.	
618	1.3846	0.26291	0.	
619	1.453	0.27815	0.	
620	1.5214	0.29338	0.	
621	1.5898	0.30861	0.	
622	1.6581	0.32384	0.	
623	1.7265	0.33907	0.	
624	1.7949	0.3543	0.	
625	1.8633	0.36954	0.	
626	1.9316	0.38477	0.	
627	0.56685	4.7746e-002	0.	
628	0.6351	5.8171e-002	0.	
629	0.70334	6.8596e-002	0.	
630	0.77159	7.9021e-002	0.	
631	0.83983	8.9446e-002	0.	
632	0.90808	9.987e-002	0.	
633	0.97632	0.1103	0.	
634	1.0446	0.12072	0.	
635	1.1128	0.13114	0.	
636	1.1811	0.14157	0.	
637	1.2493	0.15199	0.	
638	1.3175	0.16242	0.	
639	1.3858	0.17284	0.	
640	1.454	0.18327	0.	
641	1.5223	0.19369	0.	
642	1.5905	0.20412	0.	
643	1.6588	0.21454	0.	
644	1.727	0.22497	0.	
645	1.7953	0.23539	0.	
646	1.8635	0.24582	0.	
647	1.9318	0.25624	0.	
648	0.56809	1.5532e-002	0.	
649	0.63627	2.1141e-002	0.	
650	0.70446	2.6751e-002	0.	
651	0.77265	3.2361e-002	0.	
652	0.84083	3.797e-002	0.	
653	0.90902	4.358e-002	0.	
654	0.97721	4.9189e-002	0.	
655	1.0454	5.4799e-002	0.	
656	1.1136	6.0409e-002	0.	
657	1.1818	6.6018e-002	0.	
658	1.25	7.1628e-002	0.	
659	1.3181	7.7237e-002	0.	
660	1.3863	8.2847e-002	0.	
661	1.4545	8.8457e-002	0.	
662	1.5227	9.4066e-002	0.	
663	1.5909	9.9676e-002	0.	
664	1.6591	0.10529	0.	
665	1.7273	0.11089	0.	
666	1.7954	0.1165	0.	
667	1.8636	0.12211	0.	
668	1.9318	0.12772	0.	
669	0.56794	-1.5125e-002	0.	
670	0.63614	-1.4404e-002	0.	
671	0.70433	-1.3684e-002	0.	
672	0.77252	-1.2964e-002	0.	
673	0.84072	-1.2244e-002	0.	
674	0.90891	-1.1523e-002	0.	
675	0.9771	-1.0803e-002	0.	
676	1.0453	-1.0083e-002	0.	
677	1.1135	-9.3628e-003	0.	
678	1.1817	-8.6426e-003	0.	
679	1.2499	-7.9224e-003	0.	
680	1.3181	-7.2022e-003	0.	
681	1.3863	-6.482e-003	0.	
682	1.4545	-5.7617e-003	0.	
683	1.5226	-5.0415e-003	0.	
684	1.5908	-4.3213e-003	0.	
685	1.659	-3.6011e-003	0.	
686	1.7272	-2.8809e-003	0.	
687	1.7954	-2.1607e-003	0.	
688	1.8636	-1.4404e-003	0.	
689	1.9318	-7.2022e-004	0.	
690	0.56657	-4.5303e-002	0.	
691	0.63482	-4.9495e-002	0.	
692	0.70308	-5.3687e-002	0.	
693	0.77134	-5.7879e-002	0.	
694	0.8396	-6.2071e-002	0.	
695	0.90786	-6.6263e-002	0.	
696	0.97612	-7.0455e-002	0.	
697	1.0444	-7.4647e-002	0.	
698	1.1126	-7.8839e-002	0.	
699	1.1809	-8.3031e-002	0.	
700	1.2492	-8.7222e-002	0.	
701	1.3174	-9.1414e-002	0.	
702	1.3857	-9.5606e-002	0.	
703	1.4539	-9.9798e-002	0.	
704	1.5222	-0.10399	0.	
705	1.5904	-0.10818	0.	
706	1.6587	-0.11237	0.	
707	1.727	-0.11657	0.	
708	1.7952	-0.12076	0.	
709	1.8635	-0.12495	0.	
710	1.9317	-0.12914	0.	
711	0.56408	-7.4539e-002	0.	
712	0.63246	-8.3688e-002	0.	
713	0.70084	-9.2837e-002	0.	
714	0.76921	-0.10199	0.	
715	0.83759	-0.11113	0.	
716	0.90597	-0.12028	0.	
717	0.97434	-0.12943	0.	
718	1.0427	-0.13858	0.	
719	1.1111	-0.14773	0.	
720	1.1795	-0.15688	0.	
721	1.2479	-0.16603	0.	
722	1.3162	-0.17518	0.	
723	1.3846	-0.18433	0.	
724	1.453	-0.19348	0.	
725	1.5214	-0.20262	0.	
726	1.5897	-0.21177	0.	
727	1.6581	-0.22092	0.	
728	1.7265	-0.23007	0.	
729	1.7949	-0.23922	0.	
730	1.8632	-0.24837	0.	
731	1.9316	-0.25752	0.	
732	0.56059	-0.10297	0.	
733	0.62913	-0.11711	0.	
734	0.69768	-0.13126	0.	
735	0.76622	-0.1454	0.	
736	0.83476	-0.15955	0.	
737	0.90331	-0.17369	0.	
738	0.97185	-0.18784	0.	
739	1.0404	-0.20198	0.	
740	1.1089	-0.21612	0.	
741	1.1775	-0.23027	0.	
742	1.246	-0.24441	0.	
743	1.3146	-0.25856	0.	
744	1.3831	-0.2727	0.	
745	1.4517	-0.28685	0.	
746	1.5202	-0.30099	0.	
747	1.5887	-0.31513	0.	
748	1.6573	-0.32928	0.	
749	1.7258	-0.34342	0.	
750	1.7944	-0.35757	0.	
751	1.8629	-0.37171	0.	
752	1.9315	-0.38586	0.	
753	0.55612	-0.13087	0.	
754	0.62488	-0.15003	0.	
755	0.69363	-0.1692	0.	
756	0.76239	-0.18836	0.	
757	0.83114	-0.20753	0.	
758	0.8999	-0.22669	0.	
759	0.96866	-0.24586	0.	
760	1.0374	-0.26502	0.	
761	1.1062	-0.28419	0.	
762	1.1749	-0.30335	0.	
763	1.2437	-0.32252	0.	
764	1.3124	-0.34168	0.	
765	1.3812	-0.36085	0.	
766	1.45	-0.38001	0.	
767	1.5187	-0.39918	0.	
768	1.5875	-0.41834	0.	
769	1.6562	-0.43751	0.	
770	1.725	-0.45667	0.	
771	1.7937	-0.47584	0.	
772	1.8625	-0.495	0.	
773	1.9312	-0.51417	0.	
774	0.55082	-0.15786	0.	
775	0.61983	-0.18209	0.	
776	0.68884	-0.20632	0.	
777	0.75785	-0.23055	0.	
778	0.82685	-0.25478	0.	
779	0.89586	-0.27901	0.	
780	0.96487	-0.30324	0.	
781	1.0339	-0.32746	0.	
782	1.1029	-0.35169	0.	
783	1.1719	-0.37592	0.	
784	1.2409	-0.40015	0.	
785	1.3099	-0.42438	0.	
786	1.3789	-0.44861	0.	
787	1.4479	-0.47284	0.	
788	1.5169	-0.49707	0.	
789	1.5859	-0.52129	0.	
790	1.655	-0.54552	0.	
791	1.724	-0.56975	0.	
792	1.793	-0.59398	0.	
793	1.862	-0.61821	0.	
794	1.931	-0.64244	0.	
795	0.54458	-0.18461	0.	
796	0.61388	-0.21391	0.	
797	0.68319	-0.24322	0.	
798	0.75249	-0.27252	0.	
799	0.8218	-0.30182	0.	
800	0.89111	-0.33113	0.	
801	0.96041	-0.36043	0.	
802	1.0297	-0.38974	0.	
803	1.099	-0.41904	0.	
804	1.1683	-0.44835	0.	
805	1.2376	-0.47765	0.	
806	1.3069	-0.50696	0.	
807	1.3762	-0.53626	0.	
808	1.4456	-0.56556	0.	
809	1.5149	-0.59487	0.	
810	1.5842	-0.62417	0.	
811	1.6535	-0.65348	0.	
812	1.7228	-0.68278	0.	
813	1.7921	-0.71209	0.	
814	1.8614	-0.74139	0.	
815	1.9307	-0.7707	0.	
816	0.5374	-0.21105	0.	
817	0.60705	-0.24544	0.	
818	0.6767	-0.27984	0.	
819	0.74634	-0.31423	0.	
820	0.81599	-0.34863	0.	
821	0.88564	-0.38302	0.	
822	0.95529	-0.41741	0.	
823	1.0249	-0.45181	0.	
824	1.0946	-0.4862	0.	
825	1.1642	-0.5206	0.	
826	1.2339	-0.55499	0.	
827	1.3035	-0.58939	0.	
828	1.3732	-0.62378	0.	
829	1.4428	-0.65818	0.	
830	1.5125	-0.69257	0.	
831	1.5821	-0.72697	0.	
832	1.6518	-0.76136	0.	
833	1.7214	-0.79576	0.	
834	1.7911	-0.83015	0.	
835	1.8607	-0.86454	0.	
836	1.9304	-0.89894	0.	
837	0.52931	-0.23714	0.	
838	0.59935	-0.27664	0.	
839	0.66938	-0.31614	0.	
840	0.73941	-0.35565	0.	
841	0.80944	-0.39515	0.	
842	0.87948	-0.43465	0.	
843	0.94951	-0.47415	0.	
844	1.0195	-0.51365	0.	
845	1.0896	-0.55315	0.	
846	1.1596	-0.59265	0.	
847	1.2296	-0.63215	0.	
848	1.2997	-0.67165	0.	
849	1.3697	-0.71116	0.	
850	1.4397	-0.75066	0.	
851	1.5098	-0.79016	0.	
852	1.5798	-0.82966	0.	
853	1.6498	-0.86916	0.	
854	1.7199	-0.90866	0.	
855	1.7899	-0.94816	0.	
856	1.8599	-0.98766	0.	
857	1.93	-1.0272	0.	
858	0.52074	-0.26199	0.	
859	0.59118	-0.30666	0.	
860	0.66162	-0.35133	0.	
861	0.73206	-0.39599	0.	
862	0.8025	-0.44066	0.	
863	0.87294	-0.48533	0.	
864	0.94339	-0.53	0.	
865	1.0138	-0.57466	0.	
866	1.0843	-0.61933	0.	
867	1.1547	-0.664	0.	
868	1.2251	-0.70866	0.	
869	1.2956	-0.75333	0.	
870	1.366	-0.798	0.	
871	1.4365	-0.84266	0.	
872	1.5069	-0.88733	0.	
873	1.5774	-0.932	0.	
874	1.6478	-0.97667	0.	
875	1.7182	-1.0213	0.	
876	1.7887	-1.066	0.	
877	1.8591	-1.1107	0.	
878	1.9296	-1.1553	0.	
879	0.51136	-0.28646	0.	
880	0.58225	-0.33631	0.	
881	0.65314	-0.38616	0.	
882	0.72402	-0.43601	0.	
883	0.79491	-0.48586	0.	
884	0.8658	-0.53571	0.	
885	0.93669	-0.58556	0.	
886	1.0076	-0.63542	0.	
887	1.0785	-0.68527	0.	
888	1.1493	-0.73512	0.	
889	1.2202	-0.78497	0.	
890	1.2911	-0.83482	0.	
891	1.362	-0.88467	0.	
892	1.4329	-0.93452	0.	
893	1.5038	-0.98437	0.	
894	1.5747	-1.0342	0.	
895	1.6456	-1.0841	0.	
896	1.7164	-1.1339	0.	
897	1.7873	-1.1838	0.	
898	1.8582	-1.2336	0.	
899	1.9291	-1.2835	0.	
900	0.50119	-0.3105	0.	
901	0.57257	-0.36556	0.	
902	0.64394	-0.42061	0.	
903	0.71531	-0.47567	0.	
904	0.78668	-0.53072	0.	
905	0.85805	-0.58578	0.	
906	0.92942	-0.64083	0.	
907	1.0008	-0.69589	0.	
908	1.0722	-0.75094	0.	
909	1.1435	-0.806	0.	
910	1.2149	-0.86106	0.	
911	1.2863	-0.91611	0.	
912	1.3577	-0.97117	0.	
913	1.429	-1.0262	0.	
914	1.5004	-1.0813	0.	
915	1.5718	-1.1363	0.	
916	1.6431	-1.1914	0.	
917	1.7145	-1.2464	0.	
918	1.7859	-1.3015	0.	
919	1.8573	-1.3566	0.	
920	1.9286	-1.4116	0.	
921	0.49024	-0.33411	0.	
922	0.56214	-0.39439	0.	
923	0.63403	-0.45467	0.	
924	0.70592	-0.51495	0.	
925	0.77781	-0.57523	0.	
926	0.84971	-0.63551	0.	
927	0.9216	-0.6958	0.	
928	0.99349	-0.75608	0.	
929	1.0654	-0.81636	0.	
930	1.1373	-0.87664	0.	
931	1.2092	-0.93692	0.	
932	1.2811	-0.9972	0.	
933	1.353	-1.0575	0.	
934	1.4249	-1.1178	0.	
935	1.4967	-1.178	0.	
936	1.5686	-1.2383	0.	
937	1.6405	-1.2986	0.	
938	1.7124	-1.3589	0.	
939	1.7843	-1.4192	0.	
940	1.8562	-1.4794	0.	
941	1.9281	-1.5397	0.	
942	0.47839	-0.35745	0.	
943	0.55084	-0.42297	0.	
944	0.6233	-0.48848	0.	
945	0.69576	-0.554	0.	
946	0.76822	-0.61952	0.	
947	0.84067	-0.68504	0.	
948	0.91313	-0.75056	0.	
949	0.98559	-0.81608	0.	
950	1.058	-0.88159	0.	
951	1.1305	-0.94711	0.	
952	1.203	-1.0126	0.	
953	1.2754	-1.0781	0.	
954	1.3479	-1.1437	0.	
955	1.4203	-1.2092	0.	
956	1.4928	-1.2747	0.	
957	1.5653	-1.3402	0.	
958	1.6377	-1.4057	0.	
959	1.7102	-1.4713	0.	
960	1.7826	-1.5368	0.	
961	1.8551	-1.6023	0.	
962	1.9275	-1.6678	0.	
963	0.46541	-0.38072	0.	
964	0.53848	-0.45148	0.	
965	0.61156	-0.52224	0.	
966	0.68463	-0.593	0.	
967	0.75771	-0.66376	0.	
968	0.83079	-0.73452	0.	
969	0.90386	-0.80528	0.	
970	0.97694	-0.87604	0.	
971	1.05	-0.9468	0.	
972	1.1231	-1.0176	0.	
973	1.1962	-1.0883	0.	
974	1.2692	-1.1591	0.	
975	1.3423	-1.2298	0.	
976	1.4154	-1.3006	0.	
977	1.4885	-1.3714	0.	
978	1.5615	-1.4421	0.	
979	1.6346	-1.5129	0.	
980	1.7077	-1.5836	0.	
981	1.7808	-1.6544	0.	
982	1.8538	-1.7251	0.	
983	1.9269	-1.7959	0.	
984	0.45086	-0.40432	0.	
985	0.52462	-0.48031	0.	
986	0.59839	-0.55629	0.	
987	0.67216	-0.63228	0.	
988	0.74593	-0.70826	0.	
989	0.8197	-0.78424	0.	
990	0.89347	-0.86023	0.	
991	0.96724	-0.93621	0.	
992	1.041	-1.0122	0.	
993	1.1148	-1.0882	0.	
994	1.1885	-1.1642	0.	
995	1.2623	-1.2402	0.	
996	1.3361	-1.3161	0.	
997	1.4098	-1.3921	0.	
998	1.4836	-1.4681	0.	
999	1.5574	-1.5441	0.	
1000	1.6312	-1.6201	0.	
1001	1.7049	-1.6961	0.	
1002	1.7787	-1.772	0.	
1003	1.8525	-1.848	0.	
1004	1.9262	-1.924	0.	
1005	0.42915	-0.42144	0.	
1006	0.4976	-0.49661	0.	
1007	0.56605	-0.57178	0.	
1008	0.63451	-0.64695	0.	
1009	0.70296	-0.72212	0.	
1010	0.77141	-0.79729	0.	
1011	0.83987	-0.87246	0.	
1012	0.90832	-0.94762	0.	
1013	0.97677	-1.0228	0.	
1014	1.0452	-1.098	0.	
1015	1.1137	-1.1731	0.	
1016	1.1821	-1.2483	0.	
1017	1.2506	-1.3235	0.	
1018	1.319	-1.3986	0.	
1019	1.3875	-1.4738	0.	
1020	1.4559	-1.549	0.	
1021	1.5244	-1.6242	0.	
1022	1.5929	-1.6993	0.	
1023	1.6613	-1.7745	0.	
1024	1.7298	-1.8497	0.	
1025	1.7982	-1.9248	0.	
1026	0.4059	-0.43845	0.	
1027	0.46911	-0.51281	0.	
1028	0.53232	-0.58717	0.	
1029	0.59553	-0.66153	0.	
1030	0.65875	-0.73589	0.	
1031	0.72196	-0.81025	0.	
1032	0.78517	-0.88461	0.	
1033	0.84838	-0.95897	0.	
1034	0.91159	-1.0333	0.	
1035	0.9748	-1.1077	0.	
1036	1.038	-1.182	0.	
1037	1.1012	-1.2564	0.	
1038	1.1644	-1.3308	0.	
1039	1.2276	-1.4051	0.	
1040	1.2909	-1.4795	0.	
1041	1.3541	-1.5538	0.	
1042	1.4173	-1.6282	0.	
1043	1.4805	-1.7026	0.	
1044	1.5437	-1.7769	0.	
1045	1.6069	-1.8513	0.	
1046	1.6701	-1.9256	0.	
1047	0.38102	-0.45525	0.	
1048	0.43907	-0.52881	0.	
1049	0.49712	-0.60237	0.	
1050	0.55516	-0.67593	0.	
1051	0.61321	-0.74949	0.	
1052	0.67126	-0.82305	0.	
1053	0.7293	-0.89661	0.	
1054	0.78735	-0.97017	0.	
1055	0.8454	-1.0437	0.	
1056	0.90344	-1.1173	0.	
1057	0.96149	-1.1908	0.	
1058	1.0195	-1.2644	0.	
1059	1.0776	-1.338	0.	
1060	1.1356	-1.4115	0.	
1061	1.1937	-1.4851	0.	
1062	1.2517	-1.5586	0.	
1063	1.3098	-1.6322	0.	
1064	1.3678	-1.7058	0.	
1065	1.4259	-1.7793	0.	
1066	1.4839	-1.8529	0.	
1067	1.542	-1.9264	0.	
1068	0.3553	-0.47102	0.	
1069	0.40822	-0.54383	0.	
1070	0.46114	-0.61663	0.	
1071	0.51406	-0.68944	0.	
1072	0.56699	-0.76225	0.	
1073	0.61991	-0.83506	0.	
1074	0.67283	-0.90787	0.	
1075	0.72575	-0.98068	0.	
1076	0.77868	-1.0535	0.	
1077	0.8316	-1.1263	0.	
1078	0.88452	-1.1991	0.	
1079	0.93744	-1.2719	0.	
1080	0.99037	-1.3447	0.	
1081	1.0433	-1.4175	0.	
1082	1.0962	-1.4903	0.	
1083	1.1491	-1.5631	0.	
1084	1.2021	-1.636	0.	
1085	1.255	-1.7088	0.	
1086	1.3079	-1.7816	0.	
1087	1.3608	-1.8544	0.	
1088	1.4137	-1.9272	0.	
1089	0.32813	-0.48616	0.	
1090	0.376	-0.55825	0.	
1091	0.42386	-0.63033	0.	
1092	0.47173	-0.70242	0.	
1093	0.5196	-0.77451	0.	
1094	0.56746	-0.8466	0.	
1095	0.61533	-0.91868	0.	
1096	0.6632	-0.99077	0.	
1097	0.71106	-1.0629	0.	
1098	0.75893	-1.1349	0.	
1099	0.8068	-1.207	0.	
1100	0.85466	-1.2791	0.	
1101	0.90253	-1.3512	0.	
1102	0.9504	-1.4233	0.	
1103	0.99826	-1.4954	0.	
1104	1.0461	-1.5675	0.	
1105	1.094	-1.6396	0.	
1106	1.1419	-1.7116	0.	
1107	1.1897	-1.7837	0.	
1108	1.2376	-1.8558	0.	
1109	1.2855	-1.9279	0.	
1110	0.30017	-0.50013	0.	
1111	0.34302	-0.57155	0.	
1112	0.38587	-0.64297	0.	
1113	0.42872	-0.71439	0.	
1114	0.47156	-0.78582	0.	
1115	0.51441	-0.85724	0.	
1116	0.55726	-0.92866	0.	
1117	0.60011	-1.0001	0.	
1118	0.64296	-1.0715	0.	
1119	0.68581	-1.1429	0.	
1120	0.72866	-1.2144	0.	
1121	0.77151	-1.2858	0.	
1122	0.81436	-1.3572	0.	
1123	0.85721	-1.4286	0.	
1124	0.90006	-1.5	0.	
1125	0.94291	-1.5715	0.	
1126	0.98575	-1.6429	0.	
1127	1.0286	-1.7143	0.	
1128	1.0715	-1.7857	0.	
1129	1.1143	-1.8572	0.	
1130	1.1572	-1.9286	0.	
1131	0.27148	-0.51288	0.	
1132	0.30935	-0.5837	0.	
1133	0.34721	-0.65451	0.	
1134	0.38508	-0.72533	0.	
1135	0.42294	-0.79614	0.	
1136	0.46081	-0.86696	0.	
1137	0.49868	-0.93777	0.	
1138	0.53654	-1.0086	0.	
1139	0.57441	-1.0794	0.	
1140	0.61227	-1.1502	0.	
1141	0.65014	-1.221	0.	
1142	0.68801	-1.2918	0.	
1143	0.72587	-1.3627	0.	
1144	0.76374	-1.4335	0.	
1145	0.8016	-1.5043	0.	
1146	0.83947	-1.5751	0.	
1147	0.87734	-1.6459	0.	
1148	0.9152	-1.7167	0.	
1149	0.95307	-1.7876	0.	
1150	0.99093	-1.8584	0.	
1151	1.0288	-1.9292	0.	
1152	0.24213	-0.52439	0.	
1153	0.27505	-0.59466	0.	
1154	0.30796	-0.66492	0.	
1155	0.34087	-0.73519	0.	
1156	0.37379	-0.80546	0.	
1157	0.4067	-0.87573	0.	
1158	0.43962	-0.94599	0.	
1159	0.47253	-1.0163	0.	
1160	0.50545	-1.0865	0.	
1161	0.53836	-1.1568	0.	
1162	0.57128	-1.2271	0.	
1163	0.60419	-1.2973	0.	
1164	0.6371	-1.3676	0.	
1165	0.67002	-1.4379	0.	
1166	0.70293	-1.5081	0.	
1167	0.73585	-1.5784	0.	
1168	0.76876	-1.6487	0.	
1169	0.80168	-1.7189	0.	
1170	0.83459	-1.7892	0.	
1171	0.8675	-1.8595	0.	
1172	0.90042	-1.9297	0.	
1173	0.21219	-0.53461	0.	
1174	0.24018	-0.60439	0.	
1175	0.26817	-0.67417	0.	
1176	0.29616	-0.74395	0.	
1177	0.32416	-0.81373	0.	
1178	0.35215	-0.88352	0.	
1179	0.38014	-0.9533	0.	
1180	0.40813	-1.0231	0.	
1181	0.43612	-1.0929	0.	
1182	0.46411	-1.1626	0.	
1183	0.4921	-1.2324	0.	
1184	0.52009	-1.3022	0.	
1185	0.54808	-1.372	0.	
1186	0.57607	-1.4418	0.	
1187	0.60406	-1.5115	0.	
1188	0.63205	-1.5813	0.	
1189	0.66005	-1.6511	0.	
1190	0.68804	-1.7209	0.	
1191	0.71603	-1.7907	0.	
1192	0.74402	-1.8604	0.	
1193	0.77201	-1.9302	0.	
1194	0.18173	-0.54352	0.	
1195	0.20482	-0.61288	0.	
1196	0.22792	-0.68223	0.	
1197	0.25101	-0.75159	0.	
1198	0.2741	-0.82095	0.	
1199	0.29719	-0.8903	0.	
1200	0.32028	-0.95966	0.	
1201	0.34338	-1.029	0.	
1202	0.36647	-1.0984	0.	
1203	0.38956	-1.1677	0.	
1204	0.41265	-1.2371	0.	
1205	0.43574	-1.3064	0.	
1206	0.45884	-1.3758	0.	
1207	0.48193	-1.4452	0.	
1208	0.50502	-1.5145	0.	
1209	0.52811	-1.5839	0.	
1210	0.55121	-1.6532	0.	
1211	0.5743	-1.7226	0.	
1212	0.59739	-1.7919	0.	
1213	0.62048	-1.8613	0.	
1214	0.64357	-1.9306	0.	
1215	0.15006	-0.5513	0.	
1216	0.16831	-0.62029	0.	
1217	0.18656	-0.68927	0.	
1218	0.20481	-0.75826	0.	
1219	0.22306	-0.82724	0.	
1220	0.24131	-0.89623	0.	
1221	0.25957	-0.96521	0.	
1222	0.27782	-1.0342	0.	
1223	0.29607	-1.1032	0.	
1224	0.31432	-1.1722	0.	
1225	0.33257	-1.2412	0.	
1226	0.35082	-1.3101	0.	
1227	0.36907	-1.3791	0.	
1228	0.38732	-1.4481	0.	
1229	0.40558	-1.5171	0.	
1230	0.42383	-1.5861	0.	
1231	0.44208	-1.6551	0.	
1232	0.46033	-1.7241	0.	
1233	0.47858	-1.793	0.	
1234	0.49683	-1.862	0.	
1235	0.51508	-1.931	0.	
1236	0.11799	-0.55763	0.	
1237	0.13142	-0.62631	0.	
1238	0.14485	-0.695	0.	
1239	0.15828	-0.76368	0.	
1240	0.17171	-0.83237	0.	
1241	0.18514	-0.90105	0.	
1242	0.19856	-0.96974	0.	
1243	0.21199	-1.0384	0.	
1244	0.22542	-1.1071	0.	
1245	0.23885	-1.1758	0.	
1246	0.25228	-1.2445	0.	
1247	0.26571	-1.3132	0.	
1248	0.27914	-1.3818	0.	
1249	0.29257	-1.4505	0.	
1250	0.306	-1.5192	0.	
1251	0.31943	-1.5879	0.	
1252	0.33285	-1.6566	0.	
1253	0.34628	-1.7253	0.	
1254	0.35971	-1.7939	0.	
1255	0.37314	-1.8626	0.	
1256	0.38657	-1.9313	0.	
1257	8.561e-002	-0.56249	0.	
1258	9.4231e-002	-0.63094	0.	
1259	0.10285	-0.6994	0.	
1260	0.11147	-0.76785	0.	
1261	0.1201	-0.8363	0.	
1262	0.12872	-0.90475	0.	
1263	0.13734	-0.97321	0.	
1264	0.14596	-1.0417	0.	
1265	0.15458	-1.1101	0.	
1266	0.16321	-1.1786	0.	
1267	0.17183	-1.247	0.	
1268	0.18045	-1.3155	0.	
1269	0.18907	-1.3839	0.	
1270	0.19769	-1.4524	0.	
1271	0.20631	-1.5208	0.	
1272	0.21494	-1.5893	0.	
1273	0.22356	-1.6577	0.	
1274	0.23218	-1.7262	0.	
1275	0.2408	-1.7946	0.	
1276	0.24942	-1.8631	0.	
1277	0.25804	-1.9315	0.	
1278	5.3056e-002	-0.56586	0.	
1279	5.6878e-002	-0.63415	0.	
1280	6.0701e-002	-0.70245	0.	
1281	6.4524e-002	-0.77074	0.	
1282	6.8347e-002	-0.83903	0.	
1283	7.2169e-002	-0.90732	0.	
1284	7.5992e-002	-0.97562	0.	
1285	7.9815e-002	-1.0439	0.	
1286	8.3638e-002	-1.1122	0.	
1287	8.746e-002	-1.1805	0.	
1288	9.1283e-002	-1.2488	0.	
1289	9.5106e-002	-1.3171	0.	
1290	9.8929e-002	-1.3854	0.	
1291	0.10275	-1.4537	0.	
1292	0.10657	-1.522	0.	
1293	0.1104	-1.5902	0.	
1294	0.11422	-1.6585	0.	
1295	0.11804	-1.7268	0.	
1296	0.12187	-1.7951	0.	
1297	0.12569	-1.8634	0.	
1298	0.12951	-1.9317	0.	
1299	2.1323e-002	-0.56771	0.	
1300	2.0307e-002	-0.63591	0.	
1301	1.9292e-002	-0.70411	0.	
1302	1.8277e-002	-0.77232	0.	
1303	1.7261e-002	-0.84052	0.	
1304	1.6246e-002	-0.90873	0.	
1305	1.5231e-002	-0.97693	0.	
1306	1.4215e-002	-1.0451	0.	
1307	1.32e-002	-1.1133	0.	
1308	1.2184e-002	-1.1815	0.	
1309	1.1169e-002	-1.2498	0.	
1310	1.0154e-002	-1.318	0.	
1311	9.1383e-003	-1.3862	0.	
1312	8.123e-003	-1.4544	0.	
1313	7.1076e-003	-1.5226	0.	
1314	6.0922e-003	-1.5908	0.	
1315	5.0768e-003	-1.659	0.	
1316	4.0615e-003	-1.7272	0.	
1317	3.0461e-003	-1.7954	0.	
1318	2.0307e-003	-1.8636	0.	
1319	1.0154e-003	-1.9318	0.	
1320	-9.7679e-003	-0.56817	0.	
1321	-1.5652e-002	-0.63635	0.	
1322	-2.1536e-002	-0.70453	0.	
1323	-2.742e-002	-0.77271	0.	
1324	-3.3304e-002	-0.8409	0.	
1325	-3.9188e-002	-0.90908	0.	
1326	-4.5072e-002	-0.97726	0.	
1327	-5.0956e-002	-1.0454	0.	
1328	-5.684e-002	-1.1136	0.	
1329	-6.2725e-002	-1.1818	0.	
1330	-6.8609e-002	-1.25	0.	
1331	-7.4493e-002	-1.3182	0.	
1332	-8.0377e-002	-1.3864	0.	
1333	-8.6261e-002	-1.4545	0.	
1334	-9.2145e-002	-1.5227	0.	
1335	-9.8029e-002	-1.5909	0.	
1336	-0.10391	-1.6591	0.	
1337	-0.1098	-1.7273	0.	
1338	-0.11568	-1.7955	0.	
1339	-0.12157	-1.8636	0.	
1340	-0.12745	-1.9318	0.	
1341	-4.0846e-002	-0.56732	0.	
1342	-5.16e-002	-0.63554	0.	
1343	-6.2353e-002	-0.70376	0.	
1344	-7.3106e-002	-0.77199	0.	
1345	-8.386e-002	-0.84021	0.	
1346	-9.4613e-002	-0.90843	0.	
1347	-0.10537	-0.97665	0.	
1348	-0.11612	-1.0449	0.	
1349	-0.12687	-1.1131	0.	
1350	-0.13763	-1.1813	0.	
1351	-0.14838	-1.2495	0.	
1352	-0.15913	-1.3178	0.	
1353	-0.16989	-1.386	0.	
1354	-0.18064	-1.4542	0.	
1355	-0.19139	-1.5224	0.	
1356	-0.20215	-1.5907	0.	
1357	-0.2129	-1.6589	0.	
1358	-0.22365	-1.7271	0.	
1359	-0.23441	-1.7953	0.	
1360	-0.24516	-1.8636	0.	
1361	-0.25591	-1.9318	0.	
1362	-7.1846e-002	-0.56516	0.	
1363	-8.7472e-002	-0.63348	0.	
1364	-0.1031	-0.70181	0.	
1365	-0.11872	-0.77013	0.	
1366	-0.13435	-0.83846	0.	
1367	-0.14998	-0.90678	0.	
1368	-0.1656	-0.97511	0.	
1369	-0.18123	-1.0434	0.	
1370	-0.19686	-1.1118	0.	
1371	-0.21248	-1.1801	0.	
1372	-0.22811	-1.2484	0.	
1373	-0.24374	-1.3167	0.	
1374	-0.25936	-1.3851	0.	
1375	-0.27499	-1.4534	0.	
1376	-0.29062	-1.5217	0.	
1377	-0.30624	-1.59	0.	
1378	-0.32187	-1.6584	0.	
1379	-0.33749	-1.7267	0.	
1380	-0.35312	-1.795	0.	
1381	-0.36875	-1.8633	0.	
1382	-0.38437	-1.9317	0.	
1383	-0.1027	-0.56169	0.	
1384	-0.1232	-0.63018	0.	
1385	-0.14371	-0.69867	0.	
1386	-0.16422	-0.76716	0.	
1387	-0.18472	-0.83565	0.	
1388	-0.20523	-0.90414	0.	
1389	-0.22574	-0.97264	0.	
1390	-0.24624	-1.0411	0.	
1391	-0.26675	-1.1096	0.	
1392	-0.28726	-1.1781	0.	
1393	-0.30776	-1.2466	0.	
1394	-0.32827	-1.3151	0.	
1395	-0.34878	-1.3836	0.	
1396	-0.36928	-1.4521	0.	
1397	-0.38979	-1.5206	0.	
1398	-0.41029	-1.5891	0.	
1399	-0.4308	-1.6575	0.	
1400	-0.45131	-1.726	0.	
1401	-0.47181	-1.7945	0.	
1402	-0.49232	-1.863	0.	
1403	-0.51283	-1.9315	0.	
1404	-0.13333	-0.55693	0.	
1405	-0.15873	-0.62565	0.	
1406	-0.18413	-0.69436	0.	
1407	-0.20952	-0.76308	0.	
1408	-0.23492	-0.8318	0.	
1409	-0.26032	-0.90052	0.	
1410	-0.28571	-0.96923	0.	
1411	-0.31111	-1.038	0.	
1412	-0.33651	-1.1067	0.	
1413	-0.3619	-1.1754	0.	
1414	-0.3873	-1.2441	0.	
1415	-0.4127	-1.3128	0.	
1416	-0.4381	-1.3815	0.	
1417	-0.46349	-1.4503	0.	
1418	-0.48889	-1.519	0.	
1419	-0.51429	-1.5877	0.	
1420	-0.53968	-1.6564	0.	
1421	-0.56508	-1.7251	0.	
1422	-0.59048	-1.7938	0.	
1423	-0.61587	-1.8626	0.	
1424	-0.64127	-1.9313	0.	
1425	-0.16369	-0.55089	0.	
1426	-0.19399	-0.61989	0.	
1427	-0.22429	-0.6889	0.	
1428	-0.25459	-0.7579	0.	
1429	-0.28489	-0.82691	0.	
1430	-0.31519	-0.89591	0.	
1431	-0.34549	-0.96492	0.	
1432	-0.37579	-1.0339	0.	
1433	-0.40609	-1.1029	0.	
1434	-0.43639	-1.1719	0.	
1435	-0.46669	-1.2409	0.	
1436	-0.49699	-1.3099	0.	
1437	-0.52729	-1.379	0.	
1438	-0.55759	-1.448	0.	
1439	-0.5879	-1.517	0.	
1440	-0.6182	-1.586	0.	
1441	-0.6485	-1.655	0.	
1442	-0.6788	-1.724	0.	
1443	-0.7091	-1.793	0.	
1444	-0.7394	-1.862	0.	
1445	-0.7697	-1.931	0.	
1446	-0.19369	-0.54358	0.	
1447	-0.22891	-0.61293	0.	
1448	-0.26413	-0.68228	0.	
1449	-0.29935	-0.75164	0.	
1450	-0.33457	-0.82099	0.	
1451	-0.36979	-0.89034	0.	
1452	-0.40502	-0.9597	0.	
1453	-0.44024	-1.0291	0.	
1454	-0.47546	-1.0984	0.	
1455	-0.51068	-1.1678	0.	
1456	-0.5459	-1.2371	0.	
1457	-0.58112	-1.3065	0.	
1458	-0.61634	-1.3758	0.	
1459	-0.65156	-1.4452	0.	
1460	-0.68678	-1.5145	0.	
1461	-0.72201	-1.5839	0.	
1462	-0.75723	-1.6532	0.	
1463	-0.79245	-1.7226	0.	
1464	-0.82767	-1.7919	0.	
1465	-0.86289	-1.8613	0.	
1466	-0.89811	-1.9306	0.	
1467	-0.22327	-0.53502	0.	
1468	-0.26344	-0.60478	0.	
1469	-0.3036	-0.67455	0.	
1470	-0.34376	-0.74431	0.	
1471	-0.38392	-0.81407	0.	
1472	-0.42408	-0.88383	0.	
1473	-0.46424	-0.95359	0.	
1474	-0.5044	-1.0233	0.	
1475	-0.54457	-1.0931	0.	
1476	-0.58473	-1.1629	0.	
1477	-0.62489	-1.2326	0.	
1478	-0.66505	-1.3024	0.	
1479	-0.70521	-1.3722	0.	
1480	-0.74537	-1.4419	0.	
1481	-0.78554	-1.5117	0.	
1482	-0.8257	-1.5814	0.	
1483	-0.86586	-1.6512	0.	
1484	-0.90602	-1.721	0.	
1485	-0.94618	-1.7907	0.	
1486	-0.98634	-1.8605	0.	
1487	-1.0265	-1.9302	0.	
1488	-0.25238	-0.52525	0.	
1489	-0.2975	-0.59548	0.	
1490	-0.34263	-0.6657	0.	
1491	-0.38775	-0.73593	0.	
1492	-0.43288	-0.80615	0.	
1493	-0.478	-0.87638	0.	
1494	-0.52313	-0.94661	0.	
1495	-0.56825	-1.0168	0.	
1496	-0.61338	-1.0871	0.	
1497	-0.6585	-1.1573	0.	
1498	-0.70363	-1.2275	0.	
1499	-0.74875	-1.2977	0.	
1500	-0.79388	-1.368	0.	
1501	-0.839	-1.4382	0.	
1502	-0.88413	-1.5084	0.	
1503	-0.92925	-1.5786	0.	
1504	-0.97438	-1.6489	0.	
1505	-1.0195	-1.7191	0.	
1506	-1.0646	-1.7893	0.	
1507	-1.1098	-1.8595	0.	
1508	-1.1549	-1.9298	0.	
1509	-0.28094	-0.51428	0.	
1510	-0.33105	-0.58503	0.	
1511	-0.38117	-0.65578	0.	
1512	-0.43128	-0.72652	0.	
1513	-0.4814	-0.79727	0.	
1514	-0.53151	-0.86802	0.	
1515	-0.58162	-0.93877	0.	
1516	-0.63174	-1.0095	0.	
1517	-0.68185	-1.0803	0.	
1518	-0.73197	-1.151	0.	
1519	-0.78208	-1.2218	0.	
1520	-0.83219	-1.2925	0.	
1521	-0.88231	-1.3633	0.	
1522	-0.93242	-1.434	0.	
1523	-0.98254	-1.5048	0.	
1524	-1.0326	-1.5755	0.	
1525	-1.0828	-1.6463	0.	
1526	-1.1329	-1.717	0.	
1527	-1.183	-1.7878	0.	
1528	-1.2331	-1.8585	0.	
1529	-1.2832	-1.9293	0.	
1530	-0.3089	-0.50214	0.	
1531	-0.36403	-0.57347	0.	
1532	-0.41916	-0.6448	0.	
1533	-0.47429	-0.71612	0.	
1534	-0.52942	-0.78745	0.	
1535	-0.58456	-0.85878	0.	
1536	-0.63969	-0.9301	0.	
1537	-0.69482	-1.0014	0.	
1538	-0.74995	-1.0728	0.	
1539	-0.80508	-1.1441	0.	
1540	-0.86022	-1.2154	0.	
1541	-0.91535	-1.2867	0.	
1542	-0.97048	-1.3581	0.	
1543	-1.0256	-1.4294	0.	
1544	-1.0807	-1.5007	0.	
1545	-1.1359	-1.572	0.	
1546	-1.191	-1.6434	0.	
1547	-1.2461	-1.7147	0.	
1548	-1.3013	-1.786	0.	
1549	-1.3564	-1.8573	0.	
1550	-1.4115	-1.9287	0.	
1551	-0.33618	-0.48888	0.	
1552	-0.39637	-0.56084	0.	
1553	-0.45655	-0.6328	0.	
1554	-0.51673	-0.70475	0.	
1555	-0.57691	-0.77671	0.	
1556	-0.63709	-0.84867	0.	
1557	-0.69727	-0.92063	0.	
1558	-0.75746	-0.99259	0.	
1559	-0.81764	-1.0645	0.	
1560	-0.87782	-1.1365	0.	
1561	-0.938	-1.2085	0.	
1562	-0.99818	-1.2804	0.	
1563	-1.0584	-1.3524	0.	
1564	-1.1185	-1.4243	0.	
1565	-1.1787	-1.4963	0.	
1566	-1.2389	-1.5683	0.	
1567	-1.2991	-1.6402	0.	
1568	-1.3593	-1.7122	0.	
1569	-1.4195	-1.7841	0.	
1570	-1.4796	-1.8561	0.	
1571	-1.5398	-1.928	0.	
1572	-0.36273	-0.47453	0.	
1573	-0.428	-0.54717	0.	
1574	-0.49326	-0.61982	0.	
1575	-0.55853	-0.69246	0.	
1576	-0.6238	-0.7651	0.	
1577	-0.68906	-0.83774	0.	
1578	-0.75433	-0.91038	0.	
1579	-0.8196	-0.98302	0.	
1580	-0.88486	-1.0557	0.	
1581	-0.95013	-1.1283	0.	
1582	-1.0154	-1.2009	0.	
1583	-1.0807	-1.2736	0.	
1584	-1.1459	-1.3462	0.	
1585	-1.2112	-1.4189	0.	
1586	-1.2765	-1.4915	0.	
1587	-1.3417	-1.5642	0.	
1588	-1.407	-1.6368	0.	
1589	-1.4723	-1.7094	0.	
1590	-1.5375	-1.7821	0.	
1591	-1.6028	-1.8547	0.	
1592	-1.6681	-1.9274	0.	
1593	-0.38791	-0.45961	0.	
1594	-0.45833	-0.53297	0.	
1595	-0.52874	-0.60632	0.	
1596	-0.59916	-0.67967	0.	
1597	-0.66958	-0.75302	0.	
1598	-0.73999	-0.82637	0.	
1599	-0.81041	-0.89972	0.	
1600	-0.88083	-0.97308	0.	
1601	-0.95125	-1.0464	0.	
1602	-1.0217	-1.1198	0.	
1603	-1.0921	-1.1931	0.	
1604	-1.1625	-1.2665	0.	
1605	-1.2329	-1.3398	0.	
1606	-1.3033	-1.4132	0.	
1607	-1.3737	-1.4865	0.	
1608	-1.4442	-1.5599	0.	
1609	-1.5146	-1.6332	0.	
1610	-1.585	-1.7066	0.	
1611	-1.6554	-1.7799	0.	
1612	-1.7258	-1.8533	0.	
1613	-1.7962	-1.9266	0.	
1614	-0.4121	-0.44393	0.	
1615	-0.48772	-0.51803	0.	
1616	-0.56333	-0.59213	0.	
1617	-0.63895	-0.66623	0.	
1618	-0.71456	-0.74032	0.	
1619	-0.79017	-0.81442	0.	
1620	-0.86579	-0.88852	0.	
1621	-0.9414	-0.96262	0.	
1622	-1.017	-1.0367	0.	
1623	-1.0926	-1.1108	0.	
1624	-1.1682	-1.1849	0.	
1625	-1.2439	-1.259	0.	
1626	-1.3195	-1.3331	0.	
1627	-1.3951	-1.4072	0.	
1628	-1.4707	-1.4813	0.	
1629	-1.5463	-1.5554	0.	
1630	-1.6219	-1.6295	0.	
1631	-1.6975	-1.7036	0.	
1632	-1.7732	-1.7777	0.	
1633	-1.8488	-1.8518	0.	
1634	-1.9244	-1.9259	0.	
1635	-0.42995	-0.42076	0.	
1636	-0.50472	-0.48962	0.	
1637	-0.57948	-0.55847	0.	
1638	-0.65425	-0.62732	0.	
1639	-0.72901	-0.69617	0.	
1640	-0.80377	-0.76503	0.	
1641	-0.87854	-0.83388	0.	
1642	-0.9533	-0.90273	0.	
1643	-1.0281	-0.97158	0.	
1644	-1.1028	-1.0404	0.	
1645	-1.1776	-1.1093	0.	
1646	-1.2524	-1.1781	0.	
1647	-1.3271	-1.247	0.	
1648	-1.4019	-1.3158	0.	
1649	-1.4767	-1.3847	0.	
1650	-1.5514	-1.4536	0.	
1651	-1.6262	-1.5224	0.	
1652	-1.7009	-1.5913	0.	
1653	-1.7757	-1.6601	0.	
1654	-1.8505	-1.729	0.	
1655	-1.9252	-1.7978	0.	
1656	-0.44689	-0.39669	0.	
1657	-0.52085	-0.46034	0.	
1658	-0.59481	-0.52399	0.	
1659	-0.66877	-0.58764	0.	
1660	-0.74272	-0.65129	0.	
1661	-0.81668	-0.71494	0.	
1662	-0.89064	-0.77859	0.	
1663	-0.9646	-0.84224	0.	
1664	-1.0386	-0.90589	0.	
1665	-1.1125	-0.96954	0.	
1666	-1.1865	-1.0332	0.	
1667	-1.2604	-1.0968	0.	
1668	-1.3344	-1.1605	0.	
1669	-1.4083	-1.2241	0.	
1670	-1.4823	-1.2878	0.	
1671	-1.5563	-1.3514	0.	
1672	-1.6302	-1.4151	0.	
1673	-1.7042	-1.4787	0.	
1674	-1.7781	-1.5424	0.	
1675	-1.8521	-1.606	0.	
1676	-1.926	-1.6697	0.	
1677	-0.46288	-0.37177	0.	
1678	-0.53607	-0.43026	0.	
1679	-0.60927	-0.48875	0.	
1680	-0.68247	-0.54723	0.	
1681	-0.75566	-0.60572	0.	
1682	-0.82886	-0.66421	0.	
1683	-0.90206	-0.7227	0.	
1684	-0.97525	-0.78118	0.	
1685	-1.0484	-0.83967	0.	
1686	-1.1216	-0.89816	0.	
1687	-1.1948	-0.95664	0.	
1688	-1.268	-1.0151	0.	
1689	-1.3412	-1.0736	0.	
1690	-1.4144	-1.1321	0.	
1691	-1.4876	-1.1906	0.	
1692	-1.5608	-1.2491	0.	
1693	-1.634	-1.3076	0.	
1694	-1.7072	-1.3661	0.	
1695	-1.7804	-1.4245	0.	
1696	-1.8536	-1.483	0.	
1697	-1.9268	-1.5415	0.	
1698	-0.47786	-0.34605	0.	
1699	-0.55035	-0.39941	0.	
1700	-0.62283	-0.45278	0.	
1701	-0.69531	-0.50614	0.	
1702	-0.76779	-0.5595	0.	
1703	-0.84028	-0.61286	0.	
1704	-0.91276	-0.66623	0.	
1705	-0.98524	-0.71959	0.	
1706	-1.0577	-0.77295	0.	
1707	-1.1302	-0.82631	0.	
1708	-1.2027	-0.87968	0.	
1709	-1.2752	-0.93304	0.	
1710	-1.3477	-0.9864	0.	
1711	-1.4201	-1.0398	0.	
1712	-1.4926	-1.0931	0.	
1713	-1.5651	-1.1465	0.	
1714	-1.6376	-1.1999	0.	
1715	-1.7101	-1.2532	0.	
1716	-1.7826	-1.3066	0.	
1717	-1.855	-1.3599	0.	
1718	-1.9275	-1.4133	0.	
1719	-0.49181	-0.31958	0.	
1720	-0.56363	-0.36785	0.	
1721	-0.63545	-0.41612	0.	
1722	-0.70727	-0.4644	0.	
1723	-0.77909	-0.51267	0.	
1724	-0.8509	-0.56095	0.	
1725	-0.92272	-0.60922	0.	
1726	-0.99454	-0.6575	0.	
1727	-1.0664	-0.70577	0.	
1728	-1.1382	-0.75404	0.	
1729	-1.21	-0.80232	0.	
1730	-1.2818	-0.85059	0.	
1731	-1.3536	-0.89887	0.	
1732	-1.4255	-0.94714	0.	
1733	-1.4973	-0.99541	0.	
1734	-1.5691	-1.0437	0.	
1735	-1.6409	-1.092	0.	
1736	-1.7127	-1.1402	0.	
1737	-1.7845	-1.1885	0.	
1738	-1.8564	-1.2368	0.	
1739	-1.9282	-1.2851	0.	
1740	-0.50469	-0.29241	0.	
1741	-0.57589	-0.33563	0.	
1742	-0.6471	-0.37885	0.	
1743	-0.7183	-0.42206	0.	
1744	-0.78951	-0.46528	0.	
1745	-0.86071	-0.5085	0.	
1746	-0.93192	-0.55172	0.	
1747	-1.0031	-0.59494	0.	
1748	-1.0743	-0.63816	0.	
1749	-1.1455	-0.68138	0.	
1750	-1.2167	-0.72459	0.	
1751	-1.2879	-0.76781	0.	
1752	-1.3592	-0.81103	0.	
1753	-1.4304	-0.85425	0.	
1754	-1.5016	-0.89747	0.	
1755	-1.5728	-0.94069	0.	
1756	-1.644	-0.98391	0.	
1757	-1.7152	-1.0271	0.	
1758	-1.7864	-1.0703	0.	
1759	-1.8576	-1.1136	0.	
1760	-1.9288	-1.1568	0.	
1761	-0.51644	-0.26462	0.	
1762	-0.58708	-0.30281	0.	
1763	-0.65773	-0.34101	0.	
1764	-0.72838	-0.3792	0.	
1765	-0.79902	-0.41739	0.	
1766	-0.86967	-0.45558	0.	
1767	-0.94031	-0.49378	0.	
1768	-1.011	-0.53197	0.	
1769	-1.0816	-0.57016	0.	
1770	-1.1523	-0.60835	0.	
1771	-1.2229	-0.64655	0.	
1772	-1.2935	-0.68474	0.	
1773	-1.3642	-0.72293	0.	
1774	-1.4348	-0.76112	0.	
1775	-1.5055	-0.79932	0.	
1776	-1.5761	-0.83751	0.	
1777	-1.6468	-0.8757	0.	
1778	-1.7174	-0.9139	0.	
1779	-1.7881	-0.95209	0.	
1780	-1.8587	-0.99028	0.	
1781	-1.9294	-1.0285	0.	
1782	-0.52766	-0.23489	0.	
1783	-0.59777	-0.26815	0.	
1784	-0.66788	-0.30141	0.	
1785	-0.73799	-0.33467	0.	
1786	-0.8081	-0.36793	0.	
1787	-0.87821	-0.40118	0.	
1788	-0.94833	-0.43444	0.	
1789	-1.0184	-0.4677	0.	
1790	-1.0885	-0.50096	0.	
1791	-1.1587	-0.53422	0.	
1792	-1.2288	-0.56748	0.	
1793	-1.2989	-0.60074	0.	
1794	-1.369	-0.634	0.	
1795	-1.4391	-0.66726	0.	
1796	-1.5092	-0.70052	0.	
1797	-1.5793	-0.73378	0.	
1798	-1.6494	-0.76704	0.	
1799	-1.7196	-0.8003	0.	
1800	-1.7897	-0.83356	0.	
1801	-1.8598	-0.86681	0.	
1802	-1.9299	-0.90007	0.	
1803	-0.53756	-0.20456	0.	
1804	-0.6072	-0.23291	0.	
1805	-0.67684	-0.26127	0.	
1806	-0.74648	-0.28962	0.	
1807	-0.81612	-0.31797	0.	
1808	-0.88576	-0.34633	0.	
1809	-0.9554	-0.37468	0.	
1810	-1.025	-0.40304	0.	
1811	-1.0947	-0.43139	0.	
1812	-1.1643	-0.45975	0.	
1813	-1.234	-0.4881	0.	
1814	-1.3036	-0.51646	0.	
1815	-1.3732	-0.54481	0.	
1816	-1.4429	-0.57316	0.	
1817	-1.5125	-0.60152	0.	
1818	-1.5822	-0.62987	0.	
1819	-1.6518	-0.65823	0.	
1820	-1.7214	-0.68658	0.	
1821	-1.7911	-0.71494	0.	
1822	-1.8607	-0.74329	0.	
1823	-1.9304	-0.77165	0.	
1824	-0.54614	-0.17368	0.	
1825	-0.61537	-0.19716	0.	
1826	-0.6846	-0.22063	0.	
1827	-0.75383	-0.24411	0.	
1828	-0.82306	-0.26759	0.	
1829	-0.89229	-0.29106	0.	
1830	-0.96153	-0.31454	0.	
1831	-1.0308	-0.33801	0.	
1832	-1.1	-0.36149	0.	
1833	-1.1692	-0.38496	0.	
1834	-1.2385	-0.40844	0.	
1835	-1.3077	-0.43191	0.	
1836	-1.3769	-0.45539	0.	
1837	-1.4461	-0.47886	0.	
1838	-1.5154	-0.50234	0.	
1839	-1.5846	-0.52581	0.	
1840	-1.6538	-0.54929	0.	
1841	-1.7231	-0.57277	0.	
1842	-1.7923	-0.59624	0.	
1843	-1.8615	-0.61972	0.	
1844	-1.9308	-0.64319	0.	
1845	-0.55333	-0.14238	0.	
1846	-0.62222	-0.16099	0.	
1847	-0.69111	-0.17961	0.	
1848	-0.76	-0.19823	0.	
1849	-0.82889	-0.21684	0.	
1850	-0.89778	-0.23546	0.	
1851	-0.96666	-0.25408	0.	
1852	-1.0356	-0.2727	0.	
1853	-1.1044	-0.29131	0.	
1854	-1.1733	-0.30993	0.	
1855	-1.2422	-0.32855	0.	
1856	-1.3111	-0.34716	0.	
1857	-1.38	-0.36578	0.	
1858	-1.4489	-0.3844	0.	
1859	-1.5178	-0.40301	0.	
1860	-1.5867	-0.42163	0.	
1861	-1.6556	-0.44025	0.	
1862	-1.7244	-0.45887	0.	
1863	-1.7933	-0.47748	0.	
1864	-1.8622	-0.4961	0.	
1865	-1.9311	-0.51472	0.	
1866	-0.55913	-0.11071	0.	
1867	-0.62774	-0.12449	0.	
1868	-0.69635	-0.13826	0.	
1869	-0.76497	-0.15204	0.	
1870	-0.83358	-0.16581	0.	
1871	-0.90219	-0.17959	0.	
1872	-0.9708	-0.19337	0.	
1873	-1.0394	-0.20714	0.	
1874	-1.108	-0.22092	0.	
1875	-1.1766	-0.23469	0.	
1876	-1.2453	-0.24847	0.	
1877	-1.3139	-0.26224	0.	
1878	-1.3825	-0.27602	0.	
1879	-1.4511	-0.2898	0.	
1880	-1.5197	-0.30357	0.	
1881	-1.5883	-0.31735	0.	
1882	-1.6569	-0.33112	0.	
1883	-1.7255	-0.3449	0.	
1884	-1.7942	-0.35867	0.	
1885	-1.8628	-0.37245	0.	
1886	-1.9314	-0.38622	0.	
1887	-0.56362	-7.7976e-002	0.	
1888	-0.63202	-8.6961e-002	0.	
1889	-0.70042	-9.5946e-002	0.	
1890	-0.76881	-0.10493	0.	
1891	-0.83721	-0.11392	0.	
1892	-0.90561	-0.1229	0.	
1893	-0.97401	-0.13189	0.	
1894	-1.0424	-0.14087	0.	
1895	-1.1108	-0.14986	0.	
1896	-1.1792	-0.15884	0.	
1897	-1.2476	-0.16783	0.	
1898	-1.316	-0.17681	0.	
1899	-1.3844	-0.1858	0.	
1900	-1.4528	-0.19478	0.	
1901	-1.5212	-0.20377	0.	
1902	-1.5896	-0.21275	0.	
1903	-1.658	-0.22174	0.	
1904	-1.7264	-0.23073	0.	
1905	-1.7948	-0.23971	0.	
1906	-1.8632	-0.2487	0.	
1907	-1.9316	-0.25768	0.	
1908	-0.56652	-4.5813e-002	0.	
1909	-0.63478	-4.9981e-002	0.	
1910	-0.70304	-5.4149e-002	0.	
1911	-0.77131	-5.8316e-002	0.	
1912	-0.83957	-6.2484e-002	0.	
1913	-0.90783	-6.6651e-002	0.	
1914	-0.97609	-7.0819e-002	0.	
1915	-1.0443	-7.4987e-002	0.	
1916	-1.1126	-7.9154e-002	0.	
1917	-1.1809	-8.3322e-002	0.	
1918	-1.2491	-8.7489e-002	0.	
1919	-1.3174	-9.1657e-002	0.	
1920	-1.3857	-9.5825e-002	0.	
1921	-1.4539	-9.9992e-002	0.	
1922	-1.5222	-0.10416	0.	
1923	-1.5904	-0.10833	0.	
1924	-1.6587	-0.1125	0.	
1925	-1.727	-0.11666	0.	
1926	-1.7952	-0.12083	0.	
1927	-1.8635	-0.125	0.	
1928	-1.9317	-0.12917	0.	
1929	-0.568	-1.3279e-002	0.	
1930	-0.63619	-1.2647e-002	0.	
1931	-0.70438	-1.2014e-002	0.	
1932	-0.77257	-1.1382e-002	0.	
1933	-0.84076	-1.075e-002	0.	
1934	-0.90895	-1.0117e-002	0.	
1935	-0.97714	-9.485e-003	0.	
1936	-1.0453	-8.8527e-003	0.	
1937	-1.1135	-8.2204e-003	0.	
1938	-1.1817	-7.588e-003	0.	
1939	-1.2499	-6.9557e-003	0.	
1940	-1.3181	-6.3234e-003	0.	
1941	-1.3863	-5.691e-003	0.	
1942	-1.4545	-5.0587e-003	0.	
1943	-1.5227	-4.4263e-003	0.	
1944	-1.5909	-3.794e-003	0.	
1945	-1.659	-3.1617e-003	0.	
1946	-1.7272	-2.5293e-003	0.	
1947	-1.7954	-1.897e-003	0.	
1948	-1.8636	-1.2647e-003	0.	
1949	-1.9318	-6.3234e-004	0.	
1950	-0.568	1.9273e-002	0.	
1951	-0.63619	2.4705e-002	0.	
1952	-0.70438	3.0136e-002	0.	
1953	-0.77257	3.5567e-002	0.	
1954	-0.84076	4.0999e-002	0.	
1955	-0.90895	4.643e-002	0.	
1956	-0.97714	5.1862e-002	0.	
1957	-1.0453	5.7293e-002	0.	
1958	-1.1135	6.2725e-002	0.	
1959	-1.1817	6.8156e-002	0.	
1960	-1.2499	7.3587e-002	0.	
1961	-1.3181	7.9019e-002	0.	
1962	-1.3863	8.445e-002	0.	
1963	-1.4545	8.9882e-002	0.	
1964	-1.5227	9.5313e-002	0.	
1965	-1.5909	0.10074	0.	
1966	-1.659	0.10618	0.	
1967	-1.7272	0.11161	0.	
1968	-1.7954	0.11704	0.	
1969	-1.8636	0.12247	0.	
1970	-1.9318	0.1279	0.	
1971	-0.5666	5.1004e-002	0.	
1972	-0.63485	6.1274e-002	0.	
1973	-0.70311	7.1543e-002	0.	
1974	-0.77137	8.1813e-002	0.	
1975	-0.83962	9.2083e-002	0.	
1976	-0.90788	0.10235	0.	
1977	-0.97614	0.11262	0.	
1978	-1.0444	0.12289	0.	
1979	-1.1127	0.13316	0.	
1980	-1.1809	0.14343	0.	
1981	-1.2492	0.1537	0.	
1982	-1.3174	0.16397	0.	
1983	-1.3857	0.17424	0.	
1984	-1.4539	0.18451	0.	
1985	-1.5222	0.19478	0.	
1986	-1.5905	0.20505	0.	
1987	-1.6587	0.21532	0.	
1988	-1.727	0.22559	0.	
1989	-1.7952	0.23586	0.	
1990	-1.8635	0.24613	0.	
1991	-1.9317	0.2564	0.	
1992	-0.56381	8.2634e-002	0.	
1993	-0.6322	9.7747e-002	0.	
1994	-0.70059	0.11286	0.	
1995	-0.76898	0.12797	0.	
1996	-0.83737	0.14308	0.	
1997	-0.90576	0.1582	0.	
1998	-0.97415	0.17331	0.	
1999	-1.0425	0.18842	0.	
2000	-1.1109	0.20354	0.	
2001	-1.1793	0.21865	0.	
2002	-1.2477	0.23376	0.	
2003	-1.3161	0.24887	0.	
2004	-1.3845	0.26399	0.	
2005	-1.4529	0.2791	0.	
2006	-1.5213	0.29421	0.	
2007	-1.5897	0.30932	0.	
2008	-1.658	0.32444	0.	
2009	-1.7264	0.33955	0.	
2010	-1.7948	0.35466	0.	
2011	-1.8632	0.36977	0.	
2012	-1.9316	0.38489	0.	
2013	-0.55965	0.11408	0.	
2014	-0.62824	0.13404	0.	
2015	-0.69683	0.15401	0.	
2016	-0.76542	0.17397	0.	
2017	-0.834	0.19394	0.	
2018	-0.90259	0.2139	0.	
2019	-0.97118	0.23386	0.	
2020	-1.0398	0.25383	0.	
2021	-1.1084	0.27379	0.	
2022	-1.1769	0.29376	0.	
2023	-1.2455	0.31372	0.	
2024	-1.3141	0.33369	0.	
2025	-1.3827	0.35365	0.	
2026	-1.4513	0.37362	0.	
2027	-1.5199	0.39358	0.	
2028	-1.5885	0.41355	0.	
2029	-1.6571	0.43351	0.	
2030	-1.7256	0.45347	0.	
2031	-1.7942	0.47344	0.	
2032	-1.8628	0.4934	0.	
2033	-1.9314	0.51337	0.	
2034	-0.55413	0.14526	0.	
2035	-0.62298	0.17009	0.	
2036	-0.69183	0.19492	0.	
2037	-0.76068	0.21975	0.	
2038	-0.82953	0.24457	0.	
2039	-0.89839	0.2694	0.	
2040	-0.96724	0.29423	0.	
2041	-1.0361	0.31906	0.	
2042	-1.1049	0.34389	0.	
2043	-1.1738	0.36872	0.	
2044	-1.2426	0.39355	0.	
2045	-1.3115	0.41838	0.	
2046	-1.3803	0.44321	0.	
2047	-1.4492	0.46804	0.	
2048	-1.518	0.49286	0.	
2049	-1.5869	0.51769	0.	
2050	-1.6557	0.54252	0.	
2051	-1.7246	0.56735	0.	
2052	-1.7934	0.59218	0.	
2053	-1.8623	0.61701	0.	
2054	-1.9311	0.64184	0.	
2055	-0.54727	0.17611	0.	
2056	-0.61644	0.20582	0.	
2057	-0.68562	0.23552	0.	
2058	-0.7548	0.26523	0.	
2059	-0.82398	0.29494	0.	
2060	-0.89315	0.32465	0.	
2061	-0.96233	0.35436	0.	
2062	-1.0315	0.38407	0.	
2063	-1.1007	0.41378	0.	
2064	-1.1699	0.44349	0.	
2065	-1.239	0.4732	0.	
2066	-1.3082	0.50291	0.	
2067	-1.3774	0.53262	0.	
2068	-1.4466	0.56233	0.	
2069	-1.5158	0.59204	0.	
2070	-1.5849	0.62174	0.	
2071	-1.6541	0.65145	0.	
2072	-1.7233	0.68116	0.	
2073	-1.7925	0.71087	0.	
2074	-1.8616	0.74058	0.	
2075	-1.9308	0.77029	0.	
2076	-0.53907	0.20655	0.	
2077	-0.60864	0.24116	0.	
2078	-0.67821	0.27577	0.	
2079	-0.74778	0.31038	0.	
2080	-0.81735	0.34498	0.	
2081	-0.88691	0.37959	0.	
2082	-0.95648	0.4142	0.	
2083	-1.026	0.44881	0.	
2084	-1.0956	0.48342	0.	
2085	-1.1652	0.51803	0.	
2086	-1.2348	0.55264	0.	
2087	-1.3043	0.58725	0.	
2088	-1.3739	0.62185	0.	
2089	-1.4435	0.65646	0.	
2090	-1.513	0.69107	0.	
2091	-1.5826	0.72568	0.	
2092	-1.6522	0.76029	0.	
2093	-1.7217	0.7949	0.	
2094	-1.7913	0.82951	0.	
2095	-1.8609	0.86412	0.	
2096	-1.9304	0.89872	0.	
2097	-0.52958	0.23651	0.	
2098	-0.5996	0.27605	0.	
2099	-0.66962	0.31558	0.	
2100	-0.73964	0.35511	0.	
2101	-0.80966	0.39464	0.	
2102	-0.87968	0.43417	0.	
2103	-0.9497	0.4737	0.	
2104	-1.0197	0.51323	0.	
2105	-1.0897	0.55276	0.	
2106	-1.1598	0.59229	0.	
2107	-1.2298	0.63182	0.	
2108	-1.2998	0.67136	0.	
2109	-1.3698	0.71089	0.	
2110	-1.4398	0.75042	0.	
2111	-1.5099	0.78995	0.	
2112	-1.5799	0.82948	0.	
2113	-1.6499	0.86901	0.	
2114	-1.7199	0.90854	0.	
2115	-1.7899	0.94807	0.	
2116	-1.86	0.9876	0.	
2117	-1.93	1.0271	0.	
2118	-0.51882	0.26593	0.	
2119	-0.58935	0.31041	0.	
2120	-0.65988	0.35489	0.	
2121	-0.73041	0.39937	0.	
2122	-0.80095	0.44385	0.	
2123	-0.87148	0.48833	0.	
2124	-0.94201	0.53281	0.	
2125	-1.0125	0.57729	0.	
2126	-1.0831	0.62177	0.	
2127	-1.1536	0.66625	0.	
2128	-1.2241	0.71073	0.	
2129	-1.2947	0.75521	0.	
2130	-1.3652	0.79969	0.	
2131	-1.4357	0.84417	0.	
2132	-1.5063	0.88864	0.	
2133	-1.5768	0.93312	0.	
2134	-1.6473	0.9776	0.	
2135	-1.7179	1.0221	0.	
2136	-1.7884	1.0666	0.	
2137	-1.8589	1.111	0.	
2138	-1.9295	1.1555	0.	
2139	-0.50681	0.29474	0.	
2140	-0.57791	0.3442	0.	
2141	-0.64902	0.39365	0.	
2142	-0.72012	0.44311	0.	
2143	-0.79122	0.49257	0.	
2144	-0.86233	0.54202	0.	
2145	-0.93343	0.59148	0.	
2146	-1.0045	0.64094	0.	
2147	-1.0756	0.69039	0.	
2148	-1.1467	0.73985	0.	
2149	-1.2179	0.78931	0.	
2150	-1.289	0.83876	0.	
2151	-1.3601	0.88822	0.	
2152	-1.4312	0.93768	0.	
2153	-1.5023	0.98714	0.	
2154	-1.5734	1.0366	0.	
2155	-1.6445	1.086	0.	
2156	-1.7156	1.1355	0.	
2157	-1.7867	1.185	0.	
2158	-1.8578	1.2344	0.	
2159	-1.9289	1.2839	0.	
2160	-0.49359	0.32286	0.	
2161	-0.56532	0.37733	0.	
2162	-0.63706	0.4318	0.	
2163	-0.70879	0.48626	0.	
2164	-0.78053	0.54073	0.	
2165	-0.85226	0.5952	0.	
2166	-0.92399	0.64966	0.	
2167	-0.99573	0.70413	0.	
2168	-1.0675	0.7586	0.	
2169	-1.1392	0.81306	0.	
2170	-1.2109	0.86753	0.	
2171	-1.2827	0.922	0.	
2172	-1.3544	0.97647	0.	
2173	-1.4261	1.0309	0.	
2174	-1.4979	1.0854	0.	
2175	-1.5696	1.1399	0.	
2176	-1.6413	1.1943	0.	
2177	-1.7131	1.2488	0.	
2178	-1.7848	1.3033	0.	
2179	-1.8565	1.3577	0.	
2180	-1.9283	1.4122	0.	
2181	-0.47923	0.35021	0.	
2182	-0.55164	0.40973	0.	
2183	-0.62406	0.46924	0.	
2184	-0.69648	0.52876	0.	
2185	-0.7689	0.58827	0.	
2186	-0.84132	0.64778	0.	
2187	-0.91373	0.7073	0.	
2188	-0.98615	0.76681	0.	
2189	-1.0586	0.82632	0.	
2190	-1.131	0.88584	0.	
2191	-1.2034	0.94535	0.	
2192	-1.2758	1.0049	0.	
2193	-1.3482	1.0644	0.	
2194	-1.4207	1.1239	0.	
2195	-1.4931	1.1834	0.	
2196	-1.5655	1.2429	0.	
2197	-1.6379	1.3024	0.	
2198	-1.7103	1.3619	0.	
2199	-1.7827	1.4215	0.	
2200	-1.8552	1.481	0.	
2201	-1.9276	1.5405	0.	
2202	-0.46424	0.37613	0.	
2203	-0.53737	0.44076	0.	
2204	-0.6105	0.50539	0.	
2205	-0.68363	0.57002	0.	
2206	-0.75676	0.63465	0.	
2207	-0.8299	0.69928	0.	
2208	-0.90303	0.76391	0.	
2209	-0.97616	0.82853	0.	
2210	-1.0493	0.89316	0.	
2211	-1.1224	0.95779	0.	
2212	-1.1956	1.0224	0.	
2213	-1.2687	1.087	0.	
2214	-1.3418	1.1517	0.	
2215	-1.4149	1.2163	0.	
2216	-1.4881	1.2809	0.	
2217	-1.5612	1.3456	0.	
2218	-1.6343	1.4102	0.	
2219	-1.7075	1.4748	0.	
2220	-1.7806	1.5394	0.	
2221	-1.8537	1.6041	0.	
2222	-1.9269	1.6687	0.	
2223	-0.44871	0.40071	0.	
2224	-0.52258	0.47051	0.	
2225	-0.59645	0.54032	0.	
2226	-0.67033	0.61013	0.	
2227	-0.7442	0.67994	0.	
2228	-0.81807	0.74974	0.	
2229	-0.89194	0.81955	0.	
2230	-0.96581	0.88936	0.	
2231	-1.0397	0.95917	0.	
2232	-1.1136	1.029	0.	
2233	-1.1874	1.0988	0.	
2234	-1.2613	1.1686	0.	
2235	-1.3352	1.2384	0.	
2236	-1.409	1.3082	0.	
2237	-1.4829	1.378	0.	
2238	-1.5568	1.4478	0.	
2239	-1.6306	1.5176	0.	
2240	-1.7045	1.5874	0.	
2241	-1.7784	1.6572	0.	
2242	-1.8523	1.7271	0.	
2243	-1.9261	1.7969	0.	
2244	-0.4327	0.42403	0.	
2245	-0.50733	0.49907	0.	
2246	-0.58197	0.57412	0.	
2247	-0.6566	0.64917	0.	
2248	-0.73123	0.72421	0.	
2249	-0.80587	0.79926	0.	
2250	-0.8805	0.87431	0.	
2251	-0.95513	0.94935	0.	
2252	-1.0298	1.0244	0.	
2253	-1.1044	1.0994	0.	
2254	-1.179	1.1745	0.	
2255	-1.2537	1.2495	0.	
2256	-1.3283	1.3246	0.	
2257	-1.4029	1.3996	0.	
2258	-1.4776	1.4747	0.	
2259	-1.5522	1.5497	0.	
2260	-1.6268	1.6248	0.	
2261	-1.7015	1.6998	0.	
2262	-1.7761	1.7749	0.	
2263	-1.8507	1.8499	0.	
2264	-1.9254	1.925	0.	
2265	-0.40978	0.44049	0.	
2266	-0.47916	0.51475	0.	
2267	-0.54853	0.58902	0.	
2268	-0.61791	0.66328	0.	
2269	-0.68728	0.73754	0.	
2270	-0.75666	0.8118	0.	
2271	-0.82603	0.88607	0.	
2272	-0.89541	0.96033	0.	
2273	-0.96478	1.0346	0.	
2274	-1.0342	1.1089	0.	
2275	-1.1035	1.1831	0.	
2276	-1.1729	1.2574	0.	
2277	-1.2423	1.3316	0.	
2278	-1.3117	1.4059	0.	
2279	-1.381	1.4802	0.	
2280	-1.4504	1.5544	0.	
2281	-1.5198	1.6287	0.	
2282	-1.5892	1.703	0.	
2283	-1.6585	1.7772	0.	
2284	-1.7279	1.8515	0.	
2285	-1.7973	1.9257	0.	
2286	-0.38609	0.45609	0.	
2287	-0.45024	0.52961	0.	
2288	-0.51439	0.60313	0.	
2289	-0.57855	0.67665	0.	
2290	-0.6427	0.75017	0.	
2291	-0.70686	0.82369	0.	
2292	-0.77101	0.89721	0.	
2293	-0.83517	0.97073	0.	
2294	-0.89932	1.0442	0.	
2295	-0.96348	1.1178	0.	
2296	-1.0276	1.1913	0.	
2297	-1.0918	1.2648	0.	
2298	-1.1559	1.3383	0.	
2299	-1.2201	1.4118	0.	
2300	-1.2843	1.4854	0.	
2301	-1.3484	1.5589	0.	
2302	-1.4126	1.6324	0.	
2303	-1.4767	1.7059	0.	
2304	-1.5409	1.7794	0.	
2305	-1.605	1.853	0.	
2306	-1.6692	1.9265	0.	
2307	-0.36107	0.47123	0.	
2308	-0.42007	0.54403	0.	
2309	-0.47906	0.61683	0.	
2310	-0.53806	0.68963	0.	
2311	-0.59706	0.76243	0.	
2312	-0.65605	0.83523	0.	
2313	-0.71505	0.90802	0.	
2314	-0.77405	0.98082	0.	
2315	-0.83304	1.0536	0.	
2316	-0.89204	1.1264	0.	
2317	-0.95104	1.1992	0.	
2318	-1.01	1.272	0.	
2319	-1.069	1.3448	0.	
2320	-1.128	1.4176	0.	
2321	-1.187	1.4904	0.	
2322	-1.246	1.5632	0.	
2323	-1.305	1.636	0.	
2324	-1.364	1.7088	0.	
2325	-1.423	1.7816	0.	
2326	-1.482	1.8544	0.	
2327	-1.541	1.9272	0.	
2328	-0.33468	0.48582	0.	
2329	-0.38859	0.55793	0.	
2330	-0.44249	0.63003	0.	
2331	-0.4964	0.70213	0.	
2332	-0.5503	0.77424	0.	
2333	-0.6042	0.84634	0.	
2334	-0.65811	0.91844	0.	
2335	-0.71201	0.99055	0.	
2336	-0.76592	1.0627	0.	
2337	-0.81982	1.1348	0.	
2338	-0.87372	1.2069	0.	
2339	-0.92763	1.279	0.	
2340	-0.98153	1.3511	0.	
2341	-1.0354	1.4232	0.	
2342	-1.0893	1.4953	0.	
2343	-1.1432	1.5674	0.	
2344	-1.1971	1.6395	0.	
2345	-1.2511	1.7116	0.	
2346	-1.305	1.7837	0.	
2347	-1.3589	1.8558	0.	
2348	-1.4128	1.9279	0.	
2349	-0.30756	0.49933	0.	
2350	-0.3564	0.57079	0.	
2351	-0.40525	0.64225	0.	
2352	-0.4541	0.71371	0.	
2353	-0.50294	0.78517	0.	
2354	-0.55179	0.85663	0.	
2355	-0.60064	0.92809	0.	
2356	-0.64948	0.99955	0.	
2357	-0.69833	1.071	0.	
2358	-0.74718	1.1425	0.	
2359	-0.79602	1.2139	0.	
2360	-0.84487	1.2854	0.	
2361	-0.89372	1.3569	0.	
2362	-0.94256	1.4283	0.	
2363	-0.99141	1.4998	0.	
2364	-1.0403	1.5712	0.	
2365	-1.0891	1.6427	0.	
2366	-1.1379	1.7142	0.	
2367	-1.1868	1.7856	0.	
2368	-1.2356	1.8571	0.	
2369	-1.2845	1.9285	0.	
2370	-0.27975	0.51171	0.	
2371	-0.32358	0.58258	0.	
2372	-0.3674	0.65345	0.	
2373	-0.41122	0.72432	0.	
2374	-0.45504	0.79519	0.	
2375	-0.49886	0.86606	0.	
2376	-0.54268	0.93693	0.	
2377	-0.5865	1.0078	0.	
2378	-0.63032	1.0787	0.	
2379	-0.67415	1.1495	0.	
2380	-0.71797	1.2204	0.	
2381	-0.76179	1.2913	0.	
2382	-0.80561	1.3622	0.	
2383	-0.84943	1.433	0.	
2384	-0.89325	1.5039	0.	
2385	-0.93707	1.5748	0.	
2386	-0.98089	1.6456	0.	
2387	-1.0247	1.7165	0.	
2388	-1.0685	1.7874	0.	
2389	-1.1124	1.8583	0.	
2390	-1.1562	1.9291	0.	
2391	-0.25133	0.52293	0.	
2392	-0.29016	0.59327	0.	
2393	-0.32898	0.6636	0.	
2394	-0.36781	0.73394	0.	
2395	-0.40663	0.80428	0.	
2396	-0.44546	0.87461	0.	
2397	-0.48428	0.94495	0.	
2398	-0.52311	1.0153	0.	
2399	-0.56193	1.0856	0.	
2400	-0.60076	1.156	0.	
2401	-0.63959	1.2263	0.	
2402	-0.67841	1.2966	0.	
2403	-0.71724	1.367	0.	
2404	-0.75606	1.4373	0.	
2405	-0.79489	1.5076	0.	
2406	-0.83371	1.578	0.	
2407	-0.87254	1.6483	0.	
2408	-0.91136	1.7187	0.	
2409	-0.95019	1.789	0.	
2410	-0.98902	1.8593	0.	
2411	-1.0278	1.9297	0.	
2412	-0.22235	0.53297	0.	
2413	-0.25621	0.60283	0.	
2414	-0.29006	0.67269	0.	
2415	-0.32392	0.74254	0.	
2416	-0.35778	0.8124	0.	
2417	-0.39163	0.88226	0.	
2418	-0.42549	0.95212	0.	
2419	-0.45934	1.022	0.	
2420	-0.4932	1.0918	0.	
2421	-0.52706	1.1617	0.	
2422	-0.56091	1.2316	0.	
2423	-0.59477	1.3014	0.	
2424	-0.62863	1.3713	0.	
2425	-0.66248	1.4411	0.	
2426	-0.69634	1.511	0.	
2427	-0.7302	1.5808	0.	
2428	-0.76405	1.6507	0.	
2429	-0.79791	1.7206	0.	
2430	-0.83176	1.7904	0.	
2431	-0.86562	1.8603	0.	
2432	-0.89948	1.9301	0.	
2433	-0.19287	0.54179	0.	
2434	-0.22178	0.61123	0.	
2435	-0.2507	0.68067	0.	
2436	-0.27961	0.75011	0.	
2437	-0.30852	0.81954	0.	
2438	-0.33743	0.88898	0.	
2439	-0.36634	0.95842	0.	
2440	-0.39525	1.0279	0.	
2441	-0.42416	1.0973	0.	
2442	-0.45307	1.1667	0.	
2443	-0.48198	1.2362	0.	
2444	-0.51089	1.3056	0.	
2445	-0.5398	1.3751	0.	
2446	-0.56871	1.4445	0.	
2447	-0.59762	1.5139	0.	
2448	-0.62654	1.5834	0.	
2449	-0.65545	1.6528	0.	
2450	-0.68436	1.7222	0.	
2451	-0.71327	1.7917	0.	
2452	-0.74218	1.8611	0.	
2453	-0.77109	1.9306	0.	
2454	-0.163	0.54936	0.	
2455	-0.18698	0.61844	0.	
2456	-0.21097	0.68752	0.	
2457	-0.23495	0.7566	0.	
2458	-0.25894	0.82568	0.	
2459	-0.28292	0.89475	0.	
2460	-0.3069	0.96383	0.	
2461	-0.33089	1.0329	0.	
2462	-0.35487	1.102	0.	
2463	-0.37886	1.1711	0.	
2464	-0.40284	1.2401	0.	
2465	-0.42682	1.3092	0.	
2466	-0.45081	1.3783	0.	
2467	-0.47479	1.4474	0.	
2468	-0.49878	1.5165	0.	
2469	-0.52276	1.5855	0.	
2470	-0.54675	1.6546	0.	
2471	-0.57073	1.7237	0.	
2472	-0.59471	1.7928	0.	
2473	-0.6187	1.8618	0.	
2474	-0.64268	1.9309	0.	
2475	-0.13206	0.55584	0.	
2476	-0.15117	0.62461	0.	
2477	-0.17028	0.69338	0.	
2478	-0.18939	0.76215	0.	
2479	-0.2085	0.83092	0.	
2480	-0.2276	0.89969	0.	
2481	-0.24671	0.96846	0.	
2482	-0.26582	1.0372	0.	
2483	-0.28493	1.106	0.	
2484	-0.30404	1.1748	0.	
2485	-0.32314	1.2435	0.	
2486	-0.34225	1.3123	0.	
2487	-0.36136	1.3811	0.	
2488	-0.38047	1.4498	0.	
2489	-0.39958	1.5186	0.	
2490	-0.41869	1.5874	0.	
2491	-0.43779	1.6562	0.	
2492	-0.4569	1.7249	0.	
2493	-0.47601	1.7937	0.	
2494	-0.49512	1.8625	0.	
2495	-0.51423	1.9312	0.	
2496	-0.10001	0.56111	0.	
2497	-0.1143	0.62963	0.	
2498	-0.12858	0.69815	0.	
2499	-0.14287	0.76667	0.	
2500	-0.15715	0.83519	0.	
2501	-0.17144	0.90371	0.	
2502	-0.18572	0.97222	0.	
2503	-0.20001	1.0407	0.	
2504	-0.21429	1.1093	0.	
2505	-0.22858	1.1778	0.	
2506	-0.24286	1.2463	0.	
2507	-0.25715	1.3148	0.	
2508	-0.27143	1.3833	0.	
2509	-0.28572	1.4519	0.	
2510	-0.3	1.5204	0.	
2511	-0.31429	1.5889	0.	
2512	-0.32857	1.6574	0.	
2513	-0.34286	1.7259	0.	
2514	-0.35714	1.7944	0.	
2515	-0.37143	1.863	0.	
2516	-0.38571	1.9315	0.	
2517	-6.7662e-002	0.56494	0.	
2518	-7.7138e-002	0.63328	0.	
2519	-8.6615e-002	0.70161	0.	
2520	-9.6091e-002	0.76995	0.	
2521	-0.10557	0.83828	0.	
2522	-0.11504	0.90662	0.	
2523	-0.12452	0.97496	0.	
2524	-0.134	1.0433	0.	
2525	-0.14347	1.1116	0.	
2526	-0.15295	1.18	0.	
2527	-0.16243	1.2483	0.	
2528	-0.1719	1.3166	0.	
2529	-0.18138	1.385	0.	
2530	-0.19086	1.4533	0.	
2531	-0.20033	1.5216	0.	
2532	-0.20981	1.59	0.	
2533	-0.21928	1.6583	0.	
2534	-0.22876	1.7267	0.	
2535	-0.23824	1.795	0.	
2536	-0.24771	1.8633	0.	
2537	-0.25719	1.9317	0.	
2538	-3.5139e-002	0.5673	0.	
2539	-3.9815e-002	0.63552	0.	
2540	-4.4491e-002	0.70374	0.	
2541	-4.9167e-002	0.77197	0.	
2542	-5.3843e-002	0.84019	0.	
2543	-5.8519e-002	0.90842	0.	
2544	-6.3195e-002	0.97664	0.	
2545	-6.787e-002	1.0449	0.	
2546	-7.2546e-002	1.1131	0.	
2547	-7.7222e-002	1.1813	0.	
2548	-8.1898e-002	1.2495	0.	
2549	-8.6574e-002	1.3178	0.	
2550	-9.125e-002	1.386	0.	
2551	-9.5926e-002	1.4542	0.	
2552	-0.1006	1.5224	0.	
2553	-0.10528	1.5907	0.	
2554	-0.10995	1.6589	0.	
2555	-0.11463	1.7271	0.	
2556	-0.11931	1.7953	0.	
2557	-0.12398	1.8636	0.	
2558	-0.12866	1.9318	0.	
2559	-3.3498e-003	0.56817	0.	
2560	-3.1903e-003	0.63635	0.	
2561	-3.0308e-003	0.70453	0.	
2562	-2.8713e-003	0.77272	0.	
2563	-2.7117e-003	0.8409	0.	
2564	-2.5522e-003	0.90908	0.	
2565	-2.3927e-003	0.97726	0.	
2566	-2.2332e-003	1.0454	0.	
2567	-2.0737e-003	1.1136	0.	
2568	-1.9142e-003	1.1818	0.	
2569	-1.7547e-003	1.25	0.	
2570	-1.5951e-003	1.3182	0.	
2571	-1.4356e-003	1.3864	0.	
2572	-1.2761e-003	1.4545	0.	
2573	-1.1166e-003	1.5227	0.	
2574	-9.5709e-004	1.5909	0.	
2575	-7.9757e-004	1.6591	0.	
2576	-6.3806e-004	1.7273	0.	
2577	-4.7854e-004	1.7955	0.	
2578	-3.1903e-004	1.8636	0.	
2579	-1.5951e-004	1.9318	0.	
2580	2.9245e-002	0.56762	0.	
2581	3.4201e-002	0.63583	0.	
2582	3.9158e-002	0.70404	0.	
2583	4.4114e-002	0.77224	0.	
2584	4.9071e-002	0.84045	0.	
2585	5.4028e-002	0.90866	0.	
2586	5.8984e-002	0.97687	0.	
2587	6.3941e-002	1.0451	0.	
2588	6.8897e-002	1.1133	0.	
2589	7.3854e-002	1.1815	0.	
2590	7.8811e-002	1.2497	0.	
2591	8.3767e-002	1.3179	0.	
2592	8.8724e-002	1.3861	0.	
2593	9.3681e-002	1.4543	0.	
2594	9.8637e-002	1.5225	0.	
2595	0.10359	1.5907	0.	
2596	0.10855	1.659	0.	
2597	0.11351	1.7272	0.	
2598	0.11846	1.7954	0.	
2599	0.12342	1.8636	0.	
2600	0.12838	1.9318	0.	
2601	6.1731e-002	0.5656	0.	
2602	7.149e-002	0.6339	0.	
2603	8.1249e-002	0.70221	0.	
2604	9.1008e-002	0.77051	0.	
2605	0.10077	0.83882	0.	
2606	0.11053	0.90712	0.	
2607	0.12028	0.97543	0.	
2608	0.13004	1.0437	0.	
2609	0.1398	1.112	0.	
2610	0.14956	1.1803	0.	
2611	0.15932	1.2486	0.	
2612	0.16908	1.317	0.	
2613	0.17884	1.3853	0.	
2614	0.1886	1.4536	0.	
2615	0.19835	1.5219	0.	
2616	0.20811	1.5902	0.	
2617	0.21787	1.6585	0.	
2618	0.22763	1.7268	0.	
2619	0.23739	1.7951	0.	
2620	0.24715	1.8634	0.	
2621	0.25691	1.9317	0.	
2622	9.4043e-002	0.56211	0.	
2623	0.10861	0.63059	0.	
2624	0.12318	0.69906	0.	
2625	0.13775	0.76753	0.	
2626	0.15232	0.836	0.	
2627	0.16689	0.90447	0.	
2628	0.18146	0.97294	0.	
2629	0.19603	1.0414	0.	
2630	0.2106	1.1099	0.	
2631	0.22517	1.1784	0.	
2632	0.23974	1.2468	0.	
2633	0.25431	1.3153	0.	
2634	0.26888	1.3838	0.	
2635	0.28344	1.4522	0.	
2636	0.29801	1.5207	0.	
2637	0.31258	1.5892	0.	
2638	0.32715	1.6576	0.	
2639	0.34172	1.7261	0.	
2640	0.35629	1.7946	0.	
2641	0.37086	1.8631	0.	
2642	0.38543	1.9315	0.	
2643	0.12537	0.55735	0.	
2644	0.14479	0.62604	0.	
2645	0.16422	0.69474	0.	
2646	0.18365	0.76344	0.	
2647	0.20308	0.83214	0.	
2648	0.2225	0.90083	0.	
2649	0.24193	0.96953	0.	
2650	0.26136	1.0382	0.	
2651	0.28078	1.1069	0.	
2652	0.30021	1.1756	0.	
2653	0.31964	1.2443	0.	
2654	0.33906	1.313	0.	
2655	0.35849	1.3817	0.	
2656	0.37792	1.4504	0.	
2657	0.39734	1.5191	0.	
2658	0.41677	1.5878	0.	
2659	0.4362	1.6565	0.	
2660	0.45563	1.7252	0.	
2661	0.47505	1.7939	0.	
2662	0.49448	1.8626	0.	
2663	0.51391	1.9313	0.	
2664	0.15641	0.55122	0.	
2665	0.18071	0.62021	0.	
2666	0.20501	0.6892	0.	
2667	0.2293	0.75819	0.	
2668	0.2536	0.82718	0.	
2669	0.2779	0.89617	0.	
2670	0.3022	0.96516	0.	
2671	0.3265	1.0341	0.	
2672	0.35079	1.1031	0.	
2673	0.37509	1.1721	0.	
2674	0.39939	1.2411	0.	
2675	0.42369	1.3101	0.	
2676	0.44798	1.3791	0.	
2677	0.47228	1.4481	0.	
2678	0.49658	1.5171	0.	
2679	0.52088	1.5861	0.	
2680	0.54518	1.6551	0.	
2681	0.56947	1.724	0.	
2682	0.59377	1.793	0.	
2683	0.61807	1.862	0.	
2684	0.64237	1.931	0.	
2685	0.18708	0.54376	0.	
2686	0.21627	0.6131	0.	
2687	0.24546	0.68245	0.	
2688	0.27464	0.75179	0.	
2689	0.30383	0.82114	0.	
2690	0.33302	0.89048	0.	
2691	0.3622	0.95983	0.	
2692	0.39139	1.0292	0.	
2693	0.42058	1.0985	0.	
2694	0.44976	1.1679	0.	
2695	0.47895	1.2372	0.	
2696	0.50814	1.3066	0.	
2697	0.53732	1.3759	0.	
2698	0.56651	1.4452	0.	
2699	0.59569	1.5146	0.	
2700	0.62488	1.5839	0.	
2701	0.65407	1.6533	0.	
2702	0.68325	1.7226	0.	
2703	0.71244	1.792	0.	
2704	0.74163	1.8613	0.	
2705	0.77081	1.9307	0.	
2706	0.21732	0.53498	0.	
2707	0.25142	0.60474	0.	
2708	0.28551	0.67451	0.	
2709	0.31961	0.74427	0.	
2710	0.35371	0.81403	0.	
2711	0.3878	0.88379	0.	
2712	0.4219	0.95356	0.	
2713	0.45599	1.0233	0.	
2714	0.49009	1.0931	0.	
2715	0.52418	1.1628	0.	
2716	0.55828	1.2326	0.	
2717	0.59238	1.3024	0.	
2718	0.62647	1.3721	0.	
2719	0.66057	1.4419	0.	
2720	0.69466	1.5117	0.	
2721	0.72876	1.5814	0.	
2722	0.76285	1.6512	0.	
2723	0.79695	1.7209	0.	
2724	0.83105	1.7907	0.	
2725	0.86514	1.8605	0.	
2726	0.89924	1.9302	0.	
2727	0.24705	0.52491	0.	
2728	0.28608	0.59516	0.	
2729	0.32511	0.6654	0.	
2730	0.36414	0.73564	0.	
2731	0.40317	0.80588	0.	
2732	0.4422	0.87612	0.	
2733	0.48123	0.94637	0.	
2734	0.52026	1.0166	0.	
2735	0.55929	1.0869	0.	
2736	0.59832	1.1571	0.	
2737	0.63735	1.2273	0.	
2738	0.67637	1.2976	0.	
2739	0.7154	1.3678	0.	
2740	0.75443	1.4381	0.	
2741	0.79346	1.5083	0.	
2742	0.83249	1.5785	0.	
2743	0.87152	1.6488	0.	
2744	0.91055	1.719	0.	
2745	0.94958	1.7893	0.	
2746	0.98861	1.8595	0.	
2747	1.0276	1.9298	0.	
2748	0.27621	0.51359	0.	
2749	0.3202	0.58437	0.	
2750	0.36419	0.65515	0.	
2751	0.40818	0.72593	0.	
2752	0.45217	0.79671	0.	
2753	0.49616	0.86749	0.	
2754	0.54015	0.93828	0.	
2755	0.58414	1.0091	0.	
2756	0.62813	1.0798	0.	
2757	0.67212	1.1506	0.	
2758	0.71611	1.2214	0.	
2759	0.7601	1.2922	0.	
2760	0.80409	1.363	0.	
2761	0.84808	1.4337	0.	
2762	0.89207	1.5045	0.	
2763	0.93606	1.5753	0.	
2764	0.98005	1.6461	0.	
2765	1.024	1.7169	0.	
2766	1.068	1.7877	0.	
2767	1.112	1.8584	0.	
2768	1.156	1.9292	0.	
2769	0.30472	0.50103	0.	
2770	0.3537	0.57241	0.	
2771	0.40268	0.64379	0.	
2772	0.45166	0.71517	0.	
2773	0.50064	0.78655	0.	
2774	0.54962	0.85793	0.	
2775	0.59861	0.92931	0.	
2776	0.64759	1.0007	0.	
2777	0.69657	1.0721	0.	
2778	0.74555	1.1434	0.	
2779	0.79453	1.2148	0.	
2780	0.84352	1.2862	0.	
2781	0.8925	1.3576	0.	
2782	0.94148	1.429	0.	
2783	0.99046	1.5003	0.	
2784	1.0394	1.5717	0.	
2785	1.0884	1.6431	0.	
2786	1.1374	1.7145	0.	
2787	1.1864	1.7859	0.	
2788	1.2354	1.8572	0.	
2789	1.2844	1.9286	0.	
2790	0.33249	0.4873	0.	
2791	0.3865	0.55933	0.	
2792	0.44051	0.63137	0.	
2793	0.49452	0.7034	0.	
2794	0.54853	0.77543	0.	
2795	0.60254	0.84747	0.	
2796	0.65654	0.9195	0.	
2797	0.71055	0.99153	0.	
2798	0.76456	1.0636	0.	
2799	0.81857	1.1356	0.	
2800	0.87258	1.2076	0.	
2801	0.92658	1.2797	0.	
2802	0.98059	1.3517	0.	
2803	1.0346	1.4237	0.	
2804	1.0886	1.4958	0.	
2805	1.1426	1.5678	0.	
2806	1.1966	1.6398	0.	
2807	1.2506	1.7119	0.	
2808	1.3046	1.7839	0.	
2809	1.3587	1.8559	0.	
2810	1.4127	1.928	0.	
2811	0.35887	0.47289	0.	
2812	0.41797	0.54561	0.	
2813	0.47707	0.61833	0.	
2814	0.53617	0.69105	0.	
2815	0.59528	0.76377	0.	
2816	0.65438	0.83649	0.	
2817	0.71348	0.90921	0.	
2818	0.77258	0.98193	0.	
2819	0.83168	1.0546	0.	
2820	0.89078	1.1274	0.	
2821	0.94988	1.2001	0.	
2822	1.009	1.2728	0.	
2823	1.0681	1.3455	0.	
2824	1.1272	1.4182	0.	
2825	1.1863	1.491	0.	
2826	1.2454	1.5637	0.	
2827	1.3045	1.6364	0.	
2828	1.3636	1.7091	0.	
2829	1.4227	1.7818	0.	
2830	1.4818	1.8546	0.	
2831	1.5409	1.9273	0.	
2832	0.3839	0.45792	0.	
2833	0.44816	0.53135	0.	
2834	0.51242	0.60478	0.	
2835	0.57668	0.67822	0.	
2836	0.64094	0.75165	0.	
2837	0.70519	0.82508	0.	
2838	0.76945	0.89851	0.	
2839	0.83371	0.97195	0.	
2840	0.89797	1.0454	0.	
2841	0.96223	1.1188	0.	
2842	1.0265	1.1922	0.	
2843	1.0907	1.2657	0.	
2844	1.155	1.3391	0.	
2845	1.2193	1.4125	0.	
2846	1.2835	1.486	0.	
2847	1.3478	1.5594	0.	
2848	1.412	1.6328	0.	
2849	1.4763	1.7063	0.	
2850	1.5406	1.7797	0.	
2851	1.6048	1.8531	0.	
2852	1.6691	1.9266	0.	
2853	0.40817	0.44198	0.	
2854	0.47762	0.51617	0.	
2855	0.54708	0.59036	0.	
2856	0.61653	0.66455	0.	
2857	0.68598	0.73875	0.	
2858	0.75543	0.81294	0.	
2859	0.82489	0.88713	0.	
2860	0.89434	0.96132	0.	
2861	0.96379	1.0355	0.	
2862	1.0332	1.1097	0.	
2863	1.1027	1.1839	0.	
2864	1.1721	1.2581	0.	
2865	1.2416	1.3323	0.	
2866	1.311	1.4065	0.	
2867	1.3805	1.4807	0.	
2868	1.45	1.5549	0.	
2869	1.5194	1.629	0.	
2870	1.5889	1.7032	0.	
2871	1.6583	1.7774	0.	
2872	1.7278	1.8516	0.	
2873	1.7972	1.9258	0.	
2874	0.49861	3.7322e-002	0.	
2875	0.49577	6.4899e-002	0.	
2876	0.49145	9.2079e-002	0.	
2877	0.48563	0.11901	0.	
2878	0.47834	0.14557	0.	
2879	0.4696	0.17169	0.	
2880	0.45943	0.1973	0.	
2881	0.44787	0.2223	0.	
2882	0.43494	0.24663	0.	
2883	0.42135	0.26918	0.	
2884	0.4066	0.291	0.	
2885	0.39071	0.312	0.	
2886	0.37375	0.33213	0.	
2887	0.35629	0.35079	0.	
2888	0.33872	0.36779	0.	
2889	0.31964	0.38449	0.	
2890	0.29977	0.40017	0.	
2891	0.27849	0.41527	0.	
2892	0.25573	0.42965	0.	
2893	0.23222	0.4428	0.	
2894	0.20802	0.45467	0.	
2895	0.18323	0.46522	0.	
2896	0.1579	0.47441	0.	
2897	0.13211	0.48223	0.	
2898	0.10594	0.48865	0.	
2899	7.9473e-002	0.49364	0.	
2900	5.1973e-002	0.49729	0.	
2901	2.4288e-002	0.49941	0.	
2902	-3.5093e-003	0.49999	0.	
2903	-3.0463e-002	0.49907	0.	
2904	-5.8185e-002	0.4966	0.	
2905	-8.5728e-002	0.4926	0.	
2906	-0.11296	0.48707	0.	
2907	-0.13901	0.48029	0.	
2908	-0.16396	0.47235	0.	
2909	-0.18849	0.46311	0.	
2910	-0.21251	0.45259	0.	
2911	-0.23593	0.44084	0.	
2912	-0.25871	0.42786	0.	
2913	-0.28078	0.41372	0.	
2914	-0.30208	0.39844	0.	
2915	-0.32193	0.38257	0.	
2916	-0.34041	0.36623	0.	
2917	-0.35807	0.34898	0.	
2918	-0.37484	0.3309	0.	
2919	-0.39111	0.31151	0.	
2920	-0.40681	0.2907	0.	
2921	-0.42186	0.2684	0.	
2922	-0.4357	0.24528	0.	
2923	-0.44828	0.22145	0.	
2924	-0.45956	0.19698	0.	
2925	-0.46951	0.17194	0.	
2926	-0.47809	0.1464	0.	
2927	-0.48528	0.12043	0.	
2928	-0.49106	9.4112e-002	0.	
2929	-0.49542	6.7521e-002	0.	
2930	-0.49834	4.0735e-002	0.	
2931	-0.49981	1.3842e-002	0.	
2932	-0.49981	-1.3911e-002	0.	
2933	-0.49826	-4.1646e-002	0.	
2934	-0.49522	-6.899e-002	0.	
2935	-0.49051	-9.6937e-002	0.	
2936	-0.48444	-0.12376	0.	
2937	-0.4769	-0.15021	0.	
2938	-0.46792	-0.1762	0.	
2939	-0.45754	-0.20163	0.	
2940	-0.44579	-0.22643	0.	
2941	-0.43348	-0.24919	0.	
2942	-0.41999	-0.2713	0.	
2943	-0.40538	-0.29269	0.	
2944	-0.38968	-0.31329	0.	
2945	-0.37294	-0.33305	0.	
2946	-0.35519	-0.35191	0.	
2947	-0.33649	-0.36983	0.	
2948	-0.31749	-0.38626	0.	
2949	-0.29746	-0.40189	0.	
2950	-0.276	-0.41692	0.	
2951	-0.25376	-0.43082	0.	
2952	-0.23083	-0.44353	0.	
2953	-0.20725	-0.45502	0.	
2954	-0.18311	-0.46526	0.	
2955	-0.15847	-0.47422	0.	
2956	-0.13338	-0.48188	0.	
2957	-0.10794	-0.48821	0.	
2958	-8.2191e-002	-0.4932	0.	
2959	-5.6219e-002	-0.49683	0.	
2960	-3.0093e-002	-0.49909	0.	
2961	-3.8838e-003	-0.49998	0.	
2962	2.2338e-002	-0.4995	0.	
2963	4.9233e-002	-0.49757	0.	
2964	7.6988e-002	-0.49404	0.	
2965	0.10456	-0.48894	0.	
2966	0.13181	-0.48231	0.	
2967	0.15864	-0.47417	0.	
2968	0.1842	-0.46483	0.	
2969	0.20922	-0.45412	0.	
2970	0.23361	-0.44207	0.	
2971	0.25732	-0.4287	0.	
2972	0.28026	-0.41407	0.	
2973	0.30237	-0.39821	0.	
2974	0.32298	-0.38169	0.	
2975	0.34269	-0.36409	0.	
2976	0.36069	-0.34627	0.	
2977	0.37709	-0.32834	0.	
2978	0.39233	-0.30996	0.	
2979	0.40593	-0.29193	0.	
2980	0.41835	-0.27383	0.	
2981	0.42982	-0.25544	0.	
2982	0.44047	-0.23661	0.	
2983	0.4503	-0.21733	0.	
2984	0.45928	-0.19764	0.	
2985	0.46775	-0.17665	0.	
2986	0.47527	-0.1553	0.	
2987	0.48181	-0.13363	0.	
2988	0.48736	-0.1117	0.	
2989	0.49205	-8.8825e-002	0.	
2990	0.49571	-6.539e-002	0.	
2991	0.49831	-4.1112e-002	0.	
2992	0.4999	9.9222e-003	0.	
2993	0.49975	-1.5845e-002	0.	
2994	1.8667	2.	0.	
2995	1.7333	2.	0.	
2996	1.6	2.	0.	
2997	1.4667	2.	0.	
2998	1.3333	2.	0.	
2999	1.2	2.	0.	
3000	1.0667	2.	0.	
3001	0.93333	2.	0.	
3002	0.8	2.	0.	
3003	0.66667	2.	0.	
3004	0.53333	2.	0.	
3005	0.4	2.	0.	
3006	0.26667	2.	0.	
3007	0.13333	2.	0.	
3008	-2.2204e-016	2.	0.	
3009	-0.13333	2.	0.	
3010	-0.26667	2.	0.	
3011	-0.4	2.	0.	
3012	-0.53333	2.	0.	
3013	-0.66667	2.	0.	
3014	-0.8	2.	0.	
3015	-0.93333	2.	0.	
3016	-1.0667	2.	0.	
3017	-1.2	2.	0.	
3018	-1.3333	2.	0.	
3019	-1.4667	2.	0.	
3020	-1.6	2.	0.	
3021	-1.7333	2.	0.	
3022	-1.8667	2.	0.	
3023	-2.	-1.8667	0.	
3024	-2.	-1.7333	0.	
3025	-2.	-1.6	0.	
3026	-2.	-1.4667	0.	
3027	-2.	-1.3333	0.	
3028	-2.	-1.2	0.	
3029	-2.	-1.0667	0.	
3030	-2.	-0.93333	0.	
3031	-2.	-0.8	0.	
3032	-2.	-0.66667	0.	
3033	-2.	-0.53333	0.	
3034	-2.	-0.4	0.	
3035	-2.	-0.26667	0.	
3036	-2.	-0.13333	0.	
3037	-2.	2.2204e-016	0.	
3038	-2.	0.13333	0.	
3039	-2.	0.26667	0.	
3040	-2.	0.4	0.	
3041	-2.	0.53333	0.	
3042	-2.	0.66667	0.	
3043	-2.	0.8	0.	
3044	-2.	0.93333	0.	
3045	-2.	1.0667	0.	
3046	-2.	1.2	0.	
3047	-2.	1.3333	0.	
3048	-2.	1.4667	0.	
3049	-2.	1.6	0.	
3050	-2.	1.7333	0.	
3051	-2.	1.8667	0.	
3052	2.	-1.8667	0.	
3053	2.	-1.7333	0.	
3054	2.	-1.6	0.	
3055	2.	-1.4667	0.	
3056	2.	-1.3333	0.	
3057	2.	-1.2	0.	
3058	2.	-1.0667	0.	
3059	2.	-0.93333	0.	
3060	2.	-0.8	0.	
3061	2.	-0.66667	0.	
3062	2.	-0.53333	0.	
3063	2.	-0.4	0.	
3064	2.	-0.26667	0.	
3065	2.	-0.13333	0.	
3066	2.	2.2204e-016	0.	
3067	2.	0.13333	0.	
3068	2.	0.26667	0.	
3069	2.	0.4	0.	
3070	2.	0.53333	0.	
3071	2.	0.66667	0.	
3072	2.	0.8	0.	
3073	2.	0.93333	0.	
3074	2.	1.0667	0.	
3075	2.	1.2	0.	
3076	2.	1.3333	0.	
3077	2.	1.4667	0.	
3078	2.	1.6	0.	
3079	2.	1.7333	0.	
3080	2.	1.8667	0.	
3081	-9.7333	-4.7	0.	
3082	-9.7333	-4.4	0.	
3083	-9.7333	-4.1	0.	
3084	-9.7333	-3.8	0.	
3085	-9.7333	-3.5	0.	
3086	-9.7333	-3.2	0.	
3087	-9.7333	-2.9	0.	
3088	-9.7333	-2.6	0.	
3089	-9.7333	-2.3	0.	
3090	-9.4667	-4.7	0.	
3091	-9.4667	-4.4	0.	
3092	-9.4667	-4.1	0.	
3093	-9.4667	-3.8	0.	
3094	-9.4667	-3.5	0.	
3095	-9.4667	-3.2	0.	
3096	-9.4667	-2.9	0.	
3097	-9.4667	-2.6	0.	
3098	-9.4667	-2.3	0.	
3099	-9.2	-4.7	0.	
3100	-9.2	-4.4	0.	
3101	-9.2	-4.1	0.	
3102	-9.2	-3.8	0.	
3103	-9.2	-3.5	0.	
3104	-9.2	-3.2	0.	
3105	-9.2	-2.9	0.	
3106	-9.2	-2.6	0.	
3107	-9.2	-2.3	0.	
3108	-8.9333	-4.7	0.	
3109	-8.9333	-4.4	0.	
3110	-8.9333	-4.1	0.	
3111	-8.9333	-3.8	0.	
3112	-8.9333	-3.5	0.	
3113	-8.9333	-3.2	0.	
3114	-8.9333	-2.9	0.	
3115	-8.9333	-2.6	0.	
3116	-8.9333	-2.3	0.	
3117	-8.6667	-4.7	0.	
3118	-8.6667	-4.4	0.	
3119	-8.6667	-4.1	0.	
3120	-8.6667	-3.8	0.	
3121	-8.6667	-3.5	0.	
3122	-8.6667	-3.2	0.	
3123	-8.6667	-2.9	0.	
3124	-8.6667	-2.6	0.	
3125	-8.6667	-2.3	0.	
3126	-8.4	-4.7	0.	
3127	-8.4	-4.4	0.	
3128	-8.4	-4.1	0.	
3129	-8.4	-3.8	0.	
3130	-8.4	-3.5	0.	
3131	-8.4	-3.2	0.	
3132	-8.4	-2.9	0.	
3133	-8.4	-2.6	0.	
3134	-8.4	-2.3	0.	
3135	-8.1333	-4.7	0.	
3136	-8.1333	-4.4	0.	
3137	-8.1333	-4.1	0.	
3138	-8.1333	-3.8	0.	
3139	-8.1333	-3.5	0.	
3140	-8.1333	-3.2	0.	
3141	-8.1333	-2.9	0.	
3142	-8.1333	-2.6	0.	
3143	-8.1333	-2.3	0.	
3144	-7.8667	-4.7	0.	
3145	-7.8667	-4.4	0.	
3146	-7.8667	-4.1	0.	
3147	-7.8667	-3.8	0.	
3148	-7.8667	-3.5	0.	
3149	-7.8667	-3.2	0.	
3150	-7.8667	-2.9	0.	
3151	-7.8667	-2.6	0.	
3152	-7.8667	-2.3	0.	
3153	-7.6	-4.7	0.	
3154	-7.6	-4.4	0.	
3155	-7.6	-4.1	0.	
3156	-7.6	-3.8	0.	
3157	-7.6	-3.5	0.	
3158	-7.6	-3.2	0.	
3159	-7.6	-2.9	0.	
3160	-7.6	-2.6	0.	
3161	-7.6	-2.3	0.	
3162	-7.3333	-4.7	0.	
3163	-7.3333	-4.4	0.	
3164	-7.3333	-4.1	0.	
3165	-7.3333	-3.8	0.	
3166	-7.3333	-3.5	0.	
3167	-7.3333	-3.2	0.	
3168	-7.3333	-2.9	0.	
3169	-7.3333	-2.6	0.	
3170	-7.3333	-2.3	0.	
3171	-7.0667	-4.7	0.	
3172	-7.0667	-4.4	0.	
3173	-7.0667	-4.1	0.	
3174	-7.0667	-3.8	0.	
3175	-7.0667	-3.5	0.	
3176	-7.0667	-3.2	0.	
3177	-7.0667	-2.9	0.	
3178	-7.0667	-2.6	0.	
3179	-7.0667	-2.3	0.	
3180	-6.8	-4.7	0.	
3181	-6.8	-4.4	0.	
3182	-6.8	-4.1	0.	
3183	-6.8	-3.8	0.	
3184	-6.8	-3.5	0.	
3185	-6.8	-3.2	0.	
3186	-6.8	-2.9	0.	
3187	-6.8	-2.6	0.	
3188	-6.8	-2.3	0.	
3189	-6.5333	-4.7	0.	
3190	-6.5333	-4.4	0.	
3191	-6.5333	-4.1	0.	
3192	-6.5333	-3.8	0.	
3193	-6.5333	-3.5	0.	
3194	-6.5333	-3.2	0.	
3195	-6.5333	-2.9	0.	
3196	-6.5333	-2.6	0.	
3197	-6.5333	-2.3	0.	
3198	-6.2667	-4.7	0.	
3199	-6.2667	-4.4	0.	
3200	-6.2667	-4.1	0.	
3201	-6.2667	-3.8	0.	
3202	-6.2667	-3.5	0.	
3203	-6.2667	-3.2	0.	
3204	-6.2667	-2.9	0.	
3205	-6.2667	-2.6	0.	
3206	-6.2667	-2.3	0.	
3207	-6.	-4.7	0.	
3208	-6.	-4.4	0.	
3209	-6.	-4.1	0.	
3210	-6.	-3.8	0.	
3211	-6.	-3.5	0.	
3212	-6.	-3.2	0.	
3213	-6.	-2.9	0.	
3214	-6.	-2.6	0.	
3215	-6.	-2.3	0.	
3216	-5.7333	-4.7	0.	
3217	-5.7333	-4.4	0.	
3218	-5.7333	-4.1	0.	
3219	-5.7333	-3.8	0.	
3220	-5.7333	-3.5	0.	
3221	-5.7333	-3.2	0.	
3222	-5.7333	-2.9	0.	
3223	-5.7333	-2.6	0.	
3224	-5.7333	-2.3	0.	
3225	-5.4667	-4.7	0.	
3226	-5.4667	-4.4	0.	
3227	-5.4667	-4.1	0.	
3228	-5.4667	-3.8	0.	
3229	-5.4667	-3.5	0.	
3230	-5.4667	-3.2	0.	
3231	-5.4667	-2.9	0.	
3232	-5.4667	-2.6	0.	
3233	-5.4667	-2.3	0.	
3234	-5.2	-4.7	0.	
3235	-5.2	-4.4	0.	
3236	-5.2	-4.1	0.	
3237	-5.2	-3.8	0.	
3238	-5.2	-3.5	0.	
3239	-5.2	-3.2	0.	
3240	-5.2	-2.9	0.	
3241	-5.2	-2.6	0.	
3242	-5.2	-2.3	0.	
3243	-4.9333	-4.7	0.	
3244	-4.9333	-4.4	0.	
3245	-4.9333	-4.1	0.	
3246	-4.9333	-3.8	0.	
3247	-4.9333	-3.5	0.	
3248	-4.9333	-3.2	0.	
3249	-4.9333	-2.9	0.	
3250	-4.9333	-2.6	0.	
3251	-4.9333	-2.3	0.	
3252	-4.6667	-4.7	0.	
3253	-4.6667	-4.4	0.	
3254	-4.6667	-4.1	0.	
3255	-4.6667	-3.8	0.	
3256	-4.6667	-3.5	0.	
3257	-4.6667	-3.2	0.	
3258	-4.6667	-2.9	0.	
3259	-4.6667	-2.6	0.	
3260	-4.6667	-2.3	0.	
3261	-4.4	-4.7	0.	
3262	-4.4	-4.4	0.	
3263	-4.4	-4.1	0.	
3264	-4.4	-3.8	0.	
3265	-4.4	-3.5	0.	
3266	-4.4	-3.2	0.	
3267	-4.4	-2.9	0.	
3268	-4.4	-2.6	0.	
3269	-4.4	-2.3	0.	
3270	-4.1333	-4.7	0.	
3271	-4.1333	-4.4	0.	
3272	-4.1333	-4.1	0.	
3273	-4.1333	-3.8	0.	
3274	-4.1333	-3.5	0.	
3275	-4.1333	-3.2	0.	
3276	-4.1333	-2.9	0.	
3277	-4.1333	-2.6	0.	
3278	-4.1333	-2.3	0.	
3279	-3.8667	-4.7	0.	
3280	-3.8667	-4.4	0.	
3281	-3.8667	-4.1	0.	
3282	-3.8667	-3.8	0.	
3283	-3.8667	-3.5	0.	
3284	-3.8667	-3.2	0.	
3285	-3.8667	-2.9	0.	
3286	-3.8667	-2.6	0.	
3287	-3.8667	-2.3	0.	
3288	-3.6	-4.7	0.	
3289	-3.6	-4.4	0.	
3290	-3.6	-4.1	0.	
3291	-3.6	-3.8	0.	
3292	-3.6	-3.5	0.	
3293	-3.6	-3.2	0.	
3294	-3.6	-2.9	0.	
3295	-3.6	-2.6	0.	
3296	-3.6	-2.3	0.	
3297	-3.3333	-4.7	0.	
3298	-3.3333	-4.4	0.	
3299	-3.3333	-4.1	0.	
3300	-3.3333	-3.8	0.	
3301	-3.3333	-3.5	0.	
3302	-3.3333	-3.2	0.	
3303	-3.3333	-2.9	0.	
3304	-3.3333	-2.6	0.	
3305	-3.3333	-2.3	0.	
3306	-3.0667	-4.7	0.	
3307	-3.0667	-4.4	0.	
3308	-3.0667	-4.1	0.	
3309	-3.0667	-3.8	0.	
3310	-3.0667	-3.5	0.	
3311	-3.0667	-3.2	0.	
3312	-3.0667	-2.9	0.	
3313	-3.0667	-2.6	0.	
3314	-3.0667	-2.3	0.	
3315	-2.8	-4.7	0.	
3316	-2.8	-4.4	0.	
3317	-2.8	-4.1	0.	
3318	-2.8	-3.8	0.	
3319	-2.8	-3.5	0.	
3320	-2.8	-3.2	0.	
3321	-2.8	-2.9	0.	
3322	-2.8	-2.6	0.	
3323	-2.8	-2.3	0.	
3324	-2.5333	-4.7	0.	
3325	-2.5333	-4.4	0.	
3326	-2.5333	-4.1	0.	
3327	-2.5333	-3.8	0.	
3328	-2.5333	-3.5	0.	
3329	-2.5333	-3.2	0.	
3330	-2.5333	-2.9	0.	
3331	-2.5333	-2.6	0.	
3332	-2.5333	-2.3	0.	
3333	-2.2667	-4.7	0.	
3334	-2.2667	-4.4	0.	
3335	-2.2667	-4.1	0.	
3336	-2.2667	-3.8	0.	
3337	-2.2667	-3.5	0.	
3338	-2.2667	-3.2	0.	
3339	-2.2667	-2.9	0.	
3340	-2.2667	-2.6	0.	
3341	-2.2667	-2.3	0.	
3342	-2.2667	-5.	0.	
3343	-2.5333	-5.	0.	
3344	-2.8	-5.	0.	
3345	-3.0667	-5.	0.	
3346	-3.3333	-5.	0.	
3347	-3.6	-5.	0.	
3348	-3.8667	-5.	0.	
3349	-4.1333	-5.	0.	
3350	-4.4	-5.	0.	
3351	-4.6667	-5.	0.	
3352	-4.9333	-5.	0.	
3353	-5.2	-5.	0.	
3354	-5.4667	-5.	0.	
3355	-5.7333	-5.	0.	
3356	-6.	-5.	0.	
3357	-6.2667	-5.	0.	
3358	-6.5333	-5.	0.	
3359	-6.8	-5.	0.	
3360	-7.0667	-5.	0.	
3361	-7.3333	-5.	0.	
3362	-7.6	-5.	0.	
3363	-7.8667	-5.	0.	
3364	-8.1333	-5.	0.	
3365	-8.4	-5.	0.	
3366	-8.6667	-5.	0.	
3367	-8.9333	-5.	0.	
3368	-9.2	-5.	0.	
3369	-9.4667	-5.	0.	
3370	-9.7333	-5.	0.	
3371	-10.	-4.7	0.	
3372	-10.	-4.4	0.	
3373	-10.	-4.1	0.	
3374	-10.	-3.8	0.	
3375	-10.	-3.5	0.	
3376	-10.	-3.2	0.	
3377	-10.	-2.9	0.	
3378	-10.	-2.6	0.	
3379	-10.	-2.3	0.	
3380	-2.2667	-2.	0.	
3381	-2.5333	-2.	0.	
3382	-2.8	-2.	0.	
3383	-3.0667	-2.	0.	
3384	-3.3333	-2.	0.	
3385	-3.6	-2.	0.	
3386	-3.8667	-2.	0.	
3387	-4.1333	-2.	0.	
3388	-4.4	-2.	0.	
3389	-4.6667	-2.	0.	
3390	-4.9333	-2.	0.	
3391	-5.2	-2.	0.	
3392	-5.4667	-2.	0.	
3393	-5.7333	-2.	0.	
3394	-6.	-2.	0.	
3395	-6.2667	-2.	0.	
3396	-6.5333	-2.	0.	
3397	-6.8	-2.	0.	
3398	-7.0667	-2.	0.	
3399	-7.3333	-2.	0.	
3400	-7.6	-2.	0.	
3401	-7.8667	-2.	0.	
3402	-8.1333	-2.	0.	
3403	-8.4	-2.	0.	
3404	-8.6667	-2.	0.	
3405	-8.9333	-2.	0.	
3406	-9.2	-2.	0.	
3407	-9.4667	-2.	0.	
3408	-9.7333	-2.	0.	
3409	2.3167	-4.7	0.	
3410	2.3167	-4.4	0.	
3411	2.3167	-4.1	0.	
3412	2.3167	-3.8	0.	
3413	2.3167	-3.5	0.	
3414	2.3167	-3.2	0.	
3415	2.3167	-2.9	0.	
3416	2.3167	-2.6	0.	
3417	2.3167	-2.3	0.	
3418	2.6333	-4.7	0.	
3419	2.6333	-4.4	0.	
3420	2.6333	-4.1	0.	
3421	2.6333	-3.8	0.	
3422	2.6333	-3.5	0.	
3423	2.6333	-3.2	0.	
3424	2.6333	-2.9	0.	
3425	2.6333	-2.6	0.	
3426	2.6333	-2.3	0.	
3427	2.95	-4.7	0.	
3428	2.95	-4.4	0.	
3429	2.95	-4.1	0.	
3430	2.95	-3.8	0.	
3431	2.95	-3.5	0.	
3432	2.95	-3.2	0.	
3433	2.95	-2.9	0.	
3434	2.95	-2.6	0.	
3435	2.95	-2.3	0.	
3436	3.2667	-4.7	0.	
3437	3.2667	-4.4	0.	
3438	3.2667	-4.1	0.	
3439	3.2667	-3.8	0.	
3440	3.2667	-3.5	0.	
3441	3.2667	-3.2	0.	
3442	3.2667	-2.9	0.	
3443	3.2667	-2.6	0.	
3444	3.2667	-2.3	0.	
3445	3.5833	-4.7	0.	
3446	3.5833	-4.4	0.	
3447	3.5833	-4.1	0.	
3448	3.5833	-3.8	0.	
3449	3.5833	-3.5	0.	
3450	3.5833	-3.2	0.	
3451	3.5833	-2.9	0.	
3452	3.5833	-2.6	0.	
3453	3.5833	-2.3	0.	
3454	3.9	-4.7	0.	
3455	3.9	-4.4	0.	
3456	3.9	-4.1	0.	
3457	3.9	-3.8	0.	
3458	3.9	-3.5	0.	
3459	3.9	-3.2	0.	
3460	3.9	-2.9	0.	
3461	3.9	-2.6	0.	
3462	3.9	-2.3	0.	
3463	4.2167	-4.7	0.	
3464	4.2167	-4.4	0.	
3465	4.2167	-4.1	0.	
3466	4.2167	-3.8	0.	
3467	4.2167	-3.5	0.	
3468	4.2167	-3.2	0.	
3469	4.2167	-2.9	0.	
3470	4.2167	-2.6	0.	
3471	4.2167	-2.3	0.	
3472	4.5333	-4.7	0.	
3473	4.5333	-4.4	0.	
3474	4.5333	-4.1	0.	
3475	4.5333	-3.8	0.	
3476	4.5333	-3.5	0.	
3477	4.5333	-3.2	0.	
3478	4.5333	-2.9	0.	
3479	4.5333	-2.6	0.	
3480	4.5333	-2.3	0.	
3481	4.85	-4.7	0.	
3482	4.85	-4.4	0.	
3483	4.85	-4.1	0.	
3484	4.85	-3.8	0.	
3485	4.85	-3.5	0.	
3486	4.85	-3.2	0.	
3487	4.85	-2.9	0.	
3488	4.85	-2.6	0.	
3489	4.85	-2.3	0.	
3490	5.1667	-4.7	0.	
3491	5.1667	-4.4	0.	
3492	5.1667	-4.1	0.	
3493	5.1667	-3.8	0.	
3494	5.1667	-3.5	0.	
3495	5.1667	-3.2	0.	
3496	5.1667	-2.9	0.	
3497	5.1667	-2.6	0.	
3498	5.1667	-2.3	0.	
3499	5.4833	-4.7	0.	
3500	5.4833	-4.4	0.	
3501	5.4833	-4.1	0.	
3502	5.4833	-3.8	0.	
3503	5.4833	-3.5	0.	
3504	5.4833	-3.2	0.	
3505	5.4833	-2.9	0.	
3506	5.4833	-2.6	0.	
3507	5.4833	-2.3	0.	
3508	5.8	-4.7	0.	
3509	5.8	-4.4	0.	
3510	5.8	-4.1	0.	
3511	5.8	-3.8	0.	
3512	5.8	-3.5	0.	
3513	5.8	-3.2	0.	
3514	5.8	-2.9	0.	
3515	5.8	-2.6	0.	
3516	5.8	-2.3	0.	
3517	6.1167	-4.7	0.	
3518	6.1167	-4.4	0.	
3519	6.1167	-4.1	0.	
3520	6.1167	-3.8	0.	
3521	6.1167	-3.5	0.	
3522	6.1167	-3.2	0.	
3523	6.1167	-2.9	0.	
3524	6.1167	-2.6	0.	
3525	6.1167	-2.3	0.	
3526	6.4333	-4.7	0.	
3527	6.4333	-4.4	0.	
3528	6.4333	-4.1	0.	
3529	6.4333	-3.8	0.	
3530	6.4333	-3.5	0.	
3531	6.4333	-3.2	0.	
3532	6.4333	-2.9	0.	
3533	6.4333	-2.6	0.	
3534	6.4333	-2.3	0.	
3535	6.75	-4.7	0.	
3536	6.75	-4.4	0.	
3537	6.75	-4.1	0.	
3538	6.75	-3.8	0.	
3539	6.75	-3.5	0.	
3540	6.75	-3.2	0.	
3541	6.75	-2.9	0.	
3542	6.75	-2.6	0.	
3543	6.75	-2.3	0.	
3544	7.0667	-4.7	0.	
3545	7.0667	-4.4	0.	
3546	7.0667	-4.1	0.	
3547	7.0667	-3.8	0.	
3548	7.0667	-3.5	0.	
3549	7.0667	-3.2	0.	
3550	7.0667	-2.9	0.	
3551	7.0667	-2.6	0.	
3552	7.0667	-2.3	0.	
3553	7.3833	-4.7	0.	
3554	7.3833	-4.4	0.	
3555	7.3833	-4.1	0.	
3556	7.3833	-3.8	0.	
3557	7.3833	-3.5	0.	
3558	7.3833	-3.2	0.	
3559	7.3833	-2.9	0.	
3560	7.3833	-2.6	0.	
3561	7.3833	-2.3	0.	
3562	7.7	-4.7	0.	
3563	7.7	-4.4	0.	
3564	7.7	-4.1	0.	
3565	7.7	-3.8	0.	
3566	7.7	-3.5	0.	
3567	7.7	-3.2	0.	
3568	7.7	-2.9	0.	
3569	7.7	-2.6	0.	
3570	7.7	-2.3	0.	
3571	8.0167	-4.7	0.	
3572	8.0167	-4.4	0.	
3573	8.0167	-4.1	0.	
3574	8.0167	-3.8	0.	
3575	8.0167	-3.5	0.	
3576	8.0167	-3.2	0.	
3577	8.0167	-2.9	0.	
3578	8.0167	-2.6	0.	
3579	8.0167	-2.3	0.	
3580	8.3333	-4.7	0.	
3581	8.3333	-4.4	0.	
3582	8.3333	-4.1	0.	
3583	8.3333	-3.8	0.	
3584	8.3333	-3.5	0.	
3585	8.3333	-3.2	0.	
3586	8.3333	-2.9	0.	
3587	8.3333	-2.6	0.	
3588	8.3333	-2.3	0.	
3589	8.65	-4.7	0.	
3590	8.65	-4.4	0.	
3591	8.65	-4.1	0.	
3592	8.65	-3.8	0.	
3593	8.65	-3.5	0.	
3594	8.65	-3.2	0.	
3595	8.65	-2.9	0.	
3596	8.65	-2.6	0.	
3597	8.65	-2.3	0.	
3598	8.9667	-4.7	0.	
3599	8.9667	-4.4	0.	
3600	8.9667	-4.1	0.	
3601	8.9667	-3.8	0.	
3602	8.9667	-3.5	0.	
3603	8.9667	-3.2	0.	
3604	8.9667	-2.9	0.	
3605	8.9667	-2.6	0.	
3606	8.9667	-2.3	0.	
3607	9.2833	-4.7	0.	
3608	9.2833	-4.4	0.	
3609	9.2833	-4.1	0.	
3610	9.2833	-3.8	0.	
3611	9.2833	-3.5	0.	
3612	9.2833	-3.2	0.	
3613	9.2833	-2.9	0.	
3614	9.2833	-2.6	0.	
3615	9.2833	-2.3	0.	
3616	9.6	-4.7	0.	
3617	9.6	-4.4	0.	
3618	9.6	-4.1	0.	
3619	9.6	-3.8	0.	
3620	9.6	-3.5	0.	
3621	9.6	-3.2	0.	
3622	9.6	-2.9	0.	
3623	9.6	-2.6	0.	
3624	9.6	-2.3	0.	
3625	9.9167	-4.7	0.	
3626	9.9167	-4.4	0.	
3627	9.9167	-4.1	0.	
3628	9.9167	-3.8	0.	
3629	9.9167	-3.5	0.	
3630	9.9167	-3.2	0.	
3631	9.9167	-2.9	0.	
3632	9.9167	-2.6	0.	
3633	9.9167	-2.3	0.	
3634	10.233	-4.7	0.	
3635	10.233	-4.4	0.	
3636	10.233	-4.1	0.	
3637	10.233	-3.8	0.	
3638	10.233	-3.5	0.	
3639	10.233	-3.2	0.	
3640	10.233	-2.9	0.	
3641	10.233	-2.6	0.	
3642	10.233	-2.3	0.	
3643	10.55	-4.7	0.	
3644	10.55	-4.4	0.	
3645	10.55	-4.1	0.	
3646	10.55	-3.8	0.	
3647	10.55	-3.5	0.	
3648	10.55	-3.2	0.	
3649	10.55	-2.9	0.	
3650	10.55	-2.6	0.	
3651	10.55	-2.3	0.	
3652	10.867	-4.7	0.	
3653	10.867	-4.4	0.	
3654	10.867	-4.1	0.	
3655	10.867	-3.8	0.	
3656	10.867	-3.5	0.	
3657	10.867	-3.2	0.	
3658	10.867	-2.9	0.	
3659	10.867	-2.6	0.	
3660	10.867	-2.3	0.	
3661	11.183	-4.7	0.	
3662	11.183	-4.4	0.	
3663	11.183	-4.1	0.	
3664	11.183	-3.8	0.	
3665	11.183	-3.5	0.	
3666	11.183	-3.2	0.	
3667	11.183	-2.9	0.	
3668	11.183	-2.6	0.	
3669	11.183	-2.3	0.	
3670	11.5	-4.7	0.	
3671	11.5	-4.4	0.	
3672	11.5	-4.1	0.	
3673	11.5	-3.8	0.	
3674	11.5	-3.5	0.	
3675	11.5	-3.2	0.	
3676	11.5	-2.9	0.	
3677	11.5	-2.6	0.	
3678	11.5	-2.3	0.	
3679	11.817	-4.7	0.	
3680	11.817	-4.4	0.	
3681	11.817	-4.1	0.	
3682	11.817	-3.8	0.	
3683	11.817	-3.5	0.	
3684	11.817	-3.2	0.	
3685	11.817	-2.9	0.	
3686	11.817	-2.6	0.	
3687	11.817	-2.3	0.	
3688	12.133	-4.7	0.	
3689	12.133	-4.4	0.	
3690	12.133	-4.1	0.	
3691	12.133	-3.8	0.	
3692	12.133	-3.5	0.	
3693	12.133	-3.2	0.	
3694	12.133	-2.9	0.	
3695	12.133	-2.6	0.	
3696	12.133	-2.3	0.	
3697	12.45	-4.7	0.	
3698	12.45	-4.4	0.	
3699	12.45	-4.1	0.	
3700	12.45	-3.8	0.	
3701	12.45	-3.5	0.	
3702	12.45	-3.2	0.	
3703	12.45	-2.9	0.	
3704	12.45	-2.6	0.	
3705	12.45	-2.3	0.	
3706	12.767	-4.7	0.	
3707	12.767	-4.4	0.	
3708	12.767	-4.1	0.	
3709	12.767	-3.8	0.	
3710	12.767	-3.5	0.	
3711	12.767	-3.2	0.	
3712	12.767	-2.9	0.	
3713	12.767	-2.6	0.	
3714	12.767	-2.3	0.	
3715	13.083	-4.7	0.	
3716	13.083	-4.4	0.	
3717	13.083	-4.1	0.	
3718	13.083	-3.8	0.	
3719	13.083	-3.5	0.	
3720	13.083	-3.2	0.	
3721	13.083	-2.9	0.	
3722	13.083	-2.6	0.	
3723	13.083	-2.3	0.	
3724	13.4	-4.7	0.	
3725	13.4	-4.4	0.	
3726	13.4	-4.1	0.	
3727	13.4	-3.8	0.	
3728	13.4	-3.5	0.	
3729	13.4	-3.2	0.	
3730	13.4	-2.9	0.	
3731	13.4	-2.6	0.	
3732	13.4	-2.3	0.	
3733	13.717	-4.7	0.	
3734	13.717	-4.4	0.	
3735	13.717	-4.1	0.	
3736	13.717	-3.8	0.	
3737	13.717	-3.5	0.	
3738	13.717	-3.2	0.	
3739	13.717	-2.9	0.	
3740	13.717	-2.6	0.	
3741	13.717	-2.3	0.	
3742	14.033	-4.7	0.	
3743	14.033	-4.4	0.	
3744	14.033	-4.1	0.	
3745	14.033	-3.8	0.	
3746	14.033	-3.5	0.	
3747	14.033	-3.2	0.	
3748	14.033	-2.9	0.	
3749	14.033	-2.6	0.	
3750	14.033	-2.3	0.	
3751	14.35	-4.7	0.	
3752	14.35	-4.4	0.	
3753	14.35	-4.1	0.	
3754	14.35	-3.8	0.	
3755	14.35	-3.5	0.	
3756	14.35	-3.2	0.	
3757	14.35	-2.9	0.	
3758	14.35	-2.6	0.	
3759	14.35	-2.3	0.	
3760	14.667	-4.7	0.	
3761	14.667	-4.4	0.	
3762	14.667	-4.1	0.	
3763	14.667	-3.8	0.	
3764	14.667	-3.5	0.	
3765	14.667	-3.2	0.	
3766	14.667	-2.9	0.	
3767	14.667	-2.6	0.	
3768	14.667	-2.3	0.	
3769	14.983	-4.7	0.	
3770	14.983	-4.4	0.	
3771	14.983	-4.1	0.	
3772	14.983	-3.8	0.	
3773	14.983	-3.5	0.	
3774	14.983	-3.2	0.	
3775	14.983	-2.9	0.	
3776	14.983	-2.6	0.	
3777	14.983	-2.3	0.	
3778	15.3	-4.7	0.	
3779	15.3	-4.4	0.	
3780	15.3	-4.1	0.	
3781	15.3	-3.8	0.	
3782	15.3	-3.5	0.	
3783	15.3	-3.2	0.	
3784	15.3	-2.9	0.	
3785	15.3	-2.6	0.	
3786	15.3	-2.3	0.	
3787	15.617	-4.7	0.	
3788	15.617	-4.4	0.	
3789	15.617	-4.1	0.	
3790	15.617	-3.8	0.	
3791	15.617	-3.5	0.	
3792	15.617	-3.2	0.	
3793	15.617	-2.9	0.	
3794	15.617	-2.6	0.	
3795	15.617	-2.3	0.	
3796	15.933	-4.7	0.	
3797	15.933	-4.4	0.	
3798	15.933	-4.1	0.	
3799	15.933	-3.8	0.	
3800	15.933	-3.5	0.	
3801	15.933	-3.2	0.	
3802	15.933	-2.9	0.	
3803	15.933	-2.6	0.	
3804	15.933	-2.3	0.	
3805	16.25	-4.7	0.	
3806	16.25	-4.4	0.	
3807	16.25	-4.1	0.	
3808	16.25	-3.8	0.	
3809	16.25	-3.5	0.	
3810	16.25	-3.2	0.	
3811	16.25	-2.9	0.	
3812	16.25	-2.6	0.	
3813	16.25	-2.3	0.	
3814	16.567	-4.7	0.	
3815	16.567	-4.4	0.	
3816	16.567	-4.1	0.	
3817	16.567	-3.8	0.	
3818	16.567	-3.5	0.	
3819	16.567	-3.2	0.	
3820	16.567	-2.9	0.	
3821	16.567	-2.6	0.	
3822	16.567	-2.3	0.	
3823	16.883	-4.7	0.	
3824	16.883	-4.4	0.	
3825	16.883	-4.1	0.	
3826	16.883	-3.8	0.	
3827	16.883	-3.5	0.	
3828	16.883	-3.2	0.	
3829	16.883	-2.9	0.	
3830	16.883	-2.6	0.	
3831	16.883	-2.3	0.	
3832	17.2	-4.7	0.	
3833	17.2	-4.4	0.	
3834	17.2	-4.1	0.	
3835	17.2	-3.8	0.	
3836	17.2	-3.5	0.	
3837	17.2	-3.2	0.	
3838	17.2	-2.9	0.	
3839	17.2	-2.6	0.	
3840	17.2	-2.3	0.	
3841	17.517	-4.7	0.	
3842	17.517	-4.4	0.	
3843	17.517	-4.1	0.	
3844	17.517	-3.8	0.	
3845	17.517	-3.5	0.	
3846	17.517	-3.2	0.	
3847	17.517	-2.9	0.	
3848	17.517	-2.6	0.	
3849	17.517	-2.3	0.	
3850	17.833	-4.7	0.	
3851	17.833	-4.4	0.	
3852	17.833	-4.1	0.	
3853	17.833	-3.8	0.	
3854	17.833	-3.5	0.	
3855	17.833	-3.2	0.	
3856	17.833	-2.9	0.	
3857	17.833	-2.6	0.	
3858	17.833	-2.3	0.	
3859	18.15	-4.7	0.	
3860	18.15	-4.4	0.	
3861	18.15	-4.1	0.	
3862	18.15	-3.8	0.	
3863	18.15	-3.5	0.	
3864	18.15	-3.2	0.	
3865	18.15	-2.9	0.	
3866	18.15	-2.6	0.	
3867	18.15	-2.3	0.	
3868	18.467	-4.7	0.	
3869	18.467	-4.4	0.	
3870	18.467	-4.1	0.	
3871	18.467	-3.8	0.	
3872	18.467	-3.5	0.	
3873	18.467	-3.2	0.	
3874	18.467	-2.9	0.	
3875	18.467	-2.6	0.	
3876	18.467	-2.3	0.	
3877	18.783	-4.7	0.	
3878	18.783	-4.4	0.	
3879	18.783	-4.1	0.	
3880	18.783	-3.8	0.	
3881	18.783	-3.5	0.	
3882	18.783	-3.2	0.	
3883	18.783	-2.9	0.	
3884	18.783	-2.6	0.	
3885	18.783	-2.3	0.	
3886	19.1	-4.7	0.	
3887	19.1	-4.4	0.	
3888	19.1	-4.1	0.	
3889	19.1	-3.8	0.	
3890	19.1	-3.5	0.	
3891	19.1	-3.2	0.	
3892	19.1	-2.9	0.	
3893	19.1	-2.6	0.	
3894	19.1	-2.3	0.	
3895	19.417	-4.7	0.	
3896	19.417	-4.4	0.	
3897	19.417	-4.1	0.	
3898	19.417	-3.8	0.	
3899	19.417	-3.5	0.	
3900	19.417	-3.2	0.	
3901	19.417	-2.9	0.	
3902	19.417	-2.6	0.	
3903	19.417	-2.3	0.	
3904	19.733	-4.7	0.	
3905	19.733	-4.4	0.	
3906	19.733	-4.1	0.	
3907	19.733	-3.8	0.	
3908	19.733	-3.5	0.	
3909	19.733	-3.2	0.	
3910	19.733	-2.9	0.	
3911	19.733	-2.6	0.	
3912	19.733	-2.3	0.	
3913	20.05	-4.7	0.	
3914	20.05	-4.4	0.	
3915	20.05	-4.1	0.	
3916	20.05	-3.8	0.	
3917	20.05	-3.5	0.	
3918	20.05	-3.2	0.	
3919	20.05	-2.9	0.	
3920	20.05	-2.6	0.	
3921	20.05	-2.3	0.	
3922	20.367	-4.7	0.	
3923	20.367	-4.4	0.	
3924	20.367	-4.1	0.	
3925	20.367	-3.8	0.	
3926	20.367	-3.5	0.	
3927	20.367	-3.2	0.	
3928	20.367	-2.9	0.	
3929	20.367	-2.6	0.	
3930	20.367	-2.3	0.	
3931	20.683	-4.7	0.	
3932	20.683	-4.4	0.	
3933	20.683	-4.1	0.	
3934	20.683	-3.8	0.	
3935	20.683	-3.5	0.	
3936	20.683	-3.2	0.	
3937	20.683	-2.9	0.	
3938	20.683	-2.6	0.	
3939	20.683	-2.3	0.	
3940	21.	-4.7	0.	
3941	21.	-4.4	0.	
3942	21.	-4.1	0.	
3943	21.	-3.8	0.	
3944	21.	-3.5	0.	
3945	21.	-3.2	0.	
3946	21.	-2.9	0.	
3947	21.	-2.6	0.	
3948	21.	-2.3	0.	
3949	21.317	-4.7	0.	
3950	21.317	-4.4	0.	
3951	21.317	-4.1	0.	
3952	21.317	-3.8	0.	
3953	21.317	-3.5	0.	
3954	21.317	-3.2	0.	
3955	21.317	-2.9	0.	
3956	21.317	-2.6	0.	
3957	21.317	-2.3	0.	
3958	21.633	-4.7	0.	
3959	21.633	-4.4	0.	
3960	21.633	-4.1	0.	
3961	21.633	-3.8	0.	
3962	21.633	-3.5	0.	
3963	21.633	-3.2	0.	
3964	21.633	-2.9	0.	
3965	21.633	-2.6	0.	
3966	21.633	-2.3	0.	
3967	21.95	-4.7	0.	
3968	21.95	-4.4	0.	
3969	21.95	-4.1	0.	
3970	21.95	-3.8	0.	
3971	21.95	-3.5	0.	
3972	21.95	-3.2	0.	
3973	21.95	-2.9	0.	
3974	21.95	-2.6	0.	
3975	21.95	-2.3	0.	
3976	22.267	-4.7	0.	
3977	22.267	-4.4	0.	
3978	22.267	-4.1	0.	
3979	22.267	-3.8	0.	
3980	22.267	-3.5	0.	
3981	22.267	-3.2	0.	
3982	22.267	-2.9	0.	
3983	22.267	-2.6	0.	
3984	22.267	-2.3	0.	
3985	22.583	-4.7	0.	
3986	22.583	-4.4	0.	
3987	22.583	-4.1	0.	
3988	22.583	-3.8	0.	
3989	22.583	-3.5	0.	
3990	22.583	-3.2	0.	
3991	22.583	-2.9	0.	
3992	22.583	-2.6	0.	
3993	22.583	-2.3	0.	
3994	22.9	-4.7	0.	
3995	22.9	-4.4	0.	
3996	22.9	-4.1	0.	
3997	22.9	-3.8	0.	
3998	22.9	-3.5	0.	
3999	22.9	-3.2	0.	
4000	22.9	-2.9	0.	
4001	22.9	-2.6	0.	
4002	22.9	-2.3	0.	
4003	23.217	-4.7	0.	
4004	23.217	-4.4	0.	
4005	23.217	-4.1	0.	
4006	23.217	-3.8	0.	
4007	23.217	-3.5	0.	
4008	23.217	-3.2	0.	
4009	23.217	-2.9	0.	
4010	23.217	-2.6	0.	
4011	23.217	-2.3	0.	
4012	23.533	-4.7	0.	
4013	23.533	-4.4	0.	
4014	23.533	-4.1	0.	
4015	23.533	-3.8	0.	
4016	23.533	-3.5	0.	
4017	23.533	-3.2	0.	
4018	23.533	-2.9	0.	
4019	23.533	-2.6	0.	
4020	23.533	-2.3	0.	
4021	23.85	-4.7	0.	
4022	23.85	-4.4	0.	
4023	23.85	-4.1	0.	
4024	23.85	-3.8	0.	
4025	23.85	-3.5	0.	
4026	23.85	-3.2	0.	
4027	23.85	-2.9	0.	
4028	23.85	-2.6	0.	
4029	23.85	-2.3	0.	
4030	24.167	-4.7	0.	
4031	24.167	-4.4	0.	
4032	24.167	-4.1	0.	
4033	24.167	-3.8	0.	
4034	24.167	-3.5	0.	
4035	24.167	-3.2	0.	
4036	24.167	-2.9	0.	
4037	24.167	-2.6	0.	
4038	24.167	-2.3	0.	
4039	24.483	-4.7	0.	
4040	24.483	-4.4	0.	
4041	24.483	-4.1	0.	
4042	24.483	-3.8	0.	
4043	24.483	-3.5	0.	
4044	24.483	-3.2	0.	
4045	24.483	-2.9	0.	
4046	24.483	-2.6	0.	
4047	24.483	-2.3	0.	
4048	24.8	-4.7	0.	
4049	24.8	-4.4	0.	
4050	24.8	-4.1	0.	
4051	24.8	-3.8	0.	
4052	24.8	-3.5	0.	
4053	24.8	-3.2	0.	
4054	24.8	-2.9	0.	
4055	24.8	-2.6	0.	
4056	24.8	-2.3	0.	
4057	25.117	-4.7	0.	
4058	25.117	-4.4	0.	
4059	25.117	-4.1	0.	
4060	25.117	-3.8	0.	
4061	25.117	-3.5	0.	
4062	25.117	-3.2	0.	
4063	25.117	-2.9	0.	
4064	25.117	-2.6	0.	
4065	25.117	-2.3	0.	
4066	25.433	-4.7	0.	
4067	25.433	-4.4	0.	
4068	25.433	-4.1	0.	
4069	25.433	-3.8	0.	
4070	25.433	-3.5	0.	
4071	25.433	-3.2	0.	
4072	25.433	-2.9	0.	
4073	25.433	-2.6	0.	
4074	25.433	-2.3	0.	
4075	25.75	-4.7	0.	
4076	25.75	-4.4	0.	
4077	25.75	-4.1	0.	
4078	25.75	-3.8	0.	
4079	25.75	-3.5	0.	
4080	25.75	-3.2	0.	
4081	25.75	-2.9	0.	
4082	25.75	-2.6	0.	
4083	25.75	-2.3	0.	
4084	26.067	-4.7	0.	
4085	26.067	-4.4	0.	
4086	26.067	-4.1	0.	
4087	26.067	-3.8	0.	
4088	26.067	-3.5	0.	
4089	26.067	-3.2	0.	
4090	26.067	-2.9	0.	
4091	26.067	-2.6	0.	
4092	26.067	-2.3	0.	
4093	26.383	-4.7	0.	
4094	26.383	-4.4	0.	
4095	26.383	-4.1	0.	
4096	26.383	-3.8	0.	
4097	26.383	-3.5	0.	
4098	26.383	-3.2	0.	
4099	26.383	-2.9	0.	
4100	26.383	-2.6	0.	
4101	26.383	-2.3	0.	
4102	26.7	-4.7	0.	
4103	26.7	-4.4	0.	
4104	26.7	-4.1	0.	
4105	26.7	-3.8	0.	
4106	26.7	-3.5	0.	
4107	26.7	-3.2	0.	
4108	26.7	-2.9	0.	
4109	26.7	-2.6	0.	
4110	26.7	-2.3	0.	
4111	27.017	-4.7	0.	
4112	27.017	-4.4	0.	
4113	27.017	-4.1	0.	
4114	27.017	-3.8	0.	
4115	27.017	-3.5	0.	
4116	27.017	-3.2	0.	
4117	27.017	-2.9	0.	
4118	27.017	-2.6	0.	
4119	27.017	-2.3	0.	
4120	27.333	-4.7	0.	
4121	27.333	-4.4	0.	
4122	27.333	-4.1	0.	
4123	27.333	-3.8	0.	
4124	27.333	-3.5	0.	
4125	27.333	-3.2	0.	
4126	27.333	-2.9	0.	
4127	27.333	-2.6	0.	
4128	27.333	-2.3	0.	
4129	27.65	-4.7	0.	
4130	27.65	-4.4	0.	
4131	27.65	-4.1	0.	
4132	27.65	-3.8	0.	
4133	27.65	-3.5	0.	
4134	27.65	-3.2	0.	
4135	27.65	-2.9	0.	
4136	27.65	-2.6	0.	
4137	27.65	-2.3	0.	
4138	27.967	-4.7	0.	
4139	27.967	-4.4	0.	
4140	27.967	-4.1	0.	
4141	27.967	-3.8	0.	
4142	27.967	-3.5	0.	
4143	27.967	-3.2	0.	
4144	27.967	-2.9	0.	
4145	27.967	-2.6	0.	
4146	27.967	-2.3	0.	
4147	28.283	-4.7	0.	
4148	28.283	-4.4	0.	
4149	28.283	-4.1	0.	
4150	28.283	-3.8	0.	
4151	28.283	-3.5	0.	
4152	28.283	-3.2	0.	
4153	28.283	-2.9	0.	
4154	28.283	-2.6	0.	
4155	28.283	-2.3	0.	
4156	28.6	-4.7	0.	
4157	28.6	-4.4	0.	
4158	28.6	-4.1	0.	
4159	28.6	-3.8	0.	
4160	28.6	-3.5	0.	
4161	28.6	-3.2	0.	
4162	28.6	-2.9	0.	
4163	28.6	-2.6	0.	
4164	28.6	-2.3	0.	
4165	28.917	-4.7	0.	
4166	28.917	-4.4	0.	
4167	28.917	-4.1	0.	
4168	28.917	-3.8	0.	
4169	28.917	-3.5	0.	
4170	28.917	-3.2	0.	
4171	28.917	-2.9	0.	
4172	28.917	-2.6	0.	
4173	28.917	-2.3	0.	
4174	29.233	-4.7	0.	
4175	29.233	-4.4	0.	
4176	29.233	-4.1	0.	
4177	29.233	-3.8	0.	
4178	29.233	-3.5	0.	
4179	29.233	-3.2	0.	
4180	29.233	-2.9	0.	
4181	29.233	-2.6	0.	
4182	29.233	-2.3	0.	
4183	29.55	-4.7	0.	
4184	29.55	-4.4	0.	
4185	29.55	-4.1	0.	
4186	29.55	-3.8	0.	
4187	29.55	-3.5	0.	
4188	29.55	-3.2	0.	
4189	29.55	-2.9	0.	
4190	29.55	-2.6	0.	
4191	29.55	-2.3	0.	
4192	29.867	-4.7	0.	
4193	29.867	-4.4	0.	
4194	29.867	-4.1	0.	
4195	29.867	-3.8	0.	
4196	29.867	-3.5	0.	
4197	29.867	-3.2	0.	
4198	29.867	-2.9	0.	
4199	29.867	-2.6	0.	
4200	29.867	-2.3	0.	
4201	30.183	-4.7	0.	
4202	30.183	-4.4	0.	
4203	30.183	-4.1	0.	
4204	30.183	-3.8	0.	
4205	30.183	-3.5	0.	
4206	30.183	-3.2	0.	
4207	30.183	-2.9	0.	
4208	30.183	-2.6	0.	
4209	30.183	-2.3	0.	
4210	30.5	-4.7	0.	
4211	30.5	-4.4	0.	
4212	30.5	-4.1	0.	
4213	30.5	-3.8	0.	
4214	30.5	-3.5	0.	
4215	30.5	-3.2	0.	
4216	30.5	-2.9	0.	
4217	30.5	-2.6	0.	
4218	30.5	-2.3	0.	
4219	30.817	-4.7	0.	
4220	30.817	-4.4	0.	
4221	30.817	-4.1	0.	
4222	30.817	-3.8	0.	
4223	30.817	-3.5	0.	
4224	30.817	-3.2	0.	
4225	30.817	-2.9	0.	
4226	30.817	-2.6	0.	
4227	30.817	-2.3	0.	
4228	31.133	-4.7	0.	
4229	31.133	-4.4	0.	
4230	31.133	-4.1	0.	
4231	31.133	-3.8	0.	
4232	31.133	-3.5	0.	
4233	31.133	-3.2	0.	
4234	31.133	-2.9	0.	
4235	31.133	-2.6	0.	
4236	31.133	-2.3	0.	
4237	31.45	-4.7	0.	
4238	31.45	-4.4	0.	
4239	31.45	-4.1	0.	
4240	31.45	-3.8	0.	
4241	31.45	-3.5	0.	
4242	31.45	-3.2	0.	
4243	31.45	-2.9	0.	
4244	31.45	-2.6	0.	
4245	31.45	-2.3	0.	
4246	31.767	-4.7	0.	
4247	31.767	-4.4	0.	
4248	31.767	-4.1	0.	
4249	31.767	-3.8	0.	
4250	31.767	-3.5	0.	
4251	31.767	-3.2	0.	
4252	31.767	-2.9	0.	
4253	31.767	-2.6	0.	
4254	31.767	-2.3	0.	
4255	32.083	-4.7	0.	
4256	32.083	-4.4	0.	
4257	32.083	-4.1	0.	
4258	32.083	-3.8	0.	
4259	32.083	-3.5	0.	
4260	32.083	-3.2	0.	
4261	32.083	-2.9	0.	
4262	32.083	-2.6	0.	
4263	32.083	-2.3	0.	
4264	32.4	-4.7	0.	
4265	32.4	-4.4	0.	
4266	32.4	-4.1	0.	
4267	32.4	-3.8	0.	
4268	32.4	-3.5	0.	
4269	32.4	-3.2	0.	
4270	32.4	-2.9	0.	
4271	32.4	-2.6	0.	
4272	32.4	-2.3	0.	
4273	32.717	-4.7	0.	
4274	32.717	-4.4	0.	
4275	32.717	-4.1	0.	
4276	32.717	-3.8	0.	
4277	32.717	-3.5	0.	
4278	32.717	-3.2	0.	
4279	32.717	-2.9	0.	
4280	32.717	-2.6	0.	
4281	32.717	-2.3	0.	
4282	33.033	-4.7	0.	
4283	33.033	-4.4	0.	
4284	33.033	-4.1	0.	
4285	33.033	-3.8	0.	
4286	33.033	-3.5	0.	
4287	33.033	-3.2	0.	
4288	33.033	-2.9	0.	
4289	33.033	-2.6	0.	
4290	33.033	-2.3	0.	
4291	33.35	-4.7	0.	
4292	33.35	-4.4	0.	
4293	33.35	-4.1	0.	
4294	33.35	-3.8	0.	
4295	33.35	-3.5	0.	
4296	33.35	-3.2	0.	
4297	33.35	-2.9	0.	
4298	33.35	-2.6	0.	
4299	33.35	-2.3	0.	
4300	33.667	-4.7	0.	
4301	33.667	-4.4	0.	
4302	33.667	-4.1	0.	
4303	33.667	-3.8	0.	
4304	33.667	-3.5	0.	
4305	33.667	-3.2	0.	
4306	33.667	-2.9	0.	
4307	33.667	-2.6	0.	
4308	33.667	-2.3	0.	
4309	33.983	-4.7	0.	
4310	33.983	-4.4	0.	
4311	33.983	-4.1	0.	
4312	33.983	-3.8	0.	
4313	33.983	-3.5	0.	
4314	33.983	-3.2	0.	
4315	33.983	-2.9	0.	
4316	33.983	-2.6	0.	
4317	33.983	-2.3	0.	
4318	34.3	-4.7	0.	
4319	34.3	-4.4	0.	
4320	34.3	-4.1	0.	
4321	34.3	-3.8	0.	
4322	34.3	-3.5	0.	
4323	34.3	-3.2	0.	
4324	34.3	-2.9	0.	
4325	34.3	-2.6	0.	
4326	34.3	-2.3	0.	
4327	34.617	-4.7	0.	
4328	34.617	-4.4	0.	
4329	34.617	-4.1	0.	
4330	34.617	-3.8	0.	
4331	34.617	-3.5	0.	
4332	34.617	-3.2	0.	
4333	34.617	-2.9	0.	
4334	34.617	-2.6	0.	
4335	34.617	-2.3	0.	
4336	34.933	-4.7	0.	
4337	34.933	-4.4	0.	
4338	34.933	-4.1	0.	
4339	34.933	-3.8	0.	
4340	34.933	-3.5	0.	
4341	34.933	-3.2	0.	
4342	34.933	-2.9	0.	
4343	34.933	-2.6	0.	
4344	34.933	-2.3	0.	
4345	35.25	-4.7	0.	
4346	35.25	-4.4	0.	
4347	35.25	-4.1	0.	
4348	35.25	-3.8	0.	
4349	35.25	-3.5	0.	
4350	35.25	-3.2	0.	
4351	35.25	-2.9	0.	
4352	35.25	-2.6	0.	
4353	35.25	-2.3	0.	
4354	35.567	-4.7	0.	
4355	35.567	-4.4	0.	
4356	35.567	-4.1	0.	
4357	35.567	-3.8	0.	
4358	35.567	-3.5	0.	
4359	35.567	-3.2	0.	
4360	35.567	-2.9	0.	
4361	35.567	-2.6	0.	
4362	35.567	-2.3	0.	
4363	35.883	-4.7	0.	
4364	35.883	-4.4	0.	
4365	35.883	-4.1	0.	
4366	35.883	-3.8	0.	
4367	35.883	-3.5	0.	
4368	35.883	-3.2	0.	
4369	35.883	-2.9	0.	
4370	35.883	-2.6	0.	
4371	35.883	-2.3	0.	
4372	36.2	-4.7	0.	
4373	36.2	-4.4	0.	
4374	36.2	-4.1	0.	
4375	36.2	-3.8	0.	
4376	36.2	-3.5	0.	
4377	36.2	-3.2	0.	
4378	36.2	-2.9	0.	
4379	36.2	-2.6	0.	
4380	36.2	-2.3	0.	
4381	36.517	-4.7	0.	
4382	36.517	-4.4	0.	
4383	36.517	-4.1	0.	
4384	36.517	-3.8	0.	
4385	36.517	-3.5	0.	
4386	36.517	-3.2	0.	
4387	36.517	-2.9	0.	
4388	36.517	-2.6	0.	
4389	36.517	-2.3	0.	
4390	36.833	-4.7	0.	
4391	36.833	-4.4	0.	
4392	36.833	-4.1	0.	
4393	36.833	-3.8	0.	
4394	36.833	-3.5	0.	
4395	36.833	-3.2	0.	
4396	36.833	-2.9	0.	
4397	36.833	-2.6	0.	
4398	36.833	-2.3	0.	
4399	37.15	-4.7	0.	
4400	37.15	-4.4	0.	
4401	37.15	-4.1	0.	
4402	37.15	-3.8	0.	
4403	37.15	-3.5	0.	
4404	37.15	-3.2	0.	
4405	37.15	-2.9	0.	
4406	37.15	-2.6	0.	
4407	37.15	-2.3	0.	
4408	37.467	-4.7	0.	
4409	37.467	-4.4	0.	
4410	37.467	-4.1	0.	
4411	37.467	-3.8	0.	
4412	37.467	-3.5	0.	
4413	37.467	-3.2	0.	
4414	37.467	-2.9	0.	
4415	37.467	-2.6	0.	
4416	37.467	-2.3	0.	
4417	37.783	-4.7	0.	
4418	37.783	-4.4	0.	
4419	37.783	-4.1	0.	
4420	37.783	-3.8	0.	
4421	37.783	-3.5	0.	
4422	37.783	-3.2	0.	
4423	37.783	-2.9	0.	
4424	37.783	-2.6	0.	
4425	37.783	-2.3	0.	
4426	38.1	-4.7	0.	
4427	38.1	-4.4	0.	
4428	38.1	-4.1	0.	
4429	38.1	-3.8	0.	
4430	38.1	-3.5	0.	
4431	38.1	-3.2	0.	
4432	38.1	-2.9	0.	
4433	38.1	-2.6	0.	
4434	38.1	-2.3	0.	
4435	38.417	-4.7	0.	
4436	38.417	-4.4	0.	
4437	38.417	-4.1	0.	
4438	38.417	-3.8	0.	
4439	38.417	-3.5	0.	
4440	38.417	-3.2	0.	
4441	38.417	-2.9	0.	
4442	38.417	-2.6	0.	
4443	38.417	-2.3	0.	
4444	38.733	-4.7	0.	
4445	38.733	-4.4	0.	
4446	38.733	-4.1	0.	
4447	38.733	-3.8	0.	
4448	38.733	-3.5	0.	
4449	38.733	-3.2	0.	
4450	38.733	-2.9	0.	
4451	38.733	-2.6	0.	
4452	38.733	-2.3	0.	
4453	39.05	-4.7	0.	
4454	39.05	-4.4	0.	
4455	39.05	-4.1	0.	
4456	39.05	-3.8	0.	
4457	39.05	-3.5	0.	
4458	39.05	-3.2	0.	
4459	39.05	-2.9	0.	
4460	39.05	-2.6	0.	
4461	39.05	-2.3	0.	
4462	39.367	-4.7	0.	
4463	39.367	-4.4	0.	
4464	39.367	-4.1	0.	
4465	39.367	-3.8	0.	
4466	39.367	-3.5	0.	
4467	39.367	-3.2	0.	
4468	39.367	-2.9	0.	
4469	39.367	-2.6	0.	
4470	39.367	-2.3	0.	
4471	39.683	-4.7	0.	
4472	39.683	-4.4	0.	
4473	39.683	-4.1	0.	
4474	39.683	-3.8	0.	
4475	39.683	-3.5	0.	
4476	39.683	-3.2	0.	
4477	39.683	-2.9	0.	
4478	39.683	-2.6	0.	
4479	39.683	-2.3	0.	
4480	40.	-2.3	0.	
4481	40.	-2.6	0.	
4482	40.	-2.9	0.	
4483	40.	-3.2	0.	
4484	40.	-3.5	0.	
4485	40.	-3.8	0.	
4486	40.	-4.1	0.	
4487	40.	-4.4	0.	
4488	40.	-4.7	0.	
4489	39.683	-5.	0.	
4490	39.367	-5.	0.	
4491	39.05	-5.	0.	
4492	38.733	-5.	0.	
4493	38.417	-5.	0.	
4494	38.1	-5.	0.	
4495	37.783	-5.	0.	
4496	37.467	-5.	0.	
4497	37.15	-5.	0.	
4498	36.833	-5.	0.	
4499	36.517	-5.	0.	
4500	36.2	-5.	0.	
4501	35.883	-5.	0.	
4502	35.567	-5.	0.	
4503	35.25	-5.	0.	
4504	34.933	-5.	0.	
4505	34.617	-5.	0.	
4506	34.3	-5.	0.	
4507	33.983	-5.	0.	
4508	33.667	-5.	0.	
4509	33.35	-5.	0.	
4510	33.033	-5.	0.	
4511	32.717	-5.	0.	
4512	32.4	-5.	0.	
4513	32.083	-5.	0.	
4514	31.767	-5.	0.	
4515	31.45	-5.	0.	
4516	31.133	-5.	0.	
4517	30.817	-5.	0.	
4518	30.5	-5.	0.	
4519	30.183	-5.	0.	
4520	29.867	-5.	0.	
4521	29.55	-5.	0.	
4522	29.233	-5.	0.	
4523	28.917	-5.	0.	
4524	28.6	-5.	0.	
4525	28.283	-5.	0.	
4526	27.967	-5.	0.	
4527	27.65	-5.	0.	
4528	27.333	-5.	0.	
4529	27.017	-5.	0.	
4530	26.7	-5.	0.	
4531	26.383	-5.	0.	
4532	26.067	-5.	0.	
4533	25.75	-5.	0.	
4534	25.433	-5.	0.	
4535	25.117	-5.	0.	
4536	24.8	-5.	0.	
4537	24.483	-5.	0.	
4538	24.167	-5.	0.	
4539	23.85	-5.	0.	
4540	23.533	-5.	0.	
4541	23.217	-5.	0.	
4542	22.9	-5.	0.	
4543	22.583	-5.	0.	
4544	22.267	-5.	0.	
4545	21.95	-5.	0.	
4546	21.633	-5.	0.	
4547	21.317	-5.	0.	
4548	21.	-5.	0.	
4549	20.683	-5.	0.	
4550	20.367	-5.	0.	
4551	20.05	-5.	0.	
4552	19.733	-5.	0.	
4553	19.417	-5.	0.	
4554	19.1	-5.	0.	
4555	18.783	-5.	0.	
4556	18.467	-5.	0.	
4557	18.15	-5.	0.	
4558	17.833	-5.	0.	
4559	17.517	-5.	0.	
4560	17.2	-5.	0.	
4561	16.883	-5.	0.	
4562	16.567	-5.	0.	
4563	16.25	-5.	0.	
4564	15.933	-5.	0.	
4565	15.617	-5.	0.	
4566	15.3	-5.	0.	
4567	14.983	-5.	0.	
4568	14.667	-5.	0.	
4569	14.35	-5.	0.	
4570	14.033	-5.	0.	
4571	13.717	-5.	0.	
4572	13.4	-5.	0.	
4573	13.083	-5.	0.	
4574	12.767	-5.	0.	
4575	12.45	-5.	0.	
4576	12.133	-5.	0.	
4577	11.817	-5.	0.	
4578	11.5	-5.	0.	
4579	11.183	-5.	0.	
4580	10.867	-5.	0.	
4581	10.55	-5.	0.	
4582	10.233	-5.	0.	
4583	9.9167	-5.	0.	
4584	9.6	-5.	0.	
4585	9.2833	-5.	0.	
4586	8.9667	-5.	0.	
4587	8.65	-5.	0.	
4588	8.3333	-5.	0.	
4589	8.0167	-5.	0.	
4590	7.7	-5.	0.	
4591	7.3833	-5.	0.	
4592	7.0667	-5.	0.	
4593	6.75	-5.	0.	
4594	6.4333	-5.	0.	
4595	6.1167	-5.	0.	
4596	5.8	-5.	0.	
4597	5.4833	-5.	0.	
4598	5.1667	-5.	0.	
4599	4.85	-5.	0.	
4600	4.5333	-5.	0.	
4601	4.2167	-5.	0.	
4602	3.9	-5.	0.	
4603	3.5833	-5.	0.	
4604	3.2667	-5.	0.	
4605	2.95	-5.	0.	
4606	2.6333	-5.	0.	
4607	2.3167	-5.	0.	
4608	39.683	-2.	0.	
4609	39.367	-2.	0.	
4610	39.05	-2.	0.	
4611	38.733	-2.	0.	
4612	38.417	-2.	0.	
4613	38.1	-2.	0.	
4614	37.783	-2.	0.	
4615	37.467	-2.	0.	
4616	37.15	-2.	0.	
4617	36.833	-2.	0.	
4618	36.517	-2.	0.	
4619	36.2	-2.	0.	
4620	35.883	-2.	0.	
4621	35.567	-2.	0.	
4622	35.25	-2.	0.	
4623	34.933	-2.	0.	
4624	34.617	-2.	0.	
4625	34.3	-2.	0.	
4626	33.983	-2.	0.	
4627	33.667	-2.	0.	
4628	33.35	-2.	0.	
4629	33.033	-2.	0.	
4630	32.717	-2.	0.	
4631	32.4	-2.	0.	
4632	32.083	-2.	0.	
4633	31.767	-2.	0.	
4634	31.45	-2.	0.	
4635	31.133	-2.	0.	
4636	30.817	-2.	0.	
4637	30.5	-2.	0.	
4638	30.183	-2.	0.	
4639	29.867	-2.	0.	
4640	29.55	-2.	0.	
4641	29.233	-2.	0.	
4642	28.917	-2.	0.	
4643	28.6	-2.	0.	
4644	28.283	-2.	0.	
4645	27.967	-2.	0.	
4646	27.65	-2.	0.	
4647	27.333	-2.	0.	
4648	27.017	-2.	0.	
4649	26.7	-2.	0.	
4650	26.383	-2.	0.	
4651	26.067	-2.	0.	
4652	25.75	-2.	0.	
4653	25.433	-2.	0.	
4654	25.117	-2.	0.	
4655	24.8	-2.	0.	
4656	24.483	-2.	0.	
4657	24.167	-2.	0.	
4658	23.85	-2.	0.	
4659	23.533	-2.	0.	
4660	23.217	-2.	0.	
4661	22.9	-2.	0.	
4662	22.583	-2.	0.	
4663	22.267	-2.	0.	
4664	21.95	-2.	0.	
4665	21.633	-2.	0.	
4666	21.317	-2.	0.	
4667	21.	-2.	0.	
4668	20.683	-2.	0.	
4669	20.367	-2.	0.	
4670	20.05	-2.	0.	
4671	19.733	-2.	0.	
4672	19.417	-2.	0.	
4673	19.1	-2.	0.	
4674	18.783	-2.	0.	
4675	18.467	-2.	0.	
4676	18.15	-2.	0.	
4677	17.833	-2.	0.	
4678	17.517	-2.	0.	
4679	17.2	-2.	0.	
4680	16.883	-2.	0.	
4681	16.567	-2.	0.	
4682	16.25	-2.	0.	
4683	15.933	-2.	0.	
4684	15.617	-2.	0.	
4685	15.3	-2.	0.	
4686	14.983	-2.	0.	
4687	14.667	-2.	0.	
4688	14.35	-2.	0.	
4689	14.033	-2.	0.	
4690	13.717	-2.	0.	
4691	13.4	-2.	0.	
4692	13.083	-2.	0.	
4693	12.767	-2.	0.	
4694	12.45	-2.	0.	
4695	12.133	-2.	0.	
4696	11.817	-2.	0.	
4697	11.5	-2.	0.	
4698	11.183	-2.	0.	
4699	10.867	-2.	0.	
4700	10.55	-2.	0.	
4701	10.233	-2.	0.	
4702	9.9167	-2.	0.	
4703	9.6	-2.	0.	
4704	9.2833	-2.	0.	
4705	8.9667	-2.	0.	
4706	8.65	-2.	0.	
4707	8.3333	-2.	0.	
4708	8.0167	-2.	0.	
4709	7.7	-2.	0.	
4710	7.3833	-2.	0.	
4711	7.0667	-2.	0.	
4712	6.75	-2.	0.	
4713	6.4333	-2.	0.	
4714	6.1167	-2.	0.	
4715	5.8	-2.	0.	
4716	5.4833	-2.	0.	
4717	5.1667	-2.	0.	
4718	4.85	-2.	0.	
4719	4.5333	-2.	0.	
4720	4.2167	-2.	0.	
4721	3.9	-2.	0.	
4722	3.5833	-2.	0.	
4723	3.2667	-2.	0.	
4724	2.95	-2.	0.	
4725	2.6333	-2.	0.	
4726	2.3167	-2.	0.	
4727	2.3167	-1.8667	0.	
4728	2.3167	-1.7333	0.	
4729	2.3167	-1.6	0.	
4730	2.3167	-1.4667	0.	
4731	2.3167	-1.3333	0.	
4732	2.3167	-1.2	0.	
4733	2.3167	-1.0667	0.	
4734	2.3167	-0.93333	0.	
4735	2.3167	-0.8	0.	
4736	2.3167	-0.66667	0.	
4737	2.3167	-0.53333	0.	
4738	2.3167	-0.4	0.	
4739	2.3167	-0.26667	0.	
4740	2.3167	-0.13333	0.	
4741	2.3167	2.2204e-016	0.	
4742	2.3167	0.13333	0.	
4743	2.3167	0.26667	0.	
4744	2.3167	0.4	0.	
4745	2.3167	0.53333	0.	
4746	2.3167	0.66667	0.	
4747	2.3167	0.8	0.	
4748	2.3167	0.93333	0.	
4749	2.3167	1.0667	0.	
4750	2.3167	1.2	0.	
4751	2.3167	1.3333	0.	
4752	2.3167	1.4667	0.	
4753	2.3167	1.6	0.	
4754	2.3167	1.7333	0.	
4755	2.3167	1.8667	0.	
4756	2.6333	-1.8667	0.	
4757	2.6333	-1.7333	0.	
4758	2.6333	-1.6	0.	
4759	2.6333	-1.4667	0.	
4760	2.6333	-1.3333	0.	
4761	2.6333	-1.2	0.	
4762	2.6333	-1.0667	0.	
4763	2.6333	-0.93333	0.	
4764	2.6333	-0.8	0.	
4765	2.6333	-0.66667	0.	
4766	2.6333	-0.53333	0.	
4767	2.6333	-0.4	0.	
4768	2.6333	-0.26667	0.	
4769	2.6333	-0.13333	0.	
4770	2.6333	2.2204e-016	0.	
4771	2.6333	0.13333	0.	
4772	2.6333	0.26667	0.	
4773	2.6333	0.4	0.	
4774	2.6333	0.53333	0.	
4775	2.6333	0.66667	0.	
4776	2.6333	0.8	0.	
4777	2.6333	0.93333	0.	
4778	2.6333	1.0667	0.	
4779	2.6333	1.2	0.	
4780	2.6333	1.3333	0.	
4781	2.6333	1.4667	0.	
4782	2.6333	1.6	0.	
4783	2.6333	1.7333	0.	
4784	2.6333	1.8667	0.	
4785	2.95	-1.8667	0.	
4786	2.95	-1.7333	0.	
4787	2.95	-1.6	0.	
4788	2.95	-1.4667	0.	
4789	2.95	-1.3333	0.	
4790	2.95	-1.2	0.	
4791	2.95	-1.0667	0.	
4792	2.95	-0.93333	0.	
4793	2.95	-0.8	0.	
4794	2.95	-0.66667	0.	
4795	2.95	-0.53333	0.	
4796	2.95	-0.4	0.	
4797	2.95	-0.26667	0.	
4798	2.95	-0.13333	0.	
4799	2.95	2.2204e-016	0.	
4800	2.95	0.13333	0.	
4801	2.95	0.26667	0.	
4802	2.95	0.4	0.	
4803	2.95	0.53333	0.	
4804	2.95	0.66667	0.	
4805	2.95	0.8	0.	
4806	2.95	0.93333	0.	
4807	2.95	1.0667	0.	
4808	2.95	1.2	0.	
4809	2.95	1.3333	0.	
4810	2.95	1.4667	0.	
4811	2.95	1.6	0.	
4812	2.95	1.7333	0.	
4813	2.95	1.8667	0.	
4814	3.2667	-1.8667	0.	
4815	3.2667	-1.7333	0.	
4816	3.2667	-1.6	0.	
4817	3.2667	-1.4667	0.	
4818	3.2667	-1.3333	0.	
4819	3.2667	-1.2	0.	
4820	3.2667	-1.0667	0.	
4821	3.2667	-0.93333	0.	
4822	3.2667	-0.8	0.	
4823	3.2667	-0.66667	0.	
4824	3.2667	-0.53333	0.	
4825	3.2667	-0.4	0.	
4826	3.2667	-0.26667	0.	
4827	3.2667	-0.13333	0.	
4828	3.2667	2.2204e-016	0.	
4829	3.2667	0.13333	0.	
4830	3.2667	0.26667	0.	
4831	3.2667	0.4	0.	
4832	3.2667	0.53333	0.	
4833	3.2667	0.66667	0.	
4834	3.2667	0.8	0.	
4835	3.2667	0.93333	0.	
4836	3.2667	1.0667	0.	
4837	3.2667	1.2	0.	
4838	3.2667	1.3333	0.	
4839	3.2667	1.4667	0.	
4840	3.2667	1.6	0.	
4841	3.2667	1.7333	0.	
4842	3.2667	1.8667	0.	
4843	3.5833	-1.8667	0.	
4844	3.5833	-1.7333	0.	
4845	3.5833	-1.6	0.	
4846	3.5833	-1.4667	0.	
4847	3.5833	-1.3333	0.	
4848	3.5833	-1.2	0.	
4849	3.5833	-1.0667	0.	
4850	3.5833	-0.93333	0.	
4851	3.5833	-0.8	0.	
4852	3.5833	-0.66667	0.	
4853	3.5833	-0.53333	0.	
4854	3.5833	-0.4	0.	
4855	3.5833	-0.26667	0.	
4856	3.5833	-0.13333	0.	
4857	3.5833	2.2204e-016	0.	
4858	3.5833	0.13333	0.	
4859	3.5833	0.26667	0.	
4860	3.5833	0.4	0.	
4861	3.5833	0.53333	0.	
4862	3.5833	0.66667	0.	
4863	3.5833	0.8	0.	
4864	3.5833	0.93333	0.	
4865	3.5833	1.0667	0.	
4866	3.5833	1.2	0.	
4867	3.5833	1.3333	0.	
4868	3.5833	1.4667	0.	
4869	3.5833	1.6	0.	
4870	3.5833	1.7333	0.	
4871	3.5833	1.8667	0.	
4872	3.9	-1.8667	0.	
4873	3.9	-1.7333	0.	
4874	3.9	-1.6	0.	
4875	3.9	-1.4667	0.	
4876	3.9	-1.3333	0.	
4877	3.9	-1.2	0.	
4878	3.9	-1.0667	0.	
4879	3.9	-0.93333	0.	
4880	3.9	-0.8	0.	
4881	3.9	-0.66667	0.	
4882	3.9	-0.53333	0.	
4883	3.9	-0.4	0.	
4884	3.9	-0.26667	0.	
4885	3.9	-0.13333	0.	
4886	3.9	2.2204e-016	0.	
4887	3.9	0.13333	0.	
4888	3.9	0.26667	0.	
4889	3.9	0.4	0.	
4890	3.9	0.53333	0.	
4891	3.9	0.66667	0.	
4892	3.9	0.8	0.	
4893	3.9	0.93333	0.	
4894	3.9	1.0667	0.	
4895	3.9	1.2	0.	
4896	3.9	1.3333	0.	
4897	3.9	1.4667	0.	
4898	3.9	1.6	0.	
4899	3.9	1.7333	0.	
4900	3.9	1.8667	0.	
4901	4.2167	-1.8667	0.	
4902	4.2167	-1.7333	0.	
4903	4.2167	-1.6	0.	
4904	4.2167	-1.4667	0.	
4905	4.2167	-1.3333	0.	
4906	4.2167	-1.2	0.	
4907	4.2167	-1.0667	0.	
4908	4.2167	-0.93333	0.	
4909	4.2167	-0.8	0.	
4910	4.2167	-0.66667	0.	
4911	4.2167	-0.53333	0.	
4912	4.2167	-0.4	0.	
4913	4.2167	-0.26667	0.	
4914	4.2167	-0.13333	0.	
4915	4.2167	2.2204e-016	0.	
4916	4.2167	0.13333	0.	
4917	4.2167	0.26667	0.	
4918	4.2167	0.4	0.	
4919	4.2167	0.53333	0.	
4920	4.2167	0.66667	0.	
4921	4.2167	0.8	0.	
4922	4.2167	0.93333	0.	
4923	4.2167	1.0667	0.	
4924	4.2167	1.2	0.	
4925	4.2167	1.3333	0.	
4926	4.2167	1.4667	0.	
4927	4.2167	1.6	0.	
4928	4.2167	1.7333	0.	
4929	4.2167	1.8667	0.	
4930	4.5333	-1.8667	0.	
4931	4.5333	-1.7333	0.	
4932	4.5333	-1.6	0.	
4933	4.5333	-1.4667	0.	
4934	4.5333	-1.3333	0.	
4935	4.5333	-1.2	0.	
4936	4.5333	-1.0667	0.	
4937	4.5333	-0.93333	0.	
4938	4.5333	-0.8	0.	
4939	4.5333	-0.66667	0.	
4940	4.5333	-0.53333	0.	
4941	4.5333	-0.4	0.	
4942	4.5333	-0.26667	0.	
4943	4.5333	-0.13333	0.	
4944	4.5333	2.2204e-016	0.	
4945	4.5333	0.13333	0.	
4946	4.5333	0.26667	0.	
4947	4.5333	0.4	0.	
4948	4.5333	0.53333	0.	
4949	4.5333	0.66667	0.	
4950	4.5333	0.8	0.	
4951	4.5333	0.93333	0.	
4952	4.5333	1.0667	0.	
4953	4.5333	1.2	0.	
4954	4.5333	1.3333	0.	
4955	4.5333	1.4667	0.	
4956	4.5333	1.6	0.	
4957	4.5333	1.7333	0.	
4958	4.5333	1.8667	0.	
4959	4.85	-1.8667	0.	
4960	4.85	-1.7333	0.	
4961	4.85	-1.6	0.	
4962	4.85	-1.4667	0.	
4963	4.85	-1.3333	0.	
4964	4.85	-1.2	0.	
4965	4.85	-1.0667	0.	
4966	4.85	-0.93333	0.	
4967	4.85	-0.8	0.	
4968	4.85	-0.66667	0.	
4969	4.85	-0.53333	0.	
4970	4.85	-0.4	0.	
4971	4.85	-0.26667	0.	
4972	4.85	-0.13333	0.	
4973	4.85	2.2204e-016	0.	
4974	4.85	0.13333	0.	
4975	4.85	0.26667	0.	
4976	4.85	0.4	0.	
4977	4.85	0.53333	0.	
4978	4.85	0.66667	0.	
4979	4.85	0.8	0.	
4980	4.85	0.93333	0.	
4981	4.85	1.0667	0.	
4982	4.85	1.2	0.	
4983	4.85	1.3333	0.	
4984	4.85	1.4667	0.	
4985	4.85	1.6	0.	
4986	4.85	1.7333	0.	
4987	4.85	1.8667	0.	
4988	5.1667	-1.8667	0.	
4989	5.1667	-1.7333	0.	
4990	5.1667	-1.6	0.	
4991	5.1667	-1.4667	0.	
4992	5.1667	-1.3333	0.	
4993	5.1667	-1.2	0.	
4994	5.1667	-1.0667	0.	
4995	5.1667	-0.93333	0.	
4996	5.1667	-0.8	0.	
4997	5.1667	-0.66667	0.	
4998	5.1667	-0.53333	0.	
4999	5.1667	-0.4	0.	
5000	5.1667	-0.26667	0.	
5001	5.1667	-0.13333	0.	
5002	5.1667	2.2204e-016	0.	
5003	5.1667	0.13333	0.	
5004	5.1667	0.26667	0.	
5005	5.1667	0.4	0.	
5006	5.1667	0.53333	0.	
5007	5.1667	0.66667	0.	
5008	5.1667	0.8	0.	
5009	5.1667	0.93333	0.	
5010	5.1667	1.0667	0.	
5011	5.1667	1.2	0.	
5012	5.1667	1.3333	0.	
5013	5.1667	1.4667	0.	
5014	5.1667	1.6	0.	
5015	5.1667	1.7333	0.	
5016	5.1667	1.8667	0.	
5017	5.4833	-1.8667	0.	
5018	5.4833	-1.7333	0.	
5019	5.4833	-1.6	0.	
5020	5.4833	-1.4667	0.	
5021	5.4833	-1.3333	0.	
5022	5.4833	-1.2	0.	
5023	5.4833	-1.0667	0.	
5024	5.4833	-0.93333	0.	
5025	5.4833	-0.8	0.	
5026	5.4833	-0.66667	0.	
5027	5.4833	-0.53333	0.	
5028	5.4833	-0.4	0.	
5029	5.4833	-0.26667	0.	
5030	5.4833	-0.13333	0.	
5031	5.4833	2.2204e-016	0.	
5032	5.4833	0.13333	0.	
5033	5.4833	0.26667	0.	
5034	5.4833	0.4	0.	
5035	5.4833	0.53333	0.	
5036	5.4833	0.66667	0.	
5037	5.4833	0.8	0.	
5038	5.4833	0.93333	0.	
5039	5.4833	1.0667	0.	
5040	5.4833	1.2	0.	
5041	5.4833	1.3333	0.	
5042	5.4833	1.4667	0.	
5043	5.4833	1.6	0.	
5044	5.4833	1.7333	0.	
5045	5.4833	1.8667	0.	
5046	5.8	-1.8667	0.	
5047	5.8	-1.7333	0.	
5048	5.8	-1.6	0.	
5049	5.8	-1.4667	0.	
5050	5.8	-1.3333	0.	
5051	5.8	-1.2	0.	
5052	5.8	-1.0667	0.	
5053	5.8	-0.93333	0.	
5054	5.8	-0.8	0.	
5055	5.8	-0.66667	0.	
5056	5.8	-0.53333	0.	
5057	5.8	-0.4	0.	
5058	5.8	-0.26667	0.	
5059	5.8	-0.13333	0.	
5060	5.8	2.2204e-016	0.	
5061	5.8	0.13333	0.	
5062	5.8	0.26667	0.	
5063	5.8	0.4	0.	
5064	5.8	0.53333	0.	
5065	5.8	0.66667	0.	
5066	5.8	0.8	0.	
5067	5.8	0.93333	0.	
5068	5.8	1.0667	0.	
5069	5.8	1.2	0.	
5070	5.8	1.3333	0.	
5071	5.8	1.4667	0.	
5072	5.8	1.6	0.	
5073	5.8	1.7333	0.	
5074	5.8	1.8667	0.	
5075	6.1167	-1.8667	0.	
5076	6.1167	-1.7333	0.	
5077	6.1167	-1.6	0.	
5078	6.1167	-1.4667	0.	
5079	6.1167	-1.3333	0.	
5080	6.1167	-1.2	0.	
5081	6.1167	-1.0667	0.	
5082	6.1167	-0.93333	0.	
5083	6.1167	-0.8	0.	
5084	6.1167	-0.66667	0.	
5085	6.1167	-0.53333	0.	
5086	6.1167	-0.4	0.	
5087	6.1167	-0.26667	0.	
5088	6.1167	-0.13333	0.	
5089	6.1167	2.2204e-016	0.	
5090	6.1167	0.13333	0.	
5091	6.1167	0.26667	0.	
5092	6.1167	0.4	0.	
5093	6.1167	0.53333	0.	
5094	6.1167	0.66667	0.	
5095	6.1167	0.8	0.	
5096	6.1167	0.93333	0.	
5097	6.1167	1.0667	0.	
5098	6.1167	1.2	0.	
5099	6.1167	1.3333	0.	
5100	6.1167	1.4667	0.	
5101	6.1167	1.6	0.	
5102	6.1167	1.7333	0.	
5103	6.1167	1.8667	0.	
5104	6.4333	-1.8667	0.	
5105	6.4333	-1.7333	0.	
5106	6.4333	-1.6	0.	
5107	6.4333	-1.4667	0.	
5108	6.4333	-1.3333	0.	
5109	6.4333	-1.2	0.	
5110	6.4333	-1.0667	0.	
5111	6.4333	-0.93333	0.	
5112	6.4333	-0.8	0.	
5113	6.4333	-0.66667	0.	
5114	6.4333	-0.53333	0.	
5115	6.4333	-0.4	0.	
5116	6.4333	-0.26667	0.	
5117	6.4333	-0.13333	0.	
5118	6.4333	2.2204e-016	0.	
5119	6.4333	0.13333	0.	
5120	6.4333	0.26667	0.	
5121	6.4333	0.4	0.	
5122	6.4333	0.53333	0.	
5123	6.4333	0.66667	0.	
5124	6.4333	0.8	0.	
5125	6.4333	0.93333	0.	
5126	6.4333	1.0667	0.	
5127	6.4333	1.2	0.	
5128	6.4333	1.3333	0.	
5129	6.4333	1.4667	0.	
5130	6.4333	1.6	0.	
5131	6.4333	1.7333	0.	
5132	6.4333	1.8667	0.	
5133	6.75	-1.8667	0.	
5134	6.75	-1.7333	0.	
5135	6.75	-1.6	0.	
5136	6.75	-1.4667	0.	
5137	6.75	-1.3333	0.	
5138	6.75	-1.2	0.	
5139	6.75	-1.0667	0.	
5140	6.75	-0.93333	0.	
5141	6.75	-0.8	0.	
5142	6.75	-0.66667	0.	
5143	6.75	-0.53333	0.	
5144	6.75	-0.4	0.	
5145	6.75	-0.26667	0.	
5146	6.75	-0.13333	0.	
5147	6.75	2.2204e-016	0.	
5148	6.75	0.13333	0.	
5149	6.75	0.26667	0.	
5150	6.75	0.4	0.	
5151	6.75	0.53333	0.	
5152	6.75	0.66667	0.	
5153	6.75	0.8	0.	
5154	6.75	0.93333	0.	
5155	6.75	1.0667	0.	
5156	6.75	1.2	0.	
5157	6.75	1.3333	0.	
5158	6.75	1.4667	0.	
5159	6.75	1.6	0.	
5160	6.75	1.7333	0.	
5161	6.75	1.8667	0.	
5162	7.0667	-1.8667	0.	
5163	7.0667	-1.7333	0.	
5164	7.0667	-1.6	0.	
5165	7.0667	-1.4667	0.	
5166	7.0667	-1.3333	0.	
5167	7.0667	-1.2	0.	
5168	7.0667	-1.0667	0.	
5169	7.0667	-0.93333	0.	
5170	7.0667	-0.8	0.	
5171	7.0667	-0.66667	0.	
5172	7.0667	-0.53333	0.	
5173	7.0667	-0.4	0.	
5174	7.0667	-0.26667	0.	
5175	7.0667	-0.13333	0.	
5176	7.0667	2.2204e-016	0.	
5177	7.0667	0.13333	0.	
5178	7.0667	0.26667	0.	
5179	7.0667	0.4	0.	
5180	7.0667	0.53333	0.	
5181	7.0667	0.66667	0.	
5182	7.0667	0.8	0.	
5183	7.0667	0.93333	0.	
5184	7.0667	1.0667	0.	
5185	7.0667	1.2	0.	
5186	7.0667	1.3333	0.	
5187	7.0667	1.4667	0.	
5188	7.0667	1.6	0.	
5189	7.0667	1.7333	0.	
5190	7.0667	1.8667	0.	
5191	7.3833	-1.8667	0.	
5192	7.3833	-1.7333	0.	
5193	7.3833	-1.6	0.	
5194	7.3833	-1.4667	0.	
5195	7.3833	-1.3333	0.	
5196	7.3833	-1.2	0.	
5197	7.3833	-1.0667	0.	
5198	7.3833	-0.93333	0.	
5199	7.3833	-0.8	0.	
5200	7.3833	-0.66667	0.	
5201	7.3833	-0.53333	0.	
5202	7.3833	-0.4	0.	
5203	7.3833	-0.26667	0.	
5204	7.3833	-0.13333	0.	
5205	7.3833	2.2204e-016	0.	
5206	7.3833	0.13333	0.	
5207	7.3833	0.26667	0.	
5208	7.3833	0.4	0.	
5209	7.3833	0.53333	0.	
5210	7.3833	0.66667	0.	
5211	7.3833	0.8	0.	
5212	7.3833	0.93333	0.	
5213	7.3833	1.0667	0.	
5214	7.3833	1.2	0.	
5215	7.3833	1.3333	0.	
5216	7.3833	1.4667	0.	
5217	7.3833	1.6	0.	
5218	7.3833	1.7333	0.	
5219	7.3833	1.8667	0.	
5220	7.7	-1.8667	0.	
5221	7.7	-1.7333	0.	
5222	7.7	-1.6	0.	
5223	7.7	-1.4667	0.	
5224	7.7	-1.3333	0.	
5225	7.7	-1.2	0.	
5226	7.7	-1.0667	0.	
5227	7.7	-0.93333	0.	
5228	7.7	-0.8	0.	
5229	7.7	-0.66667	0.	
5230	7.7	-0.53333	0.	
5231	7.7	-0.4	0.	
5232	7.7	-0.26667	0.	
5233	7.7	-0.13333	0.	
5234	7.7	2.2204e-016	0.	
5235	7.7	0.13333	0.	
5236	7.7	0.26667	0.	
5237	7.7	0.4	0.	
5238	7.7	0.53333	0.	
5239	7.7	0.66667	0.	
5240	7.7	0.8	0.	
5241	7.7	0.93333	0.	
5242	7.7	1.0667	0.	
5243	7.7	1.2	0.	
5244	7.7	1.3333	0.	
5245	7.7	1.4667	0.	
5246	7.7	1.6	0.	
5247	7.7	1.7333	0.	
5248	7.7	1.8667	0.	
5249	8.0167	-1.8667	0.	
5250	8.0167	-1.7333	0.	
5251	8.0167	-1.6	0.	
5252	8.0167	-1.4667	0.	
5253	8.0167	-1.3333	0.	
5254	8.0167	-1.2	0.	
5255	8.0167	-1.0667	0.	
5256	8.0167	-0.93333	0.	
5257	8.0167	-0.8	0.	
5258	8.0167	-0.66667	0.	
5259	8.0167	-0.53333	0.	
5260	8.0167	-0.4	0.	
5261	8.0167	-0.26667	0.	
5262	8.0167	-0.13333	0.	
5263	8.0167	2.2204e-016	0.	
5264	8.0167	0.13333	0.	
5265	8.0167	0.26667	0.	
5266	8.0167	0.4	0.	
5267	8.0167	0.53333	0.	
5268	8.0167	0.66667	0.	
5269	8.0167	0.8	0.	
5270	8.0167	0.93333	0.	
5271	8.0167	1.0667	0.	
5272	8.0167	1.2	0.	
5273	8.0167	1.3333	0.	
5274	8.0167	1.4667	0.	
5275	8.0167	1.6	0.	
5276	8.0167	1.7333	0.	
5277	8.0167	1.8667	0.	
5278	8.3333	-1.8667	0.	
5279	8.3333	-1.7333	0.	
5280	8.3333	-1.6	0.	
5281	8.3333	-1.4667	0.	
5282	8.3333	-1.3333	0.	
5283	8.3333	-1.2	0.	
5284	8.3333	-1.0667	0.	
5285	8.3333	-0.93333	0.	
5286	8.3333	-0.8	0.	
5287	8.3333	-0.66667	0.	
5288	8.3333	-0.53333	0.	
5289	8.3333	-0.4	0.	
5290	8.3333	-0.26667	0.	
5291	8.3333	-0.13333	0.	
5292	8.3333	2.2204e-016	0.	
5293	8.3333	0.13333	0.	
5294	8.3333	0.26667	0.	
5295	8.3333	0.4	0.	
5296	8.3333	0.53333	0.	
5297	8.3333	0.66667	0.	
5298	8.3333	0.8	0.	
5299	8.3333	0.93333	0.	
5300	8.3333	1.0667	0.	
5301	8.3333	1.2	0.	
5302	8.3333	1.3333	0.	
5303	8.3333	1.4667	0.	
5304	8.3333	1.6	0.	
5305	8.3333	1.7333	0.	
5306	8.3333	1.8667	0.	
5307	8.65	-1.8667	0.	
5308	8.65	-1.7333	0.	
5309	8.65	-1.6	0.	
5310	8.65	-1.4667	0.	
5311	8.65	-1.3333	0.	
5312	8.65	-1.2	0.	
5313	8.65	-1.0667	0.	
5314	8.65	-0.93333	0.	
5315	8.65	-0.8	0.	
5316	8.65	-0.66667	0.	
5317	8.65	-0.53333	0.	
5318	8.65	-0.4	0.	
5319	8.65	-0.26667	0.	
5320	8.65	-0.13333	0.	
5321	8.65	2.2204e-016	0.	
5322	8.65	0.13333	0.	
5323	8.65	0.26667	0.	
5324	8.65	0.4	0.	
5325	8.65	0.53333	0.	
5326	8.65	0.66667	0.	
5327	8.65	0.8	0.	
5328	8.65	0.93333	0.	
5329	8.65	1.0667	0.	
5330	8.65	1.2	0.	
5331	8.65	1.3333	0.	
5332	8.65	1.4667	0.	
5333	8.65	1.6	0.	
5334	8.65	1.7333	0.	
5335	8.65	1.8667	0.	
5336	8.9667	-1.8667	0.	
5337	8.9667	-1.7333	0.	
5338	8.9667	-1.6	0.	
5339	8.9667	-1.4667	0.	
5340	8.9667	-1.3333	0.	
5341	8.9667	-1.2	0.	
5342	8.9667	-1.0667	0.	
5343	8.9667	-0.93333	0.	
5344	8.9667	-0.8	0.	
5345	8.9667	-0.66667	0.	
5346	8.9667	-0.53333	0.	
5347	8.9667	-0.4	0.	
5348	8.9667	-0.26667	0.	
5349	8.9667	-0.13333	0.	
5350	8.9667	2.2204e-016	0.	
5351	8.9667	0.13333	0.	
5352	8.9667	0.26667	0.	
5353	8.9667	0.4	0.	
5354	8.9667	0.53333	0.	
5355	8.9667	0.66667	0.	
5356	8.9667	0.8	0.	
5357	8.9667	0.93333	0.	
5358	8.9667	1.0667	0.	
5359	8.9667	1.2	0.	
5360	8.9667	1.3333	0.	
5361	8.9667	1.4667	0.	
5362	8.9667	1.6	0.	
5363	8.9667	1.7333	0.	
5364	8.9667	1.8667	0.	
5365	9.2833	-1.8667	0.	
5366	9.2833	-1.7333	0.	
5367	9.2833	-1.6	0.	
5368	9.2833	-1.4667	0.	
5369	9.2833	-1.3333	0.	
5370	9.2833	-1.2	0.	
5371	9.2833	-1.0667	0.	
5372	9.2833	-0.93333	0.	
5373	9.2833	-0.8	0.	
5374	9.2833	-0.66667	0.	
5375	9.2833	-0.53333	0.	
5376	9.2833	-0.4	0.	
5377	9.2833	-0.26667	0.	
5378	9.2833	-0.13333	0.	
5379	9.2833	2.2204e-016	0.	
5380	9.2833	0.13333	0.	
5381	9.2833	0.26667	0.	
5382	9.2833	0.4	0.	
5383	9.2833	0.53333	0.	
5384	9.2833	0.66667	0.	
5385	9.2833	0.8	0.	
5386	9.2833	0.93333	0.	
5387	9.2833	1.0667	0.	
5388	9.2833	1.2	0.	
5389	9.2833	1.3333	0.	
5390	9.2833	1.4667	0.	
5391	9.2833	1.6	0.	
5392	9.2833	1.7333	0.	
5393	9.2833	1.8667	0.	
5394	9.6	-1.8667	0.	
5395	9.6	-1.7333	0.	
5396	9.6	-1.6	0.	
5397	9.6	-1.4667	0.	
5398	9.6	-1.3333	0.	
5399	9.6	-1.2	0.	
5400	9.6	-1.0667	0.	
5401	9.6	-0.93333	0.	
5402	9.6	-0.8	0.	
5403	9.6	-0.66667	0.	
5404	9.6	-0.53333	0.	
5405	9.6	-0.4	0.	
5406	9.6	-0.26667	0.	
5407	9.6	-0.13333	0.	
5408	9.6	2.2204e-016	0.	
5409	9.6	0.13333	0.	
5410	9.6	0.26667	0.	
5411	9.6	0.4	0.	
5412	9.6	0.53333	0.	
5413	9.6	0.66667	0.	
5414	9.6	0.8	0.	
5415	9.6	0.93333	0.	
5416	9.6	1.0667	0.	
5417	9.6	1.2	0.	
5418	9.6	1.3333	0.	
5419	9.6	1.4667	0.	
5420	9.6	1.6	0.	
5421	9.6	1.7333	0.	
5422	9.6	1.8667	0.	
5423	9.9167	-1.8667	0.	
5424	9.9167	-1.7333	0.	
5425	9.9167	-1.6	0.	
5426	9.9167	-1.4667	0.	
5427	9.9167	-1.3333	0.	
5428	9.9167	-1.2	0.	
5429	9.9167	-1.0667	0.	
5430	9.9167	-0.93333	0.	
5431	9.9167	-0.8	0.	
5432	9.9167	-0.66667	0.	
5433	9.9167	-0.53333	0.	
5434	9.9167	-0.4	0.	
5435	9.9167	-0.26667	0.	
5436	9.9167	-0.13333	0.	
5437	9.9167	2.2204e-016	0.	
5438	9.9167	0.13333	0.	
5439	9.9167	0.26667	0.	
5440	9.9167	0.4	0.	
5441	9.9167	0.53333	0.	
5442	9.9167	0.66667	0.	
5443	9.9167	0.8	0.	
5444	9.9167	0.93333	0.	
5445	9.9167	1.0667	0.	
5446	9.9167	1.2	0.	
5447	9.9167	1.3333	0.	
5448	9.9167	1.4667	0.	
5449	9.9167	1.6	0.	
5450	9.9167	1.7333	0.	
5451	9.9167	1.8667	0.	
5452	10.233	-1.8667	0.	
5453	10.233	-1.7333	0.	
5454	10.233	-1.6	0.	
5455	10.233	-1.4667	0.	
5456	10.233	-1.3333	0.	
5457	10.233	-1.2	0.	
5458	10.233	-1.0667	0.	
5459	10.233	-0.93333	0.	
5460	10.233	-0.8	0.	
5461	10.233	-0.66667	0.	
5462	10.233	-0.53333	0.	
5463	10.233	-0.4	0.	
5464	10.233	-0.26667	0.	
5465	10.233	-0.13333	0.	
5466	10.233	2.2204e-016	0.	
5467	10.233	0.13333	0.	
5468	10.233	0.26667	0.	
5469	10.233	0.4	0.	
5470	10.233	0.53333	0.	
5471	10.233	0.66667	0.	
5472	10.233	0.8	0.	
5473	10.233	0.93333	0.	
5474	10.233	1.0667	0.	
5475	10.233	1.2	0.	
5476	10.233	1.3333	0.	
5477	10.233	1.4667	0.	
5478	10.233	1.6	0.	
5479	10.233	1.7333	0.	
5480	10.233	1.8667	0.	
5481	10.55	-1.8667	0.	
5482	10.55	-1.7333	0.	
5483	10.55	-1.6	0.	
5484	10.55	-1.4667	0.	
5485	10.55	-1.3333	0.	
5486	10.55	-1.2	0.	
5487	10.55	-1.0667	0.	
5488	10.55	-0.93333	0.	
5489	10.55	-0.8	0.	
5490	10.55	-0.66667	0.	
5491	10.55	-0.53333	0.	
5492	10.55	-0.4	0.	
5493	10.55	-0.26667	0.	
5494	10.55	-0.13333	0.	
5495	10.55	2.2204e-016	0.	
5496	10.55	0.13333	0.	
5497	10.55	0.26667	0.	
5498	10.55	0.4	0.	
5499	10.55	0.53333	0.	
5500	10.55	0.66667	0.	
5501	10.55	0.8	0.	
5502	10.55	0.93333	0.	
5503	10.55	1.0667	0.	
5504	10.55	1.2	0.	
5505	10.55	1.3333	0.	
5506	10.55	1.4667	0.	
5507	10.55	1.6	0.	
5508	10.55	1.7333	0.	
5509	10.55	1.8667	0.	
5510	10.867	-1.8667	0.	
5511	10.867	-1.7333	0.	
5512	10.867	-1.6	0.	
5513	10.867	-1.4667	0.	
5514	10.867	-1.3333	0.	
5515	10.867	-1.2	0.	
5516	10.867	-1.0667	0.	
5517	10.867	-0.93333	0.	
5518	10.867	-0.8	0.	
5519	10.867	-0.66667	0.	
5520	10.867	-0.53333	0.	
5521	10.867	-0.4	0.	
5522	10.867	-0.26667	0.	
5523	10.867	-0.13333	0.	
5524	10.867	2.2204e-016	0.	
5525	10.867	0.13333	0.	
5526	10.867	0.26667	0.	
5527	10.867	0.4	0.	
5528	10.867	0.53333	0.	
5529	10.867	0.66667	0.	
5530	10.867	0.8	0.	
5531	10.867	0.93333	0.	
5532	10.867	1.0667	0.	
5533	10.867	1.2	0.	
5534	10.867	1.3333	0.	
5535	10.867	1.4667	0.	
5536	10.867	1.6	0.	
5537	10.867	1.7333	0.	
5538	10.867	1.8667	0.	
5539	11.183	-1.8667	0.	
5540	11.183	-1.7333	0.	
5541	11.183	-1.6	0.	
5542	11.183	-1.4667	0.	
5543	11.183	-1.3333	0.	
5544	11.183	-1.2	0.	
5545	11.183	-1.0667	0.	
5546	11.183	-0.93333	0.	
5547	11.183	-0.8	0.	
5548	11.183	-0.66667	0.	
5549	11.183	-0.53333	0.	
5550	11.183	-0.4	0.	
5551	11.183	-0.26667	0.	
5552	11.183	-0.13333	0.	
5553	11.183	2.2204e-016	0.	
5554	11.183	0.13333	0.	
5555	11.183	0.26667	0.	
5556	11.183	0.4	0.	
5557	11.183	0.53333	0.	
5558	11.183	0.66667	0.	
5559	11.183	0.8	0.	
5560	11.183	0.93333	0.	
5561	11.183	1.0667	0.	
5562	11.183	1.2	0.	
5563	11.183	1.3333	0.	
5564	11.183	1.4667	0.	
5565	11.183	1.6	0.	
5566	11.183	1.7333	0.	
5567	11.183	1.8667	0.	
5568	11.5	-1.8667	0.	
5569	11.5	-1.7333	0.	
5570	11.5	-1.6	0.	
5571	11.5	-1.4667	0.	
5572	11.5	-1.3333	0.	
5573	11.5	-1.2	0.	
5574	11.5	-1.0667	0.	
5575	11.5	-0.93333	0.	
5576	11.5	-0.8	0.	
5577	11.5	-0.66667	0.	
5578	11.5	-0.53333	0.	
5579	11.5	-0.4	0.	
5580	11.5	-0.26667	0.	
5581	11.5	-0.13333	0.	
5582	11.5	2.2204e-016	0.	
5583	11.5	0.13333	0.	
5584	11.5	0.26667	0.	
5585	11.5	0.4	0.	
5586	11.5	0.53333	0.	
5587	11.5	0.66667	0.	
5588	11.5	0.8	0.	
5589	11.5	0.93333	0.	
5590	11.5	1.0667	0.	
5591	11.5	1.2	0.	
5592	11.5	1.3333	0.	
5593	11.5	1.4667	0.	
5594	11.5	1.6	0.	
5595	11.5	1.7333	0.	
5596	11.5	1.8667	0.	
5597	11.817	-1.8667	0.	
5598	11.817	-1.7333	0.	
5599	11.817	-1.6	0.	
5600	11.817	-1.4667	0.	
5601	11.817	-1.3333	0.	
5602	11.817	-1.2	0.	
5603	11.817	-1.0667	0.	
5604	11.817	-0.93333	0.	
5605	11.817	-0.8	0.	
5606	11.817	-0.66667	0.	
5607	11.817	-0.53333	0.	
5608	11.817	-0.4	0.	
5609	11.817	-0.26667	0.	
5610	11.817	-0.13333	0.	
5611	11.817	2.2204e-016	0.	
5612	11.817	0.13333	0.	
5613	11.817	0.26667	0.	
5614	11.817	0.4	0.	
5615	11.817	0.53333	0.	
5616	11.817	0.66667	0.	
5617	11.817	0.8	0.	
5618	11.817	0.93333	0.	
5619	11.817	1.0667	0.	
5620	11.817	1.2	0.	
5621	11.817	1.3333	0.	
5622	11.817	1.4667	0.	
5623	11.817	1.6	0.	
5624	11.817	1.7333	0.	
5625	11.817	1.8667	0.	
5626	12.133	-1.8667	0.	
5627	12.133	-1.7333	0.	
5628	12.133	-1.6	0.	
5629	12.133	-1.4667	0.	
5630	12.133	-1.3333	0.	
5631	12.133	-1.2	0.	
5632	12.133	-1.0667	0.	
5633	12.133	-0.93333	0.	
5634	12.133	-0.8	0.	
5635	12.133	-0.66667	0.	
5636	12.133	-0.53333	0.	
5637	12.133	-0.4	0.	
5638	12.133	-0.26667	0.	
5639	12.133	-0.13333	0.	
5640	12.133	2.2204e-016	0.	
5641	12.133	0.13333	0.	
5642	12.133	0.26667	0.	
5643	12.133	0.4	0.	
5644	12.133	0.53333	0.	
5645	12.133	0.66667	0.	
5646	12.133	0.8	0.	
5647	12.133	0.93333	0.	
5648	12.133	1.0667	0.	
5649	12.133	1.2	0.	
5650	12.133	1.3333	0.	
5651	12.133	1.4667	0.	
5652	12.133	1.6	0.	
5653	12.133	1.7333	0.	
5654	12.133	1.8667	0.	
5655	12.45	-1.8667	0.	
5656	12.45	-1.7333	0.	
5657	12.45	-1.6	0.	
5658	12.45	-1.4667	0.	
5659	12.45	-1.3333	0.	
5660	12.45	-1.2	0.	
5661	12.45	-1.0667	0.	
5662	12.45	-0.93333	0.	
5663	12.45	-0.8	0.	
5664	12.45	-0.66667	0.	
5665	12.45	-0.53333	0.	
5666	12.45	-0.4	0.	
5667	12.45	-0.26667	0.	
5668	12.45	-0.13333	0.	
5669	12.45	2.2204e-016	0.	
5670	12.45	0.13333	0.	
5671	12.45	0.26667	0.	
5672	12.45	0.4	0.	
5673	12.45	0.53333	0.	
5674	12.45	0.66667	0.	
5675	12.45	0.8	0.	
5676	12.45	0.93333	0.	
5677	12.45	1.0667	0.	
5678	12.45	1.2	0.	
5679	12.45	1.3333	0.	
5680	12.45	1.4667	0.	
5681	12.45	1.6	0.	
5682	12.45	1.7333	0.	
5683	12.45	1.8667	0.	
5684	12.767	-1.8667	0.	
5685	12.767	-1.7333	0.	
5686	12.767	-1.6	0.	
5687	12.767	-1.4667	0.	
5688	12.767	-1.3333	0.	
5689	12.767	-1.2	0.	
5690	12.767	-1.0667	0.	
5691	12.767	-0.93333	0.	
5692	12.767	-0.8	0.	
5693	12.767	-0.66667	0.	
5694	12.767	-0.53333	0.	
5695	12.767	-0.4	0.	
5696	12.767	-0.26667	0.	
5697	12.767	-0.13333	0.	
5698	12.767	2.2204e-016	0.	
5699	12.767	0.13333	0.	
5700	12.767	0.26667	0.	
5701	12.767	0.4	0.	
5702	12.767	0.53333	0.	
5703	12.767	0.66667	0.	
5704	12.767	0.8	0.	
5705	12.767	0.93333	0.	
5706	12.767	1.0667	0.	
5707	12.767	1.2	0.	
5708	12.767	1.3333	0.	
5709	12.767	1.4667	0.	
5710	12.767	1.6	0.	
5711	12.767	1.7333	0.	
5712	12.767	1.8667	0.	
5713	13.083	-1.8667	0.	
5714	13.083	-1.7333	0.	
5715	13.083	-1.6	0.	
5716	13.083	-1.4667	0.	
5717	13.083	-1.3333	0.	
5718	13.083	-1.2	0.	
5719	13.083	-1.0667	0.	
5720	13.083	-0.93333	0.	
5721	13.083	-0.8	0.	
5722	13.083	-0.66667	0.	
5723	13.083	-0.53333	0.	
5724	13.083	-0.4	0.	
5725	13.083	-0.26667	0.	
5726	13.083	-0.13333	0.	
5727	13.083	2.2204e-016	0.	
5728	13.083	0.13333	0.	
5729	13.083	0.26667	0.	
5730	13.083	0.4	0.	
5731	13.083	0.53333	0.	
5732	13.083	0.66667	0.	
5733	13.083	0.8	0.	
5734	13.083	0.93333	0.	
5735	13.083	1.0667	0.	
5736	13.083	1.2	0.	
5737	13.083	1.3333	0.	
5738	13.083	1.4667	0.	
5739	13.083	1.6	0.	
5740	13.083	1.7333	0.	
5741	13.083	1.8667	0.	
5742	13.4	-1.8667	0.	
5743	13.4	-1.7333	0.	
5744	13.4	-1.6	0.	
5745	13.4	-1.4667	0.	
5746	13.4	-1.3333	0.	
5747	13.4	-1.2	0.	
5748	13.4	-1.0667	0.	
5749	13.4	-0.93333	0.	
5750	13.4	-0.8	0.	
5751	13.4	-0.66667	0.	
5752	13.4	-0.53333	0.	
5753	13.4	-0.4	0.	
5754	13.4	-0.26667	0.	
5755	13.4	-0.13333	0.	
5756	13.4	2.2204e-016	0.	
5757	13.4	0.13333	0.	
5758	13.4	0.26667	0.	
5759	13.4	0.4	0.	
5760	13.4	0.53333	0.	
5761	13.4	0.66667	0.	
5762	13.4	0.8	0.	
5763	13.4	0.93333	0.	
5764	13.4	1.0667	0.	
5765	13.4	1.2	0.	
5766	13.4	1.3333	0.	
5767	13.4	1.4667	0.	
5768	13.4	1.6	0.	
5769	13.4	1.7333	0.	
5770	13.4	1.8667	0.	
5771	13.717	-1.8667	0.	
5772	13.717	-1.7333	0.	
5773	13.717	-1.6	0.	
5774	13.717	-1.4667	0.	
5775	13.717	-1.3333	0.	
5776	13.717	-1.2	0.	
5777	13.717	-1.0667	0.	
5778	13.717	-0.93333	0.	
5779	13.717	-0.8	0.	
5780	13.717	-0.66667	0.	
5781	13.717	-0.53333	0.	
5782	13.717	-0.4	0.	
5783	13.717	-0.26667	0.	
5784	13.717	-0.13333	0.	
5785	13.717	2.2204e-016	0.	
5786	13.717	0.13333	0.	
5787	13.717	0.26667	0.	
5788	13.717	0.4	0.	
5789	13.717	0.53333	0.	
5790	13.717	0.66667	0.	
5791	13.717	0.8	0.	
5792	13.717	0.93333	0.	
5793	13.717	1.0667	0.	
5794	13.717	1.2	0.	
5795	13.717	1.3333	0.	
5796	13.717	1.4667	0.	
5797	13.717	1.6	0.	
5798	13.717	1.7333	0.	
5799	13.717	1.8667	0.	
5800	14.033	-1.8667	0.	
5801	14.033	-1.7333	0.	
5802	14.033	-1.6	0.	
5803	14.033	-1.4667	0.	
5804	14.033	-1.3333	0.	
5805	14.033	-1.2	0.	
5806	14.033	-1.0667	0.	
5807	14.033	-0.93333	0.	
5808	14.033	-0.8	0.	
5809	14.033	-0.66667	0.	
5810	14.033	-0.53333	0.	
5811	14.033	-0.4	0.	
5812	14.033	-0.26667	0.	
5813	14.033	-0.13333	0.	
5814	14.033	2.2204e-016	0.	
5815	14.033	0.13333	0.	
5816	14.033	0.26667	0.	
5817	14.033	0.4	0.	
5818	14.033	0.53333	0.	
5819	14.033	0.66667	0.	
5820	14.033	0.8	0.	
5821	14.033	0.93333	0.	
5822	14.033	1.0667	0.	
5823	14.033	1.2	0.	
5824	14.033	1.3333	0.	
5825	14.033	1.4667	0.	
5826	14.033	1.6	0.	
5827	14.033	1.7333	0.	
5828	14.033	1.8667	0.	
5829	14.35	-1.8667	0.	
5830	14.35	-1.7333	0.	
5831	14.35	-1.6	0.	
5832	14.35	-1.4667	0.	
5833	14.35	-1.3333	0.	
5834	14.35	-1.2	0.	
5835	14.35	-1.0667	0.	
5836	14.35	-0.93333	0.	
5837	14.35	-0.8	0.	
5838	14.35	-0.66667	0.	
5839	14.35	-0.53333	0.	
5840	14.35	-0.4	0.	
5841	14.35	-0.26667	0.	
5842	14.35	-0.13333	0.	
5843	14.35	2.2204e-016	0.	
5844	14.35	0.13333	0.	
5845	14.35	0.26667	0.	
5846	14.35	0.4	0.	
5847	14.35	0.53333	0.	
5848	14.35	0.66667	0.	
5849	14.35	0.8	0.	
5850	14.35	0.93333	0.	
5851	14.35	1.0667	0.	
5852	14.35	1.2	0.	
5853	14.35	1.3333	0.	
5854	14.35	1.4667	0.	
5855	14.35	1.6	0.	
5856	14.35	1.7333	0.	
5857	14.35	1.8667	0.	
5858	14.667	-1.8667	0.	
5859	14.667	-1.7333	0.	
5860	14.667	-1.6	0.	
5861	14.667	-1.4667	0.	
5862	14.667	-1.3333	0.	
5863	14.667	-1.2	0.	
5864	14.667	-1.0667	0.	
5865	14.667	-0.93333	0.	
5866	14.667	-0.8	0.	
5867	14.667	-0.66667	0.	
5868	14.667	-0.53333	0.	
5869	14.667	-0.4	0.	
5870	14.667	-0.26667	0.	
5871	14.667	-0.13333	0.	
5872	14.667	2.2204e-016	0.	
5873	14.667	0.13333	0.	
5874	14.667	0.26667	0.	
5875	14.667	0.4	0.	
5876	14.667	0.53333	0.	
5877	14.667	0.66667	0.	
5878	14.667	0.8	0.	
5879	14.667	0.93333	0.	
5880	14.667	1.0667	0.	
5881	14.667	1.2	0.	
5882	14.667	1.3333	0.	
5883	14.667	1.4667	0.	
5884	14.667	1.6	0.	
5885	14.667	1.7333	0.	
5886	14.667	1.8667	0.	
5887	14.983	-1.8667	0.	
5888	14.983	-1.7333	0.	
5889	14.983	-1.6	0.	
5890	14.983	-1.4667	0.	
5891	14.983	-1.3333	0.	
5892	14.983	-1.2	0.	
5893	14.983	-1.0667	0.	
5894	14.983	-0.93333	0.	
5895	14.983	-0.8	0.	
5896	14.983	-0.66667	0.	
5897	14.983	-0.53333	0.	
5898	14.983	-0.4	0.	
5899	14.983	-0.26667	0.	
5900	14.983	-0.13333	0.	
5901	14.983	2.2204e-016	0.	
5902	14.983	0.13333	0.	
5903	14.983	0.26667	0.	
5904	14.983	0.4	0.	
5905	14.983	0.53333	0.	
5906	14.983	0.66667	0.	
5907	14.983	0.8	0.	
5908	14.983	0.93333	0.	
5909	14.983	1.0667	0.	
5910	14.983	1.2	0.	
5911	14.983	1.3333	0.	
5912	14.983	1.4667	0.	
5913	14.983	1.6	0.	
5914	14.983	1.7333	0.	
5915	14.983	1.8667	0.	
5916	15.3	-1.8667	0.	
5917	15.3	-1.7333	0.	
5918	15.3	-1.6	0.	
5919	15.3	-1.4667	0.	
5920	15.3	-1.3333	0.	
5921	15.3	-1.2	0.	
5922	15.3	-1.0667	0.	
5923	15.3	-0.93333	0.	
5924	15.3	-0.8	0.	
5925	15.3	-0.66667	0.	
5926	15.3	-0.53333	0.	
5927	15.3	-0.4	0.	
5928	15.3	-0.26667	0.	
5929	15.3	-0.13333	0.	
5930	15.3	2.2204e-016	0.	
5931	15.3	0.13333	0.	
5932	15.3	0.26667	0.	
5933	15.3	0.4	0.	
5934	15.3	0.53333	0.	
5935	15.3	0.66667	0.	
5936	15.3	0.8	0.	
5937	15.3	0.93333	0.	
5938	15.3	1.0667	0.	
5939	15.3	1.2	0.	
5940	15.3	1.3333	0.	
5941	15.3	1.4667	0.	
5942	15.3	1.6	0.	
5943	15.3	1.7333	0.	
5944	15.3	1.8667	0.	
5945	15.617	-1.8667	0.	
5946	15.617	-1.7333	0.	
5947	15.617	-1.6	0.	
5948	15.617	-1.4667	0.	
5949	15.617	-1.3333	0.	
5950	15.617	-1.2	0.	
5951	15.617	-1.0667	0.	
5952	15.617	-0.93333	0.	
5953	15.617	-0.8	0.	
5954	15.617	-0.66667	0.	
5955	15.617	-0.53333	0.	
5956	15.617	-0.4	0.	
5957	15.617	-0.26667	0.	
5958	15.617	-0.13333	0.	
5959	15.617	2.2204e-016	0.	
5960	15.617	0.13333	0.	
5961	15.617	0.26667	0.	
5962	15.617	0.4	0.	
5963	15.617	0.53333	0.	
5964	15.617	0.66667	0.	
5965	15.617	0.8	0.	
5966	15.617	0.93333	0.	
5967	15.617	1.0667	0.	
5968	15.617	1.2	0.	
5969	15.617	1.3333	0.	
5970	15.617	1.4667	0.	
5971	15.617	1.6	0.	
5972	15.617	1.7333	0.	
5973	15.617	1.8667	0.	
5974	15.933	-1.8667	0.	
5975	15.933	-1.7333	0.	
5976	15.933	-1.6	0.	
5977	15.933	-1.4667	0.	
5978	15.933	-1.3333	0.	
5979	15.933	-1.2	0.	
5980	15.933	-1.0667	0.	
5981	15.933	-0.93333	0.	
5982	15.933	-0.8	0.	
5983	15.933	-0.66667	0.	
5984	15.933	-0.53333	0.	
5985	15.933	-0.4	0.	
5986	15.933	-0.26667	0.	
5987	15.933	-0.13333	0.	
5988	15.933	2.2204e-016	0.	
5989	15.933	0.13333	0.	
5990	15.933	0.26667	0.	
5991	15.933	0.4	0.	
5992	15.933	0.53333	0.	
5993	15.933	0.66667	0.	
5994	15.933	0.8	0.	
5995	15.933	0.93333	0.	
5996	15.933	1.0667	0.	
5997	15.933	1.2	0.	
5998	15.933	1.3333	0.	
5999	15.933	1.4667	0.	
6000	15.933	1.6	0.	
6001	15.933	1.7333	0.	
6002	15.933	1.8667	0.	
6003	16.25	-1.8667	0.	
6004	16.25	-1.7333	0.	
6005	16.25	-1.6	0.	
6006	16.25	-1.4667	0.	
6007	16.25	-1.3333	0.	
6008	16.25	-1.2	0.	
6009	16.25	-1.0667	0.	
6010	16.25	-0.93333	0.	
6011	16.25	-0.8	0.	
6012	16.25	-0.66667	0.	
6013	16.25	-0.53333	0.	
6014	16.25	-0.4	0.	
6015	16.25	-0.26667	0.	
6016	16.25	-0.13333	0.	
6017	16.25	2.2204e-016	0.	
6018	16.25	0.13333	0.	
6019	16.25	0.26667	0.	
6020	16.25	0.4	0.	
6021	16.25	0.53333	0.	
6022	16.25	0.66667	0.	
6023	16.25	0.8	0.	
6024	16.25	0.93333	0.	
6025	16.25	1.0667	0.	
6026	16.25	1.2	0.	
6027	16.25	1.3333	0.	
6028	16.25	1.4667	0.	
6029	16.25	1.6	0.	
6030	16.25	1.7333	0.	
6031	16.25	1.8667	0.	
6032	16.567	-1.8667	0.	
6033	16.567	-1.7333	0.	
6034	16.567	-1.6	0.	
6035	16.567	-1.4667	0.	
6036	16.567	-1.3333	0.	
6037	16.567	-1.2	0.	
6038	16.567	-1.0667	0.	
6039	16.567	-0.93333	0.	
6040	16.567	-0.8	0.	
6041	16.567	-0.66667	0.	
6042	16.567	-0.53333	0.	
6043	16.567	-0.4	0.	
6044	16.567	-0.26667	0.	
6045	16.567	-0.13333	0.	
6046	16.567	2.2204e-016	0.	
6047	16.567	0.13333	0.	
6048	16.567	0.26667	0.	
6049	16.567	0.4	0.	
6050	16.567	0.53333	0.	
6051	16.567	0.66667	0.	
6052	16.567	0.8	0.	
6053	16.567	0.93333	0.	
6054	16.567	1.0667	0.	
6055	16.567	1.2	0.	
6056	16.567	1.3333	0.	
6057	16.567	1.4667	0.	
6058	16.567	1.6	0.	
6059	16.567	1.7333	0.	
6060	16.567	1.8667	0.	
6061	16.883	-1.8667	0.	
6062	16.883	-1.7333	0.	
6063	16.883	-1.6	0.	
6064	16.883	-1.4667	0.	
6065	16.883	-1.3333	0.	
6066	16.883	-1.2	0.	
6067	16.883	-1.0667	0.	
6068	16.883	-0.93333	0.	
6069	16.883	-0.8	0.	
6070	16.883	-0.66667	0.	
6071	16.883	-0.53333	0.	
6072	16.883	-0.4	0.	
6073	16.883	-0.26667	0.	
6074	16.883	-0.13333	0.	
6075	16.883	2.2204e-016	0.	
6076	16.883	0.13333	0.	
6077	16.883	0.26667	0.	
6078	16.883	0.4	0.	
6079	16.883	0.53333	0.	
6080	16.883	0.66667	0.	
6081	16.883	0.8	0.	
6082	16.883	0.93333	0.	
6083	16.883	1.0667	0.	
6084	16.883	1.2	0.	
6085	16.883	1.3333	0.	
6086	16.883	1.4667	0.	
6087	16.883	1.6	0.	
6088	16.883	1.7333	0.	
6089	16.883	1.8667	0.	
6090	17.2	-1.8667	0.	
6091	17.2	-1.7333	0.	
6092	17.2	-1.6	0.	
6093	17.2	-1.4667	0.	
6094	17.2	-1.3333	0.	
6095	17.2	-1.2	0.	
6096	17.2	-1.0667	0.	
6097	17.2	-0.93333	0.	
6098	17.2	-0.8	0.	
6099	17.2	-0.66667	0.	
6100	17.2	-0.53333	0.	
6101	17.2	-0.4	0.	
6102	17.2	-0.26667	0.	
6103	17.2	-0.13333	0.	
6104	17.2	2.2204e-016	0.	
6105	17.2	0.13333	0.	
6106	17.2	0.26667	0.	
6107	17.2	0.4	0.	
6108	17.2	0.53333	0.	
6109	17.2	0.66667	0.	
6110	17.2	0.8	0.	
6111	17.2	0.93333	0.	
6112	17.2	1.0667	0.	
6113	17.2	1.2	0.	
6114	17.2	1.3333	0.	
6115	17.2	1.4667	0.	
6116	17.2	1.6	0.	
6117	17.2	1.7333	0.	
6118	17.2	1.8667	0.	
6119	17.517	-1.8667	0.	
6120	17.517	-1.7333	0.	
6121	17.517	-1.6	0.	
6122	17.517	-1.4667	0.	
6123	17.517	-1.3333	0.	
6124	17.517	-1.2	0.	
6125	17.517	-1.0667	0.	
6126	17.517	-0.93333	0.	
6127	17.517	-0.8	0.	
6128	17.517	-0.66667	0.	
6129	17.517	-0.53333	0.	
6130	17.517	-0.4	0.	
6131	17.517	-0.26667	0.	
6132	17.517	-0.13333	0.	
6133	17.517	2.2204e-016	0.	
6134	17.517	0.13333	0.	
6135	17.517	0.26667	0.	
6136	17.517	0.4	0.	
6137	17.517	0.53333	0.	
6138	17.517	0.66667	0.	
6139	17.517	0.8	0.	
6140	17.517	0.93333	0.	
6141	17.517	1.0667	0.	
6142	17.517	1.2	0.	
6143	17.517	1.3333	0.	
6144	17.517	1.4667	0.	
6145	17.517	1.6	0.	
6146	17.517	1.7333	0.	
6147	17.517	1.8667	0.	
6148	17.833	-1.8667	0.	
6149	17.833	-1.7333	0.	
6150	17.833	-1.6	0.	
6151	17.833	-1.4667	0.	
6152	17.833	-1.3333	0.	
6153	17.833	-1.2	0.	
6154	17.833	-1.0667	0.	
6155	17.833	-0.93333	0.	
6156	17.833	-0.8	0.	
6157	17.833	-0.66667	0.	
6158	17.833	-0.53333	0.	
6159	17.833	-0.4	0.	
6160	17.833	-0.26667	0.	
6161	17.833	-0.13333	0.	
6162	17.833	2.2204e-016	0.	
6163	17.833	0.13333	0.	
6164	17.833	0.26667	0.	
6165	17.833	0.4	0.	
6166	17.833	0.53333	0.	
6167	17.833	0.66667	0.	
6168	17.833	0.8	0.	
6169	17.833	0.93333	0.	
6170	17.833	1.0667	0.	
6171	17.833	1.2	0.	
6172	17.833	1.3333	0.	
6173	17.833	1.4667	0.	
6174	17.833	1.6	0.	
6175	17.833	1.7333	0.	
6176	17.833	1.8667	0.	
6177	18.15	-1.8667	0.	
6178	18.15	-1.7333	0.	
6179	18.15	-1.6	0.	
6180	18.15	-1.4667	0.	
6181	18.15	-1.3333	0.	
6182	18.15	-1.2	0.	
6183	18.15	-1.0667	0.	
6184	18.15	-0.93333	0.	
6185	18.15	-0.8	0.	
6186	18.15	-0.66667	0.	
6187	18.15	-0.53333	0.	
6188	18.15	-0.4	0.	
6189	18.15	-0.26667	0.	
6190	18.15	-0.13333	0.	
6191	18.15	2.2204e-016	0.	
6192	18.15	0.13333	0.	
6193	18.15	0.26667	0.	
6194	18.15	0.4	0.	
6195	18.15	0.53333	0.	
6196	18.15	0.66667	0.	
6197	18.15	0.8	0.	
6198	18.15	0.93333	0.	
6199	18.15	1.0667	0.	
6200	18.15	1.2	0.	
6201	18.15	1.3333	0.	
6202	18.15	1.4667	0.	
6203	18.15	1.6	0.	
6204	18.15	1.7333	0.	
6205	18.15	1.8667	0.	
6206	18.467	-1.8667	0.	
6207	18.467	-1.7333	0.	
6208	18.467	-1.6	0.	
6209	18.467	-1.4667	0.	
6210	18.467	-1.3333	0.	
6211	18.467	-1.2	0.	
6212	18.467	-1.0667	0.	
6213	18.467	-0.93333	0.	
6214	18.467	-0.8	0.	
6215	18.467	-0.66667	0.	
6216	18.467	-0.53333	0.	
6217	18.467	-0.4	0.	
6218	18.467	-0.26667	0.	
6219	18.467	-0.13333	0.	
6220	18.467	2.2204e-016	0.	
6221	18.467	0.13333	0.	
6222	18.467	0.26667	0.	
6223	18.467	0.4	0.	
6224	18.467	0.53333	0.	
6225	18.467	0.66667	0.	
6226	18.467	0.8	0.	
6227	18.467	0.93333	0.	
6228	18.467	1.0667	0.	
6229	18.467	1.2	0.	
6230	18.467	1.3333	0.	
6231	18.467	1.4667	0.	
6232	18.467	1.6	0.	
6233	18.467	1.7333	0.	
6234	18.467	1.8667	0.	
6235	18.783	-1.8667	0.	
6236	18.783	-1.7333	0.	
6237	18.783	-1.6	0.	
6238	18.783	-1.4667	0.	
6239	18.783	-1.3333	0.	
6240	18.783	-1.2	0.	
6241	18.783	-1.0667	0.	
6242	18.783	-0.93333	0.	
6243	18.783	-0.8	0.	
6244	18.783	-0.66667	0.	
6245	18.783	-0.53333	0.	
6246	18.783	-0.4	0.	
6247	18.783	-0.26667	0.	
6248	18.783	-0.13333	0.	
6249	18.783	2.2204e-016	0.	
6250	18.783	0.13333	0.	
6251	18.783	0.26667	0.	
6252	18.783	0.4	0.	
6253	18.783	0.53333	0.	
6254	18.783	0.66667	0.	
6255	18.783	0.8	0.	
6256	18.783	0.93333	0.	
6257	18.783	1.0667	0.	
6258	18.783	1.2	0.	
6259	18.783	1.3333	0.	
6260	18.783	1.4667	0.	
6261	18.783	1.6	0.	
6262	18.783	1.7333	0.	
6263	18.783	1.8667	0.	
6264	19.1	-1.8667	0.	
6265	19.1	-1.7333	0.	
6266	19.1	-1.6	0.	
6267	19.1	-1.4667	0.	
6268	19.1	-1.3333	0.	
6269	19.1	-1.2	0.	
6270	19.1	-1.0667	0.	
6271	19.1	-0.93333	0.	
6272	19.1	-0.8	0.	
6273	19.1	-0.66667	0.	
6274	19.1	-0.53333	0.	
6275	19.1	-0.4	0.	
6276	19.1	-0.26667	0.	
6277	19.1	-0.13333	0.	
6278	19.1	2.2204e-016	0.	
6279	19.1	0.13333	0.	
6280	19.1	0.26667	0.	
6281	19.1	0.4	0.	
6282	19.1	0.53333	0.	
6283	19.1	0.66667	0.	
6284	19.1	0.8	0.	
6285	19.1	0.93333	0.	
6286	19.1	1.0667	0.	
6287	19.1	1.2	0.	
6288	19.1	1.3333	0.	
6289	19.1	1.4667	0.	
6290	19.1	1.6	0.	
6291	19.1	1.7333	0.	
6292	19.1	1.8667	0.	
6293	19.417	-1.8667	0.	
6294	19.417	-1.7333	0.	
6295	19.417	-1.6	0.	
6296	19.417	-1.4667	0.	
6297	19.417	-1.3333	0.	
6298	19.417	-1.2	0.	
6299	19.417	-1.0667	0.	
6300	19.417	-0.93333	0.	
6301	19.417	-0.8	0.	
6302	19.417	-0.66667	0.	
6303	19.417	-0.53333	0.	
6304	19.417	-0.4	0.	
6305	19.417	-0.26667	0.	
6306	19.417	-0.13333	0.	
6307	19.417	2.2204e-016	0.	
6308	19.417	0.13333	0.	
6309	19.417	0.26667	0.	
6310	19.417	0.4	0.	
6311	19.417	0.53333	0.	
6312	19.417	0.66667	0.	
6313	19.417	0.8	0.	
6314	19.417	0.93333	0.	
6315	19.417	1.0667	0.	
6316	19.417	1.2	0.	
6317	19.417	1.3333	0.	
6318	19.417	1.4667	0.	
6319	19.417	1.6	0.	
6320	19.417	1.7333	0.	
6321	19.417	1.8667	0.	
6322	19.733	-1.8667	0.	
6323	19.733	-1.7333	0.	
6324	19.733	-1.6	0.	
6325	19.733	-1.4667	0.	
6326	19.733	-1.3333	0.	
6327	19.733	-1.2	0.	
6328	19.733	-1.0667	0.	
6329	19.733	-0.93333	0.	
6330	19.733	-0.8	0.	
6331	19.733	-0.66667	0.	
6332	19.733	-0.53333	0.	
6333	19.733	-0.4	0.	
6334	19.733	-0.26667	0.	
6335	19.733	-0.13333	0.	
6336	19.733	2.2204e-016	0.	
6337	19.733	0.13333	0.	
6338	19.733	0.26667	0.	
6339	19.733	0.4	0.	
6340	19.733	0.53333	0.	
6341	19.733	0.66667	0.	
6342	19.733	0.8	0.	
6343	19.733	0.93333	0.	
6344	19.733	1.0667	0.	
6345	19.733	1.2	0.	
6346	19.733	1.3333	0.	
6347	19.733	1.4667	0.	
6348	19.733	1.6	0.	
6349	19.733	1.7333	0.	
6350	19.733	1.8667	0.	
6351	20.05	-1.8667	0.	
6352	20.05	-1.7333	0.	
6353	20.05	-1.6	0.	
6354	20.05	-1.4667	0.	
6355	20.05	-1.3333	0.	
6356	20.05	-1.2	0.	
6357	20.05	-1.0667	0.	
6358	20.05	-0.93333	0.	
6359	20.05	-0.8	0.	
6360	20.05	-0.66667	0.	
6361	20.05	-0.53333	0.	
6362	20.05	-0.4	0.	
6363	20.05	-0.26667	0.	
6364	20.05	-0.13333	0.	
6365	20.05	2.2204e-016	0.	
6366	20.05	0.13333	0.	
6367	20.05	0.26667	0.	
6368	20.05	0.4	0.	
6369	20.05	0.53333	0.	
6370	20.05	0.66667	0.	
6371	20.05	0.8	0.	
6372	20.05	0.93333	0.	
6373	20.05	1.0667	0.	
6374	20.05	1.2	0.	
6375	20.05	1.3333	0.	
6376	20.05	1.4667	0.	
6377	20.05	1.6	0.	
6378	20.05	1.7333	0.	
6379	20.05	1.8667	0.	
6380	20.367	-1.8667	0.	
6381	20.367	-1.7333	0.	
6382	20.367	-1.6	0.	
6383	20.367	-1.4667	0.	
6384	20.367	-1.3333	0.	
6385	20.367	-1.2	0.	
6386	20.367	-1.0667	0.	
6387	20.367	-0.93333	0.	
6388	20.367	-0.8	0.	
6389	20.367	-0.66667	0.	
6390	20.367	-0.53333	0.	
6391	20.367	-0.4	0.	
6392	20.367	-0.26667	0.	
6393	20.367	-0.13333	0.	
6394	20.367	2.2204e-016	0.	
6395	20.367	0.13333	0.	
6396	20.367	0.26667	0.	
6397	20.367	0.4	0.	
6398	20.367	0.53333	0.	
6399	20.367	0.66667	0.	
6400	20.367	0.8	0.	
6401	20.367	0.93333	0.	
6402	20.367	1.0667	0.	
6403	20.367	1.2	0.	
6404	20.367	1.3333	0.	
6405	20.367	1.4667	0.	
6406	20.367	1.6	0.	
6407	20.367	1.7333	0.	
6408	20.367	1.8667	0.	
6409	20.683	-1.8667	0.	
6410	20.683	-1.7333	0.	
6411	20.683	-1.6	0.	
6412	20.683	-1.4667	0.	
6413	20.683	-1.3333	0.	
6414	20.683	-1.2	0.	
6415	20.683	-1.0667	0.	
6416	20.683	-0.93333	0.	
6417	20.683	-0.8	0.	
6418	20.683	-0.66667	0.	
6419	20.683	-0.53333	0.	
6420	20.683	-0.4	0.	
6421	20.683	-0.26667	0.	
6422	20.683	-0.13333	0.	
6423	20.683	2.2204e-016	0.	
6424	20.683	0.13333	0.	
6425	20.683	0.26667	0.	
6426	20.683	0.4	0.	
6427	20.683	0.53333	0.	
6428	20.683	0.66667	0.	
6429	20.683	0.8	0.	
6430	20.683	0.93333	0.	
6431	20.683	1.0667	0.	
6432	20.683	1.2	0.	
6433	20.683	1.3333	0.	
6434	20.683	1.4667	0.	
6435	20.683	1.6	0.	
6436	20.683	1.7333	0.	
6437	20.683	1.8667	0.	
6438	21.	-1.8667	0.	
6439	21.	-1.7333	0.	
6440	21.	-1.6	0.	
6441	21.	-1.4667	0.	
6442	21.	-1.3333	0.	
6443	21.	-1.2	0.	
6444	21.	-1.0667	0.	
6445	21.	-0.93333	0.	
6446	21.	-0.8	0.	
6447	21.	-0.66667	0.	
6448	21.	-0.53333	0.	
6449	21.	-0.4	0.	
6450	21.	-0.26667	0.	
6451	21.	-0.13333	0.	
6452	21.	2.2204e-016	0.	
6453	21.	0.13333	0.	
6454	21.	0.26667	0.	
6455	21.	0.4	0.	
6456	21.	0.53333	0.	
6457	21.	0.66667	0.	
6458	21.	0.8	0.	
6459	21.	0.93333	0.	
6460	21.	1.0667	0.	
6461	21.	1.2	0.	
6462	21.	1.3333	0.	
6463	21.	1.4667	0.	
6464	21.	1.6	0.	
6465	21.	1.7333	0.	
6466	21.	1.8667	0.	
6467	21.317	-1.8667	0.	
6468	21.317	-1.7333	0.	
6469	21.317	-1.6	0.	
6470	21.317	-1.4667	0.	
6471	21.317	-1.3333	0.	
6472	21.317	-1.2	0.	
6473	21.317	-1.0667	0.	
6474	21.317	-0.93333	0.	
6475	21.317	-0.8	0.	
6476	21.317	-0.66667	0.	
6477	21.317	-0.53333	0.	
6478	21.317	-0.4	0.	
6479	21.317	-0.26667	0.	
6480	21.317	-0.13333	0.	
6481	21.317	2.2204e-016	0.	
6482	21.317	0.13333	0.	
6483	21.317	0.26667	0.	
6484	21.317	0.4	0.	
6485	21.317	0.53333	0.	
6486	21.317	0.66667	0.	
6487	21.317	0.8	0.	
6488	21.317	0.93333	0.	
6489	21.317	1.0667	0.	
6490	21.317	1.2	0.	
6491	21.317	1.3333	0.	
6492	21.317	1.4667	0.	
6493	21.317	1.6	0.	
6494	21.317	1.7333	0.	
6495	21.317	1.8667	0.	
6496	21.633	-1.8667	0.	
6497	21.633	-1.7333	0.	
6498	21.633	-1.6	0.	
6499	21.633	-1.4667	0.	
6500	21.633	-1.3333	0.	
6501	21.633	-1.2	0.	
6502	21.633	-1.0667	0.	
6503	21.633	-0.93333	0.	
6504	21.633	-0.8	0.	
6505	21.633	-0.66667	0.	
6506	21.633	-0.53333	0.	
6507	21.633	-0.4	0.	
6508	21.633	-0.26667	0.	
6509	21.633	-0.13333	0.	
6510	21.633	2.2204e-016	0.	
6511	21.633	0.13333	0.	
6512	21.633	0.26667	0.	
6513	21.633	0.4	0.	
6514	21.633	0.53333	0.	
6515	21.633	0.66667	0.	
6516	21.633	0.8	0.	
6517	21.633	0.93333	0.	
6518	21.633	1.0667	0.	
6519	21.633	1.2	0.	
6520	21.633	1.3333	0.	
6521	21.633	1.4667	0.	
6522	21.633	1.6	0.	
6523	21.633	1.7333	0.	
6524	21.633	1.8667	0.	
6525	21.95	-1.8667	0.	
6526	21.95	-1.7333	0.	
6527	21.95	-1.6	0.	
6528	21.95	-1.4667	0.	
6529	21.95	-1.3333	0.	
6530	21.95	-1.2	0.	
6531	21.95	-1.0667	0.	
6532	21.95	-0.93333	0.	
6533	21.95	-0.8	0.	
6534	21.95	-0.66667	0.	
6535	21.95	-0.53333	0.	
6536	21.95	-0.4	0.	
6537	21.95	-0.26667	0.	
6538	21.95	-0.13333	0.	
6539	21.95	2.2204e-016	0.	
6540	21.95	0.13333	0.	
6541	21.95	0.26667	0.	
6542	21.95	0.4	0.	
6543	21.95	0.53333	0.	
6544	21.95	0.66667	0.	
6545	21.95	0.8	0.	
6546	21.95	0.93333	0.	
6547	21.95	1.0667	0.	
6548	21.95	1.2	0.	
6549	21.95	1.3333	0.	
6550	21.95	1.4667	0.	
6551	21.95	1.6	0.	
6552	21.95	1.7333	0.	
6553	21.95	1.8667	0.	
6554	22.267	-1.8667	0.	
6555	22.267	-1.7333	0.	
6556	22.267	-1.6	0.	
6557	22.267	-1.4667	0.	
6558	22.267	-1.3333	0.	
6559	22.267	-1.2	0.	
6560	22.267	-1.0667	0.	
6561	22.267	-0.93333	0.	
6562	22.267	-0.8	0.	
6563	22.267	-0.66667	0.	
6564	22.267	-0.53333	0.	
6565	22.267	-0.4	0.	
6566	22.267	-0.26667	0.	
6567	22.267	-0.13333	0.	
6568	22.267	2.2204e-016	0.	
6569	22.267	0.13333	0.	
6570	22.267	0.26667	0.	
6571	22.267	0.4	0.	
6572	22.267	0.53333	0.	
6573	22.267	0.66667	0.	
6574	22.267	0.8	0.	
6575	22.267	0.93333	0.	
6576	22.267	1.0667	0.	
6577	22.267	1.2	0.	
6578	22.267	1.3333	0.	
6579	22.267	1.4667	0.	
6580	22.267	1.6	0.	
6581	22.267	1.7333	0.	
6582	22.267	1.8667	0.	
6583	22.583	-1.8667	0.	
6584	22.583	-1.7333	0.	
6585	22.583	-1.6	0.	
6586	22.583	-1.4667	0.	
6587	22.583	-1.3333	0.	
6588	22.583	-1.2	0.	
6589	22.583	-1.0667	0.	
6590	22.583	-0.93333	0.	
6591	22.583	-0.8	0.	
6592	22.583	-0.66667	0.	
6593	22.583	-0.53333	0.	
6594	22.583	-0.4	0.	
6595	22.583	-0.26667	0.	
6596	22.583	-0.13333	0.	
6597	22.583	2.2204e-016	0.	
6598	22.583	0.13333	0.	
6599	22.583	0.26667	0.	
6600	22.583	0.4	0.	
6601	22.583	0.53333	0.	
6602	22.583	0.66667	0.	
6603	22.583	0.8	0.	
6604	22.583	0.93333	0.	
6605	22.583	1.0667	0.	
6606	22.583	1.2	0.	
6607	22.583	1.3333	0.	
6608	22.583	1.4667	0.	
6609	22.583	1.6	0.	
6610	22.583	1.7333	0.	
6611	22.583	1.8667	0.	
6612	22.9	-1.8667	0.	
6613	22.9	-1.7333	0.	
6614	22.9	-1.6	0.	
6615	22.9	-1.4667	0.	
6616	22.9	-1.3333	0.	
6617	22.9	-1.2	0.	
6618	22.9	-1.0667	0.	
6619	22.9	-0.93333	0.	
6620	22.9	-0.8	0.	
6621	22.9	-0.66667	0.	
6622	22.9	-0.53333	0.	
6623	22.9	-0.4	0.	
6624	22.9	-0.26667	0.	
6625	22.9	-0.13333	0.	
6626	22.9	2.2204e-016	0.	
6627	22.9	0.13333	0.	
6628	22.9	0.26667	0.	
6629	22.9	0.4	0.	
6630	22.9	0.53333	0.	
6631	22.9	0.66667	0.	
6632	22.9	0.8	0.	
6633	22.9	0.93333	0.	
6634	22.9	1.0667	0.	
6635	22.9	1.2	0.	
6636	22.9	1.3333	0.	
6637	22.9	1.4667	0.	
6638	22.9	1.6	0.	
6639	22.9	1.7333	0.	
6640	22.9	1.8667	0.	
6641	23.217	-1.8667	0.	
6642	23.217	-1.7333	0.	
6643	23.217	-1.6	0.	
6644	23.217	-1.4667	0.	
6645	23.217	-1.3333	0.	
6646	23.217	-1.2	0.	
6647	23.217	-1.0667	0.	
6648	23.217	-0.93333	0.	
6649	23.217	-0.8	0.	
6650	23.217	-0.66667	0.	
6651	23.217	-0.53333	0.	
6652	23.217	-0.4	0.	
6653	23.217	-0.26667	0.	
6654	23.217	-0.13333	0.	
6655	23.217	2.2204e-016	0.	
6656	23.217	0.13333	0.	
6657	23.217	0.26667	0.	
6658	23.217	0.4	0.	
6659	23.217	0.53333	0.	
6660	23.217	0.66667	0.	
6661	23.217	0.8	0.	
6662	23.217	0.93333	0.	
6663	23.217	1.0667	0.	
6664	23.217	1.2	0.	
6665	23.217	1.3333	0.	
6666	23.217	1.4667	0.	
6667	23.217	1.6	0.	
6668	23.217	1.7333	0.	
6669	23.217	1.8667	0.	
6670	23.533	-1.8667	0.	
6671	23.533	-1.7333	0.	
6672	23.533	-1.6	0.	
6673	23.533	-1.4667	0.	
6674	23.533	-1.3333	0.	
6675	23.533	-1.2	0.	
6676	23.533	-1.0667	0.	
6677	23.533	-0.93333	0.	
6678	23.533	-0.8	0.	
6679	23.533	-0.66667	0.	
6680	23.533	-0.53333	0.	
6681	23.533	-0.4	0.	
6682	23.533	-0.26667	0.	
6683	23.533	-0.13333	0.	
6684	23.533	2.2204e-016	0.	
6685	23.533	0.13333	0.	
6686	23.533	0.26667	0.	
6687	23.533	0.4	0.	
6688	23.533	0.53333	0.	
6689	23.533	0.66667	0.	
6690	23.533	0.8	0.	
6691	23.533	0.93333	0.	
6692	23.533	1.0667	0.	
6693	23.533	1.2	0.	
6694	23.533	1.3333	0.	
6695	23.533	1.4667	0.	
6696	23.533	1.6	0.	
6697	23.533	1.7333	0.	
6698	23.533	1.8667	0.	
6699	23.85	-1.8667	0.	
6700	23.85	-1.7333	0.	
6701	23.85	-1.6	0.	
6702	23.85	-1.4667	0.	
6703	23.85	-1.3333	0.	
6704	23.85	-1.2	0.	
6705	23.85	-1.0667	0.	
6706	23.85	-0.93333	0.	
6707	23.85	-0.8	0.	
6708	23.85	-0.66667	0.	
6709	23.85	-0.53333	0.	
6710	23.85	-0.4	0.	
6711	23.85	-0.26667	0.	
6712	23.85	-0.13333	0.	
6713	23.85	2.2204e-016	0.	
6714	23.85	0.13333	0.	
6715	23.85	0.26667	0.	
6716	23.85	0.4	0.	
6717	23.85	0.53333	0.	
6718	23.85	0.66667	0.	
6719	23.85	0.8	0.	
6720	23.85	0.93333	0.	
6721	23.85	1.0667	0.	
6722	23.85	1.2	0.	
6723	23.85	1.3333	0.	
6724	23.85	1.4667	0.	
6725	23.85	1.6	0.	
6726	23.85	1.7333	0.	
6727	23.85	1.8667	0.	
6728	24.167	-1.8667	0.	
6729	24.167	-1.7333	0.	
6730	24.167	-1.6	0.	
6731	24.167	-1.4667	0.	
6732	24.167	-1.3333	0.	
6733	24.167	-1.2	0.	
6734	24.167	-1.0667	0.	
6735	24.167	-0.93333	0.	
6736	24.167	-0.8	0.	
6737	24.167	-0.66667	0.	
6738	24.167	-0.53333	0.	
6739	24.167	-0.4	0.	
6740	24.167	-0.26667	0.	
6741	24.167	-0.13333	0.	
6742	24.167	2.2204e-016	0.	
6743	24.167	0.13333	0.	
6744	24.167	0.26667	0.	
6745	24.167	0.4	0.	
6746	24.167	0.53333	0.	
6747	24.167	0.66667	0.	
6748	24.167	0.8	0.	
6749	24.167	0.93333	0.	
6750	24.167	1.0667	0.	
6751	24.167	1.2	0.	
6752	24.167	1.3333	0.	
6753	24.167	1.4667	0.	
6754	24.167	1.6	0.	
6755	24.167	1.7333	0.	
6756	24.167	1.8667	0.	
6757	24.483	-1.8667	0.	
6758	24.483	-1.7333	0.	
6759	24.483	-1.6	0.	
6760	24.483	-1.4667	0.	
6761	24.483	-1.3333	0.	
6762	24.483	-1.2	0.	
6763	24.483	-1.0667	0.	
6764	24.483	-0.93333	0.	
6765	24.483	-0.8	0.	
6766	24.483	-0.66667	0.	
6767	24.483	-0.53333	0.	
6768	24.483	-0.4	0.	
6769	24.483	-0.26667	0.	
6770	24.483	-0.13333	0.	
6771	24.483	2.2204e-016	0.	
6772	24.483	0.13333	0.	
6773	24.483	0.26667	0.	
6774	24.483	0.4	0.	
6775	24.483	0.53333	0.	
6776	24.483	0.66667	0.	
6777	24.483	0.8	0.	
6778	24.483	0.93333	0.	
6779	24.483	1.0667	0.	
6780	24.483	1.2	0.	
6781	24.483	1.3333	0.	
6782	24.483	1.4667	0.	
6783	24.483	1.6	0.	
6784	24.483	1.7333	0.	
6785	24.483	1.8667	0.	
6786	24.8	-1.8667	0.	
6787	24.8	-1.7333	0.	
6788	24.8	-1.6	0.	
6789	24.8	-1.4667	0.	
6790	24.8	-1.3333	0.	
6791	24.8	-1.2	0.	
6792	24.8	-1.0667	0.	
6793	24.8	-0.93333	0.	
6794	24.8	-0.8	0.	
6795	24.8	-0.66667	0.	
6796	24.8	-0.53333	0.	
6797	24.8	-0.4	0.	
6798	24.8	-0.26667	0.	
6799	24.8	-0.13333	0.	
6800	24.8	2.2204e-016	0.	
6801	24.8	0.13333	0.	
6802	24.8	0.26667	0.	
6803	24.8	0.4	0.	
6804	24.8	0.53333	0.	
6805	24.8	0.66667	0.	
6806	24.8	0.8	0.	
6807	24.8	0.93333	0.	
6808	24.8	1.0667	0.	
6809	24.8	1.2	0.	
6810	24.8	1.3333	0.	
6811	24.8	1.4667	0.	
6812	24.8	1.6	0.	
6813	24.8	1.7333	0.	
6814	24.8	1.8667	0.	
6815	25.117	-1.8667	0.	
6816	25.117	-1.7333	0.	
6817	25.117	-1.6	0.	
6818	25.117	-1.4667	0.	
6819	25.117	-1.3333	0.	
6820	25.117	-1.2	0.	
6821	25.117	-1.0667	0.	
6822	25.117	-0.93333	0.	
6823	25.117	-0.8	0.	
6824	25.117	-0.66667	0.	
6825	25.117	-0.53333	0.	
6826	25.117	-0.4	0.	
6827	25.117	-0.26667	0.	
6828	25.117	-0.13333	0.	
6829	25.117	2.2204e-016	0.	
6830	25.117	0.13333	0.	
6831	25.117	0.26667	0.	
6832	25.117	0.4	0.	
6833	25.117	0.53333	0.	
6834	25.117	0.66667	0.	
6835	25.117	0.8	0.	
6836	25.117	0.93333	0.	
6837	25.117	1.0667	0.	
6838	25.117	1.2	0.	
6839	25.117	1.3333	0.	
6840	25.117	1.4667	0.	
6841	25.117	1.6	0.	
6842	25.117	1.7333	0.	
6843	25.117	1.8667	0.	
6844	25.433	-1.8667	0.	
6845	25.433	-1.7333	0.	
6846	25.433	-1.6	0.	
6847	25.433	-1.4667	0.	
6848	25.433	-1.3333	0.	
6849	25.433	-1.2	0.	
6850	25.433	-1.0667	0.	
6851	25.433	-0.93333	0.	
6852	25.433	-0.8	0.	
6853	25.433	-0.66667	0.	
6854	25.433	-0.53333	0.	
6855	25.433	-0.4	0.	
6856	25.433	-0.26667	0.	
6857	25.433	-0.13333	0.	
6858	25.433	2.2204e-016	0.	
6859	25.433	0.13333	0.	
6860	25.433	0.26667	0.	
6861	25.433	0.4	0.	
6862	25.433	0.53333	0.	
6863	25.433	0.66667	0.	
6864	25.433	0.8	0.	
6865	25.433	0.93333	0.	
6866	25.433	1.0667	0.	
6867	25.433	1.2	0.	
6868	25.433	1.3333	0.	
6869	25.433	1.4667	0.	
6870	25.433	1.6	0.	
6871	25.433	1.7333	0.	
6872	25.433	1.8667	0.	
6873	25.75	-1.8667	0.	
6874	25.75	-1.7333	0.	
6875	25.75	-1.6	0.	
6876	25.75	-1.4667	0.	
6877	25.75	-1.3333	0.	
6878	25.75	-1.2	0.	
6879	25.75	-1.0667	0.	
6880	25.75	-0.93333	0.	
6881	25.75	-0.8	0.	
6882	25.75	-0.66667	0.	
6883	25.75	-0.53333	0.	
6884	25.75	-0.4	0.	
6885	25.75	-0.26667	0.	
6886	25.75	-0.13333	0.	
6887	25.75	2.2204e-016	0.	
6888	25.75	0.13333	0.	
6889	25.75	0.26667	0.	
6890	25.75	0.4	0.	
6891	25.75	0.53333	0.	
6892	25.75	0.66667	0.	
6893	25.75	0.8	0.	
6894	25.75	0.93333	0.	
6895	25.75	1.0667	0.	
6896	25.75	1.2	0.	
6897	25.75	1.3333	0.	
6898	25.75	1.4667	0.	
6899	25.75	1.6	0.	
6900	25.75	1.7333	0.	
6901	25.75	1.8667	0.	
6902	26.067	-1.8667	0.	
6903	26.067	-1.7333	0.	
6904	26.067	-1.6	0.	
6905	26.067	-1.4667	0.	
6906	26.067	-1.3333	0.	
6907	26.067	-1.2	0.	
6908	26.067	-1.0667	0.	
6909	26.067	-0.93333	0.	
6910	26.067	-0.8	0.	
6911	26.067	-0.66667	0.	
6912	26.067	-0.53333	0.	
6913	26.067	-0.4	0.	
6914	26.067	-0.26667	0.	
6915	26.067	-0.13333	0.	
6916	26.067	2.2204e-016	0.	
6917	26.067	0.13333	0.	
6918	26.067	0.26667	0.	
6919	26.067	0.4	0.	
6920	26.067	0.53333	0.	
6921	26.067	0.66667	0.	
6922	26.067	0.8	0.	
6923	26.067	0.93333	0.	
6924	26.067	1.0667	0.	
6925	26.067	1.2	0.	
6926	26.067	1.3333	0.	
6927	26.067	1.4667	0.	
6928	26.067	1.6	0.	
6929	26.067	1.7333	0.	
6930	26.067	1.8667	0.	
6931	26.383	-1.8667	0.	
6932	26.383	-1.7333	0.	
6933	26.383	-1.6	0.	
6934	26.383	-1.4667	0.	
6935	26.383	-1.3333	0.	
6936	26.383	-1.2	0.	
6937	26.383	-1.0667	0.	
6938	26.383	-0.93333	0.	
6939	26.383	-0.8	0.	
6940	26.383	-0.66667	0.	
6941	26.383	-0.53333	0.	
6942	26.383	-0.4	0.	
6943	26.383	-0.26667	0.	
6944	26.383	-0.13333	0.	
6945	26.383	2.2204e-016	0.	
6946	26.383	0.13333	0.	
6947	26.383	0.26667	0.	
6948	26.383	0.4	0.	
6949	26.383	0.53333	0.	
6950	26.383	0.66667	0.	
6951	26.383	0.8	0.	
6952	26.383	0.93333	0.	
6953	26.383	1.0667	0.	
6954	26.383	1.2	0.	
6955	26.383	1.3333	0.	
6956	26.383	1.4667	0.	
6957	26.383	1.6	0.	
6958	26.383	1.7333	0.	
6959	26.383	1.8667	0.	
6960	26.7	-1.8667	0.	
6961	26.7	-1.7333	0.	
6962	26.7	-1.6	0.	
6963	26.7	-1.4667	0.	
6964	26.7	-1.3333	0.	
6965	26.7	-1.2	0.	
6966	26.7	-1.0667	0.	
6967	26.7	-0.93333	0.	
6968	26.7	-0.8	0.	
6969	26.7	-0.66667	0.	
6970	26.7	-0.53333	0.	
6971	26.7	-0.4	0.	
6972	26.7	-0.26667	0.	
6973	26.7	-0.13333	0.	
6974	26.7	2.2204e-016	0.	
6975	26.7	0.13333	0.	
6976	26.7	0.26667	0.	
6977	26.7	0.4	0.	
6978	26.7	0.53333	0.	
6979	26.7	0.66667	0.	
6980	26.7	0.8	0.	
6981	26.7	0.93333	0.	
6982	26.7	1.0667	0.	
6983	26.7	1.2	0.	
6984	26.7	1.3333	0.	
6985	26.7	1.4667	0.	
6986	26.7	1.6	0.	
6987	26.7	1.7333	0.	
6988	26.7	1.8667	0.	
6989	27.017	-1.8667	0.	
6990	27.017	-1.7333	0.	
6991	27.017	-1.6	0.	
6992	27.017	-1.4667	0.	
6993	27.017	-1.3333	0.	
6994	27.017	-1.2	0.	
6995	27.017	-1.0667	0.	
6996	27.017	-0.93333	0.	
6997	27.017	-0.8	0.	
6998	27.017	-0.66667	0.	
6999	27.017	-0.53333	0.	
7000	27.017	-0.4	0.	
7001	27.017	-0.26667	0.	
7002	27.017	-0.13333	0.	
7003	27.017	2.2204e-016	0.	
7004	27.017	0.13333	0.	
7005	27.017	0.26667	0.	
7006	27.017	0.4	0.	
7007	27.017	0.53333	0.	
7008	27.017	0.66667	0.	
7009	27.017	0.8	0.	
7010	27.017	0.93333	0.	
7011	27.017	1.0667	0.	
7012	27.017	1.2	0.	
7013	27.017	1.3333	0.	
7014	27.017	1.4667	0.	
7015	27.017	1.6	0.	
7016	27.017	1.7333	0.	
7017	27.017	1.8667	0.	
7018	27.333	-1.8667	0.	
7019	27.333	-1.7333	0.	
7020	27.333	-1.6	0.	
7021	27.333	-1.4667	0.	
7022	27.333	-1.3333	0.	
7023	27.333	-1.2	0.	
7024	27.333	-1.0667	0.	
7025	27.333	-0.93333	0.	
7026	27.333	-0.8	0.	
7027	27.333	-0.66667	0.	
7028	27.333	-0.53333	0.	
7029	27.333	-0.4	0.	
7030	27.333	-0.26667	0.	
7031	27.333	-0.13333	0.	
7032	27.333	2.2204e-016	0.	
7033	27.333	0.13333	0.	
7034	27.333	0.26667	0.	
7035	27.333	0.4	0.	
7036	27.333	0.53333	0.	
7037	27.333	0.66667	0.	
7038	27.333	0.8	0.	
7039	27.333	0.93333	0.	
7040	27.333	1.0667	0.	
7041	27.333	1.2	0.	
7042	27.333	1.3333	0.	
7043	27.333	1.4667	0.	
7044	27.333	1.6	0.	
7045	27.333	1.7333	0.	
7046	27.333	1.8667	0.	
7047	27.65	-1.8667	0.	
7048	27.65	-1.7333	0.	
7049	27.65	-1.6	0.	
7050	27.65	-1.4667	0.	
7051	27.65	-1.3333	0.	
7052	27.65	-1.2	0.	
7053	27.65	-1.0667	0.	
7054	27.65	-0.93333	0.	
7055	27.65	-0.8	0.	
7056	27.65	-0.66667	0.	
7057	27.65	-0.53333	0.	
7058	27.65	-0.4	0.	
7059	27.65	-0.26667	0.	
7060	27.65	-0.13333	0.	
7061	27.65	2.2204e-016	0.	
7062	27.65	0.13333	0.	
7063	27.65	0.26667	0.	
7064	27.65	0.4	0.	
7065	27.65	0.53333	0.	
7066	27.65	0.66667	0.	
7067	27.65	0.8	0.	
7068	27.65	0.93333	0.	
7069	27.65	1.0667	0.	
7070	27.65	1.2	0.	
7071	27.65	1.3333	0.	
7072	27.65	1.4667	0.	
7073	27.65	1.6	0.	
7074	27.65	1.7333	0.	
7075	27.65	1.8667	0.	
7076	27.967	-1.8667	0.	
7077	27.967	-1.7333	0.	
7078	27.967	-1.6	0.	
7079	27.967	-1.4667	0.	
7080	27.967	-1.3333	0.	
7081	27.967	-1.2	0.	
7082	27.967	-1.0667	0.	
7083	27.967	-0.93333	0.	
7084	27.967	-0.8	0.	
7085	27.967	-0.66667	0.	
7086	27.967	-0.53333	0.	
7087	27.967	-0.4	0.	
7088	27.967	-0.26667	0.	
7089	27.967	-0.13333	0.	
7090	27.967	2.2204e-016	0.	
7091	27.967	0.13333	0.	
7092	27.967	0.26667	0.	
7093	27.967	0.4	0.	
7094	27.967	0.53333	0.	
7095	27.967	0.66667	0.	
7096	27.967	0.8	0.	
7097	27.967	0.93333	0.	
7098	27.967	1.0667	0.	
7099	27.967	1.2	0.	
7100	27.967	1.3333	0.	
7101	27.967	1.4667	0.	
7102	27.967	1.6	0.	
7103	27.967	1.7333	0.	
7104	27.967	1.8667	0.	
7105	28.283	-1.8667	0.	
7106	28.283	-1.7333	0.	
7107	28.283	-1.6	0.	
7108	28.283	-1.4667	0.	
7109	28.283	-1.3333	0.	
7110	28.283	-1.2	0.	
7111	28.283	-1.0667	0.	
7112	28.283	-0.93333	0.	
7113	28.283	-0.8	0.	
7114	28.283	-0.66667	0.	
7115	28.283	-0.53333	0.	
7116	28.283	-0.4	0.	
7117	28.283	-0.26667	0.	
7118	28.283	-0.13333	0.	
7119	28.283	2.2204e-016	0.	
7120	28.283	0.13333	0.	
7121	28.283	0.26667	0.	
7122	28.283	0.4	0.	
7123	28.283	0.53333	0.	
7124	28.283	0.66667	0.	
7125	28.283	0.8	0.	
7126	28.283	0.93333	0.	
7127	28.283	1.0667	0.	
7128	28.283	1.2	0.	
7129	28.283	1.3333	0.	
7130	28.283	1.4667	0.	
7131	28.283	1.6	0.	
7132	28.283	1.7333	0.	
7133	28.283	1.8667	0.	
7134	28.6	-1.8667	0.	
7135	28.6	-1.7333	0.	
7136	28.6	-1.6	0.	
7137	28.6	-1.4667	0.	
7138	28.6	-1.3333	0.	
7139	28.6	-1.2	0.	
7140	28.6	-1.0667	0.	
7141	28.6	-0.93333	0.	
7142	28.6	-0.8	0.	
7143	28.6	-0.66667	0.	
7144	28.6	-0.53333	0.	
7145	28.6	-0.4	0.	
7146	28.6	-0.26667	0.	
7147	28.6	-0.13333	0.	
7148	28.6	2.2204e-016	0.	
7149	28.6	0.13333	0.	
7150	28.6	0.26667	0.	
7151	28.6	0.4	0.	
7152	28.6	0.53333	0.	
7153	28.6	0.66667	0.	
7154	28.6	0.8	0.	
7155	28.6	0.93333	0.	
7156	28.6	1.0667	0.	
7157	28.6	1.2	0.	
7158	28.6	1.3333	0.	
7159	28.6	1.4667	0.	
7160	28.6	1.6	0.	
7161	28.6	1.7333	0.	
7162	28.6	1.8667	0.	
7163	28.917	-1.8667	0.	
7164	28.917	-1.7333	0.	
7165	28.917	-1.6	0.	
7166	28.917	-1.4667	0.	
7167	28.917	-1.3333	0.	
7168	28.917	-1.2	0.	
7169	28.917	-1.0667	0.	
7170	28.917	-0.93333	0.	
7171	28.917	-0.8	0.	
7172	28.917	-0.66667	0.	
7173	28.917	-0.53333	0.	
7174	28.917	-0.4	0.	
7175	28.917	-0.26667	0.	
7176	28.917	-0.13333	0.	
7177	28.917	2.2204e-016	0.	
7178	28.917	0.13333	0.	
7179	28.917	0.26667	0.	
7180	28.917	0.4	0.	
7181	28.917	0.53333	0.	
7182	28.917	0.66667	0.	
7183	28.917	0.8	0.	
7184	28.917	0.93333	0.	
7185	28.917	1.0667	0.	
7186	28.917	1.2	0.	
7187	28.917	1.3333	0.	
7188	28.917	1.4667	0.	
7189	28.917	1.6	0.	
7190	28.917	1.7333	0.	
7191	28.917	1.8667	0.	
7192	29.233	-1.8667	0.	
7193	29.233	-1.7333	0.	
7194	29.233	-1.6	0.	
7195	29.233	-1.4667	0.	
7196	29.233	-1.3333	0.	
7197	29.233	-1.2	0.	
7198	29.233	-1.0667	0.	
7199	29.233	-0.93333	0.	
7200	29.233	-0.8	0.	
7201	29.233	-0.66667	0.	
7202	29.233	-0.53333	0.	
7203	29.233	-0.4	0.	
7204	29.233	-0.26667	0.	
7205	29.233	-0.13333	0.	
7206	29.233	2.2204e-016	0.	
7207	29.233	0.13333	0.	
7208	29.233	0.26667	0.	
7209	29.233	0.4	0.	
7210	29.233	0.53333	0.	
7211	29.233	0.66667	0.	
7212	29.233	0.8	0.	
7213	29.233	0.93333	0.	
7214	29.233	1.0667	0.	
7215	29.233	1.2	0.	
7216	29.233	1.3333	0.	
7217	29.233	1.4667	0.	
7218	29.233	1.6	0.	
7219	29.233	1.7333	0.	
7220	29.233	1.8667	0.	
7221	29.55	-1.8667	0.	
7222	29.55	-1.7333	0.	
7223	29.55	-1.6	0.	
7224	29.55	-1.4667	0.	
7225	29.55	-1.3333	0.	
7226	29.55	-1.2	0.	
7227	29.55	-1.0667	0.	
7228	29.55	-0.93333	0.	
7229	29.55	-0.8	0.	
7230	29.55	-0.66667	0.	
7231	29.55	-0.53333	0.	
7232	29.55	-0.4	0.	
7233	29.55	-0.26667	0.	
7234	29.55	-0.13333	0.	
7235	29.55	2.2204e-016	0.	
7236	29.55	0.13333	0.	
7237	29.55	0.26667	0.	
7238	29.55	0.4	0.	
7239	29.55	0.53333	0.	
7240	29.55	0.66667	0.	
7241	29.55	0.8	0.	
7242	29.55	0.93333	0.	
7243	29.55	1.0667	0.	
7244	29.55	1.2	0.	
7245	29.55	1.3333	0.	
7246	29.55	1.4667	0.	
7247	29.55	1.6	0.	
7248	29.55	1.7333	0.	
7249	29.55	1.8667	0.	
7250	29.867	-1.8667	0.	
7251	29.867	-1.7333	0.	
7252	29.867	-1.6	0.	
7253	29.867	-1.4667	0.	
7254	29.867	-1.3333	0.	
7255	29.867	-1.2	0.	
7256	29.867	-1.0667	0.	
7257	29.867	-0.93333	0.	
7258	29.867	-0.8	0.	
7259	29.867	-0.66667	0.	
7260	29.867	-0.53333	0.	
7261	29.867	-0.4	0.	
7262	29.867	-0.26667	0.	
7263	29.867	-0.13333	0.	
7264	29.867	2.2204e-016	0.	
7265	29.867	0.13333	0.	
7266	29.867	0.26667	0.	
7267	29.867	0.4	0.	
7268	29.867	0.53333	0.	
7269	29.867	0.66667	0.	
7270	29.867	0.8	0.	
7271	29.867	0.93333	0.	
7272	29.867	1.0667	0.	
7273	29.867	1.2	0.	
7274	29.867	1.3333	0.	
7275	29.867	1.4667	0.	
7276	29.867	1.6	0.	
7277	29.867	1.7333	0.	
7278	29.867	1.8667	0.	
7279	30.183	-1.8667	0.	
7280	30.183	-1.7333	0.	
7281	30.183	-1.6	0.	
7282	30.183	-1.4667	0.	
7283	30.183	-1.3333	0.	
7284	30.183	-1.2	0.	
7285	30.183	-1.0667	0.	
7286	30.183	-0.93333	0.	
7287	30.183	-0.8	0.	
7288	30.183	-0.66667	0.	
7289	30.183	-0.53333	0.	
7290	30.183	-0.4	0.	
7291	30.183	-0.26667	0.	
7292	30.183	-0.13333	0.	
7293	30.183	2.2204e-016	0.	
7294	30.183	0.13333	0.	
7295	30.183	0.26667	0.	
7296	30.183	0.4	0.	
7297	30.183	0.53333	0.	
7298	30.183	0.66667	0.	
7299	30.183	0.8	0.	
7300	30.183	0.93333	0.	
7301	30.183	1.0667	0.	
7302	30.183	1.2	0.	
7303	30.183	1.3333	0.	
7304	30.183	1.4667	0.	
7305	30.183	1.6	0.	
7306	30.183	1.7333	0.	
7307	30.183	1.8667	0.	
7308	30.5	-1.8667	0.	
7309	30.5	-1.7333	0.	
7310	30.5	-1.6	0.	
7311	30.5	-1.4667	0.	
7312	30.5	-1.3333	0.	
7313	30.5	-1.2	0.	
7314	30.5	-1.0667	0.	
7315	30.5	-0.93333	0.	
7316	30.5	-0.8	0.	
7317	30.5	-0.66667	0.	
7318	30.5	-0.53333	0.	
7319	30.5	-0.4	0.	
7320	30.5	-0.26667	0.	
7321	30.5	-0.13333	0.	
7322	30.5	2.2204e-016	0.	
7323	30.5	0.13333	0.	
7324	30.5	0.26667	0.	
7325	30.5	0.4	0.	
7326	30.5	0.53333	0.	
7327	30.5	0.66667	0.	
7328	30.5	0.8	0.	
7329	30.5	0.93333	0.	
7330	30.5	1.0667	0.	
7331	30.5	1.2	0.	
7332	30.5	1.3333	0.	
7333	30.5	1.4667	0.	
7334	30.5	1.6	0.	
7335	30.5	1.7333	0.	
7336	30.5	1.8667	0.	
7337	30.817	-1.8667	0.	
7338	30.817	-1.7333	0.	
7339	30.817	-1.6	0.	
7340	30.817	-1.4667	0.	
7341	30.817	-1.3333	0.	
7342	30.817	-1.2	0.	
7343	30.817	-1.0667	0.	
7344	30.817	-0.93333	0.	
7345	30.817	-0.8	0.	
7346	30.817	-0.66667	0.	
7347	30.817	-0.53333	0.	
7348	30.817	-0.4	0.	
7349	30.817	-0.26667	0.	
7350	30.817	-0.13333	0.	
7351	30.817	2.2204e-016	0.	
7352	30.817	0.13333	0.	
7353	30.817	0.26667	0.	
7354	30.817	0.4	0.	
7355	30.817	0.53333	0.	
7356	30.817	0.66667	0.	
7357	30.817	0.8	0.	
7358	30.817	0.93333	0.	
7359	30.817	1.0667	0.	
7360	30.817	1.2	0.	
7361	30.817	1.3333	0.	
7362	30.817	1.4667	0.	
7363	30.817	1.6	0.	
7364	30.817	1.7333	0.	
7365	30.817	1.8667	0.	
7366	31.133	-1.8667	0.	
7367	31.133	-1.7333	0.	
7368	31.133	-1.6	0.	
7369	31.133	-1.4667	0.	
7370	31.133	-1.3333	0.	
7371	31.133	-1.2	0.	
7372	31.133	-1.0667	0.	
7373	31.133	-0.93333	0.	
7374	31.133	-0.8	0.	
7375	31.133	-0.66667	0.	
7376	31.133	-0.53333	0.	
7377	31.133	-0.4	0.	
7378	31.133	-0.26667	0.	
7379	31.133	-0.13333	0.	
7380	31.133	2.2204e-016	0.	
7381	31.133	0.13333	0.	
7382	31.133	0.26667	0.	
7383	31.133	0.4	0.	
7384	31.133	0.53333	0.	
7385	31.133	0.66667	0.	
7386	31.133	0.8	0.	
7387	31.133	0.93333	0.	
7388	31.133	1.0667	0.	
7389	31.133	1.2	0.	
7390	31.133	1.3333	0.	
7391	31.133	1.4667	0.	
7392	31.133	1.6	0.	
7393	31.133	1.7333	0.	
7394	31.133	1.8667	0.	
7395	31.45	-1.8667	0.	
7396	31.45	-1.7333	0.	
7397	31.45	-1.6	0.	
7398	31.45	-1.4667	0.	
7399	31.45	-1.3333	0.	
7400	31.45	-1.2	0.	
7401	31.45	-1.0667	0.	
7402	31.45	-0.93333	0.	
7403	31.45	-0.8	0.	
7404	31.45	-0.66667	0.	
7405	31.45	-0.53333	0.	
7406	31.45	-0.4	0.	
7407	31.45	-0.26667	0.	
7408	31.45	-0.13333	0.	
7409	31.45	2.2204e-016	0.	
7410	31.45	0.13333	0.	
7411	31.45	0.26667	0.	
7412	31.45	0.4	0.	
7413	31.45	0.53333	0.	
7414	31.45	0.66667	0.	
7415	31.45	0.8	0.	
7416	31.45	0.93333	0.	
7417	31.45	1.0667	0.	
7418	31.45	1.2	0.	
7419	31.45	1.3333	0.	
7420	31.45	1.4667	0.	
7421	31.45	1.6	0.	
7422	31.45	1.7333	0.	
7423	31.45	1.8667	0.	
7424	31.767	-1.8667	0.	
7425	31.767	-1.7333	0.	
7426	31.767	-1.6	0.	
7427	31.767	-1.4667	0.	
7428	31.767	-1.3333	0.	
7429	31.767	-1.2	0.	
7430	31.767	-1.0667	0.	
7431	31.767	-0.93333	0.	
7432	31.767	-0.8	0.	
7433	31.767	-0.66667	0.	
7434	31.767	-0.53333	0.	
7435	31.767	-0.4	0.	
7436	31.767	-0.26667	0.	
7437	31.767	-0.13333	0.	
7438	31.767	2.2204e-016	0.	
7439	31.767	0.13333	0.	
7440	31.767	0.26667	0.	
7441	31.767	0.4	0.	
7442	31.767	0.53333	0.	
7443	31.767	0.66667	0.	
7444	31.767	0.8	0.	
7445	31.767	0.93333	0.	
7446	31.767	1.0667	0.	
7447	31.767	1.2	0.	
7448	31.767	1.3333	0.	
7449	31.767	1.4667	0.	
7450	31.767	1.6	0.	
7451	31.767	1.7333	0.	
7452	31.767	1.8667	0.	
7453	32.083	-1.8667	0.	
7454	32.083	-1.7333	0.	
7455	32.083	-1.6	0.	
7456	32.083	-1.4667	0.	
7457	32.083	-1.3333	0.	
7458	32.083	-1.2	0.	
7459	32.083	-1.0667	0.	
7460	32.083	-0.93333	0.	
7461	32.083	-0.8	0.	
7462	32.083	-0.66667	0.	
7463	32.083	-0.53333	0.	
7464	32.083	-0.4	0.	
7465	32.083	-0.26667	0.	
7466	32.083	-0.13333	0.	
7467	32.083	2.2204e-016	0.	
7468	32.083	0.13333	0.	
7469	32.083	0.26667	0.	
7470	32.083	0.4	0.	
7471	32.083	0.53333	0.	
7472	32.083	0.66667	0.	
7473	32.083	0.8	0.	
7474	32.083	0.93333	0.	
7475	32.083	1.0667	0.	
7476	32.083	1.2	0.	
7477	32.083	1.3333	0.	
7478	32.083	1.4667	0.	
7479	32.083	1.6	0.	
7480	32.083	1.7333	0.	
7481	32.083	1.8667	0.	
7482	32.4	-1.8667	0.	
7483	32.4	-1.7333	0.	
7484	32.4	-1.6	0.	
7485	32.4	-1.4667	0.	
7486	32.4	-1.3333	0.	
7487	32.4	-1.2	0.	
7488	32.4	-1.0667	0.	
7489	32.4	-0.93333	0.	
7490	32.4	-0.8	0.	
7491	32.4	-0.66667	0.	
7492	32.4	-0.53333	0.	
7493	32.4	-0.4	0.	
7494	32.4	-0.26667	0.	
7495	32.4	-0.13333	0.	
7496	32.4	2.2204e-016	0.	
7497	32.4	0.13333	0.	
7498	32.4	0.26667	0.	
7499	32.4	0.4	0.	
7500	32.4	0.53333	0.	
7501	32.4	0.66667	0.	
7502	32.4	0.8	0.	
7503	32.4	0.93333	0.	
7504	32.4	1.0667	0.	
7505	32.4	1.2	0.	
7506	32.4	1.3333	0.	
7507	32.4	1.4667	0.	
7508	32.4	1.6	0.	
7509	32.4	1.7333	0.	
7510	32.4	1.8667	0.	
7511	32.717	-1.8667	0.	
7512	32.717	-1.7333	0.	
7513	32.717	-1.6	0.	
7514	32.717	-1.4667	0.	
7515	32.717	-1.3333	0.	
7516	32.717	-1.2	0.	
7517	32.717	-1.0667	0.	
7518	32.717	-0.93333	0.	
7519	32.717	-0.8	0.	
7520	32.717	-0.66667	0.	
7521	32.717	-0.53333	0.	
7522	32.717	-0.4	0.	
7523	32.717	-0.26667	0.	
7524	32.717	-0.13333	0.	
7525	32.717	2.2204e-016	0.	
7526	32.717	0.13333	0.	
7527	32.717	0.26667	0.	
7528	32.717	0.4	0.	
7529	32.717	0.53333	0.	
7530	32.717	0.66667	0.	
7531	32.717	0.8	0.	
7532	32.717	0.93333	0.	
7533	32.717	1.0667	0.	
7534	32.717	1.2	0.	
7535	32.717	1.3333	0.	
7536	32.717	1.4667	0.	
7537	32.717	1.6	0.	
7538	32.717	1.7333	0.	
7539	32.717	1.8667	0.	
7540	33.033	-1.8667	0.	
7541	33.033	-1.7333	0.	
7542	33.033	-1.6	0.	
7543	33.033	-1.4667	0.	
7544	33.033	-1.3333	0.	
7545	33.033	-1.2	0.	
7546	33.033	-1.0667	0.	
7547	33.033	-0.93333	0.	
7548	33.033	-0.8	0.	
7549	33.033	-0.66667	0.	
7550	33.033	-0.53333	0.	
7551	33.033	-0.4	0.	
7552	33.033	-0.26667	0.	
7553	33.033	-0.13333	0.	
7554	33.033	2.2204e-016	0.	
7555	33.033	0.13333	0.	
7556	33.033	0.26667	0.	
7557	33.033	0.4	0.	
7558	33.033	0.53333	0.	
7559	33.033	0.66667	0.	
7560	33.033	0.8	0.	
7561	33.033	0.93333	0.	
7562	33.033	1.0667	0.	
7563	33.033	1.2	0.	
7564	33.033	1.3333	0.	
7565	33.033	1.4667	0.	
7566	33.033	1.6	0.	
7567	33.033	1.7333	0.	
7568	33.033	1.8667	0.	
7569	33.35	-1.8667	0.	
7570	33.35	-1.7333	0.	
7571	33.35	-1.6	0.	
7572	33.35	-1.4667	0.	
7573	33.35	-1.3333	0.	
7574	33.35	-1.2	0.	
7575	33.35	-1.0667	0.	
7576	33.35	-0.93333	0.	
7577	33.35	-0.8	0.	
7578	33.35	-0.66667	0.	
7579	33.35	-0.53333	0.	
7580	33.35	-0.4	0.	
7581	33.35	-0.26667	0.	
7582	33.35	-0.13333	0.	
7583	33.35	2.2204e-016	0.	
7584	33.35	0.13333	0.	
7585	33.35	0.26667	0.	
7586	33.35	0.4	0.	
7587	33.35	0.53333	0.	
7588	33.35	0.66667	0.	
7589	33.35	0.8	0.	
7590	33.35	0.93333	0.	
7591	33.35	1.0667	0.	
7592	33.35	1.2	0.	
7593	33.35	1.3333	0.	
7594	33.35	1.4667	0.	
7595	33.35	1.6	0.	
7596	33.35	1.7333	0.	
7597	33.35	1.8667	0.	
7598	33.667	-1.8667	0.	
7599	33.667	-1.7333	0.	
7600	33.667	-1.6	0.	
7601	33.667	-1.4667	0.	
7602	33.667	-1.3333	0.	
7603	33.667	-1.2	0.	
7604	33.667	-1.0667	0.	
7605	33.667	-0.93333	0.	
7606	33.667	-0.8	0.	
7607	33.667	-0.66667	0.	
7608	33.667	-0.53333	0.	
7609	33.667	-0.4	0.	
7610	33.667	-0.26667	0.	
7611	33.667	-0.13333	0.	
7612	33.667	2.2204e-016	0.	
7613	33.667	0.13333	0.	
7614	33.667	0.26667	0.	
7615	33.667	0.4	0.	
7616	33.667	0.53333	0.	
7617	33.667	0.66667	0.	
7618	33.667	0.8	0.	
7619	33.667	0.93333	0.	
7620	33.667	1.0667	0.	
7621	33.667	1.2	0.	
7622	33.667	1.3333	0.	
7623	33.667	1.4667	0.	
7624	33.667	1.6	0.	
7625	33.667	1.7333	0.	
7626	33.667	1.8667	0.	
7627	33.983	-1.8667	0.	
7628	33.983	-1.7333	0.	
7629	33.983	-1.6	0.	
7630	33.983	-1.4667	0.	
7631	33.983	-1.3333	0.	
7632	33.983	-1.2	0.	
7633	33.983	-1.0667	0.	
7634	33.983	-0.93333	0.	
7635	33.983	-0.8	0.	
7636	33.983	-0.66667	0.	
7637	33.983	-0.53333	0.	
7638	33.983	-0.4	0.	
7639	33.983	-0.26667	0.	
7640	33.983	-0.13333	0.	
7641	33.983	2.2204e-016	0.	
7642	33.983	0.13333	0.	
7643	33.983	0.26667	0.	
7644	33.983	0.4	0.	
7645	33.983	0.53333	0.	
7646	33.983	0.66667	0.	
7647	33.983	0.8	0.	
7648	33.983	0.93333	0.	
7649	33.983	1.0667	0.	
7650	33.983	1.2	0.	
7651	33.983	1.3333	0.	
7652	33.983	1.4667	0.	
7653	33.983	1.6	0.	
7654	33.983	1.7333	0.	
7655	33.983	1.8667	0.	
7656	34.3	-1.8667	0.	
7657	34.3	-1.7333	0.	
7658	34.3	-1.6	0.	
7659	34.3	-1.4667	0.	
7660	34.3	-1.3333	0.	
7661	34.3	-1.2	0.	
7662	34.3	-1.0667	0.	
7663	34.3	-0.93333	0.	
7664	34.3	-0.8	0.	
7665	34.3	-0.66667	0.	
7666	34.3	-0.53333	0.	
7667	34.3	-0.4	0.	
7668	34.3	-0.26667	0.	
7669	34.3	-0.13333	0.	
7670	34.3	2.2204e-016	0.	
7671	34.3	0.13333	0.	
7672	34.3	0.26667	0.	
7673	34.3	0.4	0.	
7674	34.3	0.53333	0.	
7675	34.3	0.66667	0.	
7676	34.3	0.8	0.	
7677	34.3	0.93333	0.	
7678	34.3	1.0667	0.	
7679	34.3	1.2	0.	
7680	34.3	1.3333	0.	
7681	34.3	1.4667	0.	
7682	34.3	1.6	0.	
7683	34.3	1.7333	0.	
7684	34.3	1.8667	0.	
7685	34.617	-1.8667	0.	
7686	34.617	-1.7333	0.	
7687	34.617	-1.6	0.	
7688	34.617	-1.4667	0.	
7689	34.617	-1.3333	0.	
7690	34.617	-1.2	0.	
7691	34.617	-1.0667	0.	
7692	34.617	-0.93333	0.	
7693	34.617	-0.8	0.	
7694	34.617	-0.66667	0.	
7695	34.617	-0.53333	0.	
7696	34.617	-0.4	0.	
7697	34.617	-0.26667	0.	
7698	34.617	-0.13333	0.	
7699	34.617	2.2204e-016	0.	
7700	34.617	0.13333	0.	
7701	34.617	0.26667	0.	
7702	34.617	0.4	0.	
7703	34.617	0.53333	0.	
7704	34.617	0.66667	0.	
7705	34.617	0.8	0.	
7706	34.617	0.93333	0.	
7707	34.617	1.0667	0.	
7708	34.617	1.2	0.	
7709	34.617	1.3333	0.	
7710	34.617	1.4667	0.	
7711	34.617	1.6	0.	
7712	34.617	1.7333	0.	
7713	34.617	1.8667	0.	
7714	34.933	-1.8667	0.	
7715	34.933	-1.7333	0.	
7716	34.933	-1.6	0.	
7717	34.933	-1.4667	0.	
7718	34.933	-1.3333	0.	
7719	34.933	-1.2	0.	
7720	34.933	-1.0667	0.	
7721	34.933	-0.93333	0.	
7722	34.933	-0.8	0.	
7723	34.933	-0.66667	0.	
7724	34.933	-0.53333	0.	
7725	34.933	-0.4	0.	
7726	34.933	-0.26667	0.	
7727	34.933	-0.13333	0.	
7728	34.933	2.2204e-016	0.	
7729	34.933	0.13333	0.	
7730	34.933	0.26667	0.	
7731	34.933	0.4	0.	
7732	34.933	0.53333	0.	
7733	34.933	0.66667	0.	
7734	34.933	0.8	0.	
7735	34.933	0.93333	0.	
7736	34.933	1.0667	0.	
7737	34.933	1.2	0.	
7738	34.933	1.3333	0.	
7739	34.933	1.4667	0.	
7740	34.933	1.6	0.	
7741	34.933	1.7333	0.	
7742	34.933	1.8667	0.	
7743	35.25	-1.8667	0.	
7744	35.25	-1.7333	0.	
7745	35.25	-1.6	0.	
7746	35.25	-1.4667	0.	
7747	35.25	-1.3333	0.	
7748	35.25	-1.2	0.	
7749	35.25	-1.0667	0.	
7750	35.25	-0.93333	0.	
7751	35.25	-0.8	0.	
7752	35.25	-0.66667	0.	
7753	35.25	-0.53333	0.	
7754	35.25	-0.4	0.	
7755	35.25	-0.26667	0.	
7756	35.25	-0.13333	0.	
7757	35.25	2.2204e-016	0.	
7758	35.25	0.13333	0.	
7759	35.25	0.26667	0.	
7760	35.25	0.4	0.	
7761	35.25	0.53333	0.	
7762	35.25	0.66667	0.	
7763	35.25	0.8	0.	
7764	35.25	0.93333	0.	
7765	35.25	1.0667	0.	
7766	35.25	1.2	0.	
7767	35.25	1.3333	0.	
7768	35.25	1.4667	0.	
7769	35.25	1.6	0.	
7770	35.25	1.7333	0.	
7771	35.25	1.8667	0.	
7772	35.567	-1.8667	0.	
7773	35.567	-1.7333	0.	
7774	35.567	-1.6	0.	
7775	35.567	-1.4667	0.	
7776	35.567	-1.3333	0.	
7777	35.567	-1.2	0.	
7778	35.567	-1.0667	0.	
7779	35.567	-0.93333	0.	
7780	35.567	-0.8	0.	
7781	35.567	-0.66667	0.	
7782	35.567	-0.53333	0.	
7783	35.567	-0.4	0.	
7784	35.567	-0.26667	0.	
7785	35.567	-0.13333	0.	
7786	35.567	2.2204e-016	0.	
7787	35.567	0.13333	0.	
7788	35.567	0.26667	0.	
7789	35.567	0.4	0.	
7790	35.567	0.53333	0.	
7791	35.567	0.66667	0.	
7792	35.567	0.8	0.	
7793	35.567	0.93333	0.	
7794	35.567	1.0667	0.	
7795	35.567	1.2	0.	
7796	35.567	1.3333	0.	
7797	35.567	1.4667	0.	
7798	35.567	1.6	0.	
7799	35.567	1.7333	0.	
7800	35.567	1.8667	0.	
7801	35.883	-1.8667	0.	
7802	35.883	-1.7333	0.	
7803	35.883	-1.6	0.	
7804	35.883	-1.4667	0.	
7805	35.883	-1.3333	0.	
7806	35.883	-1.2	0.	
7807	35.883	-1.0667	0.	
7808	35.883	-0.93333	0.	
7809	35.883	-0.8	0.	
7810	35.883	-0.66667	0.	
7811	35.883	-0.53333	0.	
7812	35.883	-0.4	0.	
7813	35.883	-0.26667	0.	
7814	35.883	-0.13333	0.	
7815	35.883	2.2204e-016	0.	
7816	35.883	0.13333	0.	
7817	35.883	0.26667	0.	
7818	35.883	0.4	0.	
7819	35.883	0.53333	0.	
7820	35.883	0.66667	0.	
7821	35.883	0.8	0.	
7822	35.883	0.93333	0.	
7823	35.883	1.0667	0.	
7824	35.883	1.2	0.	
7825	35.883	1.3333	0.	
7826	35.883	1.4667	0.	
7827	35.883	1.6	0.	
7828	35.883	1.7333	0.	
7829	35.883	1.8667	0.	
7830	36.2	-1.8667	0.	
7831	36.2	-1.7333	0.	
7832	36.2	-1.6	0.	
7833	36.2	-1.4667	0.	
7834	36.2	-1.3333	0.	
7835	36.2	-1.2	0.	
7836	36.2	-1.0667	0.	
7837	36.2	-0.93333	0.	
7838	36.2	-0.8	0.	
7839	36.2	-0.66667	0.	
7840	36.2	-0.53333	0.	
7841	36.2	-0.4	0.	
7842	36.2	-0.26667	0.	
7843	36.2	-0.13333	0.	
7844	36.2	2.2204e-016	0.	
7845	36.2	0.13333	0.	
7846	36.2	0.26667	0.	
7847	36.2	0.4	0.	
7848	36.2	0.53333	0.	
7849	36.2	0.66667	0.	
7850	36.2	0.8	0.	
7851	36.2	0.93333	0.	
7852	36.2	1.0667	0.	
7853	36.2	1.2	0.	
7854	36.2	1.3333	0.	
7855	36.2	1.4667	0.	
7856	36.2	1.6	0.	
7857	36.2	1.7333	0.	
7858	36.2	1.8667	0.	
7859	36.517	-1.8667	0.	
7860	36.517	-1.7333	0.	
7861	36.517	-1.6	0.	
7862	36.517	-1.4667	0.	
7863	36.517	-1.3333	0.	
7864	36.517	-1.2	0.	
7865	36.517	-1.0667	0.	
7866	36.517	-0.93333	0.	
7867	36.517	-0.8	0.	
7868	36.517	-0.66667	0.	
7869	36.517	-0.53333	0.	
7870	36.517	-0.4	0.	
7871	36.517	-0.26667	0.	
7872	36.517	-0.13333	0.	
7873	36.517	2.2204e-016	0.	
7874	36.517	0.13333	0.	
7875	36.517	0.26667	0.	
7876	36.517	0.4	0.	
7877	36.517	0.53333	0.	
7878	36.517	0.66667	0.	
7879	36.517	0.8	0.	
7880	36.517	0.93333	0.	
7881	36.517	1.0667	0.	
7882	36.517	1.2	0.	
7883	36.517	1.3333	0.	
7884	36.517	1.4667	0.	
7885	36.517	1.6	0.	
7886	36.517	1.7333	0.	
7887	36.517	1.8667	0.	
7888	36.833	-1.8667	0.	
7889	36.833	-1.7333	0.	
7890	36.833	-1.6	0.	
7891	36.833	-1.4667	0.	
7892	36.833	-1.3333	0.	
7893	36.833	-1.2	0.	
7894	36.833	-1.0667	0.	
7895	36.833	-0.93333	0.	
7896	36.833	-0.8	0.	
7897	36.833	-0.66667	0.	
7898	36.833	-0.53333	0.	
7899	36.833	-0.4	0.	
7900	36.833	-0.26667	0.	
7901	36.833	-0.13333	0.	
7902	36.833	2.2204e-016	0.	
7903	36.833	0.13333	0.	
7904	36.833	0.26667	0.	
7905	36.833	0.4	0.	
7906	36.833	0.53333	0.	
7907	36.833	0.66667	0.	
7908	36.833	0.8	0.	
7909	36.833	0.93333	0.	
7910	36.833	1.0667	0.	
7911	36.833	1.2	0.	
7912	36.833	1.3333	0.	
7913	36.833	1.4667	0.	
7914	36.833	1.6	0.	
7915	36.833	1.7333	0.	
7916	36.833	1.8667	0.	
7917	37.15	-1.8667	0.	
7918	37.15	-1.7333	0.	
7919	37.15	-1.6	0.	
7920	37.15	-1.4667	0.	
7921	37.15	-1.3333	0.	
7922	37.15	-1.2	0.	
7923	37.15	-1.0667	0.	
7924	37.15	-0.93333	0.	
7925	37.15	-0.8	0.	
7926	37.15	-0.66667	0.	
7927	37.15	-0.53333	0.	
7928	37.15	-0.4	0.	
7929	37.15	-0.26667	0.	
7930	37.15	-0.13333	0.	
7931	37.15	2.2204e-016	0.	
7932	37.15	0.13333	0.	
7933	37.15	0.26667	0.	
7934	37.15	0.4	0.	
7935	37.15	0.53333	0.	
7936	37.15	0.66667	0.	
7937	37.15	0.8	0.	
7938	37.15	0.93333	0.	
7939	37.15	1.0667	0.	
7940	37.15	1.2	0.	
7941	37.15	1.3333	0.	
7942	37.15	1.4667	0.	
7943	37.15	1.6	0.	
7944	37.15	1.7333	0.	
7945	37.15	1.8667	0.	
7946	37.467	-1.8667	0.	
7947	37.467	-1.7333	0.	
7948	37.467	-1.6	0.	
7949	37.467	-1.4667	0.	
7950	37.467	-1.3333	0.	
7951	37.467	-1.2	0.	
7952	37.467	-1.0667	0.	
7953	37.467	-0.93333	0.	
7954	37.467	-0.8	0.	
7955	37.467	-0.66667	0.	
7956	37.467	-0.53333	0.	
7957	37.467	-0.4	0.	
7958	37.467	-0.26667	0.	
7959	37.467	-0.13333	0.	
7960	37.467	2.2204e-016	0.	
7961	37.467	0.13333	0.	
7962	37.467	0.26667	0.	
7963	37.467	0.4	0.	
7964	37.467	0.53333	0.	
7965	37.467	0.66667	0.	
7966	37.467	0.8	0.	
7967	37.467	0.93333	0.	
7968	37.467	1.0667	0.	
7969	37.467	1.2	0.	
7970	37.467	1.3333	0.	
7971	37.467	1.4667	0.	
7972	37.467	1.6	0.	
7973	37.467	1.7333	0.	
7974	37.467	1.8667	0.	
7975	37.783	-1.8667	0.	
7976	37.783	-1.7333	0.	
7977	37.783	-1.6	0.	
7978	37.783	-1.4667	0.	
7979	37.783	-1.3333	0.	
7980	37.783	-1.2	0.	
7981	37.783	-1.0667	0.	
7982	37.783	-0.93333	0.	
7983	37.783	-0.8	0.	
7984	37.783	-0.66667	0.	
7985	37.783	-0.53333	0.	
7986	37.783	-0.4	0.	
7987	37.783	-0.26667	0.	
7988	37.783	-0.13333	0.	
7989	37.783	2.2204e-016	0.	
7990	37.783	0.13333	0.	
7991	37.783	0.26667	0.	
7992	37.783	0.4	0.	
7993	37.783	0.53333	0.	
7994	37.783	0.66667	0.	
7995	37.783	0.8	0.	
7996	37.783	0.93333	0.	
7997	37.783	1.0667	0.	
7998	37.783	1.2	0.	
7999	37.783	1.3333	0.	
8000	37.783	1.4667	0.	
8001	37.783	1.6	0.	
8002	37.783	1.7333	0.	
8003	37.783	1.8667	0.	
8004	38.1	-1.8667	0.	
8005	38.1	-1.7333	0.	
8006	38.1	-1.6	0.	
8007	38.1	-1.4667	0.	
8008	38.1	-1.3333	0.	
8009	38.1	-1.2	0.	
8010	38.1	-1.0667	0.	
8011	38.1	-0.93333	0.	
8012	38.1	-0.8	0.	
8013	38.1	-0.66667	0.	
8014	38.1	-0.53333	0.	
8015	38.1	-0.4	0.	
8016	38.1	-0.26667	0.	
8017	38.1	-0.13333	0.	
8018	38.1	2.2204e-016	0.	
8019	38.1	0.13333	0.	
8020	38.1	0.26667	0.	
8021	38.1	0.4	0.	
8022	38.1	0.53333	0.	
8023	38.1	0.66667	0.	
8024	38.1	0.8	0.	
8025	38.1	0.93333	0.	
8026	38.1	1.0667	0.	
8027	38.1	1.2	0.	
8028	38.1	1.3333	0.	
8029	38.1	1.4667	0.	
8030	38.1	1.6	0.	
8031	38.1	1.7333	0.	
8032	38.1	1.8667	0.	
8033	38.417	-1.8667	0.	
8034	38.417	-1.7333	0.	
8035	38.417	-1.6	0.	
8036	38.417	-1.4667	0.	
8037	38.417	-1.3333	0.	
8038	38.417	-1.2	0.	
8039	38.417	-1.0667	0.	
8040	38.417	-0.93333	0.	
8041	38.417	-0.8	0.	
8042	38.417	-0.66667	0.	
8043	38.417	-0.53333	0.	
8044	38.417	-0.4	0.	
8045	38.417	-0.26667	0.	
8046	38.417	-0.13333	0.	
8047	38.417	2.2204e-016	0.	
8048	38.417	0.13333	0.	
8049	38.417	0.26667	0.	
8050	38.417	0.4	0.	
8051	38.417	0.53333	0.	
8052	38.417	0.66667	0.	
8053	38.417	0.8	0.	
8054	38.417	0.93333	0.	
8055	38.417	1.0667	0.	
8056	38.417	1.2	0.	
8057	38.417	1.3333	0.	
8058	38.417	1.4667	0.	
8059	38.417	1.6	0.	
8060	38.417	1.7333	0.	
8061	38.417	1.8667	0.	
8062	38.733	-1.8667	0.	
8063	38.733	-1.7333	0.	
8064	38.733	-1.6	0.	
8065	38.733	-1.4667	0.	
8066	38.733	-1.3333	0.	
8067	38.733	-1.2	0.	
8068	38.733	-1.0667	0.	
8069	38.733	-0.93333	0.	
8070	38.733	-0.8	0.	
8071	38.733	-0.66667	0.	
8072	38.733	-0.53333	0.	
8073	38.733	-0.4	0.	
8074	38.733	-0.26667	0.	
8075	38.733	-0.13333	0.	
8076	38.733	2.2204e-016	0.	
8077	38.733	0.13333	0.	
8078	38.733	0.26667	0.	
8079	38.733	0.4	0.	
8080	38.733	0.53333	0.	
8081	38.733	0.66667	0.	
8082	38.733	0.8	0.	
8083	38.733	0.93333	0.	
8084	38.733	1.0667	0.	
8085	38.733	1.2	0.	
8086	38.733	1.3333	0.	
8087	38.733	1.4667	0.	
8088	38.733	1.6	0.	
8089	38.733	1.7333	0.	
8090	38.733	1.8667	0.	
8091	39.05	-1.8667	0.	
8092	39.05	-1.7333	0.	
8093	39.05	-1.6	0.	
8094	39.05	-1.4667	0.	
8095	39.05	-1.3333	0.	
8096	39.05	-1.2	0.	
8097	39.05	-1.0667	0.	
8098	39.05	-0.93333	0.	
8099	39.05	-0.8	0.	
8100	39.05	-0.66667	0.	
8101	39.05	-0.53333	0.	
8102	39.05	-0.4	0.	
8103	39.05	-0.26667	0.	
8104	39.05	-0.13333	0.	
8105	39.05	2.2204e-016	0.	
8106	39.05	0.13333	0.	
8107	39.05	0.26667	0.	
8108	39.05	0.4	0.	
8109	39.05	0.53333	0.	
8110	39.05	0.66667	0.	
8111	39.05	0.8	0.	
8112	39.05	0.93333	0.	
8113	39.05	1.0667	0.	
8114	39.05	1.2	0.	
8115	39.05	1.3333	0.	
8116	39.05	1.4667	0.	
8117	39.05	1.6	0.	
8118	39.05	1.7333	0.	
8119	39.05	1.8667	0.	
8120	39.367	-1.8667	0.	
8121	39.367	-1.7333	0.	
8122	39.367	-1.6	0.	
8123	39.367	-1.4667	0.	
8124	39.367	-1.3333	0.	
8125	39.367	-1.2	0.	
8126	39.367	-1.0667	0.	
8127	39.367	-0.93333	0.	
8128	39.367	-0.8	0.	
8129	39.367	-0.66667	0.	
8130	39.367	-0.53333	0.	
8131	39.367	-0.4	0.	
8132	39.367	-0.26667	0.	
8133	39.367	-0.13333	0.	
8134	39.367	2.2204e-016	0.	
8135	39.367	0.13333	0.	
8136	39.367	0.26667	0.	
8137	39.367	0.4	0.	
8138	39.367	0.53333	0.	
8139	39.367	0.66667	0.	
8140	39.367	0.8	0.	
8141	39.367	0.93333	0.	
8142	39.367	1.0667	0.	
8143	39.367	1.2	0.	
8144	39.367	1.3333	0.	
8145	39.367	1.4667	0.	
8146	39.367	1.6	0.	
8147	39.367	1.7333	0.	
8148	39.367	1.8667	0.	
8149	39.683	-1.8667	0.	
8150	39.683	-1.7333	0.	
8151	39.683	-1.6	0.	
8152	39.683	-1.4667	0.	
8153	39.683	-1.3333	0.	
8154	39.683	-1.2	0.	
8155	39.683	-1.0667	0.	
8156	39.683	-0.93333	0.	
8157	39.683	-0.8	0.	
8158	39.683	-0.66667	0.	
8159	39.683	-0.53333	0.	
8160	39.683	-0.4	0.	
8161	39.683	-0.26667	0.	
8162	39.683	-0.13333	0.	
8163	39.683	2.2204e-016	0.	
8164	39.683	0.13333	0.	
8165	39.683	0.26667	0.	
8166	39.683	0.4	0.	
8167	39.683	0.53333	0.	
8168	39.683	0.66667	0.	
8169	39.683	0.8	0.	
8170	39.683	0.93333	0.	
8171	39.683	1.0667	0.	
8172	39.683	1.2	0.	
8173	39.683	1.3333	0.	
8174	39.683	1.4667	0.	
8175	39.683	1.6	0.	
8176	39.683	1.7333	0.	
8177	39.683	1.8667	0.	
8178	40.	1.8667	0.	
8179	40.	1.7333	0.	
8180	40.	1.6	0.	
8181	40.	1.4667	0.	
8182	40.	1.3333	0.	
8183	40.	1.2	0.	
8184	40.	1.0667	0.	
8185	40.	0.93333	0.	
8186	40.	0.8	0.	
8187	40.	0.66667	0.	
8188	40.	0.53333	0.	
8189	40.	0.4	0.	
8190	40.	0.26667	0.	
8191	40.	0.13333	0.	
8192	40.	2.2204e-016	0.	
8193	40.	-0.13333	0.	
8194	40.	-0.26667	0.	
8195	40.	-0.4	0.	
8196	40.	-0.53333	0.	
8197	40.	-0.66667	0.	
8198	40.	-0.8	0.	
8199	40.	-0.93333	0.	
8200	40.	-1.0667	0.	
8201	40.	-1.2	0.	
8202	40.	-1.3333	0.	
8203	40.	-1.4667	0.	
8204	40.	-1.6	0.	
8205	40.	-1.7333	0.	
8206	40.	-1.8667	0.	
8207	39.683	2.	0.	
8208	39.367	2.	0.	
8209	39.05	2.	0.	
8210	38.733	2.	0.	
8211	38.417	2.	0.	
8212	38.1	2.	0.	
8213	37.783	2.	0.	
8214	37.467	2.	0.	
8215	37.15	2.	0.	
8216	36.833	2.	0.	
8217	36.517	2.	0.	
8218	36.2	2.	0.	
8219	35.883	2.	0.	
8220	35.567	2.	0.	
8221	35.25	2.	0.	
8222	34.933	2.	0.	
8223	34.617	2.	0.	
8224	34.3	2.	0.	
8225	33.983	2.	0.	
8226	33.667	2.	0.	
8227	33.35	2.	0.	
8228	33.033	2.	0.	
8229	32.717	2.	0.	
8230	32.4	2.	0.	
8231	32.083	2.	0.	
8232	31.767	2.	0.	
8233	31.45	2.	0.	
8234	31.133	2.	0.	
8235	30.817	2.	0.	
8236	30.5	2.	0.	
8237	30.183	2.	0.	
8238	29.867	2.	0.	
8239	29.55	2.	0.	
8240	29.233	2.	0.	
8241	28.917	2.	0.	
8242	28.6	2.	0.	
8243	28.283	2.	0.	
8244	27.967	2.	0.	
8245	27.65	2.	0.	
8246	27.333	2.	0.	
8247	27.017	2.	0.	
8248	26.7	2.	0.	
8249	26.383	2.	0.	
8250	26.067	2.	0.	
8251	25.75	2.	0.	
8252	25.433	2.	0.	
8253	25.117	2.	0.	
8254	24.8	2.	0.	
8255	24.483	2.	0.	
8256	24.167	2.	0.	
8257	23.85	2.	0.	
8258	23.533	2.	0.	
8259	23.217	2.	0.	
8260	22.9	2.	0.	
8261	22.583	2.	0.	
8262	22.267	2.	0.	
8263	21.95	2.	0.	
8264	21.633	2.	0.	
8265	21.317	2.	0.	
8266	21.	2.	0.	
8267	20.683	2.	0.	
8268	20.367	2.	0.	
8269	20.05	2.	0.	
8270	19.733	2.	0.	
8271	19.417	2.	0.	
8272	19.1	2.	0.	
8273	18.783	2.	0.	
8274	18.467	2.	0.	
8275	18.15	2.	0.	
8276	17.833	2.	0.	
8277	17.517	2.	0.	
8278	17.2	2.	0.	
8279	16.883	2.	0.	
8280	16.567	2.	0.	
8281	16.25	2.	0.	
8282	15.933	2.	0.	
8283	15.617	2.	0.	
8284	15.3	2.	0.	
8285	14.983	2.	0.	
8286	14.667	2.	0.	
8287	14.35	2.	0.	
8288	14.033	2.	0.	
8289	13.717	2.	0.	
8290	13.4	2.	0.	
8291	13.083	2.	0.	
8292	12.767	2.	0.	
8293	12.45	2.	0.	
8294	12.133	2.	0.	
8295	11.817	2.	0.	
8296	11.5	2.	0.	
8297	11.183	2.	0.	
8298	10.867	2.	0.	
8299	10.55	2.	0.	
8300	10.233	2.	0.	
8301	9.9167	2.	0.	
8302	9.6	2.	0.	
8303	9.2833	2.	0.	
8304	8.9667	2.	0.	
8305	8.65	2.	0.	
8306	8.3333	2.	0.	
8307	8.0167	2.	0.	
8308	7.7	2.	0.	
8309	7.3833	2.	0.	
8310	7.0667	2.	0.	
8311	6.75	2.	0.	
8312	6.4333	2.	0.	
8313	6.1167	2.	0.	
8314	5.8	2.	0.	
8315	5.4833	2.	0.	
8316	5.1667	2.	0.	
8317	4.85	2.	0.	
8318	4.5333	2.	0.	
8319	4.2167	2.	0.	
8320	3.9	2.	0.	
8321	3.5833	2.	0.	
8322	3.2667	2.	0.	
8323	2.95	2.	0.	
8324	2.6333	2.	0.	
8325	2.3167	2.	0.	
8326	2.3167	2.3	0.	
8327	2.3167	2.6	0.	
8328	2.3167	2.9	0.	
8329	2.3167	3.2	0.	
8330	2.3167	3.5	0.	
8331	2.3167	3.8	0.	
8332	2.3167	4.1	0.	
8333	2.3167	4.4	0.	
8334	2.3167	4.7	0.	
8335	2.6333	2.3	0.	
8336	2.6333	2.6	0.	
8337	2.6333	2.9	0.	
8338	2.6333	3.2	0.	
8339	2.6333	3.5	0.	
8340	2.6333	3.8	0.	
8341	2.6333	4.1	0.	
8342	2.6333	4.4	0.	
8343	2.6333	4.7	0.	
8344	2.95	2.3	0.	
8345	2.95	2.6	0.	
8346	2.95	2.9	0.	
8347	2.95	3.2	0.	
8348	2.95	3.5	0.	
8349	2.95	3.8	0.	
8350	2.95	4.1	0.	
8351	2.95	4.4	0.	
8352	2.95	4.7	0.	
8353	3.2667	2.3	0.	
8354	3.2667	2.6	0.	
8355	3.2667	2.9	0.	
8356	3.2667	3.2	0.	
8357	3.2667	3.5	0.	
8358	3.2667	3.8	0.	
8359	3.2667	4.1	0.	
8360	3.2667	4.4	0.	
8361	3.2667	4.7	0.	
8362	3.5833	2.3	0.	
8363	3.5833	2.6	0.	
8364	3.5833	2.9	0.	
8365	3.5833	3.2	0.	
8366	3.5833	3.5	0.	
8367	3.5833	3.8	0.	
8368	3.5833	4.1	0.	
8369	3.5833	4.4	0.	
8370	3.5833	4.7	0.	
8371	3.9	2.3	0.	
8372	3.9	2.6	0.	
8373	3.9	2.9	0.	
8374	3.9	3.2	0.	
8375	3.9	3.5	0.	
8376	3.9	3.8	0.	
8377	3.9	4.1	0.	
8378	3.9	4.4	0.	
8379	3.9	4.7	0.	
8380	4.2167	2.3	0.	
8381	4.2167	2.6	0.	
8382	4.2167	2.9	0.	
8383	4.2167	3.2	0.	
8384	4.2167	3.5	0.	
8385	4.2167	3.8	0.	
8386	4.2167	4.1	0.	
8387	4.2167	4.4	0.	
8388	4.2167	4.7	0.	
8389	4.5333	2.3	0.	
8390	4.5333	2.6	0.	
8391	4.5333	2.9	0.	
8392	4.5333	3.2	0.	
8393	4.5333	3.5	0.	
8394	4.5333	3.8	0.	
8395	4.5333	4.1	0.	
8396	4.5333	4.4	0.	
8397	4.5333	4.7	0.	
8398	4.85	2.3	0.	
8399	4.85	2.6	0.	
8400	4.85	2.9	0.	
8401	4.85	3.2	0.	
8402	4.85	3.5	0.	
8403	4.85	3.8	0.	
8404	4.85	4.1	0.	
8405	4.85	4.4	0.	
8406	4.85	4.7	0.	
8407	5.1667	2.3	0.	
8408	5.1667	2.6	0.	
8409	5.1667	2.9	0.	
8410	5.1667	3.2	0.	
8411	5.1667	3.5	0.	
8412	5.1667	3.8	0.	
8413	5.1667	4.1	0.	
8414	5.1667	4.4	0.	
8415	5.1667	4.7	0.	
8416	5.4833	2.3	0.	
8417	5.4833	2.6	0.	
8418	5.4833	2.9	0.	
8419	5.4833	3.2	0.	
8420	5.4833	3.5	0.	
8421	5.4833	3.8	0.	
8422	5.4833	4.1	0.	
8423	5.4833	4.4	0.	
8424	5.4833	4.7	0.	
8425	5.8	2.3	0.	
8426	5.8	2.6	0.	
8427	5.8	2.9	0.	
8428	5.8	3.2	0.	
8429	5.8	3.5	0.	
8430	5.8	3.8	0.	
8431	5.8	4.1	0.	
8432	5.8	4.4	0.	
8433	5.8	4.7	0.	
8434	6.1167	2.3	0.	
8435	6.1167	2.6	0.	
8436	6.1167	2.9	0.	
8437	6.1167	3.2	0.	
8438	6.1167	3.5	0.	
8439	6.1167	3.8	0.	
8440	6.1167	4.1	0.	
8441	6.1167	4.4	0.	
8442	6.1167	4.7	0.	
8443	6.4333	2.3	0.	
8444	6.4333	2.6	0.	
8445	6.4333	2.9	0.	
8446	6.4333	3.2	0.	
8447	6.4333	3.5	0.	
8448	6.4333	3.8	0.	
8449	6.4333	4.1	0.	
8450	6.4333	4.4	0.	
8451	6.4333	4.7	0.	
8452	6.75	2.3	0.	
8453	6.75	2.6	0.	
8454	6.75	2.9	0.	
8455	6.75	3.2	0.	
8456	6.75	3.5	0.	
8457	6.75	3.8	0.	
8458	6.75	4.1	0.	
8459	6.75	4.4	0.	
8460	6.75	4.7	0.	
8461	7.0667	2.3	0.	
8462	7.0667	2.6	0.	
8463	7.0667	2.9	0.	
8464	7.0667	3.2	0.	
8465	7.0667	3.5	0.	
8466	7.0667	3.8	0.	
8467	7.0667	4.1	0.	
8468	7.0667	4.4	0.	
8469	7.0667	4.7	0.	
8470	7.3833	2.3	0.	
8471	7.3833	2.6	0.	
8472	7.3833	2.9	0.	
8473	7.3833	3.2	0.	
8474	7.3833	3.5	0.	
8475	7.3833	3.8	0.	
8476	7.3833	4.1	0.	
8477	7.3833	4.4	0.	
8478	7.3833	4.7	0.	
8479	7.7	2.3	0.	
8480	7.7	2.6	0.	
8481	7.7	2.9	0.	
8482	7.7	3.2	0.	
8483	7.7	3.5	0.	
8484	7.7	3.8	0.	
8485	7.7	4.1	0.	
8486	7.7	4.4	0.	
8487	7.7	4.7	0.	
8488	8.0167	2.3	0.	
8489	8.0167	2.6	0.	
8490	8.0167	2.9	0.	
8491	8.0167	3.2	0.	
8492	8.0167	3.5	0.	
8493	8.0167	3.8	0.	
8494	8.0167	4.1	0.	
8495	8.0167	4.4	0.	
8496	8.0167	4.7	0.	
8497	8.3333	2.3	0.	
8498	8.3333	2.6	0.	
8499	8.3333	2.9	0.	
8500	8.3333	3.2	0.	
8501	8.3333	3.5	0.	
8502	8.3333	3.8	0.	
8503	8.3333	4.1	0.	
8504	8.3333	4.4	0.	
8505	8.3333	4.7	0.	
8506	8.65	2.3	0.	
8507	8.65	2.6	0.	
8508	8.65	2.9	0.	
8509	8.65	3.2	0.	
8510	8.65	3.5	0.	
8511	8.65	3.8	0.	
8512	8.65	4.1	0.	
8513	8.65	4.4	0.	
8514	8.65	4.7	0.	
8515	8.9667	2.3	0.	
8516	8.9667	2.6	0.	
8517	8.9667	2.9	0.	
8518	8.9667	3.2	0.	
8519	8.9667	3.5	0.	
8520	8.9667	3.8	0.	
8521	8.9667	4.1	0.	
8522	8.9667	4.4	0.	
8523	8.9667	4.7	0.	
8524	9.2833	2.3	0.	
8525	9.2833	2.6	0.	
8526	9.2833	2.9	0.	
8527	9.2833	3.2	0.	
8528	9.2833	3.5	0.	
8529	9.2833	3.8	0.	
8530	9.2833	4.1	0.	
8531	9.2833	4.4	0.	
8532	9.2833	4.7	0.	
8533	9.6	2.3	0.	
8534	9.6	2.6	0.	
8535	9.6	2.9	0.	
8536	9.6	3.2	0.	
8537	9.6	3.5	0.	
8538	9.6	3.8	0.	
8539	9.6	4.1	0.	
8540	9.6	4.4	0.	
8541	9.6	4.7	0.	
8542	9.9167	2.3	0.	
8543	9.9167	2.6	0.	
8544	9.9167	2.9	0.	
8545	9.9167	3.2	0.	
8546	9.9167	3.5	0.	
8547	9.9167	3.8	0.	
8548	9.9167	4.1	0.	
8549	9.9167	4.4	0.	
8550	9.9167	4.7	0.	
8551	10.233	2.3	0.	
8552	10.233	2.6	0.	
8553	10.233	2.9	0.	
8554	10.233	3.2	0.	
8555	10.233	3.5	0.	
8556	10.233	3.8	0.	
8557	10.233	4.1	0.	
8558	10.233	4.4	0.	
8559	10.233	4.7	0.	
8560	10.55	2.3	0.	
8561	10.55	2.6	0.	
8562	10.55	2.9	0.	
8563	10.55	3.2	0.	
8564	10.55	3.5	0.	
8565	10.55	3.8	0.	
8566	10.55	4.1	0.	
8567	10.55	4.4	0.	
8568	10.55	4.7	0.	
8569	10.867	2.3	0.	
8570	10.867	2.6	0.	
8571	10.867	2.9	0.	
8572	10.867	3.2	0.	
8573	10.867	3.5	0.	
8574	10.867	3.8	0.	
8575	10.867	4.1	0.	
8576	10.867	4.4	0.	
8577	10.867	4.7	0.	
8578	11.183	2.3	0.	
8579	11.183	2.6	0.	
8580	11.183	2.9	0.	
8581	11.183	3.2	0.	
8582	11.183	3.5	0.	
8583	11.183	3.8	0.	
8584	11.183	4.1	0.	
8585	11.183	4.4	0.	
8586	11.183	4.7	0.	
8587	11.5	2.3	0.	
8588	11.5	2.6	0.	
8589	11.5	2.9	0.	
8590	11.5	3.2	0.	
8591	11.5	3.5	0.	
8592	11.5	3.8	0.	
8593	11.5	4.1	0.	
8594	11.5	4.4	0.	
8595	11.5	4.7	0.	
8596	11.817	2.3	0.	
8597	11.817	2.6	0.	
8598	11.817	2.9	0.	
8599	11.817	3.2	0.	
8600	11.817	3.5	0.	
8601	11.817	3.8	0.	
8602	11.817	4.1	0.	
8603	11.817	4.4	0.	
8604	11.817	4.7	0.	
8605	12.133	2.3	0.	
8606	12.133	2.6	0.	
8607	12.133	2.9	0.	
8608	12.133	3.2	0.	
8609	12.133	3.5	0.	
8610	12.133	3.8	0.	
8611	12.133	4.1	0.	
8612	12.133	4.4	0.	
8613	12.133	4.7	0.	
8614	12.45	2.3	0.	
8615	12.45	2.6	0.	
8616	12.45	2.9	0.	
8617	12.45	3.2	0.	
8618	12.45	3.5	0.	
8619	12.45	3.8	0.	
8620	12.45	4.1	0.	
8621	12.45	4.4	0.	
8622	12.45	4.7	0.	
8623	12.767	2.3	0.	
8624	12.767	2.6	0.	
8625	12.767	2.9	0.	
8626	12.767	3.2	0.	
8627	12.767	3.5	0.	
8628	12.767	3.8	0.	
8629	12.767	4.1	0.	
8630	12.767	4.4	0.	
8631	12.767	4.7	0.	
8632	13.083	2.3	0.	
8633	13.083	2.6	0.	
8634	13.083	2.9	0.	
8635	13.083	3.2	0.	
8636	13.083	3.5	0.	
8637	13.083	3.8	0.	
8638	13.083	4.1	0.	
8639	13.083	4.4	0.	
8640	13.083	4.7	0.	
8641	13.4	2.3	0.	
8642	13.4	2.6	0.	
8643	13.4	2.9	0.	
8644	13.4	3.2	0.	
8645	13.4	3.5	0.	
8646	13.4	3.8	0.	
8647	13.4	4.1	0.	
8648	13.4	4.4	0.	
8649	13.4	4.7	0.	
8650	13.717	2.3	0.	
8651	13.717	2.6	0.	
8652	13.717	2.9	0.	
8653	13.717	3.2	0.	
8654	13.717	3.5	0.	
8655	13.717	3.8	0.	
8656	13.717	4.1	0.	
8657	13.717	4.4	0.	
8658	13.717	4.7	0.	
8659	14.033	2.3	0.	
8660	14.033	2.6	0.	
8661	14.033	2.9	0.	
8662	14.033	3.2	0.	
8663	14.033	3.5	0.	
8664	14.033	3.8	0.	
8665	14.033	4.1	0.	
8666	14.033	4.4	0.	
8667	14.033	4.7	0.	
8668	14.35	2.3	0.	
8669	14.35	2.6	0.	
8670	14.35	2.9	0.	
8671	14.35	3.2	0.	
8672	14.35	3.5	0.	
8673	14.35	3.8	0.	
8674	14.35	4.1	0.	
8675	14.35	4.4	0.	
8676	14.35	4.7	0.	
8677	14.667	2.3	0.	
8678	14.667	2.6	0.	
8679	14.667	2.9	0.	
8680	14.667	3.2	0.	
8681	14.667	3.5	0.	
8682	14.667	3.8	0.	
8683	14.667	4.1	0.	
8684	14.667	4.4	0.	
8685	14.667	4.7	0.	
8686	14.983	2.3	0.	
8687	14.983	2.6	0.	
8688	14.983	2.9	0.	
8689	14.983	3.2	0.	
8690	14.983	3.5	0.	
8691	14.983	3.8	0.	
8692	14.983	4.1	0.	
8693	14.983	4.4	0.	
8694	14.983	4.7	0.	
8695	15.3	2.3	0.	
8696	15.3	2.6	0.	
8697	15.3	2.9	0.	
8698	15.3	3.2	0.	
8699	15.3	3.5	0.	
8700	15.3	3.8	0.	
8701	15.3	4.1	0.	
8702	15.3	4.4	0.	
8703	15.3	4.7	0.	
8704	15.617	2.3	0.	
8705	15.617	2.6	0.	
8706	15.617	2.9	0.	
8707	15.617	3.2	0.	
8708	15.617	3.5	0.	
8709	15.617	3.8	0.	
8710	15.617	4.1	0.	
8711	15.617	4.4	0.	
8712	15.617	4.7	0.	
8713	15.933	2.3	0.	
8714	15.933	2.6	0.	
8715	15.933	2.9	0.	
8716	15.933	3.2	0.	
8717	15.933	3.5	0.	
8718	15.933	3.8	0.	
8719	15.933	4.1	0.	
8720	15.933	4.4	0.	
8721	15.933	4.7	0.	
8722	16.25	2.3	0.	
8723	16.25	2.6	0.	
8724	16.25	2.9	0.	
8725	16.25	3.2	0.	
8726	16.25	3.5	0.	
8727	16.25	3.8	0.	
8728	16.25	4.1	0.	
8729	16.25	4.4	0.	
8730	16.25	4.7	0.	
8731	16.567	2.3	0.	
8732	16.567	2.6	0.	
8733	16.567	2.9	0.	
8734	16.567	3.2	0.	
8735	16.567	3.5	0.	
8736	16.567	3.8	0.	
8737	16.567	4.1	0.	
8738	16.567	4.4	0.	
8739	16.567	4.7	0.	
8740	16.883	2.3	0.	
8741	16.883	2.6	0.	
8742	16.883	2.9	0.	
8743	16.883	3.2	0.	
8744	16.883	3.5	0.	
8745	16.883	3.8	0.	
8746	16.883	4.1	0.	
8747	16.883	4.4	0.	
8748	16.883	4.7	0.	
8749	17.2	2.3	0.	
8750	17.2	2.6	0.	
8751	17.2	2.9	0.	
8752	17.2	3.2	0.	
8753	17.2	3.5	0.	
8754	17.2	3.8	0.	
8755	17.2	4.1	0.	
8756	17.2	4.4	0.	
8757	17.2	4.7	0.	
8758	17.517	2.3	0.	
8759	17.517	2.6	0.	
8760	17.517	2.9	0.	
8761	17.517	3.2	0.	
8762	17.517	3.5	0.	
8763	17.517	3.8	0.	
8764	17.517	4.1	0.	
8765	17.517	4.4	0.	
8766	17.517	4.7	0.	
8767	17.833	2.3	0.	
8768	17.833	2.6	0.	
8769	17.833	2.9	0.	
8770	17.833	3.2	0.	
8771	17.833	3.5	0.	
8772	17.833	3.8	0.	
8773	17.833	4.1	0.	
8774	17.833	4.4	0.	
8775	17.833	4.7	0.	
8776	18.15	2.3	0.	
8777	18.15	2.6	0.	
8778	18.15	2.9	0.	
8779	18.15	3.2	0.	
8780	18.15	3.5	0.	
8781	18.15	3.8	0.	
8782	18.15	4.1	0.	
8783	18.15	4.4	0.	
8784	18.15	4.7	0.	
8785	18.467	2.3	0.	
8786	18.467	2.6	0.	
8787	18.467	2.9	0.	
8788	18.467	3.2	0.	
8789	18.467	3.5	0.	
8790	18.467	3.8	0.	
8791	18.467	4.1	0.	
8792	18.467	4.4	0.	
8793	18.467	4.7	0.	
8794	18.783	2.3	0.	
8795	18.783	2.6	0.	
8796	18.783	2.9	0.	
8797	18.783	3.2	0.	
8798	18.783	3.5	0.	
8799	18.783	3.8	0.	
8800	18.783	4.1	0.	
8801	18.783	4.4	0.	
8802	18.783	4.7	0.	
8803	19.1	2.3	0.	
8804	19.1	2.6	0.	
8805	19.1	2.9	0.	
8806	19.1	3.2	0.	
8807	19.1	3.5	0.	
8808	19.1	3.8	0.	
8809	19.1	4.1	0.	
8810	19.1	4.4	0.	
8811	19.1	4.7	0.	
8812	19.417	2.3	0.	
8813	19.417	2.6	0.	
8814	19.417	2.9	0.	
8815	19.417	3.2	0.	
8816	19.417	3.5	0.	
8817	19.417	3.8	0.	
8818	19.417	4.1	0.	
8819	19.417	4.4	0.	
8820	19.417	4.7	0.	
8821	19.733	2.3	0.	
8822	19.733	2.6	0.	
8823	19.733	2.9	0.	
8824	19.733	3.2	0.	
8825	19.733	3.5	0.	
8826	19.733	3.8	0.	
8827	19.733	4.1	0.	
8828	19.733	4.4	0.	
8829	19.733	4.7	0.	
8830	20.05	2.3	0.	
8831	20.05	2.6	0.	
8832	20.05	2.9	0.	
8833	20.05	3.2	0.	
8834	20.05	3.5	0.	
8835	20.05	3.8	0.	
8836	20.05	4.1	0.	
8837	20.05	4.4	0.	
8838	20.05	4.7	0.	
8839	20.367	2.3	0.	
8840	20.367	2.6	0.	
8841	20.367	2.9	0.	
8842	20.367	3.2	0.	
8843	20.367	3.5	0.	
8844	20.367	3.8	0.	
8845	20.367	4.1	0.	
8846	20.367	4.4	0.	
8847	20.367	4.7	0.	
8848	20.683	2.3	0.	
8849	20.683	2.6	0.	
8850	20.683	2.9	0.	
8851	20.683	3.2	0.	
8852	20.683	3.5	0.	
8853	20.683	3.8	0.	
8854	20.683	4.1	0.	
8855	20.683	4.4	0.	
8856	20.683	4.7	0.	
8857	21.	2.3	0.	
8858	21.	2.6	0.	
8859	21.	2.9	0.	
8860	21.	3.2	0.	
8861	21.	3.5	0.	
8862	21.	3.8	0.	
8863	21.	4.1	0.	
8864	21.	4.4	0.	
8865	21.	4.7	0.	
8866	21.317	2.3	0.	
8867	21.317	2.6	0.	
8868	21.317	2.9	0.	
8869	21.317	3.2	0.	
8870	21.317	3.5	0.	
8871	21.317	3.8	0.	
8872	21.317	4.1	0.	
8873	21.317	4.4	0.	
8874	21.317	4.7	0.	
8875	21.633	2.3	0.	
8876	21.633	2.6	0.	
8877	21.633	2.9	0.	
8878	21.633	3.2	0.	
8879	21.633	3.5	0.	
8880	21.633	3.8	0.	
8881	21.633	4.1	0.	
8882	21.633	4.4	0.	
8883	21.633	4.7	0.	
8884	21.95	2.3	0.	
8885	21.95	2.6	0.	
8886	21.95	2.9	0.	
8887	21.95	3.2	0.	
8888	21.95	3.5	0.	
8889	21.95	3.8	0.	
8890	21.95	4.1	0.	
8891	21.95	4.4	0.	
8892	21.95	4.7	0.	
8893	22.267	2.3	0.	
8894	22.267	2.6	0.	
8895	22.267	2.9	0.	
8896	22.267	3.2	0.	
8897	22.267	3.5	0.	
8898	22.267	3.8	0.	
8899	22.267	4.1	0.	
8900	22.267	4.4	0.	
8901	22.267	4.7	0.	
8902	22.583	2.3	0.	
8903	22.583	2.6	0.	
8904	22.583	2.9	0.	
8905	22.583	3.2	0.	
8906	22.583	3.5	0.	
8907	22.583	3.8	0.	
8908	22.583	4.1	0.	
8909	22.583	4.4	0.	
8910	22.583	4.7	0.	
8911	22.9	2.3	0.	
8912	22.9	2.6	0.	
8913	22.9	2.9	0.	
8914	22.9	3.2	0.	
8915	22.9	3.5	0.	
8916	22.9	3.8	0.	
8917	22.9	4.1	0.	
8918	22.9	4.4	0.	
8919	22.9	4.7	0.	
8920	23.217	2.3	0.	
8921	23.217	2.6	0.	
8922	23.217	2.9	0.	
8923	23.217	3.2	0.	
8924	23.217	3.5	0.	
8925	23.217	3.8	0.	
8926	23.217	4.1	0.	
8927	23.217	4.4	0.	
8928	23.217	4.7	0.	
8929	23.533	2.3	0.	
8930	23.533	2.6	0.	
8931	23.533	2.9	0.	
8932	23.533	3.2	0.	
8933	23.533	3.5	0.	
8934	23.533	3.8	0.	
8935	23.533	4.1	0.	
8936	23.533	4.4	0.	
8937	23.533	4.7	0.	
8938	23.85	2.3	0.	
8939	23.85	2.6	0.	
8940	23.85	2.9	0.	
8941	23.85	3.2	0.	
8942	23.85	3.5	0.	
8943	23.85	3.8	0.	
8944	23.85	4.1	0.	
8945	23.85	4.4	0.	
8946	23.85	4.7	0.	
8947	24.167	2.3	0.	
8948	24.167	2.6	0.	
8949	24.167	2.9	0.	
8950	24.167	3.2	0.	
8951	24.167	3.5	0.	
8952	24.167	3.8	0.	
8953	24.167	4.1	0.	
8954	24.167	4.4	0.	
8955	24.167	4.7	0.	
8956	24.483	2.3	0.	
8957	24.483	2.6	0.	
8958	24.483	2.9	0.	
8959	24.483	3.2	0.	
8960	24.483	3.5	0.	
8961	24.483	3.8	0.	
8962	24.483	4.1	0.	
8963	24.483	4.4	0.	
8964	24.483	4.7	0.	
8965	24.8	2.3	0.	
8966	24.8	2.6	0.	
8967	24.8	2.9	0.	
8968	24.8	3.2	0.	
8969	24.8	3.5	0.	
8970	24.8	3.8	0.	
8971	24.8	4.1	0.	
8972	24.8	4.4	0.	
8973	24.8	4.7	0.	
8974	25.117	2.3	0.	
8975	25.117	2.6	0.	
8976	25.117	2.9	0.	
8977	25.117	3.2	0.	
8978	25.117	3.5	0.	
8979	25.117	3.8	0.	
8980	25.117	4.1	0.	
8981	25.117	4.4	0.	
8982	25.117	4.7	0.	
8983	25.433	2.3	0.	
8984	25.433	2.6	0.	
8985	25.433	2.9	0.	
8986	25.433	3.2	0.	
8987	25.433	3.5	0.	
8988	25.433	3.8	0.	
8989	25.433	4.1	0.	
8990	25.433	4.4	0.	
8991	25.433	4.7	0.	
8992	25.75	2.3	0.	
8993	25.75	2.6	0.	
8994	25.75	2.9	0.	
8995	25.75	3.2	0.	
8996	25.75	3.5	0.	
8997	25.75	3.8	0.	
8998	25.75	4.1	0.	
8999	25.75	4.4	0.	
9000	25.75	4.7	0.	
9001	26.067	2.3	0.	
9002	26.067	2.6	0.	
9003	26.067	2.9	0.	
9004	26.067	3.2	0.	
9005	26.067	3.5	0.	
9006	26.067	3.8	0.	
9007	26.067	4.1	0.	
9008	26.067	4.4	0.	
9009	26.067	4.7	0.	
9010	26.383	2.3	0.	
9011	26.383	2.6	0.	
9012	26.383	2.9	0.	
9013	26.383	3.2	0.	
9014	26.383	3.5	0.	
9015	26.383	3.8	0.	
9016	26.383	4.1	0.	
9017	26.383	4.4	0.	
9018	26.383	4.7	0.	
9019	26.7	2.3	0.	
9020	26.7	2.6	0.	
9021	26.7	2.9	0.	
9022	26.7	3.2	0.	
9023	26.7	3.5	0.	
9024	26.7	3.8	0.	
9025	26.7	4.1	0.	
9026	26.7	4.4	0.	
9027	26.7	4.7	0.	
9028	27.017	2.3	0.	
9029	27.017	2.6	0.	
9030	27.017	2.9	0.	
9031	27.017	3.2	0.	
9032	27.017	3.5	0.	
9033	27.017	3.8	0.	
9034	27.017	4.1	0.	
9035	27.017	4.4	0.	
9036	27.017	4.7	0.	
9037	27.333	2.3	0.	
9038	27.333	2.6	0.	
9039	27.333	2.9	0.	
9040	27.333	3.2	0.	
9041	27.333	3.5	0.	
9042	27.333	3.8	0.	
9043	27.333	4.1	0.	
9044	27.333	4.4	0.	
9045	27.333	4.7	0.	
9046	27.65	2.3	0.	
9047	27.65	2.6	0.	
9048	27.65	2.9	0.	
9049	27.65	3.2	0.	
9050	27.65	3.5	0.	
9051	27.65	3.8	0.	
9052	27.65	4.1	0.	
9053	27.65	4.4	0.	
9054	27.65	4.7	0.	
9055	27.967	2.3	0.	
9056	27.967	2.6	0.	
9057	27.967	2.9	0.	
9058	27.967	3.2	0.	
9059	27.967	3.5	0.	
9060	27.967	3.8	0.	
9061	27.967	4.1	0.	
9062	27.967	4.4	0.	
9063	27.967	4.7	0.	
9064	28.283	2.3	0.	
9065	28.283	2.6	0.	
9066	28.283	2.9	0.	
9067	28.283	3.2	0.	
9068	28.283	3.5	0.	
9069	28.283	3.8	0.	
9070	28.283	4.1	0.	
9071	28.283	4.4	0.	
9072	28.283	4.7	0.	
9073	28.6	2.3	0.	
9074	28.6	2.6	0.	
9075	28.6	2.9	0.	
9076	28.6	3.2	0.	
9077	28.6	3.5	0.	
9078	28.6	3.8	0.	
9079	28.6	4.1	0.	
9080	28.6	4.4	0.	
9081	28.6	4.7	0.	
9082	28.917	2.3	0.	
9083	28.917	2.6	0.	
9084	28.917	2.9	0.	
9085	28.917	3.2	0.	
9086	28.917	3.5	0.	
9087	28.917	3.8	0.	
9088	28.917	4.1	0.	
9089	28.917	4.4	0.	
9090	28.917	4.7	0.	
9091	29.233	2.3	0.	
9092	29.233	2.6	0.	
9093	29.233	2.9	0.	
9094	29.233	3.2	0.	
9095	29.233	3.5	0.	
9096	29.233	3.8	0.	
9097	29.233	4.1	0.	
9098	29.233	4.4	0.	
9099	29.233	4.7	0.	
9100	29.55	2.3	0.	
9101	29.55	2.6	0.	
9102	29.55	2.9	0.	
9103	29.55	3.2	0.	
9104	29.55	3.5	0.	
9105	29.55	3.8	0.	
9106	29.55	4.1	0.	
9107	29.55	4.4	0.	
9108	29.55	4.7	0.	
9109	29.867	2.3	0.	
9110	29.867	2.6	0.	
9111	29.867	2.9	0.	
9112	29.867	3.2	0.	
9113	29.867	3.5	0.	
9114	29.867	3.8	0.	
9115	29.867	4.1	0.	
9116	29.867	4.4	0.	
9117	29.867	4.7	0.	
9118	30.183	2.3	0.	
9119	30.183	2.6	0.	
9120	30.183	2.9	0.	
9121	30.183	3.2	0.	
9122	30.183	3.5	0.	
9123	30.183	3.8	0.	
9124	30.183	4.1	0.	
9125	30.183	4.4	0.	
9126	30.183	4.7	0.	
9127	30.5	2.3	0.	
9128	30.5	2.6	0.	
9129	30.5	2.9	0.	
9130	30.5	3.2	0.	
9131	30.5	3.5	0.	
9132	30.5	3.8	0.	
9133	30.5	4.1	0.	
9134	30.5	4.4	0.	
9135	30.5	4.7	0.	
9136	30.817	2.3	0.	
9137	30.817	2.6	0.	
9138	30.817	2.9	0.	
9139	30.817	3.2	0.	
9140	30.817	3.5	0.	
9141	30.817	3.8	0.	
9142	30.817	4.1	0.	
9143	30.817	4.4	0.	
9144	30.817	4.7	0.	
9145	31.133	2.3	0.	
9146	31.133	2.6	0.	
9147	31.133	2.9	0.	
9148	31.133	3.2	0.	
9149	31.133	3.5	0.	
9150	31.133	3.8	0.	
9151	31.133	4.1	0.	
9152	31.133	4.4	0.	
9153	31.133	4.7	0.	
9154	31.45	2.3	0.	
9155	31.45	2.6	0.	
9156	31.45	2.9	0.	
9157	31.45	3.2	0.	
9158	31.45	3.5	0.	
9159	31.45	3.8	0.	
9160	31.45	4.1	0.	
9161	31.45	4.4	0.	
9162	31.45	4.7	0.	
9163	31.767	2.3	0.	
9164	31.767	2.6	0.	
9165	31.767	2.9	0.	
9166	31.767	3.2	0.	
9167	31.767	3.5	0.	
9168	31.767	3.8	0.	
9169	31.767	4.1	0.	
9170	31.767	4.4	0.	
9171	31.767	4.7	0.	
9172	32.083	2.3	0.	
9173	32.083	2.6	0.	
9174	32.083	2.9	0.	
9175	32.083	3.2	0.	
9176	32.083	3.5	0.	
9177	32.083	3.8	0.	
9178	32.083	4.1	0.	
9179	32.083	4.4	0.	
9180	32.083	4.7	0.	
9181	32.4	2.3	0.	
9182	32.4	2.6	0.	
9183	32.4	2.9	0.	
9184	32.4	3.2	0.	
9185	32.4	3.5	0.	
9186	32.4	3.8	0.	
9187	32.4	4.1	0.	
9188	32.4	4.4	0.	
9189	32.4	4.7	0.	
9190	32.717	2.3	0.	
9191	32.717	2.6	0.	
9192	32.717	2.9	0.	
9193	32.717	3.2	0.	
9194	32.717	3.5	0.	
9195	32.717	3.8	0.	
9196	32.717	4.1	0.	
9197	32.717	4.4	0.	
9198	32.717	4.7	0.	
9199	33.033	2.3	0.	
9200	33.033	2.6	0.	
9201	33.033	2.9	0.	
9202	33.033	3.2	0.	
9203	33.033	3.5	0.	
9204	33.033	3.8	0.	
9205	33.033	4.1	0.	
9206	33.033	4.4	0.	
9207	33.033	4.7	0.	
9208	33.35	2.3	0.	
9209	33.35	2.6	0.	
9210	33.35	2.9	0.	
9211	33.35	3.2	0.	
9212	33.35	3.5	0.	
9213	33.35	3.8	0.	
9214	33.35	4.1	0.	
9215	33.35	4.4	0.	
9216	33.35	4.7	0.	
9217	33.667	2.3	0.	
9218	33.667	2.6	0.	
9219	33.667	2.9	0.	
9220	33.667	3.2	0.	
9221	33.667	3.5	0.	
9222	33.667	3.8	0.	
9223	33.667	4.1	0.	
9224	33.667	4.4	0.	
9225	33.667	4.7	0.	
9226	33.983	2.3	0.	
9227	33.983	2.6	0.	
9228	33.983	2.9	0.	
9229	33.983	3.2	0.	
9230	33.983	3.5	0.	
9231	33.983	3.8	0.	
9232	33.983	4.1	0.	
9233	33.983	4.4	0.	
9234	33.983	4.7	0.	
9235	34.3	2.3	0.	
9236	34.3	2.6	0.	
9237	34.3	2.9	0.	
9238	34.3	3.2	0.	
9239	34.3	3.5	0.	
9240	34.3	3.8	0.	
9241	34.3	4.1	0.	
9242	34.3	4.4	0.	
9243	34.3	4.7	0.	
9244	34.617	2.3	0.	
9245	34.617	2.6	0.	
9246	34.617	2.9	0.	
9247	34.617	3.2	0.	
9248	34.617	3.5	0.	
9249	34.617	3.8	0.	
9250	34.617	4.1	0.	
9251	34.617	4.4	0.	
9252	34.617	4.7	0.	
9253	34.933	2.3	0.	
9254	34.933	2.6	0.	
9255	34.933	2.9	0.	
9256	34.933	3.2	0.	
9257	34.933	3.5	0.	
9258	34.933	3.8	0.	
9259	34.933	4.1	0.	
9260	34.933	4.4	0.	
9261	34.933	4.7	0.	
9262	35.25	2.3	0.	
9263	35.25	2.6	0.	
9264	35.25	2.9	0.	
9265	35.25	3.2	0.	
9266	35.25	3.5	0.	
9267	35.25	3.8	0.	
9268	35.25	4.1	0.	
9269	35.25	4.4	0.	
9270	35.25	4.7	0.	
9271	35.567	2.3	0.	
9272	35.567	2.6	0.	
9273	35.567	2.9	0.	
9274	35.567	3.2	0.	
9275	35.567	3.5	0.	
9276	35.567	3.8	0.	
9277	35.567	4.1	0.	
9278	35.567	4.4	0.	
9279	35.567	4.7	0.	
9280	35.883	2.3	0.	
9281	35.883	2.6	0.	
9282	35.883	2.9	0.	
9283	35.883	3.2	0.	
9284	35.883	3.5	0.	
9285	35.883	3.8	0.	
9286	35.883	4.1	0.	
9287	35.883	4.4	0.	
9288	35.883	4.7	0.	
9289	36.2	2.3	0.	
9290	36.2	2.6	0.	
9291	36.2	2.9	0.	
9292	36.2	3.2	0.	
9293	36.2	3.5	0.	
9294	36.2	3.8	0.	
9295	36.2	4.1	0.	
9296	36.2	4.4	0.	
9297	36.2	4.7	0.	
9298	36.517	2.3	0.	
9299	36.517	2.6	0.	
9300	36.517	2.9	0.	
9301	36.517	3.2	0.	
9302	36.517	3.5	0.	
9303	36.517	3.8	0.	
9304	36.517	4.1	0.	
9305	36.517	4.4	0.	
9306	36.517	4.7	0.	
9307	36.833	2.3	0.	
9308	36.833	2.6	0.	
9309	36.833	2.9	0.	
9310	36.833	3.2	0.	
9311	36.833	3.5	0.	
9312	36.833	3.8	0.	
9313	36.833	4.1	0.	
9314	36.833	4.4	0.	
9315	36.833	4.7	0.	
9316	37.15	2.3	0.	
9317	37.15	2.6	0.	
9318	37.15	2.9	0.	
9319	37.15	3.2	0.	
9320	37.15	3.5	0.	
9321	37.15	3.8	0.	
9322	37.15	4.1	0.	
9323	37.15	4.4	0.	
9324	37.15	4.7	0.	
9325	37.467	2.3	0.	
9326	37.467	2.6	0.	
9327	37.467	2.9	0.	
9328	37.467	3.2	0.	
9329	37.467	3.5	0.	
9330	37.467	3.8	0.	
9331	37.467	4.1	0.	
9332	37.467	4.4	0.	
9333	37.467	4.7	0.	
9334	37.783	2.3	0.	
9335	37.783	2.6	0.	
9336	37.783	2.9	0.	
9337	37.783	3.2	0.	
9338	37.783	3.5	0.	
9339	37.783	3.8	0.	
9340	37.783	4.1	0.	
9341	37.783	4.4	0.	
9342	37.783	4.7	0.	
9343	38.1	2.3	0.	
9344	38.1	2.6	0.	
9345	38.1	2.9	0.	
9346	38.1	3.2	0.	
9347	38.1	3.5	0.	
9348	38.1	3.8	0.	
9349	38.1	4.1	0.	
9350	38.1	4.4	0.	
9351	38.1	4.7	0.	
9352	38.417	2.3	0.	
9353	38.417	2.6	0.	
9354	38.417	2.9	0.	
9355	38.417	3.2	0.	
9356	38.417	3.5	0.	
9357	38.417	3.8	0.	
9358	38.417	4.1	0.	
9359	38.417	4.4	0.	
9360	38.417	4.7	0.	
9361	38.733	2.3	0.	
9362	38.733	2.6	0.	
9363	38.733	2.9	0.	
9364	38.733	3.2	0.	
9365	38.733	3.5	0.	
9366	38.733	3.8	0.	
9367	38.733	4.1	0.	
9368	38.733	4.4	0.	
9369	38.733	4.7	0.	
9370	39.05	2.3	0.	
9371	39.05	2.6	0.	
9372	39.05	2.9	0.	
9373	39.05	3.2	0.	
9374	39.05	3.5	0.	
9375	39.05	3.8	0.	
9376	39.05	4.1	0.	
9377	39.05	4.4	0.	
9378	39.05	4.7	0.	
9379	39.367	2.3	0.	
9380	39.367	2.6	0.	
9381	39.367	2.9	0.	
9382	39.367	3.2	0.	
9383	39.367	3.5	0.	
9384	39.367	3.8	0.	
9385	39.367	4.1	0.	
9386	39.367	4.4	0.	
9387	39.367	4.7	0.	
9388	39.683	2.3	0.	
9389	39.683	2.6	0.	
9390	39.683	2.9	0.	
9391	39.683	3.2	0.	
9392	39.683	3.5	0.	
9393	39.683	3.8	0.	
9394	39.683	4.1	0.	
9395	39.683	4.4	0.	
9396	39.683	4.7	0.	
9397	2.3167	5.	0.	
9398	2.6333	5.	0.	
9399	2.95	5.	0.	
9400	3.2667	5.	0.	
9401	3.5833	5.	0.	
9402	3.9	5.	0.	
9403	4.2167	5.	0.	
9404	4.5333	5.	0.	
9405	4.85	5.	0.	
9406	5.1667	5.	0.	
9407	5.4833	5.	0.	
9408	5.8	5.	0.	
9409	6.1167	5.	0.	
9410	6.4333	5.	0.	
9411	6.75	5.	0.	
9412	7.0667	5.	0.	
9413	7.3833	5.	0.	
9414	7.7	5.	0.	
9415	8.0167	5.	0.	
9416	8.3333	5.	0.	
9417	8.65	5.	0.	
9418	8.9667	5.	0.	
9419	9.2833	5.	0.	
9420	9.6	5.	0.	
9421	9.9167	5.	0.	
9422	10.233	5.	0.	
9423	10.55	5.	0.	
9424	10.867	5.	0.	
9425	11.183	5.	0.	
9426	11.5	5.	0.	
9427	11.817	5.	0.	
9428	12.133	5.	0.	
9429	12.45	5.	0.	
9430	12.767	5.	0.	
9431	13.083	5.	0.	
9432	13.4	5.	0.	
9433	13.717	5.	0.	
9434	14.033	5.	0.	
9435	14.35	5.	0.	
9436	14.667	5.	0.	
9437	14.983	5.	0.	
9438	15.3	5.	0.	
9439	15.617	5.	0.	
9440	15.933	5.	0.	
9441	16.25	5.	0.	
9442	16.567	5.	0.	
9443	16.883	5.	0.	
9444	17.2	5.	0.	
9445	17.517	5.	0.	
9446	17.833	5.	0.	
9447	18.15	5.	0.	
9448	18.467	5.	0.	
9449	18.783	5.	0.	
9450	19.1	5.	0.	
9451	19.417	5.	0.	
9452	19.733	5.	0.	
9453	20.05	5.	0.	
9454	20.367	5.	0.	
9455	20.683	5.	0.	
9456	21.	5.	0.	
9457	21.317	5.	0.	
9458	21.633	5.	0.	
9459	21.95	5.	0.	
9460	22.267	5.	0.	
9461	22.583	5.	0.	
9462	22.9	5.	0.	
9463	23.217	5.	0.	
9464	23.533	5.	0.	
9465	23.85	5.	0.	
9466	24.167	5.	0.	
9467	24.483	5.	0.	
9468	24.8	5.	0.	
9469	25.117	5.	0.	
9470	25.433	5.	0.	
9471	25.75	5.	0.	
9472	26.067	5.	0.	
9473	26.383	5.	0.	
9474	26.7	5.	0.	
9475	27.017	5.	0.	
9476	27.333	5.	0.	
9477	27.65	5.	0.	
9478	27.967	5.	0.	
9479	28.283	5.	0.	
9480	28.6	5.	0.	
9481	28.917	5.	0.	
9482	29.233	5.	0.	
9483	29.55	5.	0.	
9484	29.867	5.	0.	
9485	30.183	5.	0.	
9486	30.5	5.	0.	
9487	30.817	5.	0.	
9488	31.133	5.	0.	
9489	31.45	5.	0.	
9490	31.767	5.	0.	
9491	32.083	5.	0.	
9492	32.4	5.	0.	
9493	32.717	5.	0.	
9494	33.033	5.	0.	
9495	33.35	5.	0.	
9496	33.667	5.	0.	
9497	33.983	5.	0.	
9498	34.3	5.	0.	
9499	34.617	5.	0.	
9500	34.933	5.	0.	
9501	35.25	5.	0.	
9502	35.567	5.	0.	
9503	35.883	5.	0.	
9504	36.2	5.	0.	
9505	36.517	5.	0.	
9506	36.833	5.	0.	
9507	37.15	5.	0.	
9508	37.467	5.	0.	
9509	37.783	5.	0.	
9510	38.1	5.	0.	
9511	38.417	5.	0.	
9512	38.733	5.	0.	
9513	39.05	5.	0.	
9514	39.367	5.	0.	
9515	39.683	5.	0.	
9516	40.	4.7	0.	
9517	40.	4.4	0.	
9518	40.	4.1	0.	
9519	40.	3.8	0.	
9520	40.	3.5	0.	
9521	40.	3.2	0.	
9522	40.	2.9	0.	
9523	40.	2.6	0.	
9524	40.	2.3	0.	
9525	2.	2.3	0.	
9526	2.	2.6	0.	
9527	2.	2.9	0.	
9528	2.	3.2	0.	
9529	2.	3.5	0.	
9530	2.	3.8	0.	
9531	2.	4.1	0.	
9532	2.	4.4	0.	
9533	2.	4.7	0.	
9534	-9.7333	1.8667	0.	
9535	-9.4667	1.8667	0.	
9536	-9.2	1.8667	0.	
9537	-8.9333	1.8667	0.	
9538	-8.6667	1.8667	0.	
9539	-8.4	1.8667	0.	
9540	-8.1333	1.8667	0.	
9541	-7.8667	1.8667	0.	
9542	-7.6	1.8667	0.	
9543	-7.3333	1.8667	0.	
9544	-7.0667	1.8667	0.	
9545	-6.8	1.8667	0.	
9546	-6.5333	1.8667	0.	
9547	-6.2667	1.8667	0.	
9548	-6.	1.8667	0.	
9549	-5.7333	1.8667	0.	
9550	-5.4667	1.8667	0.	
9551	-5.2	1.8667	0.	
9552	-4.9333	1.8667	0.	
9553	-4.6667	1.8667	0.	
9554	-4.4	1.8667	0.	
9555	-4.1333	1.8667	0.	
9556	-3.8667	1.8667	0.	
9557	-3.6	1.8667	0.	
9558	-3.3333	1.8667	0.	
9559	-3.0667	1.8667	0.	
9560	-2.8	1.8667	0.	
9561	-2.5333	1.8667	0.	
9562	-2.2667	1.8667	0.	
9563	-9.7333	1.7333	0.	
9564	-9.4667	1.7333	0.	
9565	-9.2	1.7333	0.	
9566	-8.9333	1.7333	0.	
9567	-8.6667	1.7333	0.	
9568	-8.4	1.7333	0.	
9569	-8.1333	1.7333	0.	
9570	-7.8667	1.7333	0.	
9571	-7.6	1.7333	0.	
9572	-7.3333	1.7333	0.	
9573	-7.0667	1.7333	0.	
9574	-6.8	1.7333	0.	
9575	-6.5333	1.7333	0.	
9576	-6.2667	1.7333	0.	
9577	-6.	1.7333	0.	
9578	-5.7333	1.7333	0.	
9579	-5.4667	1.7333	0.	
9580	-5.2	1.7333	0.	
9581	-4.9333	1.7333	0.	
9582	-4.6667	1.7333	0.	
9583	-4.4	1.7333	0.	
9584	-4.1333	1.7333	0.	
9585	-3.8667	1.7333	0.	
9586	-3.6	1.7333	0.	
9587	-3.3333	1.7333	0.	
9588	-3.0667	1.7333	0.	
9589	-2.8	1.7333	0.	
9590	-2.5333	1.7333	0.	
9591	-2.2667	1.7333	0.	
9592	-9.7333	1.6	0.	
9593	-9.4667	1.6	0.	
9594	-9.2	1.6	0.	
9595	-8.9333	1.6	0.	
9596	-8.6667	1.6	0.	
9597	-8.4	1.6	0.	
9598	-8.1333	1.6	0.	
9599	-7.8667	1.6	0.	
9600	-7.6	1.6	0.	
9601	-7.3333	1.6	0.	
9602	-7.0667	1.6	0.	
9603	-6.8	1.6	0.	
9604	-6.5333	1.6	0.	
9605	-6.2667	1.6	0.	
9606	-6.	1.6	0.	
9607	-5.7333	1.6	0.	
9608	-5.4667	1.6	0.	
9609	-5.2	1.6	0.	
9610	-4.9333	1.6	0.	
9611	-4.6667	1.6	0.	
9612	-4.4	1.6	0.	
9613	-4.1333	1.6	0.	
9614	-3.8667	1.6	0.	
9615	-3.6	1.6	0.	
9616	-3.3333	1.6	0.	
9617	-3.0667	1.6	0.	
9618	-2.8	1.6	0.	
9619	-2.5333	1.6	0.	
9620	-2.2667	1.6	0.	
9621	-9.7333	1.4667	0.	
9622	-9.4667	1.4667	0.	
9623	-9.2	1.4667	0.	
9624	-8.9333	1.4667	0.	
9625	-8.6667	1.4667	0.	
9626	-8.4	1.4667	0.	
9627	-8.1333	1.4667	0.	
9628	-7.8667	1.4667	0.	
9629	-7.6	1.4667	0.	
9630	-7.3333	1.4667	0.	
9631	-7.0667	1.4667	0.	
9632	-6.8	1.4667	0.	
9633	-6.5333	1.4667	0.	
9634	-6.2667	1.4667	0.	
9635	-6.	1.4667	0.	
9636	-5.7333	1.4667	0.	
9637	-5.4667	1.4667	0.	
9638	-5.2	1.4667	0.	
9639	-4.9333	1.4667	0.	
9640	-4.6667	1.4667	0.	
9641	-4.4	1.4667	0.	
9642	-4.1333	1.4667	0.	
9643	-3.8667	1.4667	0.	
9644	-3.6	1.4667	0.	
9645	-3.3333	1.4667	0.	
9646	-3.0667	1.4667	0.	
9647	-2.8	1.4667	0.	
9648	-2.5333	1.4667	0.	
9649	-2.2667	1.4667	0.	
9650	-9.7333	1.3333	0.	
9651	-9.4667	1.3333	0.	
9652	-9.2	1.3333	0.	
9653	-8.9333	1.3333	0.	
9654	-8.6667	1.3333	0.	
9655	-8.4	1.3333	0.	
9656	-8.1333	1.3333	0.	
9657	-7.8667	1.3333	0.	
9658	-7.6	1.3333	0.	
9659	-7.3333	1.3333	0.	
9660	-7.0667	1.3333	0.	
9661	-6.8	1.3333	0.	
9662	-6.5333	1.3333	0.	
9663	-6.2667	1.3333	0.	
9664	-6.	1.3333	0.	
9665	-5.7333	1.3333	0.	
9666	-5.4667	1.3333	0.	
9667	-5.2	1.3333	0.	
9668	-4.9333	1.3333	0.	
9669	-4.6667	1.3333	0.	
9670	-4.4	1.3333	0.	
9671	-4.1333	1.3333	0.	
9672	-3.8667	1.3333	0.	
9673	-3.6	1.3333	0.	
9674	-3.3333	1.3333	0.	
9675	-3.0667	1.3333	0.	
9676	-2.8	1.3333	0.	
9677	-2.5333	1.3333	0.	
9678	-2.2667	1.3333	0.	
9679	-9.7333	1.2	0.	
9680	-9.4667	1.2	0.	
9681	-9.2	1.2	0.	
9682	-8.9333	1.2	0.	
9683	-8.6667	1.2	0.	
9684	-8.4	1.2	0.	
9685	-8.1333	1.2	0.	
9686	-7.8667	1.2	0.	
9687	-7.6	1.2	0.	
9688	-7.3333	1.2	0.	
9689	-7.0667	1.2	0.	
9690	-6.8	1.2	0.	
9691	-6.5333	1.2	0.	
9692	-6.2667	1.2	0.	
9693	-6.	1.2	0.	
9694	-5.7333	1.2	0.	
9695	-5.4667	1.2	0.	
9696	-5.2	1.2	0.	
9697	-4.9333	1.2	0.	
9698	-4.6667	1.2	0.	
9699	-4.4	1.2	0.	
9700	-4.1333	1.2	0.	
9701	-3.8667	1.2	0.	
9702	-3.6	1.2	0.	
9703	-3.3333	1.2	0.	
9704	-3.0667	1.2	0.	
9705	-2.8	1.2	0.	
9706	-2.5333	1.2	0.	
9707	-2.2667	1.2	0.	
9708	-9.7333	1.0667	0.	
9709	-9.4667	1.0667	0.	
9710	-9.2	1.0667	0.	
9711	-8.9333	1.0667	0.	
9712	-8.6667	1.0667	0.	
9713	-8.4	1.0667	0.	
9714	-8.1333	1.0667	0.	
9715	-7.8667	1.0667	0.	
9716	-7.6	1.0667	0.	
9717	-7.3333	1.0667	0.	
9718	-7.0667	1.0667	0.	
9719	-6.8	1.0667	0.	
9720	-6.5333	1.0667	0.	
9721	-6.2667	1.0667	0.	
9722	-6.	1.0667	0.	
9723	-5.7333	1.0667	0.	
9724	-5.4667	1.0667	0.	
9725	-5.2	1.0667	0.	
9726	-4.9333	1.0667	0.	
9727	-4.6667	1.0667	0.	
9728	-4.4	1.0667	0.	
9729	-4.1333	1.0667	0.	
9730	-3.8667	1.0667	0.	
9731	-3.6	1.0667	0.	
9732	-3.3333	1.0667	0.	
9733	-3.0667	1.0667	0.	
9734	-2.8	1.0667	0.	
9735	-2.5333	1.0667	0.	
9736	-2.2667	1.0667	0.	
9737	-9.7333	0.93333	0.	
9738	-9.4667	0.93333	0.	
9739	-9.2	0.93333	0.	
9740	-8.9333	0.93333	0.	
9741	-8.6667	0.93333	0.	
9742	-8.4	0.93333	0.	
9743	-8.1333	0.93333	0.	
9744	-7.8667	0.93333	0.	
9745	-7.6	0.93333	0.	
9746	-7.3333	0.93333	0.	
9747	-7.0667	0.93333	0.	
9748	-6.8	0.93333	0.	
9749	-6.5333	0.93333	0.	
9750	-6.2667	0.93333	0.	
9751	-6.	0.93333	0.	
9752	-5.7333	0.93333	0.	
9753	-5.4667	0.93333	0.	
9754	-5.2	0.93333	0.	
9755	-4.9333	0.93333	0.	
9756	-4.6667	0.93333	0.	
9757	-4.4	0.93333	0.	
9758	-4.1333	0.93333	0.	
9759	-3.8667	0.93333	0.	
9760	-3.6	0.93333	0.	
9761	-3.3333	0.93333	0.	
9762	-3.0667	0.93333	0.	
9763	-2.8	0.93333	0.	
9764	-2.5333	0.93333	0.	
9765	-2.2667	0.93333	0.	
9766	-9.7333	0.8	0.	
9767	-9.4667	0.8	0.	
9768	-9.2	0.8	0.	
9769	-8.9333	0.8	0.	
9770	-8.6667	0.8	0.	
9771	-8.4	0.8	0.	
9772	-8.1333	0.8	0.	
9773	-7.8667	0.8	0.	
9774	-7.6	0.8	0.	
9775	-7.3333	0.8	0.	
9776	-7.0667	0.8	0.	
9777	-6.8	0.8	0.	
9778	-6.5333	0.8	0.	
9779	-6.2667	0.8	0.	
9780	-6.	0.8	0.	
9781	-5.7333	0.8	0.	
9782	-5.4667	0.8	0.	
9783	-5.2	0.8	0.	
9784	-4.9333	0.8	0.	
9785	-4.6667	0.8	0.	
9786	-4.4	0.8	0.	
9787	-4.1333	0.8	0.	
9788	-3.8667	0.8	0.	
9789	-3.6	0.8	0.	
9790	-3.3333	0.8	0.	
9791	-3.0667	0.8	0.	
9792	-2.8	0.8	0.	
9793	-2.5333	0.8	0.	
9794	-2.2667	0.8	0.	
9795	-9.7333	0.66667	0.	
9796	-9.4667	0.66667	0.	
9797	-9.2	0.66667	0.	
9798	-8.9333	0.66667	0.	
9799	-8.6667	0.66667	0.	
9800	-8.4	0.66667	0.	
9801	-8.1333	0.66667	0.	
9802	-7.8667	0.66667	0.	
9803	-7.6	0.66667	0.	
9804	-7.3333	0.66667	0.	
9805	-7.0667	0.66667	0.	
9806	-6.8	0.66667	0.	
9807	-6.5333	0.66667	0.	
9808	-6.2667	0.66667	0.	
9809	-6.	0.66667	0.	
9810	-5.7333	0.66667	0.	
9811	-5.4667	0.66667	0.	
9812	-5.2	0.66667	0.	
9813	-4.9333	0.66667	0.	
9814	-4.6667	0.66667	0.	
9815	-4.4	0.66667	0.	
9816	-4.1333	0.66667	0.	
9817	-3.8667	0.66667	0.	
9818	-3.6	0.66667	0.	
9819	-3.3333	0.66667	0.	
9820	-3.0667	0.66667	0.	
9821	-2.8	0.66667	0.	
9822	-2.5333	0.66667	0.	
9823	-2.2667	0.66667	0.	
9824	-9.7333	0.53333	0.	
9825	-9.4667	0.53333	0.	
9826	-9.2	0.53333	0.	
9827	-8.9333	0.53333	0.	
9828	-8.6667	0.53333	0.	
9829	-8.4	0.53333	0.	
9830	-8.1333	0.53333	0.	
9831	-7.8667	0.53333	0.	
9832	-7.6	0.53333	0.	
9833	-7.3333	0.53333	0.	
9834	-7.0667	0.53333	0.	
9835	-6.8	0.53333	0.	
9836	-6.5333	0.53333	0.	
9837	-6.2667	0.53333	0.	
9838	-6.	0.53333	0.	
9839	-5.7333	0.53333	0.	
9840	-5.4667	0.53333	0.	
9841	-5.2	0.53333	0.	
9842	-4.9333	0.53333	0.	
9843	-4.6667	0.53333	0.	
9844	-4.4	0.53333	0.	
9845	-4.1333	0.53333	0.	
9846	-3.8667	0.53333	0.	
9847	-3.6	0.53333	0.	
9848	-3.3333	0.53333	0.	
9849	-3.0667	0.53333	0.	
9850	-2.8	0.53333	0.	
9851	-2.5333	0.53333	0.	
9852	-2.2667	0.53333	0.	
9853	-9.7333	0.4	0.	
9854	-9.4667	0.4	0.	
9855	-9.2	0.4	0.	
9856	-8.9333	0.4	0.	
9857	-8.6667	0.4	0.	
9858	-8.4	0.4	0.	
9859	-8.1333	0.4	0.	
9860	-7.8667	0.4	0.	
9861	-7.6	0.4	0.	
9862	-7.3333	0.4	0.	
9863	-7.0667	0.4	0.	
9864	-6.8	0.4	0.	
9865	-6.5333	0.4	0.	
9866	-6.2667	0.4	0.	
9867	-6.	0.4	0.	
9868	-5.7333	0.4	0.	
9869	-5.4667	0.4	0.	
9870	-5.2	0.4	0.	
9871	-4.9333	0.4	0.	
9872	-4.6667	0.4	0.	
9873	-4.4	0.4	0.	
9874	-4.1333	0.4	0.	
9875	-3.8667	0.4	0.	
9876	-3.6	0.4	0.	
9877	-3.3333	0.4	0.	
9878	-3.0667	0.4	0.	
9879	-2.8	0.4	0.	
9880	-2.5333	0.4	0.	
9881	-2.2667	0.4	0.	
9882	-9.7333	0.26667	0.	
9883	-9.4667	0.26667	0.	
9884	-9.2	0.26667	0.	
9885	-8.9333	0.26667	0.	
9886	-8.6667	0.26667	0.	
9887	-8.4	0.26667	0.	
9888	-8.1333	0.26667	0.	
9889	-7.8667	0.26667	0.	
9890	-7.6	0.26667	0.	
9891	-7.3333	0.26667	0.	
9892	-7.0667	0.26667	0.	
9893	-6.8	0.26667	0.	
9894	-6.5333	0.26667	0.	
9895	-6.2667	0.26667	0.	
9896	-6.	0.26667	0.	
9897	-5.7333	0.26667	0.	
9898	-5.4667	0.26667	0.	
9899	-5.2	0.26667	0.	
9900	-4.9333	0.26667	0.	
9901	-4.6667	0.26667	0.	
9902	-4.4	0.26667	0.	
9903	-4.1333	0.26667	0.	
9904	-3.8667	0.26667	0.	
9905	-3.6	0.26667	0.	
9906	-3.3333	0.26667	0.	
9907	-3.0667	0.26667	0.	
9908	-2.8	0.26667	0.	
9909	-2.5333	0.26667	0.	
9910	-2.2667	0.26667	0.	
9911	-9.7333	0.13333	0.	
9912	-9.4667	0.13333	0.	
9913	-9.2	0.13333	0.	
9914	-8.9333	0.13333	0.	
9915	-8.6667	0.13333	0.	
9916	-8.4	0.13333	0.	
9917	-8.1333	0.13333	0.	
9918	-7.8667	0.13333	0.	
9919	-7.6	0.13333	0.	
9920	-7.3333	0.13333	0.	
9921	-7.0667	0.13333	0.	
9922	-6.8	0.13333	0.	
9923	-6.5333	0.13333	0.	
9924	-6.2667	0.13333	0.	
9925	-6.	0.13333	0.	
9926	-5.7333	0.13333	0.	
9927	-5.4667	0.13333	0.	
9928	-5.2	0.13333	0.	
9929	-4.9333	0.13333	0.	
9930	-4.6667	0.13333	0.	
9931	-4.4	0.13333	0.	
9932	-4.1333	0.13333	0.	
9933	-3.8667	0.13333	0.	
9934	-3.6	0.13333	0.	
9935	-3.3333	0.13333	0.	
9936	-3.0667	0.13333	0.	
9937	-2.8	0.13333	0.	
9938	-2.5333	0.13333	0.	
9939	-2.2667	0.13333	0.	
9940	-9.7333	-2.0724e-016	0.	
9941	-9.4667	-1.9244e-016	0.	
9942	-9.2	-1.7764e-016	0.	
9943	-8.9333	-1.6283e-016	0.	
9944	-8.6667	-1.4803e-016	0.	
9945	-8.4	-1.3323e-016	0.	
9946	-8.1333	-1.1842e-016	0.	
9947	-7.8667	-1.0362e-016	0.	
9948	-7.6	-8.8818e-017	0.	
9949	-7.3333	-7.4015e-017	0.	
9950	-7.0667	-5.9212e-017	0.	
9951	-6.8	-4.4409e-017	0.	
9952	-6.5333	-2.9606e-017	0.	
9953	-6.2667	-1.4803e-017	0.	
9954	-6.	0.	0.	
9955	-5.7333	1.4803e-017	0.	
9956	-5.4667	2.9606e-017	0.	
9957	-5.2	4.4409e-017	0.	
9958	-4.9333	5.9212e-017	0.	
9959	-4.6667	7.4015e-017	0.	
9960	-4.4	8.8818e-017	0.	
9961	-4.1333	1.0362e-016	0.	
9962	-3.8667	1.1842e-016	0.	
9963	-3.6	1.3323e-016	0.	
9964	-3.3333	1.4803e-016	0.	
9965	-3.0667	1.6283e-016	0.	
9966	-2.8	1.7764e-016	0.	
9967	-2.5333	1.9244e-016	0.	
9968	-2.2667	2.0724e-016	0.	
9969	-9.7333	-0.13333	0.	
9970	-9.4667	-0.13333	0.	
9971	-9.2	-0.13333	0.	
9972	-8.9333	-0.13333	0.	
9973	-8.6667	-0.13333	0.	
9974	-8.4	-0.13333	0.	
9975	-8.1333	-0.13333	0.	
9976	-7.8667	-0.13333	0.	
9977	-7.6	-0.13333	0.	
9978	-7.3333	-0.13333	0.	
9979	-7.0667	-0.13333	0.	
9980	-6.8	-0.13333	0.	
9981	-6.5333	-0.13333	0.	
9982	-6.2667	-0.13333	0.	
9983	-6.	-0.13333	0.	
9984	-5.7333	-0.13333	0.	
9985	-5.4667	-0.13333	0.	
9986	-5.2	-0.13333	0.	
9987	-4.9333	-0.13333	0.	
9988	-4.6667	-0.13333	0.	
9989	-4.4	-0.13333	0.	
9990	-4.1333	-0.13333	0.	
9991	-3.8667	-0.13333	0.	
9992	-3.6	-0.13333	0.	
9993	-3.3333	-0.13333	0.	
9994	-3.0667	-0.13333	0.	
9995	-2.8	-0.13333	0.	
9996	-2.5333	-0.13333	0.	
9997	-2.2667	-0.13333	0.	
9998	-9.7333	-0.26667	0.	
9999	-9.4667	-0.26667	0.	
10000	-9.2	-0.26667	0.	
10001	-8.9333	-0.26667	0.	
10002	-8.6667	-0.26667	0.	
10003	-8.4	-0.26667	0.	
10004	-8.1333	-0.26667	0.	
10005	-7.8667	-0.26667	0.	
10006	-7.6	-0.26667	0.	
10007	-7.3333	-0.26667	0.	
10008	-7.0667	-0.26667	0.	
10009	-6.8	-0.26667	0.	
10010	-6.5333	-0.26667	0.	
10011	-6.2667	-0.26667	0.	
10012	-6.	-0.26667	0.	
10013	-5.7333	-0.26667	0.	
10014	-5.4667	-0.26667	0.	
10015	-5.2	-0.26667	0.	
10016	-4.9333	-0.26667	0.	
10017	-4.6667	-0.26667	0.	
10018	-4.4	-0.26667	0.	
10019	-4.1333	-0.26667	0.	
10020	-3.8667	-0.26667	0.	
10021	-3.6	-0.26667	0.	
10022	-3.3333	-0.26667	0.	
10023	-3.0667	-0.26667	0.	
10024	-2.8	-0.26667	0.	
10025	-2.5333	-0.26667	0.	
10026	-2.2667	-0.26667	0.	
10027	-9.7333	-0.4	0.	
10028	-9.4667	-0.4	0.	
10029	-9.2	-0.4	0.	
10030	-8.9333	-0.4	0.	
10031	-8.6667	-0.4	0.	
10032	-8.4	-0.4	0.	
10033	-8.1333	-0.4	0.	
10034	-7.8667	-0.4	0.	
10035	-7.6	-0.4	0.	
10036	-7.3333	-0.4	0.	
10037	-7.0667	-0.4	0.	
10038	-6.8	-0.4	0.	
10039	-6.5333	-0.4	0.	
10040	-6.2667	-0.4	0.	
10041	-6.	-0.4	0.	
10042	-5.7333	-0.4	0.	
10043	-5.4667	-0.4	0.	
10044	-5.2	-0.4	0.	
10045	-4.9333	-0.4	0.	
10046	-4.6667	-0.4	0.	
10047	-4.4	-0.4	0.	
10048	-4.1333	-0.4	0.	
10049	-3.8667	-0.4	0.	
10050	-3.6	-0.4	0.	
10051	-3.3333	-0.4	0.	
10052	-3.0667	-0.4	0.	
10053	-2.8	-0.4	0.	
10054	-2.5333	-0.4	0.	
10055	-2.2667	-0.4	0.	
10056	-9.7333	-0.53333	0.	
10057	-9.4667	-0.53333	0.	
10058	-9.2	-0.53333	0.	
10059	-8.9333	-0.53333	0.	
10060	-8.6667	-0.53333	0.	
10061	-8.4	-0.53333	0.	
10062	-8.1333	-0.53333	0.	
10063	-7.8667	-0.53333	0.	
10064	-7.6	-0.53333	0.	
10065	-7.3333	-0.53333	0.	
10066	-7.0667	-0.53333	0.	
10067	-6.8	-0.53333	0.	
10068	-6.5333	-0.53333	0.	
10069	-6.2667	-0.53333	0.	
10070	-6.	-0.53333	0.	
10071	-5.7333	-0.53333	0.	
10072	-5.4667	-0.53333	0.	
10073	-5.2	-0.53333	0.	
10074	-4.9333	-0.53333	0.	
10075	-4.6667	-0.53333	0.	
10076	-4.4	-0.53333	0.	
10077	-4.1333	-0.53333	0.	
10078	-3.8667	-0.53333	0.	
10079	-3.6	-0.53333	0.	
10080	-3.3333	-0.53333	0.	
10081	-3.0667	-0.53333	0.	
10082	-2.8	-0.53333	0.	
10083	-2.5333	-0.53333	0.	
10084	-2.2667	-0.53333	0.	
10085	-9.7333	-0.66667	0.	
10086	-9.4667	-0.66667	0.	
10087	-9.2	-0.66667	0.	
10088	-8.9333	-0.66667	0.	
10089	-8.6667	-0.66667	0.	
10090	-8.4	-0.66667	0.	
10091	-8.1333	-0.66667	0.	
10092	-7.8667	-0.66667	0.	
10093	-7.6	-0.66667	0.	
10094	-7.3333	-0.66667	0.	
10095	-7.0667	-0.66667	0.	
10096	-6.8	-0.66667	0.	
10097	-6.5333	-0.66667	0.	
10098	-6.2667	-0.66667	0.	
10099	-6.	-0.66667	0.	
10100	-5.7333	-0.66667	0.	
10101	-5.4667	-0.66667	0.	
10102	-5.2	-0.66667	0.	
10103	-4.9333	-0.66667	0.	
10104	-4.6667	-0.66667	0.	
10105	-4.4	-0.66667	0.	
10106	-4.1333	-0.66667	0.	
10107	-3.8667	-0.66667	0.	
10108	-3.6	-0.66667	0.	
10109	-3.3333	-0.66667	0.	
10110	-3.0667	-0.66667	0.	
10111	-2.8	-0.66667	0.	
10112	-2.5333	-0.66667	0.	
10113	-2.2667	-0.66667	0.	
10114	-9.7333	-0.8	0.	
10115	-9.4667	-0.8	0.	
10116	-9.2	-0.8	0.	
10117	-8.9333	-0.8	0.	
10118	-8.6667	-0.8	0.	
10119	-8.4	-0.8	0.	
10120	-8.1333	-0.8	0.	
10121	-7.8667	-0.8	0.	
10122	-7.6	-0.8	0.	
10123	-7.3333	-0.8	0.	
10124	-7.0667	-0.8	0.	
10125	-6.8	-0.8	0.	
10126	-6.5333	-0.8	0.	
10127	-6.2667	-0.8	0.	
10128	-6.	-0.8	0.	
10129	-5.7333	-0.8	0.	
10130	-5.4667	-0.8	0.	
10131	-5.2	-0.8	0.	
10132	-4.9333	-0.8	0.	
10133	-4.6667	-0.8	0.	
10134	-4.4	-0.8	0.	
10135	-4.1333	-0.8	0.	
10136	-3.8667	-0.8	0.	
10137	-3.6	-0.8	0.	
10138	-3.3333	-0.8	0.	
10139	-3.0667	-0.8	0.	
10140	-2.8	-0.8	0.	
10141	-2.5333	-0.8	0.	
10142	-2.2667	-0.8	0.	
10143	-9.7333	-0.93333	0.	
10144	-9.4667	-0.93333	0.	
10145	-9.2	-0.93333	0.	
10146	-8.9333	-0.93333	0.	
10147	-8.6667	-0.93333	0.	
10148	-8.4	-0.93333	0.	
10149	-8.1333	-0.93333	0.	
10150	-7.8667	-0.93333	0.	
10151	-7.6	-0.93333	0.	
10152	-7.3333	-0.93333	0.	
10153	-7.0667	-0.93333	0.	
10154	-6.8	-0.93333	0.	
10155	-6.5333	-0.93333	0.	
10156	-6.2667	-0.93333	0.	
10157	-6.	-0.93333	0.	
10158	-5.7333	-0.93333	0.	
10159	-5.4667	-0.93333	0.	
10160	-5.2	-0.93333	0.	
10161	-4.9333	-0.93333	0.	
10162	-4.6667	-0.93333	0.	
10163	-4.4	-0.93333	0.	
10164	-4.1333	-0.93333	0.	
10165	-3.8667	-0.93333	0.	
10166	-3.6	-0.93333	0.	
10167	-3.3333	-0.93333	0.	
10168	-3.0667	-0.93333	0.	
10169	-2.8	-0.93333	0.	
10170	-2.5333	-0.93333	0.	
10171	-2.2667	-0.93333	0.	
10172	-9.7333	-1.0667	0.	
10173	-9.4667	-1.0667	0.	
10174	-9.2	-1.0667	0.	
10175	-8.9333	-1.0667	0.	
10176	-8.6667	-1.0667	0.	
10177	-8.4	-1.0667	0.	
10178	-8.1333	-1.0667	0.	
10179	-7.8667	-1.0667	0.	
10180	-7.6	-1.0667	0.	
10181	-7.3333	-1.0667	0.	
10182	-7.0667	-1.0667	0.	
10183	-6.8	-1.0667	0.	
10184	-6.5333	-1.0667	0.	
10185	-6.2667	-1.0667	0.	
10186	-6.	-1.0667	0.	
10187	-5.7333	-1.0667	0.	
10188	-5.4667	-1.0667	0.	
10189	-5.2	-1.0667	0.	
10190	-4.9333	-1.0667	0.	
10191	-4.6667	-1.0667	0.	
10192	-4.4	-1.0667	0.	
10193	-4.1333	-1.0667	0.	
10194	-3.8667	-1.0667	0.	
10195	-3.6	-1.0667	0.	
10196	-3.3333	-1.0667	0.	
10197	-3.0667	-1.0667	0.	
10198	-2.8	-1.0667	0.	
10199	-2.5333	-1.0667	0.	
10200	-2.2667	-1.0667	0.	
10201	-9.7333	-1.2	0.	
10202	-9.4667	-1.2	0.	
10203	-9.2	-1.2	0.	
10204	-8.9333	-1.2	0.	
10205	-8.6667	-1.2	0.	
10206	-8.4	-1.2	0.	
10207	-8.1333	-1.2	0.	
10208	-7.8667	-1.2	0.	
10209	-7.6	-1.2	0.	
10210	-7.3333	-1.2	0.	
10211	-7.0667	-1.2	0.	
10212	-6.8	-1.2	0.	
10213	-6.5333	-1.2	0.	
10214	-6.2667	-1.2	0.	
10215	-6.	-1.2	0.	
10216	-5.7333	-1.2	0.	
10217	-5.4667	-1.2	0.	
10218	-5.2	-1.2	0.	
10219	-4.9333	-1.2	0.	
10220	-4.6667	-1.2	0.	
10221	-4.4	-1.2	0.	
10222	-4.1333	-1.2	0.	
10223	-3.8667	-1.2	0.	
10224	-3.6	-1.2	0.	
10225	-3.3333	-1.2	0.	
10226	-3.0667	-1.2	0.	
10227	-2.8	-1.2	0.	
10228	-2.5333	-1.2	0.	
10229	-2.2667	-1.2	0.	
10230	-9.7333	-1.3333	0.	
10231	-9.4667	-1.3333	0.	
10232	-9.2	-1.3333	0.	
10233	-8.9333	-1.3333	0.	
10234	-8.6667	-1.3333	0.	
10235	-8.4	-1.3333	0.	
10236	-8.1333	-1.3333	0.	
10237	-7.8667	-1.3333	0.	
10238	-7.6	-1.3333	0.	
10239	-7.3333	-1.3333	0.	
10240	-7.0667	-1.3333	0.	
10241	-6.8	-1.3333	0.	
10242	-6.5333	-1.3333	0.	
10243	-6.2667	-1.3333	0.	
10244	-6.	-1.3333	0.	
10245	-5.7333	-1.3333	0.	
10246	-5.4667	-1.3333	0.	
10247	-5.2	-1.3333	0.	
10248	-4.9333	-1.3333	0.	
10249	-4.6667	-1.3333	0.	
10250	-4.4	-1.3333	0.	
10251	-4.1333	-1.3333	0.	
10252	-3.8667	-1.3333	0.	
10253	-3.6	-1.3333	0.	
10254	-3.3333	-1.3333	0.	
10255	-3.0667	-1.3333	0.	
10256	-2.8	-1.3333	0.	
10257	-2.5333	-1.3333	0.	
10258	-2.2667	-1.3333	0.	
10259	-9.7333	-1.4667	0.	
10260	-9.4667	-1.4667	0.	
10261	-9.2	-1.4667	0.	
10262	-8.9333	-1.4667	0.	
10263	-8.6667	-1.4667	0.	
10264	-8.4	-1.4667	0.	
10265	-8.1333	-1.4667	0.	
10266	-7.8667	-1.4667	0.	
10267	-7.6	-1.4667	0.	
10268	-7.3333	-1.4667	0.	
10269	-7.0667	-1.4667	0.	
10270	-6.8	-1.4667	0.	
10271	-6.5333	-1.4667	0.	
10272	-6.2667	-1.4667	0.	
10273	-6.	-1.4667	0.	
10274	-5.7333	-1.4667	0.	
10275	-5.4667	-1.4667	0.	
10276	-5.2	-1.4667	0.	
10277	-4.9333	-1.4667	0.	
10278	-4.6667	-1.4667	0.	
10279	-4.4	-1.4667	0.	
10280	-4.1333	-1.4667	0.	
10281	-3.8667	-1.4667	0.	
10282	-3.6	-1.4667	0.	
10283	-3.3333	-1.4667	0.	
10284	-3.0667	-1.4667	0.	
10285	-2.8	-1.4667	0.	
10286	-2.5333	-1.4667	0.	
10287	-2.2667	-1.4667	0.	
10288	-9.7333	-1.6	0.	
10289	-9.4667	-1.6	0.	
10290	-9.2	-1.6	0.	
10291	-8.9333	-1.6	0.	
10292	-8.6667	-1.6	0.	
10293	-8.4	-1.6	0.	
10294	-8.1333	-1.6	0.	
10295	-7.8667	-1.6	0.	
10296	-7.6	-1.6	0.	
10297	-7.3333	-1.6	0.	
10298	-7.0667	-1.6	0.	
10299	-6.8	-1.6	0.	
10300	-6.5333	-1.6	0.	
10301	-6.2667	-1.6	0.	
10302	-6.	-1.6	0.	
10303	-5.7333	-1.6	0.	
10304	-5.4667	-1.6	0.	
10305	-5.2	-1.6	0.	
10306	-4.9333	-1.6	0.	
10307	-4.6667	-1.6	0.	
10308	-4.4	-1.6	0.	
10309	-4.1333	-1.6	0.	
10310	-3.8667	-1.6	0.	
10311	-3.6	-1.6	0.	
10312	-3.3333	-1.6	0.	
10313	-3.0667	-1.6	0.	
10314	-2.8	-1.6	0.	
10315	-2.5333	-1.6	0.	
10316	-2.2667	-1.6	0.	
10317	-9.7333	-1.7333	0.	
10318	-9.4667	-1.7333	0.	
10319	-9.2	-1.7333	0.	
10320	-8.9333	-1.7333	0.	
10321	-8.6667	-1.7333	0.	
10322	-8.4	-1.7333	0.	
10323	-8.1333	-1.7333	0.	
10324	-7.8667	-1.7333	0.	
10325	-7.6	-1.7333	0.	
10326	-7.3333	-1.7333	0.	
10327	-7.0667	-1.7333	0.	
10328	-6.8	-1.7333	0.	
10329	-6.5333	-1.7333	0.	
10330	-6.2667	-1.7333	0.	
10331	-6.	-1.7333	0.	
10332	-5.7333	-1.7333	0.	
10333	-5.4667	-1.7333	0.	
10334	-5.2	-1.7333	0.	
10335	-4.9333	-1.7333	0.	
10336	-4.6667	-1.7333	0.	
10337	-4.4	-1.7333	0.	
10338	-4.1333	-1.7333	0.	
10339	-3.8667	-1.7333	0.	
10340	-3.6	-1.7333	0.	
10341	-3.3333	-1.7333	0.	
10342	-3.0667	-1.7333	0.	
10343	-2.8	-1.7333	0.	
10344	-2.5333	-1.7333	0.	
10345	-2.2667	-1.7333	0.	
10346	-9.7333	-1.8667	0.	
10347	-9.4667	-1.8667	0.	
10348	-9.2	-1.8667	0.	
10349	-8.9333	-1.8667	0.	
10350	-8.6667	-1.8667	0.	
10351	-8.4	-1.8667	0.	
10352	-8.1333	-1.8667	0.	
10353	-7.8667	-1.8667	0.	
10354	-7.6	-1.8667	0.	
10355	-7.3333	-1.8667	0.	
10356	-7.0667	-1.8667	0.	
10357	-6.8	-1.8667	0.	
10358	-6.5333	-1.8667	0.	
10359	-6.2667	-1.8667	0.	
10360	-6.	-1.8667	0.	
10361	-5.7333	-1.8667	0.	
10362	-5.4667	-1.8667	0.	
10363	-5.2	-1.8667	0.	
10364	-4.9333	-1.8667	0.	
10365	-4.6667	-1.8667	0.	
10366	-4.4	-1.8667	0.	
10367	-4.1333	-1.8667	0.	
10368	-3.8667	-1.8667	0.	
10369	-3.6	-1.8667	0.	
10370	-3.3333	-1.8667	0.	
10371	-3.0667	-1.8667	0.	
10372	-2.8	-1.8667	0.	
10373	-2.5333	-1.8667	0.	
10374	-2.2667	-1.8667	0.	
10375	-10.	-1.8667	0.	
10376	-10.	-1.7333	0.	
10377	-10.	-1.6	0.	
10378	-10.	-1.4667	0.	
10379	-10.	-1.3333	0.	
10380	-10.	-1.2	0.	
10381	-10.	-1.0667	0.	
10382	-10.	-0.93333	0.	
10383	-10.	-0.8	0.	
10384	-10.	-0.66667	0.	
10385	-10.	-0.53333	0.	
10386	-10.	-0.4	0.	
10387	-10.	-0.26667	0.	
10388	-10.	-0.13333	0.	
10389	-10.	-2.2204e-016	0.	
10390	-10.	0.13333	0.	
10391	-10.	0.26667	0.	
10392	-10.	0.4	0.	
10393	-10.	0.53333	0.	
10394	-10.	0.66667	0.	
10395	-10.	0.8	0.	
10396	-10.	0.93333	0.	
10397	-10.	1.0667	0.	
10398	-10.	1.2	0.	
10399	-10.	1.3333	0.	
10400	-10.	1.4667	0.	
10401	-10.	1.6	0.	
10402	-10.	1.7333	0.	
10403	-10.	1.8667	0.	
10404	-2.2667	2.	0.	
10405	-2.5333	2.	0.	
10406	-2.8	2.	0.	
10407	-3.0667	2.	0.	
10408	-3.3333	2.	0.	
10409	-3.6	2.	0.	
10410	-3.8667	2.	0.	
10411	-4.1333	2.	0.	
10412	-4.4	2.	0.	
10413	-4.6667	2.	0.	
10414	-4.9333	2.	0.	
10415	-5.2	2.	0.	
10416	-5.4667	2.	0.	
10417	-5.7333	2.	0.	
10418	-6.	2.	0.	
10419	-6.2667	2.	0.	
10420	-6.5333	2.	0.	
10421	-6.8	2.	0.	
10422	-7.0667	2.	0.	
10423	-7.3333	2.	0.	
10424	-7.6	2.	0.	
10425	-7.8667	2.	0.	
10426	-8.1333	2.	0.	
10427	-8.4	2.	0.	
10428	-8.6667	2.	0.	
10429	-8.9333	2.	0.	
10430	-9.2	2.	0.	
10431	-9.4667	2.	0.	
10432	-9.7333	2.	0.	
10433	1.8667	2.3	0.	
10434	1.7333	2.3	0.	
10435	1.6	2.3	0.	
10436	1.4667	2.3	0.	
10437	1.3333	2.3	0.	
10438	1.2	2.3	0.	
10439	1.0667	2.3	0.	
10440	0.93333	2.3	0.	
10441	0.8	2.3	0.	
10442	0.66667	2.3	0.	
10443	0.53333	2.3	0.	
10444	0.4	2.3	0.	
10445	0.26667	2.3	0.	
10446	0.13333	2.3	0.	
10447	-5.107e-016	2.3	0.	
10448	-0.13333	2.3	0.	
10449	-0.26667	2.3	0.	
10450	-0.4	2.3	0.	
10451	-0.53333	2.3	0.	
10452	-0.66667	2.3	0.	
10453	-0.8	2.3	0.	
10454	-0.93333	2.3	0.	
10455	-1.0667	2.3	0.	
10456	-1.2	2.3	0.	
10457	-1.3333	2.3	0.	
10458	-1.4667	2.3	0.	
10459	-1.6	2.3	0.	
10460	-1.7333	2.3	0.	
10461	-1.8667	2.3	0.	
10462	1.8667	2.6	0.	
10463	1.7333	2.6	0.	
10464	1.6	2.6	0.	
10465	1.4667	2.6	0.	
10466	1.3333	2.6	0.	
10467	1.2	2.6	0.	
10468	1.0667	2.6	0.	
10469	0.93333	2.6	0.	
10470	0.8	2.6	0.	
10471	0.66667	2.6	0.	
10472	0.53333	2.6	0.	
10473	0.4	2.6	0.	
10474	0.26667	2.6	0.	
10475	0.13333	2.6	0.	
10476	-5.7732e-016	2.6	0.	
10477	-0.13333	2.6	0.	
10478	-0.26667	2.6	0.	
10479	-0.4	2.6	0.	
10480	-0.53333	2.6	0.	
10481	-0.66667	2.6	0.	
10482	-0.8	2.6	0.	
10483	-0.93333	2.6	0.	
10484	-1.0667	2.6	0.	
10485	-1.2	2.6	0.	
10486	-1.3333	2.6	0.	
10487	-1.4667	2.6	0.	
10488	-1.6	2.6	0.	
10489	-1.7333	2.6	0.	
10490	-1.8667	2.6	0.	
10491	1.8667	2.9	0.	
10492	1.7333	2.9	0.	
10493	1.6	2.9	0.	
10494	1.4667	2.9	0.	
10495	1.3333	2.9	0.	
10496	1.2	2.9	0.	
10497	1.0667	2.9	0.	
10498	0.93333	2.9	0.	
10499	0.8	2.9	0.	
10500	0.66667	2.9	0.	
10501	0.53333	2.9	0.	
10502	0.4	2.9	0.	
10503	0.26667	2.9	0.	
10504	0.13333	2.9	0.	
10505	-6.4393e-016	2.9	0.	
10506	-0.13333	2.9	0.	
10507	-0.26667	2.9	0.	
10508	-0.4	2.9	0.	
10509	-0.53333	2.9	0.	
10510	-0.66667	2.9	0.	
10511	-0.8	2.9	0.	
10512	-0.93333	2.9	0.	
10513	-1.0667	2.9	0.	
10514	-1.2	2.9	0.	
10515	-1.3333	2.9	0.	
10516	-1.4667	2.9	0.	
10517	-1.6	2.9	0.	
10518	-1.7333	2.9	0.	
10519	-1.8667	2.9	0.	
10520	1.8667	3.2	0.	
10521	1.7333	3.2	0.	
10522	1.6	3.2	0.	
10523	1.4667	3.2	0.	
10524	1.3333	3.2	0.	
10525	1.2	3.2	0.	
10526	1.0667	3.2	0.	
10527	0.93333	3.2	0.	
10528	0.8	3.2	0.	
10529	0.66667	3.2	0.	
10530	0.53333	3.2	0.	
10531	0.4	3.2	0.	
10532	0.26667	3.2	0.	
10533	0.13333	3.2	0.	
10534	-4.885e-016	3.2	0.	
10535	-0.13333	3.2	0.	
10536	-0.26667	3.2	0.	
10537	-0.4	3.2	0.	
10538	-0.53333	3.2	0.	
10539	-0.66667	3.2	0.	
10540	-0.8	3.2	0.	
10541	-0.93333	3.2	0.	
10542	-1.0667	3.2	0.	
10543	-1.2	3.2	0.	
10544	-1.3333	3.2	0.	
10545	-1.4667	3.2	0.	
10546	-1.6	3.2	0.	
10547	-1.7333	3.2	0.	
10548	-1.8667	3.2	0.	
10549	1.8667	3.5	0.	
10550	1.7333	3.5	0.	
10551	1.6	3.5	0.	
10552	1.4667	3.5	0.	
10553	1.3333	3.5	0.	
10554	1.2	3.5	0.	
10555	1.0667	3.5	0.	
10556	0.93333	3.5	0.	
10557	0.8	3.5	0.	
10558	0.66667	3.5	0.	
10559	0.53333	3.5	0.	
10560	0.4	3.5	0.	
10561	0.26667	3.5	0.	
10562	0.13333	3.5	0.	
10563	-7.7716e-016	3.5	0.	
10564	-0.13333	3.5	0.	
10565	-0.26667	3.5	0.	
10566	-0.4	3.5	0.	
10567	-0.53333	3.5	0.	
10568	-0.66667	3.5	0.	
10569	-0.8	3.5	0.	
10570	-0.93333	3.5	0.	
10571	-1.0667	3.5	0.	
10572	-1.2	3.5	0.	
10573	-1.3333	3.5	0.	
10574	-1.4667	3.5	0.	
10575	-1.6	3.5	0.	
10576	-1.7333	3.5	0.	
10577	-1.8667	3.5	0.	
10578	1.8667	3.8	0.	
10579	1.7333	3.8	0.	
10580	1.6	3.8	0.	
10581	1.4667	3.8	0.	
10582	1.3333	3.8	0.	
10583	1.2	3.8	0.	
10584	1.0667	3.8	0.	
10585	0.93333	3.8	0.	
10586	0.8	3.8	0.	
10587	0.66667	3.8	0.	
10588	0.53333	3.8	0.	
10589	0.4	3.8	0.	
10590	0.26667	3.8	0.	
10591	0.13333	3.8	0.	
10592	-8.4377e-016	3.8	0.	
10593	-0.13333	3.8	0.	
10594	-0.26667	3.8	0.	
10595	-0.4	3.8	0.	
10596	-0.53333	3.8	0.	
10597	-0.66667	3.8	0.	
10598	-0.8	3.8	0.	
10599	-0.93333	3.8	0.	
10600	-1.0667	3.8	0.	
10601	-1.2	3.8	0.	
10602	-1.3333	3.8	0.	
10603	-1.4667	3.8	0.	
10604	-1.6	3.8	0.	
10605	-1.7333	3.8	0.	
10606	-1.8667	3.8	0.	
10607	1.8667	4.1	0.	
10608	1.7333	4.1	0.	
10609	1.6	4.1	0.	
10610	1.4667	4.1	0.	
10611	1.3333	4.1	0.	
10612	1.2	4.1	0.	
10613	1.0667	4.1	0.	
10614	0.93333	4.1	0.	
10615	0.8	4.1	0.	
10616	0.66667	4.1	0.	
10617	0.53333	4.1	0.	
10618	0.4	4.1	0.	
10619	0.26667	4.1	0.	
10620	0.13333	4.1	0.	
10621	-6.8834e-016	4.1	0.	
10622	-0.13333	4.1	0.	
10623	-0.26667	4.1	0.	
10624	-0.4	4.1	0.	
10625	-0.53333	4.1	0.	
10626	-0.66667	4.1	0.	
10627	-0.8	4.1	0.	
10628	-0.93333	4.1	0.	
10629	-1.0667	4.1	0.	
10630	-1.2	4.1	0.	
10631	-1.3333	4.1	0.	
10632	-1.4667	4.1	0.	
10633	-1.6	4.1	0.	
10634	-1.7333	4.1	0.	
10635	-1.8667	4.1	0.	
10636	1.8667	4.4	0.	
10637	1.7333	4.4	0.	
10638	1.6	4.4	0.	
10639	1.4667	4.4	0.	
10640	1.3333	4.4	0.	
10641	1.2	4.4	0.	
10642	1.0667	4.4	0.	
10643	0.93333	4.4	0.	
10644	0.8	4.4	0.	
10645	0.66667	4.4	0.	
10646	0.53333	4.4	0.	
10647	0.4	4.4	0.	
10648	0.26667	4.4	0.	
10649	0.13333	4.4	0.	
10650	-7.5495e-016	4.4	0.	
10651	-0.13333	4.4	0.	
10652	-0.26667	4.4	0.	
10653	-0.4	4.4	0.	
10654	-0.53333	4.4	0.	
10655	-0.66667	4.4	0.	
10656	-0.8	4.4	0.	
10657	-0.93333	4.4	0.	
10658	-1.0667	4.4	0.	
10659	-1.2	4.4	0.	
10660	-1.3333	4.4	0.	
10661	-1.4667	4.4	0.	
10662	-1.6	4.4	0.	
10663	-1.7333	4.4	0.	
10664	-1.8667	4.4	0.	
10665	1.8667	4.7	0.	
10666	1.7333	4.7	0.	
10667	1.6	4.7	0.	
10668	1.4667	4.7	0.	
10669	1.3333	4.7	0.	
10670	1.2	4.7	0.	
10671	1.0667	4.7	0.	
10672	0.93333	4.7	0.	
10673	0.8	4.7	0.	
10674	0.66667	4.7	0.	
10675	0.53333	4.7	0.	
10676	0.4	4.7	0.	
10677	0.26667	4.7	0.	
10678	0.13333	4.7	0.	
10679	-8.2157e-016	4.7	0.	
10680	-0.13333	4.7	0.	
10681	-0.26667	4.7	0.	
10682	-0.4	4.7	0.	
10683	-0.53333	4.7	0.	
10684	-0.66667	4.7	0.	
10685	-0.8	4.7	0.	
10686	-0.93333	4.7	0.	
10687	-1.0667	4.7	0.	
10688	-1.2	4.7	0.	
10689	-1.3333	4.7	0.	
10690	-1.4667	4.7	0.	
10691	-1.6	4.7	0.	
10692	-1.7333	4.7	0.	
10693	-1.8667	4.7	0.	
10694	-1.8667	5.	0.	
10695	-1.7333	5.	0.	
10696	-1.6	5.	0.	
10697	-1.4667	5.	0.	
10698	-1.3333	5.	0.	
10699	-1.2	5.	0.	
10700	-1.0667	5.	0.	
10701	-0.93333	5.	0.	
10702	-0.8	5.	0.	
10703	-0.66667	5.	0.	
10704	-0.53333	5.	0.	
10705	-0.4	5.	0.	
10706	-0.26667	5.	0.	
10707	-0.13333	5.	0.	
10708	-8.8818e-016	5.	0.	
10709	0.13333	5.	0.	
10710	0.26667	5.	0.	
10711	0.4	5.	0.	
10712	0.53333	5.	0.	
10713	0.66667	5.	0.	
10714	0.8	5.	0.	
10715	0.93333	5.	0.	
10716	1.0667	5.	0.	
10717	1.2	5.	0.	
10718	1.3333	5.	0.	
10719	1.4667	5.	0.	
10720	1.6	5.	0.	
10721	1.7333	5.	0.	
10722	1.8667	5.	0.	
10723	-2.	2.3	0.	
10724	-2.	2.6	0.	
10725	-2.	2.9	0.	
10726	-2.	3.2	0.	
10727	-2.	3.5	0.	
10728	-2.	3.8	0.	
10729	-2.	4.1	0.	
10730	-2.	4.4	0.	
10731	-2.	4.7	0.	
10732	-2.2667	2.3	0.	
10733	-2.5333	2.3	0.	
10734	-2.8	2.3	0.	
10735	-3.0667	2.3	0.	
10736	-3.3333	2.3	0.	
10737	-3.6	2.3	0.	
10738	-3.8667	2.3	0.	
10739	-4.1333	2.3	0.	
10740	-4.4	2.3	0.	
10741	-4.6667	2.3	0.	
10742	-4.9333	2.3	0.	
10743	-5.2	2.3	0.	
10744	-5.4667	2.3	0.	
10745	-5.7333	2.3	0.	
10746	-6.	2.3	0.	
10747	-6.2667	2.3	0.	
10748	-6.5333	2.3	0.	
10749	-6.8	2.3	0.	
10750	-7.0667	2.3	0.	
10751	-7.3333	2.3	0.	
10752	-7.6	2.3	0.	
10753	-7.8667	2.3	0.	
10754	-8.1333	2.3	0.	
10755	-8.4	2.3	0.	
10756	-8.6667	2.3	0.	
10757	-8.9333	2.3	0.	
10758	-9.2	2.3	0.	
10759	-9.4667	2.3	0.	
10760	-9.7333	2.3	0.	
10761	-2.2667	2.6	0.	
10762	-2.5333	2.6	0.	
10763	-2.8	2.6	0.	
10764	-3.0667	2.6	0.	
10765	-3.3333	2.6	0.	
10766	-3.6	2.6	0.	
10767	-3.8667	2.6	0.	
10768	-4.1333	2.6	0.	
10769	-4.4	2.6	0.	
10770	-4.6667	2.6	0.	
10771	-4.9333	2.6	0.	
10772	-5.2	2.6	0.	
10773	-5.4667	2.6	0.	
10774	-5.7333	2.6	0.	
10775	-6.	2.6	0.	
10776	-6.2667	2.6	0.	
10777	-6.5333	2.6	0.	
10778	-6.8	2.6	0.	
10779	-7.0667	2.6	0.	
10780	-7.3333	2.6	0.	
10781	-7.6	2.6	0.	
10782	-7.8667	2.6	0.	
10783	-8.1333	2.6	0.	
10784	-8.4	2.6	0.	
10785	-8.6667	2.6	0.	
10786	-8.9333	2.6	0.	
10787	-9.2	2.6	0.	
10788	-9.4667	2.6	0.	
10789	-9.7333	2.6	0.	
10790	-2.2667	2.9	0.	
10791	-2.5333	2.9	0.	
10792	-2.8	2.9	0.	
10793	-3.0667	2.9	0.	
10794	-3.3333	2.9	0.	
10795	-3.6	2.9	0.	
10796	-3.8667	2.9	0.	
10797	-4.1333	2.9	0.	
10798	-4.4	2.9	0.	
10799	-4.6667	2.9	0.	
10800	-4.9333	2.9	0.	
10801	-5.2	2.9	0.	
10802	-5.4667	2.9	0.	
10803	-5.7333	2.9	0.	
10804	-6.	2.9	0.	
10805	-6.2667	2.9	0.	
10806	-6.5333	2.9	0.	
10807	-6.8	2.9	0.	
10808	-7.0667	2.9	0.	
10809	-7.3333	2.9	0.	
10810	-7.6	2.9	0.	
10811	-7.8667	2.9	0.	
10812	-8.1333	2.9	0.	
10813	-8.4	2.9	0.	
10814	-8.6667	2.9	0.	
10815	-8.9333	2.9	0.	
10816	-9.2	2.9	0.	
10817	-9.4667	2.9	0.	
10818	-9.7333	2.9	0.	
10819	-2.2667	3.2	0.	
10820	-2.5333	3.2	0.	
10821	-2.8	3.2	0.	
10822	-3.0667	3.2	0.	
10823	-3.3333	3.2	0.	
10824	-3.6	3.2	0.	
10825	-3.8667	3.2	0.	
10826	-4.1333	3.2	0.	
10827	-4.4	3.2	0.	
10828	-4.6667	3.2	0.	
10829	-4.9333	3.2	0.	
10830	-5.2	3.2	0.	
10831	-5.4667	3.2	0.	
10832	-5.7333	3.2	0.	
10833	-6.	3.2	0.	
10834	-6.2667	3.2	0.	
10835	-6.5333	3.2	0.	
10836	-6.8	3.2	0.	
10837	-7.0667	3.2	0.	
10838	-7.3333	3.2	0.	
10839	-7.6	3.2	0.	
10840	-7.8667	3.2	0.	
10841	-8.1333	3.2	0.	
10842	-8.4	3.2	0.	
10843	-8.6667	3.2	0.	
10844	-8.9333	3.2	0.	
10845	-9.2	3.2	0.	
10846	-9.4667	3.2	0.	
10847	-9.7333	3.2	0.	
10848	-2.2667	3.5	0.	
10849	-2.5333	3.5	0.	
10850	-2.8	3.5	0.	
10851	-3.0667	3.5	0.	
10852	-3.3333	3.5	0.	
10853	-3.6	3.5	0.	
10854	-3.8667	3.5	0.	
10855	-4.1333	3.5	0.	
10856	-4.4	3.5	0.	
10857	-4.6667	3.5	0.	
10858	-4.9333	3.5	0.	
10859	-5.2	3.5	0.	
10860	-5.4667	3.5	0.	
10861	-5.7333	3.5	0.	
10862	-6.	3.5	0.	
10863	-6.2667	3.5	0.	
10864	-6.5333	3.5	0.	
10865	-6.8	3.5	0.	
10866	-7.0667	3.5	0.	
10867	-7.3333	3.5	0.	
10868	-7.6	3.5	0.	
10869	-7.8667	3.5	0.	
10870	-8.1333	3.5	0.	
10871	-8.4	3.5	0.	
10872	-8.6667	3.5	0.	
10873	-8.9333	3.5	0.	
10874	-9.2	3.5	0.	
10875	-9.4667	3.5	0.	
10876	-9.7333	3.5	0.	
10877	-2.2667	3.8	0.	
10878	-2.5333	3.8	0.	
10879	-2.8	3.8	0.	
10880	-3.0667	3.8	0.	
10881	-3.3333	3.8	0.	
10882	-3.6	3.8	0.	
10883	-3.8667	3.8	0.	
10884	-4.1333	3.8	0.	
10885	-4.4	3.8	0.	
10886	-4.6667	3.8	0.	
10887	-4.9333	3.8	0.	
10888	-5.2	3.8	0.	
10889	-5.4667	3.8	0.	
10890	-5.7333	3.8	0.	
10891	-6.	3.8	0.	
10892	-6.2667	3.8	0.	
10893	-6.5333	3.8	0.	
10894	-6.8	3.8	0.	
10895	-7.0667	3.8	0.	
10896	-7.3333	3.8	0.	
10897	-7.6	3.8	0.	
10898	-7.8667	3.8	0.	
10899	-8.1333	3.8	0.	
10900	-8.4	3.8	0.	
10901	-8.6667	3.8	0.	
10902	-8.9333	3.8	0.	
10903	-9.2	3.8	0.	
10904	-9.4667	3.8	0.	
10905	-9.7333	3.8	0.	
10906	-2.2667	4.1	0.	
10907	-2.5333	4.1	0.	
10908	-2.8	4.1	0.	
10909	-3.0667	4.1	0.	
10910	-3.3333	4.1	0.	
10911	-3.6	4.1	0.	
10912	-3.8667	4.1	0.	
10913	-4.1333	4.1	0.	
10914	-4.4	4.1	0.	
10915	-4.6667	4.1	0.	
10916	-4.9333	4.1	0.	
10917	-5.2	4.1	0.	
10918	-5.4667	4.1	0.	
10919	-5.7333	4.1	0.	
10920	-6.	4.1	0.	
10921	-6.2667	4.1	0.	
10922	-6.5333	4.1	0.	
10923	-6.8	4.1	0.	
10924	-7.0667	4.1	0.	
10925	-7.3333	4.1	0.	
10926	-7.6	4.1	0.	
10927	-7.8667	4.1	0.	
10928	-8.1333	4.1	0.	
10929	-8.4	4.1	0.	
10930	-8.6667	4.1	0.	
10931	-8.9333	4.1	0.	
10932	-9.2	4.1	0.	
10933	-9.4667	4.1	0.	
10934	-9.7333	4.1	0.	
10935	-2.2667	4.4	0.	
10936	-2.5333	4.4	0.	
10937	-2.8	4.4	0.	
10938	-3.0667	4.4	0.	
10939	-3.3333	4.4	0.	
10940	-3.6	4.4	0.	
10941	-3.8667	4.4	0.	
10942	-4.1333	4.4	0.	
10943	-4.4	4.4	0.	
10944	-4.6667	4.4	0.	
10945	-4.9333	4.4	0.	
10946	-5.2	4.4	0.	
10947	-5.4667	4.4	0.	
10948	-5.7333	4.4	0.	
10949	-6.	4.4	0.	
10950	-6.2667	4.4	0.	
10951	-6.5333	4.4	0.	
10952	-6.8	4.4	0.	
10953	-7.0667	4.4	0.	
10954	-7.3333	4.4	0.	
10955	-7.6	4.4	0.	
10956	-7.8667	4.4	0.	
10957	-8.1333	4.4	0.	
10958	-8.4	4.4	0.	
10959	-8.6667	4.4	0.	
10960	-8.9333	4.4	0.	
10961	-9.2	4.4	0.	
10962	-9.4667	4.4	0.	
10963	-9.7333	4.4	0.	
10964	-2.2667	4.7	0.	
10965	-2.5333	4.7	0.	
10966	-2.8	4.7	0.	
10967	-3.0667	4.7	0.	
10968	-3.3333	4.7	0.	
10969	-3.6	4.7	0.	
10970	-3.8667	4.7	0.	
10971	-4.1333	4.7	0.	
10972	-4.4	4.7	0.	
10973	-4.6667	4.7	0.	
10974	-4.9333	4.7	0.	
10975	-5.2	4.7	0.	
10976	-5.4667	4.7	0.	
10977	-5.7333	4.7	0.	
10978	-6.	4.7	0.	
10979	-6.2667	4.7	0.	
10980	-6.5333	4.7	0.	
10981	-6.8	4.7	0.	
10982	-7.0667	4.7	0.	
10983	-7.3333	4.7	0.	
10984	-7.6	4.7	0.	
10985	-7.8667	4.7	0.	
10986	-8.1333	4.7	0.	
10987	-8.4	4.7	0.	
10988	-8.6667	4.7	0.	
10989	-8.9333	4.7	0.	
10990	-9.2	4.7	0.	
10991	-9.4667	4.7	0.	
10992	-9.7333	4.7	0.	
10993	-9.7333	5.	0.	
10994	-9.4667	5.	0.	
10995	-9.2	5.	0.	
10996	-8.9333	5.	0.	
10997	-8.6667	5.	0.	
10998	-8.4	5.	0.	
10999	-8.1333	5.	0.	
11000	-7.8667	5.	0.	
11001	-7.6	5.	0.	
11002	-7.3333	5.	0.	
11003	-7.0667	5.	0.	
11004	-6.8	5.	0.	
11005	-6.5333	5.	0.	
11006	-6.2667	5.	0.	
11007	-6.	5.	0.	
11008	-5.7333	5.	0.	
11009	-5.4667	5.	0.	
11010	-5.2	5.	0.	
11011	-4.9333	5.	0.	
11012	-4.6667	5.	0.	
11013	-4.4	5.	0.	
11014	-4.1333	5.	0.	
11015	-3.8667	5.	0.	
11016	-3.6	5.	0.	
11017	-3.3333	5.	0.	
11018	-3.0667	5.	0.	
11019	-2.8	5.	0.	
11020	-2.5333	5.	0.	
11021	-2.2667	5.	0.	
11022	-10.	2.3	0.	
11023	-10.	2.6	0.	
11024	-10.	2.9	0.	
11025	-10.	3.2	0.	
11026	-10.	3.5	0.	
11027	-10.	3.8	0.	
11028	-10.	4.1	0.	
11029	-10.	4.4	0.	
11030	-10.	4.7	0.	
