Element Number	Element Type	Nodes	
1	Quad4	2715	6491	7361	5	
2	Quad4	2716	6520	6491	2715	
3	Quad4	2717	6549	6520	2716	
4	Quad4	2718	6578	6549	2717	
5	Quad4	2719	6607	6578	2718	
6	Quad4	2720	6636	6607	2719	
7	Quad4	2721	6665	6636	2720	
8	Quad4	2722	6694	6665	2721	
9	Quad4	2723	6723	6694	2722	
10	Quad4	2724	6752	6723	2723	
11	Quad4	2725	6781	6752	2724	
12	Quad4	2726	6810	6781	2725	
13	Quad4	2727	6839	6810	2726	
14	Quad4	2728	6868	6839	2727	
15	Quad4	2729	6897	6868	2728	
16	Quad4	2730	6926	6897	2729	
17	Quad4	2731	6955	6926	2730	
18	Quad4	2732	6984	6955	2731	
19	Quad4	2733	7013	6984	2732	
20	Quad4	2734	7042	7013	2733	
21	Quad4	2735	7071	7042	2734	
22	Quad4	2736	7100	7071	2735	
23	Quad4	2737	7129	7100	2736	
24	Quad4	2738	7158	7129	2737	
25	Quad4	2739	7187	7158	2738	
26	Quad4	2740	7216	7187	2739	
27	Quad4	2741	7245	7216	2740	
28	Quad4	2742	7274	7245	2741	
29	Quad4	2743	7303	7274	2742	
30	Quad4	4	7390	7303	2743	
31	Quad4	6491	6492	7362	7361	
32	Quad4	6520	6521	6492	6491	
33	Quad4	6549	6550	6521	6520	
34	Quad4	6578	6579	6550	6549	
35	Quad4	6607	6608	6579	6578	
36	Quad4	6636	6637	6608	6607	
37	Quad4	6665	6666	6637	6636	
38	Quad4	6694	6695	6666	6665	
39	Quad4	6723	6724	6695	6694	
40	Quad4	6752	6753	6724	6723	
41	Quad4	6781	6782	6753	6752	
42	Quad4	6810	6811	6782	6781	
43	Quad4	6839	6840	6811	6810	
44	Quad4	6868	6869	6840	6839	
45	Quad4	6897	6898	6869	6868	
46	Quad4	6926	6927	6898	6897	
47	Quad4	6955	6956	6927	6926	
48	Quad4	6984	6985	6956	6955	
49	Quad4	7013	7014	6985	6984	
50	Quad4	7042	7043	7014	7013	
51	Quad4	7071	7072	7043	7042	
52	Quad4	7100	7101	7072	7071	
53	Quad4	7129	7130	7101	7100	
54	Quad4	7158	7159	7130	7129	
55	Quad4	7187	7188	7159	7158	
56	Quad4	7216	7217	7188	7187	
57	Quad4	7245	7246	7217	7216	
58	Quad4	7274	7275	7246	7245	
59	Quad4	7303	7304	7275	7274	
60	Quad4	7390	7391	7304	7303	
61	Quad4	6492	6493	7363	7362	
62	Quad4	6521	6522	6493	6492	
63	Quad4	6550	6551	6522	6521	
64	Quad4	6579	6580	6551	6550	
65	Quad4	6608	6609	6580	6579	
66	Quad4	6637	6638	6609	6608	
67	Quad4	6666	6667	6638	6637	
68	Quad4	6695	6696	6667	6666	
69	Quad4	6724	6725	6696	6695	
70	Quad4	6753	6754	6725	6724	
71	Quad4	6782	6783	6754	6753	
72	Quad4	6811	6812	6783	6782	
73	Quad4	6840	6841	6812	6811	
74	Quad4	6869	6870	6841	6840	
75	Quad4	6898	6899	6870	6869	
76	Quad4	6927	6928	6899	6898	
77	Quad4	6956	6957	6928	6927	
78	Quad4	6985	6986	6957	6956	
79	Quad4	7014	7015	6986	6985	
80	Quad4	7043	7044	7015	7014	
81	Quad4	7072	7073	7044	7043	
82	Quad4	7101	7102	7073	7072	
83	Quad4	7130	7131	7102	7101	
84	Quad4	7159	7160	7131	7130	
85	Quad4	7188	7189	7160	7159	
86	Quad4	7217	7218	7189	7188	
87	Quad4	7246	7247	7218	7217	
88	Quad4	7275	7276	7247	7246	
89	Quad4	7304	7305	7276	7275	
90	Quad4	7391	7392	7305	7304	
91	Quad4	6493	6494	7364	7363	
92	Quad4	6522	6523	6494	6493	
93	Quad4	6551	6552	6523	6522	
94	Quad4	6580	6581	6552	6551	
95	Quad4	6609	6610	6581	6580	
96	Quad4	6638	6639	6610	6609	
97	Quad4	6667	6668	6639	6638	
98	Quad4	6696	6697	6668	6667	
99	Quad4	6725	6726	6697	6696	
100	Quad4	6754	6755	6726	6725	
101	Quad4	6783	6784	6755	6754	
102	Quad4	6812	6813	6784	6783	
103	Quad4	6841	6842	6813	6812	
104	Quad4	6870	6871	6842	6841	
105	Quad4	6899	6900	6871	6870	
106	Quad4	6928	6929	6900	6899	
107	Quad4	6957	6958	6929	6928	
108	Quad4	6986	6987	6958	6957	
109	Quad4	7015	7016	6987	6986	
110	Quad4	7044	7045	7016	7015	
111	Quad4	7073	7074	7045	7044	
112	Quad4	7102	7103	7074	7073	
113	Quad4	7131	7132	7103	7102	
114	Quad4	7160	7161	7132	7131	
115	Quad4	7189	7190	7161	7160	
116	Quad4	7218	7219	7190	7189	
117	Quad4	7247	7248	7219	7218	
118	Quad4	7276	7277	7248	7247	
119	Quad4	7305	7306	7277	7276	
120	Quad4	7392	7393	7306	7305	
121	Quad4	6494	6495	7365	7364	
122	Quad4	6523	6524	6495	6494	
123	Quad4	6552	6553	6524	6523	
124	Quad4	6581	6582	6553	6552	
125	Quad4	6610	6611	6582	6581	
126	Quad4	6639	6640	6611	6610	
127	Quad4	6668	6669	6640	6639	
128	Quad4	6697	6698	6669	6668	
129	Quad4	6726	6727	6698	6697	
130	Quad4	6755	6756	6727	6726	
131	Quad4	6784	6785	6756	6755	
132	Quad4	6813	6814	6785	6784	
133	Quad4	6842	6843	6814	6813	
134	Quad4	6871	6872	6843	6842	
135	Quad4	6900	6901	6872	6871	
136	Quad4	6929	6930	6901	6900	
137	Quad4	6958	6959	6930	6929	
138	Quad4	6987	6988	6959	6958	
139	Quad4	7016	7017	6988	6987	
140	Quad4	7045	7046	7017	7016	
141	Quad4	7074	7075	7046	7045	
142	Quad4	7103	7104	7075	7074	
143	Quad4	7132	7133	7104	7103	
144	Quad4	7161	7162	7133	7132	
145	Quad4	7190	7191	7162	7161	
146	Quad4	7219	7220	7191	7190	
147	Quad4	7248	7249	7220	7219	
148	Quad4	7277	7278	7249	7248	
149	Quad4	7306	7307	7278	7277	
150	Quad4	7393	7394	7307	7306	
151	Quad4	6495	6496	7366	7365	
152	Quad4	6524	6525	6496	6495	
153	Quad4	6553	6554	6525	6524	
154	Quad4	6582	6583	6554	6553	
155	Quad4	6611	6612	6583	6582	
156	Quad4	6640	6641	6612	6611	
157	Quad4	6669	6670	6641	6640	
158	Quad4	6698	6699	6670	6669	
159	Quad4	6727	6728	6699	6698	
160	Quad4	6756	6757	6728	6727	
161	Quad4	6785	6786	6757	6756	
162	Quad4	6814	6815	6786	6785	
163	Quad4	6843	6844	6815	6814	
164	Quad4	6872	6873	6844	6843	
165	Quad4	6901	6902	6873	6872	
166	Quad4	6930	6931	6902	6901	
167	Quad4	6959	6960	6931	6930	
168	Quad4	6988	6989	6960	6959	
169	Quad4	7017	7018	6989	6988	
170	Quad4	7046	7047	7018	7017	
171	Quad4	7075	7076	7047	7046	
172	Quad4	7104	7105	7076	7075	
173	Quad4	7133	7134	7105	7104	
174	Quad4	7162	7163	7134	7133	
175	Quad4	7191	7192	7163	7162	
176	Quad4	7220	7221	7192	7191	
177	Quad4	7249	7250	7221	7220	
178	Quad4	7278	7279	7250	7249	
179	Quad4	7307	7308	7279	7278	
180	Quad4	7394	7395	7308	7307	
181	Quad4	6496	6497	7367	7366	
182	Quad4	6525	6526	6497	6496	
183	Quad4	6554	6555	6526	6525	
184	Quad4	6583	6584	6555	6554	
185	Quad4	6612	6613	6584	6583	
186	Quad4	6641	6642	6613	6612	
187	Quad4	6670	6671	6642	6641	
188	Quad4	6699	6700	6671	6670	
189	Quad4	6728	6729	6700	6699	
190	Quad4	6757	6758	6729	6728	
191	Quad4	6786	6787	6758	6757	
192	Quad4	6815	6816	6787	6786	
193	Quad4	6844	6845	6816	6815	
194	Quad4	6873	6874	6845	6844	
195	Quad4	6902	6903	6874	6873	
196	Quad4	6931	6932	6903	6902	
197	Quad4	6960	6961	6932	6931	
198	Quad4	6989	6990	6961	6960	
199	Quad4	7018	7019	6990	6989	
200	Quad4	7047	7048	7019	7018	
201	Quad4	7076	7077	7048	7047	
202	Quad4	7105	7106	7077	7076	
203	Quad4	7134	7135	7106	7105	
204	Quad4	7163	7164	7135	7134	
205	Quad4	7192	7193	7164	7163	
206	Quad4	7221	7222	7193	7192	
207	Quad4	7250	7251	7222	7221	
208	Quad4	7279	7280	7251	7250	
209	Quad4	7308	7309	7280	7279	
210	Quad4	7395	7396	7309	7308	
211	Quad4	6497	6498	7368	7367	
212	Quad4	6526	6527	6498	6497	
213	Quad4	6555	6556	6527	6526	
214	Quad4	6584	6585	6556	6555	
215	Quad4	6613	6614	6585	6584	
216	Quad4	6642	6643	6614	6613	
217	Quad4	6671	6672	6643	6642	
218	Quad4	6700	6701	6672	6671	
219	Quad4	6729	6730	6701	6700	
220	Quad4	6758	6759	6730	6729	
221	Quad4	6787	6788	6759	6758	
222	Quad4	6816	6817	6788	6787	
223	Quad4	6845	6846	6817	6816	
224	Quad4	6874	6875	6846	6845	
225	Quad4	6903	6904	6875	6874	
226	Quad4	6932	6933	6904	6903	
227	Quad4	6961	6962	6933	6932	
228	Quad4	6990	6991	6962	6961	
229	Quad4	7019	7020	6991	6990	
230	Quad4	7048	7049	7020	7019	
231	Quad4	7077	7078	7049	7048	
232	Quad4	7106	7107	7078	7077	
233	Quad4	7135	7136	7107	7106	
234	Quad4	7164	7165	7136	7135	
235	Quad4	7193	7194	7165	7164	
236	Quad4	7222	7223	7194	7193	
237	Quad4	7251	7252	7223	7222	
238	Quad4	7280	7281	7252	7251	
239	Quad4	7309	7310	7281	7280	
240	Quad4	7396	7397	7310	7309	
241	Quad4	6498	6499	7369	7368	
242	Quad4	6527	6528	6499	6498	
243	Quad4	6556	6557	6528	6527	
244	Quad4	6585	6586	6557	6556	
245	Quad4	6614	6615	6586	6585	
246	Quad4	6643	6644	6615	6614	
247	Quad4	6672	6673	6644	6643	
248	Quad4	6701	6702	6673	6672	
249	Quad4	6730	6731	6702	6701	
250	Quad4	6759	6760	6731	6730	
251	Quad4	6788	6789	6760	6759	
252	Quad4	6817	6818	6789	6788	
253	Quad4	6846	6847	6818	6817	
254	Quad4	6875	6876	6847	6846	
255	Quad4	6904	6905	6876	6875	
256	Quad4	6933	6934	6905	6904	
257	Quad4	6962	6963	6934	6933	
258	Quad4	6991	6992	6963	6962	
259	Quad4	7020	7021	6992	6991	
260	Quad4	7049	7050	7021	7020	
261	Quad4	7078	7079	7050	7049	
262	Quad4	7107	7108	7079	7078	
263	Quad4	7136	7137	7108	7107	
264	Quad4	7165	7166	7137	7136	
265	Quad4	7194	7195	7166	7165	
266	Quad4	7223	7224	7195	7194	
267	Quad4	7252	7253	7224	7223	
268	Quad4	7281	7282	7253	7252	
269	Quad4	7310	7311	7282	7281	
270	Quad4	7397	7398	7311	7310	
271	Quad4	6499	6500	7370	7369	
272	Quad4	6528	6529	6500	6499	
273	Quad4	6557	6558	6529	6528	
274	Quad4	6586	6587	6558	6557	
275	Quad4	6615	6616	6587	6586	
276	Quad4	6644	6645	6616	6615	
277	Quad4	6673	6674	6645	6644	
278	Quad4	6702	6703	6674	6673	
279	Quad4	6731	6732	6703	6702	
280	Quad4	6760	6761	6732	6731	
281	Quad4	6789	6790	6761	6760	
282	Quad4	6818	6819	6790	6789	
283	Quad4	6847	6848	6819	6818	
284	Quad4	6876	6877	6848	6847	
285	Quad4	6905	6906	6877	6876	
286	Quad4	6934	6935	6906	6905	
287	Quad4	6963	6964	6935	6934	
288	Quad4	6992	6993	6964	6963	
289	Quad4	7021	7022	6993	6992	
290	Quad4	7050	7051	7022	7021	
291	Quad4	7079	7080	7051	7050	
292	Quad4	7108	7109	7080	7079	
293	Quad4	7137	7138	7109	7108	
294	Quad4	7166	7167	7138	7137	
295	Quad4	7195	7196	7167	7166	
296	Quad4	7224	7225	7196	7195	
297	Quad4	7253	7254	7225	7224	
298	Quad4	7282	7283	7254	7253	
299	Quad4	7311	7312	7283	7282	
300	Quad4	7398	7399	7312	7311	
301	Quad4	6500	6501	7371	7370	
302	Quad4	6529	6530	6501	6500	
303	Quad4	6558	6559	6530	6529	
304	Quad4	6587	6588	6559	6558	
305	Quad4	6616	6617	6588	6587	
306	Quad4	6645	6646	6617	6616	
307	Quad4	6674	6675	6646	6645	
308	Quad4	6703	6704	6675	6674	
309	Quad4	6732	6733	6704	6703	
310	Quad4	6761	6762	6733	6732	
311	Quad4	6790	6791	6762	6761	
312	Quad4	6819	6820	6791	6790	
313	Quad4	6848	6849	6820	6819	
314	Quad4	6877	6878	6849	6848	
315	Quad4	6906	6907	6878	6877	
316	Quad4	6935	6936	6907	6906	
317	Quad4	6964	6965	6936	6935	
318	Quad4	6993	6994	6965	6964	
319	Quad4	7022	7023	6994	6993	
320	Quad4	7051	7052	7023	7022	
321	Quad4	7080	7081	7052	7051	
322	Quad4	7109	7110	7081	7080	
323	Quad4	7138	7139	7110	7109	
324	Quad4	7167	7168	7139	7138	
325	Quad4	7196	7197	7168	7167	
326	Quad4	7225	7226	7197	7196	
327	Quad4	7254	7255	7226	7225	
328	Quad4	7283	7284	7255	7254	
329	Quad4	7312	7313	7284	7283	
330	Quad4	7399	7400	7313	7312	
331	Quad4	6501	6502	7372	7371	
332	Quad4	6530	6531	6502	6501	
333	Quad4	6559	6560	6531	6530	
334	Quad4	6588	6589	6560	6559	
335	Quad4	6617	6618	6589	6588	
336	Quad4	6646	6647	6618	6617	
337	Quad4	6675	6676	6647	6646	
338	Quad4	6704	6705	6676	6675	
339	Quad4	6733	6734	6705	6704	
340	Quad4	6762	6763	6734	6733	
341	Quad4	6791	6792	6763	6762	
342	Quad4	6820	6821	6792	6791	
343	Quad4	6849	6850	6821	6820	
344	Quad4	6878	6879	6850	6849	
345	Quad4	6907	6908	6879	6878	
346	Quad4	6936	6937	6908	6907	
347	Quad4	6965	6966	6937	6936	
348	Quad4	6994	6995	6966	6965	
349	Quad4	7023	7024	6995	6994	
350	Quad4	7052	7053	7024	7023	
351	Quad4	7081	7082	7053	7052	
352	Quad4	7110	7111	7082	7081	
353	Quad4	7139	7140	7111	7110	
354	Quad4	7168	7169	7140	7139	
355	Quad4	7197	7198	7169	7168	
356	Quad4	7226	7227	7198	7197	
357	Quad4	7255	7256	7227	7226	
358	Quad4	7284	7285	7256	7255	
359	Quad4	7313	7314	7285	7284	
360	Quad4	7400	7401	7314	7313	
361	Quad4	6502	6503	7373	7372	
362	Quad4	6531	6532	6503	6502	
363	Quad4	6560	6561	6532	6531	
364	Quad4	6589	6590	6561	6560	
365	Quad4	6618	6619	6590	6589	
366	Quad4	6647	6648	6619	6618	
367	Quad4	6676	6677	6648	6647	
368	Quad4	6705	6706	6677	6676	
369	Quad4	6734	6735	6706	6705	
370	Quad4	6763	6764	6735	6734	
371	Quad4	6792	6793	6764	6763	
372	Quad4	6821	6822	6793	6792	
373	Quad4	6850	6851	6822	6821	
374	Quad4	6879	6880	6851	6850	
375	Quad4	6908	6909	6880	6879	
376	Quad4	6937	6938	6909	6908	
377	Quad4	6966	6967	6938	6937	
378	Quad4	6995	6996	6967	6966	
379	Quad4	7024	7025	6996	6995	
380	Quad4	7053	7054	7025	7024	
381	Quad4	7082	7083	7054	7053	
382	Quad4	7111	7112	7083	7082	
383	Quad4	7140	7141	7112	7111	
384	Quad4	7169	7170	7141	7140	
385	Quad4	7198	7199	7170	7169	
386	Quad4	7227	7228	7199	7198	
387	Quad4	7256	7257	7228	7227	
388	Quad4	7285	7286	7257	7256	
389	Quad4	7314	7315	7286	7285	
390	Quad4	7401	7402	7315	7314	
391	Quad4	6503	6504	7374	7373	
392	Quad4	6532	6533	6504	6503	
393	Quad4	6561	6562	6533	6532	
394	Quad4	6590	6591	6562	6561	
395	Quad4	6619	6620	6591	6590	
396	Quad4	6648	6649	6620	6619	
397	Quad4	6677	6678	6649	6648	
398	Quad4	6706	6707	6678	6677	
399	Quad4	6735	6736	6707	6706	
400	Quad4	6764	6765	6736	6735	
401	Quad4	6793	6794	6765	6764	
402	Quad4	6822	6823	6794	6793	
403	Quad4	6851	6852	6823	6822	
404	Quad4	6880	6881	6852	6851	
405	Quad4	6909	6910	6881	6880	
406	Quad4	6938	6939	6910	6909	
407	Quad4	6967	6968	6939	6938	
408	Quad4	6996	6997	6968	6967	
409	Quad4	7025	7026	6997	6996	
410	Quad4	7054	7055	7026	7025	
411	Quad4	7083	7084	7055	7054	
412	Quad4	7112	7113	7084	7083	
413	Quad4	7141	7142	7113	7112	
414	Quad4	7170	7171	7142	7141	
415	Quad4	7199	7200	7171	7170	
416	Quad4	7228	7229	7200	7199	
417	Quad4	7257	7258	7229	7228	
418	Quad4	7286	7287	7258	7257	
419	Quad4	7315	7316	7287	7286	
420	Quad4	7402	7403	7316	7315	
421	Quad4	6504	6505	7375	7374	
422	Quad4	6533	6534	6505	6504	
423	Quad4	6562	6563	6534	6533	
424	Quad4	6591	6592	6563	6562	
425	Quad4	6620	6621	6592	6591	
426	Quad4	6649	6650	6621	6620	
427	Quad4	6678	6679	6650	6649	
428	Quad4	6707	6708	6679	6678	
429	Quad4	6736	6737	6708	6707	
430	Quad4	6765	6766	6737	6736	
431	Quad4	6794	6795	6766	6765	
432	Quad4	6823	6824	6795	6794	
433	Quad4	6852	6853	6824	6823	
434	Quad4	6881	6882	6853	6852	
435	Quad4	6910	6911	6882	6881	
436	Quad4	6939	6940	6911	6910	
437	Quad4	6968	6969	6940	6939	
438	Quad4	6997	6998	6969	6968	
439	Quad4	7026	7027	6998	6997	
440	Quad4	7055	7056	7027	7026	
441	Quad4	7084	7085	7056	7055	
442	Quad4	7113	7114	7085	7084	
443	Quad4	7142	7143	7114	7113	
444	Quad4	7171	7172	7143	7142	
445	Quad4	7200	7201	7172	7171	
446	Quad4	7229	7230	7201	7200	
447	Quad4	7258	7259	7230	7229	
448	Quad4	7287	7288	7259	7258	
449	Quad4	7316	7317	7288	7287	
450	Quad4	7403	7404	7317	7316	
451	Quad4	6505	6506	7376	7375	
452	Quad4	6534	6535	6506	6505	
453	Quad4	6563	6564	6535	6534	
454	Quad4	6592	6593	6564	6563	
455	Quad4	6621	6622	6593	6592	
456	Quad4	6650	6651	6622	6621	
457	Quad4	6679	6680	6651	6650	
458	Quad4	6708	6709	6680	6679	
459	Quad4	6737	6738	6709	6708	
460	Quad4	6766	6767	6738	6737	
461	Quad4	6795	6796	6767	6766	
462	Quad4	6824	6825	6796	6795	
463	Quad4	6853	6854	6825	6824	
464	Quad4	6882	6883	6854	6853	
465	Quad4	6911	6912	6883	6882	
466	Quad4	6940	6941	6912	6911	
467	Quad4	6969	6970	6941	6940	
468	Quad4	6998	6999	6970	6969	
469	Quad4	7027	7028	6999	6998	
470	Quad4	7056	7057	7028	7027	
471	Quad4	7085	7086	7057	7056	
472	Quad4	7114	7115	7086	7085	
473	Quad4	7143	7144	7115	7114	
474	Quad4	7172	7173	7144	7143	
475	Quad4	7201	7202	7173	7172	
476	Quad4	7230	7231	7202	7201	
477	Quad4	7259	7260	7231	7230	
478	Quad4	7288	7289	7260	7259	
479	Quad4	7317	7318	7289	7288	
480	Quad4	7404	7405	7318	7317	
481	Quad4	6506	6507	7377	7376	
482	Quad4	6535	6536	6507	6506	
483	Quad4	6564	6565	6536	6535	
484	Quad4	6593	6594	6565	6564	
485	Quad4	6622	6623	6594	6593	
486	Quad4	6651	6652	6623	6622	
487	Quad4	6680	6681	6652	6651	
488	Quad4	6709	6710	6681	6680	
489	Quad4	6738	6739	6710	6709	
490	Quad4	6767	6768	6739	6738	
491	Quad4	6796	6797	6768	6767	
492	Quad4	6825	6826	6797	6796	
493	Quad4	6854	6855	6826	6825	
494	Quad4	6883	6884	6855	6854	
495	Quad4	6912	6913	6884	6883	
496	Quad4	6941	6942	6913	6912	
497	Quad4	6970	6971	6942	6941	
498	Quad4	6999	7000	6971	6970	
499	Quad4	7028	7029	7000	6999	
500	Quad4	7057	7058	7029	7028	
501	Quad4	7086	7087	7058	7057	
502	Quad4	7115	7116	7087	7086	
503	Quad4	7144	7145	7116	7115	
504	Quad4	7173	7174	7145	7144	
505	Quad4	7202	7203	7174	7173	
506	Quad4	7231	7232	7203	7202	
507	Quad4	7260	7261	7232	7231	
508	Quad4	7289	7290	7261	7260	
509	Quad4	7318	7319	7290	7289	
510	Quad4	7405	7406	7319	7318	
511	Quad4	6507	6508	7378	7377	
512	Quad4	6536	6537	6508	6507	
513	Quad4	6565	6566	6537	6536	
514	Quad4	6594	6595	6566	6565	
515	Quad4	6623	6624	6595	6594	
516	Quad4	6652	6653	6624	6623	
517	Quad4	6681	6682	6653	6652	
518	Quad4	6710	6711	6682	6681	
519	Quad4	6739	6740	6711	6710	
520	Quad4	6768	6769	6740	6739	
521	Quad4	6797	6798	6769	6768	
522	Quad4	6826	6827	6798	6797	
523	Quad4	6855	6856	6827	6826	
524	Quad4	6884	6885	6856	6855	
525	Quad4	6913	6914	6885	6884	
526	Quad4	6942	6943	6914	6913	
527	Quad4	6971	6972	6943	6942	
528	Quad4	7000	7001	6972	6971	
529	Quad4	7029	7030	7001	7000	
530	Quad4	7058	7059	7030	7029	
531	Quad4	7087	7088	7059	7058	
532	Quad4	7116	7117	7088	7087	
533	Quad4	7145	7146	7117	7116	
534	Quad4	7174	7175	7146	7145	
535	Quad4	7203	7204	7175	7174	
536	Quad4	7232	7233	7204	7203	
537	Quad4	7261	7262	7233	7232	
538	Quad4	7290	7291	7262	7261	
539	Quad4	7319	7320	7291	7290	
540	Quad4	7406	7407	7320	7319	
541	Quad4	6508	6509	7379	7378	
542	Quad4	6537	6538	6509	6508	
543	Quad4	6566	6567	6538	6537	
544	Quad4	6595	6596	6567	6566	
545	Quad4	6624	6625	6596	6595	
546	Quad4	6653	6654	6625	6624	
547	Quad4	6682	6683	6654	6653	
548	Quad4	6711	6712	6683	6682	
549	Quad4	6740	6741	6712	6711	
550	Quad4	6769	6770	6741	6740	
551	Quad4	6798	6799	6770	6769	
552	Quad4	6827	6828	6799	6798	
553	Quad4	6856	6857	6828	6827	
554	Quad4	6885	6886	6857	6856	
555	Quad4	6914	6915	6886	6885	
556	Quad4	6943	6944	6915	6914	
557	Quad4	6972	6973	6944	6943	
558	Quad4	7001	7002	6973	6972	
559	Quad4	7030	7031	7002	7001	
560	Quad4	7059	7060	7031	7030	
561	Quad4	7088	7089	7060	7059	
562	Quad4	7117	7118	7089	7088	
563	Quad4	7146	7147	7118	7117	
564	Quad4	7175	7176	7147	7146	
565	Quad4	7204	7205	7176	7175	
566	Quad4	7233	7234	7205	7204	
567	Quad4	7262	7263	7234	7233	
568	Quad4	7291	7292	7263	7262	
569	Quad4	7320	7321	7292	7291	
570	Quad4	7407	7408	7321	7320	
571	Quad4	6509	6510	7380	7379	
572	Quad4	6538	6539	6510	6509	
573	Quad4	6567	6568	6539	6538	
574	Quad4	6596	6597	6568	6567	
575	Quad4	6625	6626	6597	6596	
576	Quad4	6654	6655	6626	6625	
577	Quad4	6683	6684	6655	6654	
578	Quad4	6712	6713	6684	6683	
579	Quad4	6741	6742	6713	6712	
580	Quad4	6770	6771	6742	6741	
581	Quad4	6799	6800	6771	6770	
582	Quad4	6828	6829	6800	6799	
583	Quad4	6857	6858	6829	6828	
584	Quad4	6886	6887	6858	6857	
585	Quad4	6915	6916	6887	6886	
586	Quad4	6944	6945	6916	6915	
587	Quad4	6973	6974	6945	6944	
588	Quad4	7002	7003	6974	6973	
589	Quad4	7031	7032	7003	7002	
590	Quad4	7060	7061	7032	7031	
591	Quad4	7089	7090	7061	7060	
592	Quad4	7118	7119	7090	7089	
593	Quad4	7147	7148	7119	7118	
594	Quad4	7176	7177	7148	7147	
595	Quad4	7205	7206	7177	7176	
596	Quad4	7234	7235	7206	7205	
597	Quad4	7263	7264	7235	7234	
598	Quad4	7292	7293	7264	7263	
599	Quad4	7321	7322	7293	7292	
600	Quad4	7408	7409	7322	7321	
601	Quad4	6510	6511	7381	7380	
602	Quad4	6539	6540	6511	6510	
603	Quad4	6568	6569	6540	6539	
604	Quad4	6597	6598	6569	6568	
605	Quad4	6626	6627	6598	6597	
606	Quad4	6655	6656	6627	6626	
607	Quad4	6684	6685	6656	6655	
608	Quad4	6713	6714	6685	6684	
609	Quad4	6742	6743	6714	6713	
610	Quad4	6771	6772	6743	6742	
611	Quad4	6800	6801	6772	6771	
612	Quad4	6829	6830	6801	6800	
613	Quad4	6858	6859	6830	6829	
614	Quad4	6887	6888	6859	6858	
615	Quad4	6916	6917	6888	6887	
616	Quad4	6945	6946	6917	6916	
617	Quad4	6974	6975	6946	6945	
618	Quad4	7003	7004	6975	6974	
619	Quad4	7032	7033	7004	7003	
620	Quad4	7061	7062	7033	7032	
621	Quad4	7090	7091	7062	7061	
622	Quad4	7119	7120	7091	7090	
623	Quad4	7148	7149	7120	7119	
624	Quad4	7177	7178	7149	7148	
625	Quad4	7206	7207	7178	7177	
626	Quad4	7235	7236	7207	7206	
627	Quad4	7264	7265	7236	7235	
628	Quad4	7293	7294	7265	7264	
629	Quad4	7322	7323	7294	7293	
630	Quad4	7409	7410	7323	7322	
631	Quad4	6511	6512	7382	7381	
632	Quad4	6540	6541	6512	6511	
633	Quad4	6569	6570	6541	6540	
634	Quad4	6598	6599	6570	6569	
635	Quad4	6627	6628	6599	6598	
636	Quad4	6656	6657	6628	6627	
637	Quad4	6685	6686	6657	6656	
638	Quad4	6714	6715	6686	6685	
639	Quad4	6743	6744	6715	6714	
640	Quad4	6772	6773	6744	6743	
641	Quad4	6801	6802	6773	6772	
642	Quad4	6830	6831	6802	6801	
643	Quad4	6859	6860	6831	6830	
644	Quad4	6888	6889	6860	6859	
645	Quad4	6917	6918	6889	6888	
646	Quad4	6946	6947	6918	6917	
647	Quad4	6975	6976	6947	6946	
648	Quad4	7004	7005	6976	6975	
649	Quad4	7033	7034	7005	7004	
650	Quad4	7062	7063	7034	7033	
651	Quad4	7091	7092	7063	7062	
652	Quad4	7120	7121	7092	7091	
653	Quad4	7149	7150	7121	7120	
654	Quad4	7178	7179	7150	7149	
655	Quad4	7207	7208	7179	7178	
656	Quad4	7236	7237	7208	7207	
657	Quad4	7265	7266	7237	7236	
658	Quad4	7294	7295	7266	7265	
659	Quad4	7323	7324	7295	7294	
660	Quad4	7410	7411	7324	7323	
661	Quad4	6512	6513	7383	7382	
662	Quad4	6541	6542	6513	6512	
663	Quad4	6570	6571	6542	6541	
664	Quad4	6599	6600	6571	6570	
665	Quad4	6628	6629	6600	6599	
666	Quad4	6657	6658	6629	6628	
667	Quad4	6686	6687	6658	6657	
668	Quad4	6715	6716	6687	6686	
669	Quad4	6744	6745	6716	6715	
670	Quad4	6773	6774	6745	6744	
671	Quad4	6802	6803	6774	6773	
672	Quad4	6831	6832	6803	6802	
673	Quad4	6860	6861	6832	6831	
674	Quad4	6889	6890	6861	6860	
675	Quad4	6918	6919	6890	6889	
676	Quad4	6947	6948	6919	6918	
677	Quad4	6976	6977	6948	6947	
678	Quad4	7005	7006	6977	6976	
679	Quad4	7034	7035	7006	7005	
680	Quad4	7063	7064	7035	7034	
681	Quad4	7092	7093	7064	7063	
682	Quad4	7121	7122	7093	7092	
683	Quad4	7150	7151	7122	7121	
684	Quad4	7179	7180	7151	7150	
685	Quad4	7208	7209	7180	7179	
686	Quad4	7237	7238	7209	7208	
687	Quad4	7266	7267	7238	7237	
688	Quad4	7295	7296	7267	7266	
689	Quad4	7324	7325	7296	7295	
690	Quad4	7411	7412	7325	7324	
691	Quad4	6513	6514	7384	7383	
692	Quad4	6542	6543	6514	6513	
693	Quad4	6571	6572	6543	6542	
694	Quad4	6600	6601	6572	6571	
695	Quad4	6629	6630	6601	6600	
696	Quad4	6658	6659	6630	6629	
697	Quad4	6687	6688	6659	6658	
698	Quad4	6716	6717	6688	6687	
699	Quad4	6745	6746	6717	6716	
700	Quad4	6774	6775	6746	6745	
701	Quad4	6803	6804	6775	6774	
702	Quad4	6832	6833	6804	6803	
703	Quad4	6861	6862	6833	6832	
704	Quad4	6890	6891	6862	6861	
705	Quad4	6919	6920	6891	6890	
706	Quad4	6948	6949	6920	6919	
707	Quad4	6977	6978	6949	6948	
708	Quad4	7006	7007	6978	6977	
709	Quad4	7035	7036	7007	7006	
710	Quad4	7064	7065	7036	7035	
711	Quad4	7093	7094	7065	7064	
712	Quad4	7122	7123	7094	7093	
713	Quad4	7151	7152	7123	7122	
714	Quad4	7180	7181	7152	7151	
715	Quad4	7209	7210	7181	7180	
716	Quad4	7238	7239	7210	7209	
717	Quad4	7267	7268	7239	7238	
718	Quad4	7296	7297	7268	7267	
719	Quad4	7325	7326	7297	7296	
720	Quad4	7412	7413	7326	7325	
721	Quad4	6514	6515	7385	7384	
722	Quad4	6543	6544	6515	6514	
723	Quad4	6572	6573	6544	6543	
724	Quad4	6601	6602	6573	6572	
725	Quad4	6630	6631	6602	6601	
726	Quad4	6659	6660	6631	6630	
727	Quad4	6688	6689	6660	6659	
728	Quad4	6717	6718	6689	6688	
729	Quad4	6746	6747	6718	6717	
730	Quad4	6775	6776	6747	6746	
731	Quad4	6804	6805	6776	6775	
732	Quad4	6833	6834	6805	6804	
733	Quad4	6862	6863	6834	6833	
734	Quad4	6891	6892	6863	6862	
735	Quad4	6920	6921	6892	6891	
736	Quad4	6949	6950	6921	6920	
737	Quad4	6978	6979	6950	6949	
738	Quad4	7007	7008	6979	6978	
739	Quad4	7036	7037	7008	7007	
740	Quad4	7065	7066	7037	7036	
741	Quad4	7094	7095	7066	7065	
742	Quad4	7123	7124	7095	7094	
743	Quad4	7152	7153	7124	7123	
744	Quad4	7181	7182	7153	7152	
745	Quad4	7210	7211	7182	7181	
746	Quad4	7239	7240	7211	7210	
747	Quad4	7268	7269	7240	7239	
748	Quad4	7297	7298	7269	7268	
749	Quad4	7326	7327	7298	7297	
750	Quad4	7413	7414	7327	7326	
751	Quad4	6515	6516	7386	7385	
752	Quad4	6544	6545	6516	6515	
753	Quad4	6573	6574	6545	6544	
754	Quad4	6602	6603	6574	6573	
755	Quad4	6631	6632	6603	6602	
756	Quad4	6660	6661	6632	6631	
757	Quad4	6689	6690	6661	6660	
758	Quad4	6718	6719	6690	6689	
759	Quad4	6747	6748	6719	6718	
760	Quad4	6776	6777	6748	6747	
761	Quad4	6805	6806	6777	6776	
762	Quad4	6834	6835	6806	6805	
763	Quad4	6863	6864	6835	6834	
764	Quad4	6892	6893	6864	6863	
765	Quad4	6921	6922	6893	6892	
766	Quad4	6950	6951	6922	6921	
767	Quad4	6979	6980	6951	6950	
768	Quad4	7008	7009	6980	6979	
769	Quad4	7037	7038	7009	7008	
770	Quad4	7066	7067	7038	7037	
771	Quad4	7095	7096	7067	7066	
772	Quad4	7124	7125	7096	7095	
773	Quad4	7153	7154	7125	7124	
774	Quad4	7182	7183	7154	7153	
775	Quad4	7211	7212	7183	7182	
776	Quad4	7240	7241	7212	7211	
777	Quad4	7269	7270	7241	7240	
778	Quad4	7298	7299	7270	7269	
779	Quad4	7327	7328	7299	7298	
780	Quad4	7414	7415	7328	7327	
781	Quad4	6516	6517	7387	7386	
782	Quad4	6545	6546	6517	6516	
783	Quad4	6574	6575	6546	6545	
784	Quad4	6603	6604	6575	6574	
785	Quad4	6632	6633	6604	6603	
786	Quad4	6661	6662	6633	6632	
787	Quad4	6690	6691	6662	6661	
788	Quad4	6719	6720	6691	6690	
789	Quad4	6748	6749	6720	6719	
790	Quad4	6777	6778	6749	6748	
791	Quad4	6806	6807	6778	6777	
792	Quad4	6835	6836	6807	6806	
793	Quad4	6864	6865	6836	6835	
794	Quad4	6893	6894	6865	6864	
795	Quad4	6922	6923	6894	6893	
796	Quad4	6951	6952	6923	6922	
797	Quad4	6980	6981	6952	6951	
798	Quad4	7009	7010	6981	6980	
799	Quad4	7038	7039	7010	7009	
800	Quad4	7067	7068	7039	7038	
801	Quad4	7096	7097	7068	7067	
802	Quad4	7125	7126	7097	7096	
803	Quad4	7154	7155	7126	7125	
804	Quad4	7183	7184	7155	7154	
805	Quad4	7212	7213	7184	7183	
806	Quad4	7241	7242	7213	7212	
807	Quad4	7270	7271	7242	7241	
808	Quad4	7299	7300	7271	7270	
809	Quad4	7328	7329	7300	7299	
810	Quad4	7415	7416	7329	7328	
811	Quad4	6517	6518	7388	7387	
812	Quad4	6546	6547	6518	6517	
813	Quad4	6575	6576	6547	6546	
814	Quad4	6604	6605	6576	6575	
815	Quad4	6633	6634	6605	6604	
816	Quad4	6662	6663	6634	6633	
817	Quad4	6691	6692	6663	6662	
818	Quad4	6720	6721	6692	6691	
819	Quad4	6749	6750	6721	6720	
820	Quad4	6778	6779	6750	6749	
821	Quad4	6807	6808	6779	6778	
822	Quad4	6836	6837	6808	6807	
823	Quad4	6865	6866	6837	6836	
824	Quad4	6894	6895	6866	6865	
825	Quad4	6923	6924	6895	6894	
826	Quad4	6952	6953	6924	6923	
827	Quad4	6981	6982	6953	6952	
828	Quad4	7010	7011	6982	6981	
829	Quad4	7039	7040	7011	7010	
830	Quad4	7068	7069	7040	7039	
831	Quad4	7097	7098	7069	7068	
832	Quad4	7126	7127	7098	7097	
833	Quad4	7155	7156	7127	7126	
834	Quad4	7184	7185	7156	7155	
835	Quad4	7213	7214	7185	7184	
836	Quad4	7242	7243	7214	7213	
837	Quad4	7271	7272	7243	7242	
838	Quad4	7300	7301	7272	7271	
839	Quad4	7329	7330	7301	7300	
840	Quad4	7416	7417	7330	7329	
841	Quad4	6518	6519	7389	7388	
842	Quad4	6547	6548	6519	6518	
843	Quad4	6576	6577	6548	6547	
844	Quad4	6605	6606	6577	6576	
845	Quad4	6634	6635	6606	6605	
846	Quad4	6663	6664	6635	6634	
847	Quad4	6692	6693	6664	6663	
848	Quad4	6721	6722	6693	6692	
849	Quad4	6750	6751	6722	6721	
850	Quad4	6779	6780	6751	6750	
851	Quad4	6808	6809	6780	6779	
852	Quad4	6837	6838	6809	6808	
853	Quad4	6866	6867	6838	6837	
854	Quad4	6895	6896	6867	6866	
855	Quad4	6924	6925	6896	6895	
856	Quad4	6953	6954	6925	6924	
857	Quad4	6982	6983	6954	6953	
858	Quad4	7011	7012	6983	6982	
859	Quad4	7040	7041	7012	7011	
860	Quad4	7069	7070	7041	7040	
861	Quad4	7098	7099	7070	7069	
862	Quad4	7127	7128	7099	7098	
863	Quad4	7156	7157	7128	7127	
864	Quad4	7185	7186	7157	7156	
865	Quad4	7214	7215	7186	7185	
866	Quad4	7243	7244	7215	7214	
867	Quad4	7272	7273	7244	7243	
868	Quad4	7301	7302	7273	7272	
869	Quad4	7330	7331	7302	7301	
870	Quad4	7417	7418	7331	7330	
871	Quad4	6519	7332	9	7389	
872	Quad4	6548	7333	7332	6519	
873	Quad4	6577	7334	7333	6548	
874	Quad4	6606	7335	7334	6577	
875	Quad4	6635	7336	7335	6606	
876	Quad4	6664	7337	7336	6635	
877	Quad4	6693	7338	7337	6664	
878	Quad4	6722	7339	7338	6693	
879	Quad4	6751	7340	7339	6722	
880	Quad4	6780	7341	7340	6751	
881	Quad4	6809	7342	7341	6780	
882	Quad4	6838	7343	7342	6809	
883	Quad4	6867	7344	7343	6838	
884	Quad4	6896	7345	7344	6867	
885	Quad4	6925	7346	7345	6896	
886	Quad4	6954	7347	7346	6925	
887	Quad4	6983	7348	7347	6954	
888	Quad4	7012	7349	7348	6983	
889	Quad4	7041	7350	7349	7012	
890	Quad4	7070	7351	7350	7041	
891	Quad4	7099	7352	7351	7070	
892	Quad4	7128	7353	7352	7099	
893	Quad4	7157	7354	7353	7128	
894	Quad4	7186	7355	7354	7157	
895	Quad4	7215	7356	7355	7186	
896	Quad4	7244	7357	7356	7215	
897	Quad4	7273	7358	7357	7244	
898	Quad4	7302	7359	7358	7273	
899	Quad4	7331	7360	7359	7302	
900	Quad4	7418	13	7360	7331	
901	Quad4	10454	14071	14622	3	
902	Quad4	10453	14100	14071	10454	
903	Quad4	10452	14129	14100	10453	
904	Quad4	10451	14158	14129	10452	
905	Quad4	10450	14187	14158	10451	
906	Quad4	10449	14216	14187	10450	
907	Quad4	10448	14245	14216	10449	
908	Quad4	10447	14274	14245	10448	
909	Quad4	10446	14303	14274	10447	
910	Quad4	10445	14332	14303	10446	
911	Quad4	10444	14361	14332	10445	
912	Quad4	10443	14390	14361	10444	
913	Quad4	10442	14419	14390	10443	
914	Quad4	10441	14448	14419	10442	
915	Quad4	10440	14477	14448	10441	
916	Quad4	10439	14506	14477	10440	
917	Quad4	10438	14535	14506	10439	
918	Quad4	10437	14564	14535	10438	
919	Quad4	10436	14593	14564	10437	
920	Quad4	4	2685	14593	10436	
921	Quad4	14071	14072	14623	14622	
922	Quad4	14100	14101	14072	14071	
923	Quad4	14129	14130	14101	14100	
924	Quad4	14158	14159	14130	14129	
925	Quad4	14187	14188	14159	14158	
926	Quad4	14216	14217	14188	14187	
927	Quad4	14245	14246	14217	14216	
928	Quad4	14274	14275	14246	14245	
929	Quad4	14303	14304	14275	14274	
930	Quad4	14332	14333	14304	14303	
931	Quad4	14361	14362	14333	14332	
932	Quad4	14390	14391	14362	14361	
933	Quad4	14419	14420	14391	14390	
934	Quad4	14448	14449	14420	14419	
935	Quad4	14477	14478	14449	14448	
936	Quad4	14506	14507	14478	14477	
937	Quad4	14535	14536	14507	14506	
938	Quad4	14564	14565	14536	14535	
939	Quad4	14593	14594	14565	14564	
940	Quad4	2685	2684	14594	14593	
941	Quad4	14072	14073	14624	14623	
942	Quad4	14101	14102	14073	14072	
943	Quad4	14130	14131	14102	14101	
944	Quad4	14159	14160	14131	14130	
945	Quad4	14188	14189	14160	14159	
946	Quad4	14217	14218	14189	14188	
947	Quad4	14246	14247	14218	14217	
948	Quad4	14275	14276	14247	14246	
949	Quad4	14304	14305	14276	14275	
950	Quad4	14333	14334	14305	14304	
951	Quad4	14362	14363	14334	14333	
952	Quad4	14391	14392	14363	14362	
953	Quad4	14420	14421	14392	14391	
954	Quad4	14449	14450	14421	14420	
955	Quad4	14478	14479	14450	14449	
956	Quad4	14507	14508	14479	14478	
957	Quad4	14536	14537	14508	14507	
958	Quad4	14565	14566	14537	14536	
959	Quad4	14594	14595	14566	14565	
960	Quad4	2684	2683	14595	14594	
961	Quad4	14073	14074	14625	14624	
962	Quad4	14102	14103	14074	14073	
963	Quad4	14131	14132	14103	14102	
964	Quad4	14160	14161	14132	14131	
965	Quad4	14189	14190	14161	14160	
966	Quad4	14218	14219	14190	14189	
967	Quad4	14247	14248	14219	14218	
968	Quad4	14276	14277	14248	14247	
969	Quad4	14305	14306	14277	14276	
970	Quad4	14334	14335	14306	14305	
971	Quad4	14363	14364	14335	14334	
972	Quad4	14392	14393	14364	14363	
973	Quad4	14421	14422	14393	14392	
974	Quad4	14450	14451	14422	14421	
975	Quad4	14479	14480	14451	14450	
976	Quad4	14508	14509	14480	14479	
977	Quad4	14537	14538	14509	14508	
978	Quad4	14566	14567	14538	14537	
979	Quad4	14595	14596	14567	14566	
980	Quad4	2683	2682	14596	14595	
981	Quad4	14074	14075	14626	14625	
982	Quad4	14103	14104	14075	14074	
983	Quad4	14132	14133	14104	14103	
984	Quad4	14161	14162	14133	14132	
985	Quad4	14190	14191	14162	14161	
986	Quad4	14219	14220	14191	14190	
987	Quad4	14248	14249	14220	14219	
988	Quad4	14277	14278	14249	14248	
989	Quad4	14306	14307	14278	14277	
990	Quad4	14335	14336	14307	14306	
991	Quad4	14364	14365	14336	14335	
992	Quad4	14393	14394	14365	14364	
993	Quad4	14422	14423	14394	14393	
994	Quad4	14451	14452	14423	14422	
995	Quad4	14480	14481	14452	14451	
996	Quad4	14509	14510	14481	14480	
997	Quad4	14538	14539	14510	14509	
998	Quad4	14567	14568	14539	14538	
999	Quad4	14596	14597	14568	14567	
1000	Quad4	2682	2681	14597	14596	
1001	Quad4	14075	14076	14627	14626	
1002	Quad4	14104	14105	14076	14075	
1003	Quad4	14133	14134	14105	14104	
1004	Quad4	14162	14163	14134	14133	
1005	Quad4	14191	14192	14163	14162	
1006	Quad4	14220	14221	14192	14191	
1007	Quad4	14249	14250	14221	14220	
1008	Quad4	14278	14279	14250	14249	
1009	Quad4	14307	14308	14279	14278	
1010	Quad4	14336	14337	14308	14307	
1011	Quad4	14365	14366	14337	14336	
1012	Quad4	14394	14395	14366	14365	
1013	Quad4	14423	14424	14395	14394	
1014	Quad4	14452	14453	14424	14423	
1015	Quad4	14481	14482	14453	14452	
1016	Quad4	14510	14511	14482	14481	
1017	Quad4	14539	14540	14511	14510	
1018	Quad4	14568	14569	14540	14539	
1019	Quad4	14597	14598	14569	14568	
1020	Quad4	2681	2680	14598	14597	
1021	Quad4	14076	14077	14628	14627	
1022	Quad4	14105	14106	14077	14076	
1023	Quad4	14134	14135	14106	14105	
1024	Quad4	14163	14164	14135	14134	
1025	Quad4	14192	14193	14164	14163	
1026	Quad4	14221	14222	14193	14192	
1027	Quad4	14250	14251	14222	14221	
1028	Quad4	14279	14280	14251	14250	
1029	Quad4	14308	14309	14280	14279	
1030	Quad4	14337	14338	14309	14308	
1031	Quad4	14366	14367	14338	14337	
1032	Quad4	14395	14396	14367	14366	
1033	Quad4	14424	14425	14396	14395	
1034	Quad4	14453	14454	14425	14424	
1035	Quad4	14482	14483	14454	14453	
1036	Quad4	14511	14512	14483	14482	
1037	Quad4	14540	14541	14512	14511	
1038	Quad4	14569	14570	14541	14540	
1039	Quad4	14598	14599	14570	14569	
1040	Quad4	2680	2679	14599	14598	
1041	Quad4	14077	14078	14629	14628	
1042	Quad4	14106	14107	14078	14077	
1043	Quad4	14135	14136	14107	14106	
1044	Quad4	14164	14165	14136	14135	
1045	Quad4	14193	14194	14165	14164	
1046	Quad4	14222	14223	14194	14193	
1047	Quad4	14251	14252	14223	14222	
1048	Quad4	14280	14281	14252	14251	
1049	Quad4	14309	14310	14281	14280	
1050	Quad4	14338	14339	14310	14309	
1051	Quad4	14367	14368	14339	14338	
1052	Quad4	14396	14397	14368	14367	
1053	Quad4	14425	14426	14397	14396	
1054	Quad4	14454	14455	14426	14425	
1055	Quad4	14483	14484	14455	14454	
1056	Quad4	14512	14513	14484	14483	
1057	Quad4	14541	14542	14513	14512	
1058	Quad4	14570	14571	14542	14541	
1059	Quad4	14599	14600	14571	14570	
1060	Quad4	2679	2678	14600	14599	
1061	Quad4	14078	14079	14630	14629	
1062	Quad4	14107	14108	14079	14078	
1063	Quad4	14136	14137	14108	14107	
1064	Quad4	14165	14166	14137	14136	
1065	Quad4	14194	14195	14166	14165	
1066	Quad4	14223	14224	14195	14194	
1067	Quad4	14252	14253	14224	14223	
1068	Quad4	14281	14282	14253	14252	
1069	Quad4	14310	14311	14282	14281	
1070	Quad4	14339	14340	14311	14310	
1071	Quad4	14368	14369	14340	14339	
1072	Quad4	14397	14398	14369	14368	
1073	Quad4	14426	14427	14398	14397	
1074	Quad4	14455	14456	14427	14426	
1075	Quad4	14484	14485	14456	14455	
1076	Quad4	14513	14514	14485	14484	
1077	Quad4	14542	14543	14514	14513	
1078	Quad4	14571	14572	14543	14542	
1079	Quad4	14600	14601	14572	14571	
1080	Quad4	2678	2677	14601	14600	
1081	Quad4	14079	14080	14631	14630	
1082	Quad4	14108	14109	14080	14079	
1083	Quad4	14137	14138	14109	14108	
1084	Quad4	14166	14167	14138	14137	
1085	Quad4	14195	14196	14167	14166	
1086	Quad4	14224	14225	14196	14195	
1087	Quad4	14253	14254	14225	14224	
1088	Quad4	14282	14283	14254	14253	
1089	Quad4	14311	14312	14283	14282	
1090	Quad4	14340	14341	14312	14311	
1091	Quad4	14369	14370	14341	14340	
1092	Quad4	14398	14399	14370	14369	
1093	Quad4	14427	14428	14399	14398	
1094	Quad4	14456	14457	14428	14427	
1095	Quad4	14485	14486	14457	14456	
1096	Quad4	14514	14515	14486	14485	
1097	Quad4	14543	14544	14515	14514	
1098	Quad4	14572	14573	14544	14543	
1099	Quad4	14601	14602	14573	14572	
1100	Quad4	2677	2676	14602	14601	
1101	Quad4	14080	14081	14632	14631	
1102	Quad4	14109	14110	14081	14080	
1103	Quad4	14138	14139	14110	14109	
1104	Quad4	14167	14168	14139	14138	
1105	Quad4	14196	14197	14168	14167	
1106	Quad4	14225	14226	14197	14196	
1107	Quad4	14254	14255	14226	14225	
1108	Quad4	14283	14284	14255	14254	
1109	Quad4	14312	14313	14284	14283	
1110	Quad4	14341	14342	14313	14312	
1111	Quad4	14370	14371	14342	14341	
1112	Quad4	14399	14400	14371	14370	
1113	Quad4	14428	14429	14400	14399	
1114	Quad4	14457	14458	14429	14428	
1115	Quad4	14486	14487	14458	14457	
1116	Quad4	14515	14516	14487	14486	
1117	Quad4	14544	14545	14516	14515	
1118	Quad4	14573	14574	14545	14544	
1119	Quad4	14602	14603	14574	14573	
1120	Quad4	2676	2675	14603	14602	
1121	Quad4	14081	14082	14633	14632	
1122	Quad4	14110	14111	14082	14081	
1123	Quad4	14139	14140	14111	14110	
1124	Quad4	14168	14169	14140	14139	
1125	Quad4	14197	14198	14169	14168	
1126	Quad4	14226	14227	14198	14197	
1127	Quad4	14255	14256	14227	14226	
1128	Quad4	14284	14285	14256	14255	
1129	Quad4	14313	14314	14285	14284	
1130	Quad4	14342	14343	14314	14313	
1131	Quad4	14371	14372	14343	14342	
1132	Quad4	14400	14401	14372	14371	
1133	Quad4	14429	14430	14401	14400	
1134	Quad4	14458	14459	14430	14429	
1135	Quad4	14487	14488	14459	14458	
1136	Quad4	14516	14517	14488	14487	
1137	Quad4	14545	14546	14517	14516	
1138	Quad4	14574	14575	14546	14545	
1139	Quad4	14603	14604	14575	14574	
1140	Quad4	2675	2674	14604	14603	
1141	Quad4	14082	14083	14634	14633	
1142	Quad4	14111	14112	14083	14082	
1143	Quad4	14140	14141	14112	14111	
1144	Quad4	14169	14170	14141	14140	
1145	Quad4	14198	14199	14170	14169	
1146	Quad4	14227	14228	14199	14198	
1147	Quad4	14256	14257	14228	14227	
1148	Quad4	14285	14286	14257	14256	
1149	Quad4	14314	14315	14286	14285	
1150	Quad4	14343	14344	14315	14314	
1151	Quad4	14372	14373	14344	14343	
1152	Quad4	14401	14402	14373	14372	
1153	Quad4	14430	14431	14402	14401	
1154	Quad4	14459	14460	14431	14430	
1155	Quad4	14488	14489	14460	14459	
1156	Quad4	14517	14518	14489	14488	
1157	Quad4	14546	14547	14518	14517	
1158	Quad4	14575	14576	14547	14546	
1159	Quad4	14604	14605	14576	14575	
1160	Quad4	2674	2673	14605	14604	
1161	Quad4	14083	14084	14635	14634	
1162	Quad4	14112	14113	14084	14083	
1163	Quad4	14141	14142	14113	14112	
1164	Quad4	14170	14171	14142	14141	
1165	Quad4	14199	14200	14171	14170	
1166	Quad4	14228	14229	14200	14199	
1167	Quad4	14257	14258	14229	14228	
1168	Quad4	14286	14287	14258	14257	
1169	Quad4	14315	14316	14287	14286	
1170	Quad4	14344	14345	14316	14315	
1171	Quad4	14373	14374	14345	14344	
1172	Quad4	14402	14403	14374	14373	
1173	Quad4	14431	14432	14403	14402	
1174	Quad4	14460	14461	14432	14431	
1175	Quad4	14489	14490	14461	14460	
1176	Quad4	14518	14519	14490	14489	
1177	Quad4	14547	14548	14519	14518	
1178	Quad4	14576	14577	14548	14547	
1179	Quad4	14605	14606	14577	14576	
1180	Quad4	2673	2672	14606	14605	
1181	Quad4	14084	14085	14636	14635	
1182	Quad4	14113	14114	14085	14084	
1183	Quad4	14142	14143	14114	14113	
1184	Quad4	14171	14172	14143	14142	
1185	Quad4	14200	14201	14172	14171	
1186	Quad4	14229	14230	14201	14200	
1187	Quad4	14258	14259	14230	14229	
1188	Quad4	14287	14288	14259	14258	
1189	Quad4	14316	14317	14288	14287	
1190	Quad4	14345	14346	14317	14316	
1191	Quad4	14374	14375	14346	14345	
1192	Quad4	14403	14404	14375	14374	
1193	Quad4	14432	14433	14404	14403	
1194	Quad4	14461	14462	14433	14432	
1195	Quad4	14490	14491	14462	14461	
1196	Quad4	14519	14520	14491	14490	
1197	Quad4	14548	14549	14520	14519	
1198	Quad4	14577	14578	14549	14548	
1199	Quad4	14606	14607	14578	14577	
1200	Quad4	2672	2671	14607	14606	
1201	Quad4	14085	14086	14637	14636	
1202	Quad4	14114	14115	14086	14085	
1203	Quad4	14143	14144	14115	14114	
1204	Quad4	14172	14173	14144	14143	
1205	Quad4	14201	14202	14173	14172	
1206	Quad4	14230	14231	14202	14201	
1207	Quad4	14259	14260	14231	14230	
1208	Quad4	14288	14289	14260	14259	
1209	Quad4	14317	14318	14289	14288	
1210	Quad4	14346	14347	14318	14317	
1211	Quad4	14375	14376	14347	14346	
1212	Quad4	14404	14405	14376	14375	
1213	Quad4	14433	14434	14405	14404	
1214	Quad4	14462	14463	14434	14433	
1215	Quad4	14491	14492	14463	14462	
1216	Quad4	14520	14521	14492	14491	
1217	Quad4	14549	14550	14521	14520	
1218	Quad4	14578	14579	14550	14549	
1219	Quad4	14607	14608	14579	14578	
1220	Quad4	2671	2670	14608	14607	
1221	Quad4	14086	14087	14638	14637	
1222	Quad4	14115	14116	14087	14086	
1223	Quad4	14144	14145	14116	14115	
1224	Quad4	14173	14174	14145	14144	
1225	Quad4	14202	14203	14174	14173	
1226	Quad4	14231	14232	14203	14202	
1227	Quad4	14260	14261	14232	14231	
1228	Quad4	14289	14290	14261	14260	
1229	Quad4	14318	14319	14290	14289	
1230	Quad4	14347	14348	14319	14318	
1231	Quad4	14376	14377	14348	14347	
1232	Quad4	14405	14406	14377	14376	
1233	Quad4	14434	14435	14406	14405	
1234	Quad4	14463	14464	14435	14434	
1235	Quad4	14492	14493	14464	14463	
1236	Quad4	14521	14522	14493	14492	
1237	Quad4	14550	14551	14522	14521	
1238	Quad4	14579	14580	14551	14550	
1239	Quad4	14608	14609	14580	14579	
1240	Quad4	2670	2669	14609	14608	
1241	Quad4	14087	14088	14639	14638	
1242	Quad4	14116	14117	14088	14087	
1243	Quad4	14145	14146	14117	14116	
1244	Quad4	14174	14175	14146	14145	
1245	Quad4	14203	14204	14175	14174	
1246	Quad4	14232	14233	14204	14203	
1247	Quad4	14261	14262	14233	14232	
1248	Quad4	14290	14291	14262	14261	
1249	Quad4	14319	14320	14291	14290	
1250	Quad4	14348	14349	14320	14319	
1251	Quad4	14377	14378	14349	14348	
1252	Quad4	14406	14407	14378	14377	
1253	Quad4	14435	14436	14407	14406	
1254	Quad4	14464	14465	14436	14435	
1255	Quad4	14493	14494	14465	14464	
1256	Quad4	14522	14523	14494	14493	
1257	Quad4	14551	14552	14523	14522	
1258	Quad4	14580	14581	14552	14551	
1259	Quad4	14609	14610	14581	14580	
1260	Quad4	2669	2668	14610	14609	
1261	Quad4	14088	14089	14640	14639	
1262	Quad4	14117	14118	14089	14088	
1263	Quad4	14146	14147	14118	14117	
1264	Quad4	14175	14176	14147	14146	
1265	Quad4	14204	14205	14176	14175	
1266	Quad4	14233	14234	14205	14204	
1267	Quad4	14262	14263	14234	14233	
1268	Quad4	14291	14292	14263	14262	
1269	Quad4	14320	14321	14292	14291	
1270	Quad4	14349	14350	14321	14320	
1271	Quad4	14378	14379	14350	14349	
1272	Quad4	14407	14408	14379	14378	
1273	Quad4	14436	14437	14408	14407	
1274	Quad4	14465	14466	14437	14436	
1275	Quad4	14494	14495	14466	14465	
1276	Quad4	14523	14524	14495	14494	
1277	Quad4	14552	14553	14524	14523	
1278	Quad4	14581	14582	14553	14552	
1279	Quad4	14610	14611	14582	14581	
1280	Quad4	2668	2667	14611	14610	
1281	Quad4	14089	14090	14641	14640	
1282	Quad4	14118	14119	14090	14089	
1283	Quad4	14147	14148	14119	14118	
1284	Quad4	14176	14177	14148	14147	
1285	Quad4	14205	14206	14177	14176	
1286	Quad4	14234	14235	14206	14205	
1287	Quad4	14263	14264	14235	14234	
1288	Quad4	14292	14293	14264	14263	
1289	Quad4	14321	14322	14293	14292	
1290	Quad4	14350	14351	14322	14321	
1291	Quad4	14379	14380	14351	14350	
1292	Quad4	14408	14409	14380	14379	
1293	Quad4	14437	14438	14409	14408	
1294	Quad4	14466	14467	14438	14437	
1295	Quad4	14495	14496	14467	14466	
1296	Quad4	14524	14525	14496	14495	
1297	Quad4	14553	14554	14525	14524	
1298	Quad4	14582	14583	14554	14553	
1299	Quad4	14611	14612	14583	14582	
1300	Quad4	2667	2666	14612	14611	
1301	Quad4	14090	14091	14642	14641	
1302	Quad4	14119	14120	14091	14090	
1303	Quad4	14148	14149	14120	14119	
1304	Quad4	14177	14178	14149	14148	
1305	Quad4	14206	14207	14178	14177	
1306	Quad4	14235	14236	14207	14206	
1307	Quad4	14264	14265	14236	14235	
1308	Quad4	14293	14294	14265	14264	
1309	Quad4	14322	14323	14294	14293	
1310	Quad4	14351	14352	14323	14322	
1311	Quad4	14380	14381	14352	14351	
1312	Quad4	14409	14410	14381	14380	
1313	Quad4	14438	14439	14410	14409	
1314	Quad4	14467	14468	14439	14438	
1315	Quad4	14496	14497	14468	14467	
1316	Quad4	14525	14526	14497	14496	
1317	Quad4	14554	14555	14526	14525	
1318	Quad4	14583	14584	14555	14554	
1319	Quad4	14612	14613	14584	14583	
1320	Quad4	2666	2665	14613	14612	
1321	Quad4	14091	14092	14643	14642	
1322	Quad4	14120	14121	14092	14091	
1323	Quad4	14149	14150	14121	14120	
1324	Quad4	14178	14179	14150	14149	
1325	Quad4	14207	14208	14179	14178	
1326	Quad4	14236	14237	14208	14207	
1327	Quad4	14265	14266	14237	14236	
1328	Quad4	14294	14295	14266	14265	
1329	Quad4	14323	14324	14295	14294	
1330	Quad4	14352	14353	14324	14323	
1331	Quad4	14381	14382	14353	14352	
1332	Quad4	14410	14411	14382	14381	
1333	Quad4	14439	14440	14411	14410	
1334	Quad4	14468	14469	14440	14439	
1335	Quad4	14497	14498	14469	14468	
1336	Quad4	14526	14527	14498	14497	
1337	Quad4	14555	14556	14527	14526	
1338	Quad4	14584	14585	14556	14555	
1339	Quad4	14613	14614	14585	14584	
1340	Quad4	2665	2664	14614	14613	
1341	Quad4	14092	14093	14644	14643	
1342	Quad4	14121	14122	14093	14092	
1343	Quad4	14150	14151	14122	14121	
1344	Quad4	14179	14180	14151	14150	
1345	Quad4	14208	14209	14180	14179	
1346	Quad4	14237	14238	14209	14208	
1347	Quad4	14266	14267	14238	14237	
1348	Quad4	14295	14296	14267	14266	
1349	Quad4	14324	14325	14296	14295	
1350	Quad4	14353	14354	14325	14324	
1351	Quad4	14382	14383	14354	14353	
1352	Quad4	14411	14412	14383	14382	
1353	Quad4	14440	14441	14412	14411	
1354	Quad4	14469	14470	14441	14440	
1355	Quad4	14498	14499	14470	14469	
1356	Quad4	14527	14528	14499	14498	
1357	Quad4	14556	14557	14528	14527	
1358	Quad4	14585	14586	14557	14556	
1359	Quad4	14614	14615	14586	14585	
1360	Quad4	2664	2663	14615	14614	
1361	Quad4	14093	14094	14645	14644	
1362	Quad4	14122	14123	14094	14093	
1363	Quad4	14151	14152	14123	14122	
1364	Quad4	14180	14181	14152	14151	
1365	Quad4	14209	14210	14181	14180	
1366	Quad4	14238	14239	14210	14209	
1367	Quad4	14267	14268	14239	14238	
1368	Quad4	14296	14297	14268	14267	
1369	Quad4	14325	14326	14297	14296	
1370	Quad4	14354	14355	14326	14325	
1371	Quad4	14383	14384	14355	14354	
1372	Quad4	14412	14413	14384	14383	
1373	Quad4	14441	14442	14413	14412	
1374	Quad4	14470	14471	14442	14441	
1375	Quad4	14499	14500	14471	14470	
1376	Quad4	14528	14529	14500	14499	
1377	Quad4	14557	14558	14529	14528	
1378	Quad4	14586	14587	14558	14557	
1379	Quad4	14615	14616	14587	14586	
1380	Quad4	2663	2662	14616	14615	
1381	Quad4	14094	14095	14646	14645	
1382	Quad4	14123	14124	14095	14094	
1383	Quad4	14152	14153	14124	14123	
1384	Quad4	14181	14182	14153	14152	
1385	Quad4	14210	14211	14182	14181	
1386	Quad4	14239	14240	14211	14210	
1387	Quad4	14268	14269	14240	14239	
1388	Quad4	14297	14298	14269	14268	
1389	Quad4	14326	14327	14298	14297	
1390	Quad4	14355	14356	14327	14326	
1391	Quad4	14384	14385	14356	14355	
1392	Quad4	14413	14414	14385	14384	
1393	Quad4	14442	14443	14414	14413	
1394	Quad4	14471	14472	14443	14442	
1395	Quad4	14500	14501	14472	14471	
1396	Quad4	14529	14530	14501	14500	
1397	Quad4	14558	14559	14530	14529	
1398	Quad4	14587	14588	14559	14558	
1399	Quad4	14616	14617	14588	14587	
1400	Quad4	2662	2661	14617	14616	
1401	Quad4	14095	14096	14647	14646	
1402	Quad4	14124	14125	14096	14095	
1403	Quad4	14153	14154	14125	14124	
1404	Quad4	14182	14183	14154	14153	
1405	Quad4	14211	14212	14183	14182	
1406	Quad4	14240	14241	14212	14211	
1407	Quad4	14269	14270	14241	14240	
1408	Quad4	14298	14299	14270	14269	
1409	Quad4	14327	14328	14299	14298	
1410	Quad4	14356	14357	14328	14327	
1411	Quad4	14385	14386	14357	14356	
1412	Quad4	14414	14415	14386	14385	
1413	Quad4	14443	14444	14415	14414	
1414	Quad4	14472	14473	14444	14443	
1415	Quad4	14501	14502	14473	14472	
1416	Quad4	14530	14531	14502	14501	
1417	Quad4	14559	14560	14531	14530	
1418	Quad4	14588	14589	14560	14559	
1419	Quad4	14617	14618	14589	14588	
1420	Quad4	2661	2660	14618	14617	
1421	Quad4	14096	14097	14648	14647	
1422	Quad4	14125	14126	14097	14096	
1423	Quad4	14154	14155	14126	14125	
1424	Quad4	14183	14184	14155	14154	
1425	Quad4	14212	14213	14184	14183	
1426	Quad4	14241	14242	14213	14212	
1427	Quad4	14270	14271	14242	14241	
1428	Quad4	14299	14300	14271	14270	
1429	Quad4	14328	14329	14300	14299	
1430	Quad4	14357	14358	14329	14328	
1431	Quad4	14386	14387	14358	14357	
1432	Quad4	14415	14416	14387	14386	
1433	Quad4	14444	14445	14416	14415	
1434	Quad4	14473	14474	14445	14444	
1435	Quad4	14502	14503	14474	14473	
1436	Quad4	14531	14532	14503	14502	
1437	Quad4	14560	14561	14532	14531	
1438	Quad4	14589	14590	14561	14560	
1439	Quad4	14618	14619	14590	14589	
1440	Quad4	2660	2659	14619	14618	
1441	Quad4	14097	14098	14649	14648	
1442	Quad4	14126	14127	14098	14097	
1443	Quad4	14155	14156	14127	14126	
1444	Quad4	14184	14185	14156	14155	
1445	Quad4	14213	14214	14185	14184	
1446	Quad4	14242	14243	14214	14213	
1447	Quad4	14271	14272	14243	14242	
1448	Quad4	14300	14301	14272	14271	
1449	Quad4	14329	14330	14301	14300	
1450	Quad4	14358	14359	14330	14329	
1451	Quad4	14387	14388	14359	14358	
1452	Quad4	14416	14417	14388	14387	
1453	Quad4	14445	14446	14417	14416	
1454	Quad4	14474	14475	14446	14445	
1455	Quad4	14503	14504	14475	14474	
1456	Quad4	14532	14533	14504	14503	
1457	Quad4	14561	14562	14533	14532	
1458	Quad4	14590	14591	14562	14561	
1459	Quad4	14619	14620	14591	14590	
1460	Quad4	2659	2658	14620	14619	
1461	Quad4	14098	14099	14650	14649	
1462	Quad4	14127	14128	14099	14098	
1463	Quad4	14156	14157	14128	14127	
1464	Quad4	14185	14186	14157	14156	
1465	Quad4	14214	14215	14186	14185	
1466	Quad4	14243	14244	14215	14214	
1467	Quad4	14272	14273	14244	14243	
1468	Quad4	14301	14302	14273	14272	
1469	Quad4	14330	14331	14302	14301	
1470	Quad4	14359	14360	14331	14330	
1471	Quad4	14388	14389	14360	14359	
1472	Quad4	14417	14418	14389	14388	
1473	Quad4	14446	14447	14418	14417	
1474	Quad4	14475	14476	14447	14446	
1475	Quad4	14504	14505	14476	14475	
1476	Quad4	14533	14534	14505	14504	
1477	Quad4	14562	14563	14534	14533	
1478	Quad4	14591	14592	14563	14562	
1479	Quad4	14620	14621	14592	14591	
1480	Quad4	2658	2657	14621	14620	
1481	Quad4	14099	9836	1	14650	
1482	Quad4	14128	9835	9836	14099	
1483	Quad4	14157	9834	9835	14128	
1484	Quad4	14186	9833	9834	14157	
1485	Quad4	14215	9832	9833	14186	
1486	Quad4	14244	9831	9832	14215	
1487	Quad4	14273	9830	9831	14244	
1488	Quad4	14302	9829	9830	14273	
1489	Quad4	14331	9828	9829	14302	
1490	Quad4	14360	9827	9828	14331	
1491	Quad4	14389	9826	9827	14360	
1492	Quad4	14418	9825	9826	14389	
1493	Quad4	14447	9824	9825	14418	
1494	Quad4	14476	9823	9824	14447	
1495	Quad4	14505	9822	9823	14476	
1496	Quad4	14534	9821	9822	14505	
1497	Quad4	14563	9820	9821	14534	
1498	Quad4	14592	9819	9820	14563	
1499	Quad4	14621	9818	9819	14592	
1500	Quad4	2657	2	9818	14621	
1501	Quad4	13471	12873	7389	9	
1502	Quad4	13470	12902	12873	13471	
1503	Quad4	13469	12931	12902	13470	
1504	Quad4	13468	12960	12931	13469	
1505	Quad4	13467	12989	12960	13468	
1506	Quad4	13466	13018	12989	13467	
1507	Quad4	13465	13047	13018	13466	
1508	Quad4	13464	13076	13047	13465	
1509	Quad4	13463	13105	13076	13464	
1510	Quad4	13462	13134	13105	13463	
1511	Quad4	13461	13163	13134	13462	
1512	Quad4	13460	13192	13163	13461	
1513	Quad4	13459	13221	13192	13460	
1514	Quad4	13458	13250	13221	13459	
1515	Quad4	13457	13279	13250	13458	
1516	Quad4	13456	13308	13279	13457	
1517	Quad4	13455	13337	13308	13456	
1518	Quad4	13454	13366	13337	13455	
1519	Quad4	13453	13395	13366	13454	
1520	Quad4	10	13452	13395	13453	
1521	Quad4	12873	12874	7388	7389	
1522	Quad4	12902	12903	12874	12873	
1523	Quad4	12931	12932	12903	12902	
1524	Quad4	12960	12961	12932	12931	
1525	Quad4	12989	12990	12961	12960	
1526	Quad4	13018	13019	12990	12989	
1527	Quad4	13047	13048	13019	13018	
1528	Quad4	13076	13077	13048	13047	
1529	Quad4	13105	13106	13077	13076	
1530	Quad4	13134	13135	13106	13105	
1531	Quad4	13163	13164	13135	13134	
1532	Quad4	13192	13193	13164	13163	
1533	Quad4	13221	13222	13193	13192	
1534	Quad4	13250	13251	13222	13221	
1535	Quad4	13279	13280	13251	13250	
1536	Quad4	13308	13309	13280	13279	
1537	Quad4	13337	13338	13309	13308	
1538	Quad4	13366	13367	13338	13337	
1539	Quad4	13395	13396	13367	13366	
1540	Quad4	13452	13451	13396	13395	
1541	Quad4	12874	12875	7387	7388	
1542	Quad4	12903	12904	12875	12874	
1543	Quad4	12932	12933	12904	12903	
1544	Quad4	12961	12962	12933	12932	
1545	Quad4	12990	12991	12962	12961	
1546	Quad4	13019	13020	12991	12990	
1547	Quad4	13048	13049	13020	13019	
1548	Quad4	13077	13078	13049	13048	
1549	Quad4	13106	13107	13078	13077	
1550	Quad4	13135	13136	13107	13106	
1551	Quad4	13164	13165	13136	13135	
1552	Quad4	13193	13194	13165	13164	
1553	Quad4	13222	13223	13194	13193	
1554	Quad4	13251	13252	13223	13222	
1555	Quad4	13280	13281	13252	13251	
1556	Quad4	13309	13310	13281	13280	
1557	Quad4	13338	13339	13310	13309	
1558	Quad4	13367	13368	13339	13338	
1559	Quad4	13396	13397	13368	13367	
1560	Quad4	13451	13450	13397	13396	
1561	Quad4	12875	12876	7386	7387	
1562	Quad4	12904	12905	12876	12875	
1563	Quad4	12933	12934	12905	12904	
1564	Quad4	12962	12963	12934	12933	
1565	Quad4	12991	12992	12963	12962	
1566	Quad4	13020	13021	12992	12991	
1567	Quad4	13049	13050	13021	13020	
1568	Quad4	13078	13079	13050	13049	
1569	Quad4	13107	13108	13079	13078	
1570	Quad4	13136	13137	13108	13107	
1571	Quad4	13165	13166	13137	13136	
1572	Quad4	13194	13195	13166	13165	
1573	Quad4	13223	13224	13195	13194	
1574	Quad4	13252	13253	13224	13223	
1575	Quad4	13281	13282	13253	13252	
1576	Quad4	13310	13311	13282	13281	
1577	Quad4	13339	13340	13311	13310	
1578	Quad4	13368	13369	13340	13339	
1579	Quad4	13397	13398	13369	13368	
1580	Quad4	13450	13449	13398	13397	
1581	Quad4	12876	12877	7385	7386	
1582	Quad4	12905	12906	12877	12876	
1583	Quad4	12934	12935	12906	12905	
1584	Quad4	12963	12964	12935	12934	
1585	Quad4	12992	12993	12964	12963	
1586	Quad4	13021	13022	12993	12992	
1587	Quad4	13050	13051	13022	13021	
1588	Quad4	13079	13080	13051	13050	
1589	Quad4	13108	13109	13080	13079	
1590	Quad4	13137	13138	13109	13108	
1591	Quad4	13166	13167	13138	13137	
1592	Quad4	13195	13196	13167	13166	
1593	Quad4	13224	13225	13196	13195	
1594	Quad4	13253	13254	13225	13224	
1595	Quad4	13282	13283	13254	13253	
1596	Quad4	13311	13312	13283	13282	
1597	Quad4	13340	13341	13312	13311	
1598	Quad4	13369	13370	13341	13340	
1599	Quad4	13398	13399	13370	13369	
1600	Quad4	13449	13448	13399	13398	
1601	Quad4	12877	12878	7384	7385	
1602	Quad4	12906	12907	12878	12877	
1603	Quad4	12935	12936	12907	12906	
1604	Quad4	12964	12965	12936	12935	
1605	Quad4	12993	12994	12965	12964	
1606	Quad4	13022	13023	12994	12993	
1607	Quad4	13051	13052	13023	13022	
1608	Quad4	13080	13081	13052	13051	
1609	Quad4	13109	13110	13081	13080	
1610	Quad4	13138	13139	13110	13109	
1611	Quad4	13167	13168	13139	13138	
1612	Quad4	13196	13197	13168	13167	
1613	Quad4	13225	13226	13197	13196	
1614	Quad4	13254	13255	13226	13225	
1615	Quad4	13283	13284	13255	13254	
1616	Quad4	13312	13313	13284	13283	
1617	Quad4	13341	13342	13313	13312	
1618	Quad4	13370	13371	13342	13341	
1619	Quad4	13399	13400	13371	13370	
1620	Quad4	13448	13447	13400	13399	
1621	Quad4	12878	12879	7383	7384	
1622	Quad4	12907	12908	12879	12878	
1623	Quad4	12936	12937	12908	12907	
1624	Quad4	12965	12966	12937	12936	
1625	Quad4	12994	12995	12966	12965	
1626	Quad4	13023	13024	12995	12994	
1627	Quad4	13052	13053	13024	13023	
1628	Quad4	13081	13082	13053	13052	
1629	Quad4	13110	13111	13082	13081	
1630	Quad4	13139	13140	13111	13110	
1631	Quad4	13168	13169	13140	13139	
1632	Quad4	13197	13198	13169	13168	
1633	Quad4	13226	13227	13198	13197	
1634	Quad4	13255	13256	13227	13226	
1635	Quad4	13284	13285	13256	13255	
1636	Quad4	13313	13314	13285	13284	
1637	Quad4	13342	13343	13314	13313	
1638	Quad4	13371	13372	13343	13342	
1639	Quad4	13400	13401	13372	13371	
1640	Quad4	13447	13446	13401	13400	
1641	Quad4	12879	12880	7382	7383	
1642	Quad4	12908	12909	12880	12879	
1643	Quad4	12937	12938	12909	12908	
1644	Quad4	12966	12967	12938	12937	
1645	Quad4	12995	12996	12967	12966	
1646	Quad4	13024	13025	12996	12995	
1647	Quad4	13053	13054	13025	13024	
1648	Quad4	13082	13083	13054	13053	
1649	Quad4	13111	13112	13083	13082	
1650	Quad4	13140	13141	13112	13111	
1651	Quad4	13169	13170	13141	13140	
1652	Quad4	13198	13199	13170	13169	
1653	Quad4	13227	13228	13199	13198	
1654	Quad4	13256	13257	13228	13227	
1655	Quad4	13285	13286	13257	13256	
1656	Quad4	13314	13315	13286	13285	
1657	Quad4	13343	13344	13315	13314	
1658	Quad4	13372	13373	13344	13343	
1659	Quad4	13401	13402	13373	13372	
1660	Quad4	13446	13445	13402	13401	
1661	Quad4	12880	12881	7381	7382	
1662	Quad4	12909	12910	12881	12880	
1663	Quad4	12938	12939	12910	12909	
1664	Quad4	12967	12968	12939	12938	
1665	Quad4	12996	12997	12968	12967	
1666	Quad4	13025	13026	12997	12996	
1667	Quad4	13054	13055	13026	13025	
1668	Quad4	13083	13084	13055	13054	
1669	Quad4	13112	13113	13084	13083	
1670	Quad4	13141	13142	13113	13112	
1671	Quad4	13170	13171	13142	13141	
1672	Quad4	13199	13200	13171	13170	
1673	Quad4	13228	13229	13200	13199	
1674	Quad4	13257	13258	13229	13228	
1675	Quad4	13286	13287	13258	13257	
1676	Quad4	13315	13316	13287	13286	
1677	Quad4	13344	13345	13316	13315	
1678	Quad4	13373	13374	13345	13344	
1679	Quad4	13402	13403	13374	13373	
1680	Quad4	13445	13444	13403	13402	
1681	Quad4	12881	12882	7380	7381	
1682	Quad4	12910	12911	12882	12881	
1683	Quad4	12939	12940	12911	12910	
1684	Quad4	12968	12969	12940	12939	
1685	Quad4	12997	12998	12969	12968	
1686	Quad4	13026	13027	12998	12997	
1687	Quad4	13055	13056	13027	13026	
1688	Quad4	13084	13085	13056	13055	
1689	Quad4	13113	13114	13085	13084	
1690	Quad4	13142	13143	13114	13113	
1691	Quad4	13171	13172	13143	13142	
1692	Quad4	13200	13201	13172	13171	
1693	Quad4	13229	13230	13201	13200	
1694	Quad4	13258	13259	13230	13229	
1695	Quad4	13287	13288	13259	13258	
1696	Quad4	13316	13317	13288	13287	
1697	Quad4	13345	13346	13317	13316	
1698	Quad4	13374	13375	13346	13345	
1699	Quad4	13403	13404	13375	13374	
1700	Quad4	13444	13443	13404	13403	
1701	Quad4	12882	12883	7379	7380	
1702	Quad4	12911	12912	12883	12882	
1703	Quad4	12940	12941	12912	12911	
1704	Quad4	12969	12970	12941	12940	
1705	Quad4	12998	12999	12970	12969	
1706	Quad4	13027	13028	12999	12998	
1707	Quad4	13056	13057	13028	13027	
1708	Quad4	13085	13086	13057	13056	
1709	Quad4	13114	13115	13086	13085	
1710	Quad4	13143	13144	13115	13114	
1711	Quad4	13172	13173	13144	13143	
1712	Quad4	13201	13202	13173	13172	
1713	Quad4	13230	13231	13202	13201	
1714	Quad4	13259	13260	13231	13230	
1715	Quad4	13288	13289	13260	13259	
1716	Quad4	13317	13318	13289	13288	
1717	Quad4	13346	13347	13318	13317	
1718	Quad4	13375	13376	13347	13346	
1719	Quad4	13404	13405	13376	13375	
1720	Quad4	13443	13442	13405	13404	
1721	Quad4	12883	12884	7378	7379	
1722	Quad4	12912	12913	12884	12883	
1723	Quad4	12941	12942	12913	12912	
1724	Quad4	12970	12971	12942	12941	
1725	Quad4	12999	13000	12971	12970	
1726	Quad4	13028	13029	13000	12999	
1727	Quad4	13057	13058	13029	13028	
1728	Quad4	13086	13087	13058	13057	
1729	Quad4	13115	13116	13087	13086	
1730	Quad4	13144	13145	13116	13115	
1731	Quad4	13173	13174	13145	13144	
1732	Quad4	13202	13203	13174	13173	
1733	Quad4	13231	13232	13203	13202	
1734	Quad4	13260	13261	13232	13231	
1735	Quad4	13289	13290	13261	13260	
1736	Quad4	13318	13319	13290	13289	
1737	Quad4	13347	13348	13319	13318	
1738	Quad4	13376	13377	13348	13347	
1739	Quad4	13405	13406	13377	13376	
1740	Quad4	13442	13441	13406	13405	
1741	Quad4	12884	12885	7377	7378	
1742	Quad4	12913	12914	12885	12884	
1743	Quad4	12942	12943	12914	12913	
1744	Quad4	12971	12972	12943	12942	
1745	Quad4	13000	13001	12972	12971	
1746	Quad4	13029	13030	13001	13000	
1747	Quad4	13058	13059	13030	13029	
1748	Quad4	13087	13088	13059	13058	
1749	Quad4	13116	13117	13088	13087	
1750	Quad4	13145	13146	13117	13116	
1751	Quad4	13174	13175	13146	13145	
1752	Quad4	13203	13204	13175	13174	
1753	Quad4	13232	13233	13204	13203	
1754	Quad4	13261	13262	13233	13232	
1755	Quad4	13290	13291	13262	13261	
1756	Quad4	13319	13320	13291	13290	
1757	Quad4	13348	13349	13320	13319	
1758	Quad4	13377	13378	13349	13348	
1759	Quad4	13406	13407	13378	13377	
1760	Quad4	13441	13440	13407	13406	
1761	Quad4	12885	12886	7376	7377	
1762	Quad4	12914	12915	12886	12885	
1763	Quad4	12943	12944	12915	12914	
1764	Quad4	12972	12973	12944	12943	
1765	Quad4	13001	13002	12973	12972	
1766	Quad4	13030	13031	13002	13001	
1767	Quad4	13059	13060	13031	13030	
1768	Quad4	13088	13089	13060	13059	
1769	Quad4	13117	13118	13089	13088	
1770	Quad4	13146	13147	13118	13117	
1771	Quad4	13175	13176	13147	13146	
1772	Quad4	13204	13205	13176	13175	
1773	Quad4	13233	13234	13205	13204	
1774	Quad4	13262	13263	13234	13233	
1775	Quad4	13291	13292	13263	13262	
1776	Quad4	13320	13321	13292	13291	
1777	Quad4	13349	13350	13321	13320	
1778	Quad4	13378	13379	13350	13349	
1779	Quad4	13407	13408	13379	13378	
1780	Quad4	13440	13439	13408	13407	
1781	Quad4	12886	12887	7375	7376	
1782	Quad4	12915	12916	12887	12886	
1783	Quad4	12944	12945	12916	12915	
1784	Quad4	12973	12974	12945	12944	
1785	Quad4	13002	13003	12974	12973	
1786	Quad4	13031	13032	13003	13002	
1787	Quad4	13060	13061	13032	13031	
1788	Quad4	13089	13090	13061	13060	
1789	Quad4	13118	13119	13090	13089	
1790	Quad4	13147	13148	13119	13118	
1791	Quad4	13176	13177	13148	13147	
1792	Quad4	13205	13206	13177	13176	
1793	Quad4	13234	13235	13206	13205	
1794	Quad4	13263	13264	13235	13234	
1795	Quad4	13292	13293	13264	13263	
1796	Quad4	13321	13322	13293	13292	
1797	Quad4	13350	13351	13322	13321	
1798	Quad4	13379	13380	13351	13350	
1799	Quad4	13408	13409	13380	13379	
1800	Quad4	13439	13438	13409	13408	
1801	Quad4	12887	12888	7374	7375	
1802	Quad4	12916	12917	12888	12887	
1803	Quad4	12945	12946	12917	12916	
1804	Quad4	12974	12975	12946	12945	
1805	Quad4	13003	13004	12975	12974	
1806	Quad4	13032	13033	13004	13003	
1807	Quad4	13061	13062	13033	13032	
1808	Quad4	13090	13091	13062	13061	
1809	Quad4	13119	13120	13091	13090	
1810	Quad4	13148	13149	13120	13119	
1811	Quad4	13177	13178	13149	13148	
1812	Quad4	13206	13207	13178	13177	
1813	Quad4	13235	13236	13207	13206	
1814	Quad4	13264	13265	13236	13235	
1815	Quad4	13293	13294	13265	13264	
1816	Quad4	13322	13323	13294	13293	
1817	Quad4	13351	13352	13323	13322	
1818	Quad4	13380	13381	13352	13351	
1819	Quad4	13409	13410	13381	13380	
1820	Quad4	13438	13437	13410	13409	
1821	Quad4	12888	12889	7373	7374	
1822	Quad4	12917	12918	12889	12888	
1823	Quad4	12946	12947	12918	12917	
1824	Quad4	12975	12976	12947	12946	
1825	Quad4	13004	13005	12976	12975	
1826	Quad4	13033	13034	13005	13004	
1827	Quad4	13062	13063	13034	13033	
1828	Quad4	13091	13092	13063	13062	
1829	Quad4	13120	13121	13092	13091	
1830	Quad4	13149	13150	13121	13120	
1831	Quad4	13178	13179	13150	13149	
1832	Quad4	13207	13208	13179	13178	
1833	Quad4	13236	13237	13208	13207	
1834	Quad4	13265	13266	13237	13236	
1835	Quad4	13294	13295	13266	13265	
1836	Quad4	13323	13324	13295	13294	
1837	Quad4	13352	13353	13324	13323	
1838	Quad4	13381	13382	13353	13352	
1839	Quad4	13410	13411	13382	13381	
1840	Quad4	13437	13436	13411	13410	
1841	Quad4	12889	12890	7372	7373	
1842	Quad4	12918	12919	12890	12889	
1843	Quad4	12947	12948	12919	12918	
1844	Quad4	12976	12977	12948	12947	
1845	Quad4	13005	13006	12977	12976	
1846	Quad4	13034	13035	13006	13005	
1847	Quad4	13063	13064	13035	13034	
1848	Quad4	13092	13093	13064	13063	
1849	Quad4	13121	13122	13093	13092	
1850	Quad4	13150	13151	13122	13121	
1851	Quad4	13179	13180	13151	13150	
1852	Quad4	13208	13209	13180	13179	
1853	Quad4	13237	13238	13209	13208	
1854	Quad4	13266	13267	13238	13237	
1855	Quad4	13295	13296	13267	13266	
1856	Quad4	13324	13325	13296	13295	
1857	Quad4	13353	13354	13325	13324	
1858	Quad4	13382	13383	13354	13353	
1859	Quad4	13411	13412	13383	13382	
1860	Quad4	13436	13435	13412	13411	
1861	Quad4	12890	12891	7371	7372	
1862	Quad4	12919	12920	12891	12890	
1863	Quad4	12948	12949	12920	12919	
1864	Quad4	12977	12978	12949	12948	
1865	Quad4	13006	13007	12978	12977	
1866	Quad4	13035	13036	13007	13006	
1867	Quad4	13064	13065	13036	13035	
1868	Quad4	13093	13094	13065	13064	
1869	Quad4	13122	13123	13094	13093	
1870	Quad4	13151	13152	13123	13122	
1871	Quad4	13180	13181	13152	13151	
1872	Quad4	13209	13210	13181	13180	
1873	Quad4	13238	13239	13210	13209	
1874	Quad4	13267	13268	13239	13238	
1875	Quad4	13296	13297	13268	13267	
1876	Quad4	13325	13326	13297	13296	
1877	Quad4	13354	13355	13326	13325	
1878	Quad4	13383	13384	13355	13354	
1879	Quad4	13412	13413	13384	13383	
1880	Quad4	13435	13434	13413	13412	
1881	Quad4	12891	12892	7370	7371	
1882	Quad4	12920	12921	12892	12891	
1883	Quad4	12949	12950	12921	12920	
1884	Quad4	12978	12979	12950	12949	
1885	Quad4	13007	13008	12979	12978	
1886	Quad4	13036	13037	13008	13007	
1887	Quad4	13065	13066	13037	13036	
1888	Quad4	13094	13095	13066	13065	
1889	Quad4	13123	13124	13095	13094	
1890	Quad4	13152	13153	13124	13123	
1891	Quad4	13181	13182	13153	13152	
1892	Quad4	13210	13211	13182	13181	
1893	Quad4	13239	13240	13211	13210	
1894	Quad4	13268	13269	13240	13239	
1895	Quad4	13297	13298	13269	13268	
1896	Quad4	13326	13327	13298	13297	
1897	Quad4	13355	13356	13327	13326	
1898	Quad4	13384	13385	13356	13355	
1899	Quad4	13413	13414	13385	13384	
1900	Quad4	13434	13433	13414	13413	
1901	Quad4	12892	12893	7369	7370	
1902	Quad4	12921	12922	12893	12892	
1903	Quad4	12950	12951	12922	12921	
1904	Quad4	12979	12980	12951	12950	
1905	Quad4	13008	13009	12980	12979	
1906	Quad4	13037	13038	13009	13008	
1907	Quad4	13066	13067	13038	13037	
1908	Quad4	13095	13096	13067	13066	
1909	Quad4	13124	13125	13096	13095	
1910	Quad4	13153	13154	13125	13124	
1911	Quad4	13182	13183	13154	13153	
1912	Quad4	13211	13212	13183	13182	
1913	Quad4	13240	13241	13212	13211	
1914	Quad4	13269	13270	13241	13240	
1915	Quad4	13298	13299	13270	13269	
1916	Quad4	13327	13328	13299	13298	
1917	Quad4	13356	13357	13328	13327	
1918	Quad4	13385	13386	13357	13356	
1919	Quad4	13414	13415	13386	13385	
1920	Quad4	13433	13432	13415	13414	
1921	Quad4	12893	12894	7368	7369	
1922	Quad4	12922	12923	12894	12893	
1923	Quad4	12951	12952	12923	12922	
1924	Quad4	12980	12981	12952	12951	
1925	Quad4	13009	13010	12981	12980	
1926	Quad4	13038	13039	13010	13009	
1927	Quad4	13067	13068	13039	13038	
1928	Quad4	13096	13097	13068	13067	
1929	Quad4	13125	13126	13097	13096	
1930	Quad4	13154	13155	13126	13125	
1931	Quad4	13183	13184	13155	13154	
1932	Quad4	13212	13213	13184	13183	
1933	Quad4	13241	13242	13213	13212	
1934	Quad4	13270	13271	13242	13241	
1935	Quad4	13299	13300	13271	13270	
1936	Quad4	13328	13329	13300	13299	
1937	Quad4	13357	13358	13329	13328	
1938	Quad4	13386	13387	13358	13357	
1939	Quad4	13415	13416	13387	13386	
1940	Quad4	13432	13431	13416	13415	
1941	Quad4	12894	12895	7367	7368	
1942	Quad4	12923	12924	12895	12894	
1943	Quad4	12952	12953	12924	12923	
1944	Quad4	12981	12982	12953	12952	
1945	Quad4	13010	13011	12982	12981	
1946	Quad4	13039	13040	13011	13010	
1947	Quad4	13068	13069	13040	13039	
1948	Quad4	13097	13098	13069	13068	
1949	Quad4	13126	13127	13098	13097	
1950	Quad4	13155	13156	13127	13126	
1951	Quad4	13184	13185	13156	13155	
1952	Quad4	13213	13214	13185	13184	
1953	Quad4	13242	13243	13214	13213	
1954	Quad4	13271	13272	13243	13242	
1955	Quad4	13300	13301	13272	13271	
1956	Quad4	13329	13330	13301	13300	
1957	Quad4	13358	13359	13330	13329	
1958	Quad4	13387	13388	13359	13358	
1959	Quad4	13416	13417	13388	13387	
1960	Quad4	13431	13430	13417	13416	
1961	Quad4	12895	12896	7366	7367	
1962	Quad4	12924	12925	12896	12895	
1963	Quad4	12953	12954	12925	12924	
1964	Quad4	12982	12983	12954	12953	
1965	Quad4	13011	13012	12983	12982	
1966	Quad4	13040	13041	13012	13011	
1967	Quad4	13069	13070	13041	13040	
1968	Quad4	13098	13099	13070	13069	
1969	Quad4	13127	13128	13099	13098	
1970	Quad4	13156	13157	13128	13127	
1971	Quad4	13185	13186	13157	13156	
1972	Quad4	13214	13215	13186	13185	
1973	Quad4	13243	13244	13215	13214	
1974	Quad4	13272	13273	13244	13243	
1975	Quad4	13301	13302	13273	13272	
1976	Quad4	13330	13331	13302	13301	
1977	Quad4	13359	13360	13331	13330	
1978	Quad4	13388	13389	13360	13359	
1979	Quad4	13417	13418	13389	13388	
1980	Quad4	13430	13429	13418	13417	
1981	Quad4	12896	12897	7365	7366	
1982	Quad4	12925	12926	12897	12896	
1983	Quad4	12954	12955	12926	12925	
1984	Quad4	12983	12984	12955	12954	
1985	Quad4	13012	13013	12984	12983	
1986	Quad4	13041	13042	13013	13012	
1987	Quad4	13070	13071	13042	13041	
1988	Quad4	13099	13100	13071	13070	
1989	Quad4	13128	13129	13100	13099	
1990	Quad4	13157	13158	13129	13128	
1991	Quad4	13186	13187	13158	13157	
1992	Quad4	13215	13216	13187	13186	
1993	Quad4	13244	13245	13216	13215	
1994	Quad4	13273	13274	13245	13244	
1995	Quad4	13302	13303	13274	13273	
1996	Quad4	13331	13332	13303	13302	
1997	Quad4	13360	13361	13332	13331	
1998	Quad4	13389	13390	13361	13360	
1999	Quad4	13418	13419	13390	13389	
2000	Quad4	13429	13428	13419	13418	
2001	Quad4	12897	12898	7364	7365	
2002	Quad4	12926	12927	12898	12897	
2003	Quad4	12955	12956	12927	12926	
2004	Quad4	12984	12985	12956	12955	
2005	Quad4	13013	13014	12985	12984	
2006	Quad4	13042	13043	13014	13013	
2007	Quad4	13071	13072	13043	13042	
2008	Quad4	13100	13101	13072	13071	
2009	Quad4	13129	13130	13101	13100	
2010	Quad4	13158	13159	13130	13129	
2011	Quad4	13187	13188	13159	13158	
2012	Quad4	13216	13217	13188	13187	
2013	Quad4	13245	13246	13217	13216	
2014	Quad4	13274	13275	13246	13245	
2015	Quad4	13303	13304	13275	13274	
2016	Quad4	13332	13333	13304	13303	
2017	Quad4	13361	13362	13333	13332	
2018	Quad4	13390	13391	13362	13361	
2019	Quad4	13419	13420	13391	13390	
2020	Quad4	13428	13427	13420	13419	
2021	Quad4	12898	12899	7363	7364	
2022	Quad4	12927	12928	12899	12898	
2023	Quad4	12956	12957	12928	12927	
2024	Quad4	12985	12986	12957	12956	
2025	Quad4	13014	13015	12986	12985	
2026	Quad4	13043	13044	13015	13014	
2027	Quad4	13072	13073	13044	13043	
2028	Quad4	13101	13102	13073	13072	
2029	Quad4	13130	13131	13102	13101	
2030	Quad4	13159	13160	13131	13130	
2031	Quad4	13188	13189	13160	13159	
2032	Quad4	13217	13218	13189	13188	
2033	Quad4	13246	13247	13218	13217	
2034	Quad4	13275	13276	13247	13246	
2035	Quad4	13304	13305	13276	13275	
2036	Quad4	13333	13334	13305	13304	
2037	Quad4	13362	13363	13334	13333	
2038	Quad4	13391	13392	13363	13362	
2039	Quad4	13420	13421	13392	13391	
2040	Quad4	13427	13426	13421	13420	
2041	Quad4	12899	12900	7362	7363	
2042	Quad4	12928	12929	12900	12899	
2043	Quad4	12957	12958	12929	12928	
2044	Quad4	12986	12987	12958	12957	
2045	Quad4	13015	13016	12987	12986	
2046	Quad4	13044	13045	13016	13015	
2047	Quad4	13073	13074	13045	13044	
2048	Quad4	13102	13103	13074	13073	
2049	Quad4	13131	13132	13103	13102	
2050	Quad4	13160	13161	13132	13131	
2051	Quad4	13189	13190	13161	13160	
2052	Quad4	13218	13219	13190	13189	
2053	Quad4	13247	13248	13219	13218	
2054	Quad4	13276	13277	13248	13247	
2055	Quad4	13305	13306	13277	13276	
2056	Quad4	13334	13335	13306	13305	
2057	Quad4	13363	13364	13335	13334	
2058	Quad4	13392	13393	13364	13363	
2059	Quad4	13421	13422	13393	13392	
2060	Quad4	13426	13425	13422	13421	
2061	Quad4	12900	12901	7361	7362	
2062	Quad4	12929	12930	12901	12900	
2063	Quad4	12958	12959	12930	12929	
2064	Quad4	12987	12988	12959	12958	
2065	Quad4	13016	13017	12988	12987	
2066	Quad4	13045	13046	13017	13016	
2067	Quad4	13074	13075	13046	13045	
2068	Quad4	13103	13104	13075	13074	
2069	Quad4	13132	13133	13104	13103	
2070	Quad4	13161	13162	13133	13132	
2071	Quad4	13190	13191	13162	13161	
2072	Quad4	13219	13220	13191	13190	
2073	Quad4	13248	13249	13220	13219	
2074	Quad4	13277	13278	13249	13248	
2075	Quad4	13306	13307	13278	13277	
2076	Quad4	13335	13336	13307	13306	
2077	Quad4	13364	13365	13336	13335	
2078	Quad4	13393	13394	13365	13364	
2079	Quad4	13422	13423	13394	13393	
2080	Quad4	13425	13424	13423	13422	
2081	Quad4	12901	13490	5	7361	
2082	Quad4	12930	13489	13490	12901	
2083	Quad4	12959	13488	13489	12930	
2084	Quad4	12988	13487	13488	12959	
2085	Quad4	13017	13486	13487	12988	
2086	Quad4	13046	13485	13486	13017	
2087	Quad4	13075	13484	13485	13046	
2088	Quad4	13104	13483	13484	13075	
2089	Quad4	13133	13482	13483	13104	
2090	Quad4	13162	13481	13482	13133	
2091	Quad4	13191	13480	13481	13162	
2092	Quad4	13220	13479	13480	13191	
2093	Quad4	13249	13478	13479	13220	
2094	Quad4	13278	13477	13478	13249	
2095	Quad4	13307	13476	13477	13278	
2096	Quad4	13336	13475	13476	13307	
2097	Quad4	13365	13474	13475	13336	
2098	Quad4	13394	13473	13474	13365	
2099	Quad4	13423	13472	13473	13394	
2100	Quad4	13424	7	13472	13423	
2101	Quad4	10435	9837	10388	14	
2102	Quad4	10434	9866	9837	10435	
2103	Quad4	10433	9895	9866	10434	
2104	Quad4	10432	9924	9895	10433	
2105	Quad4	10431	9953	9924	10432	
2106	Quad4	10430	9982	9953	10431	
2107	Quad4	10429	10011	9982	10430	
2108	Quad4	10428	10040	10011	10429	
2109	Quad4	10427	10069	10040	10428	
2110	Quad4	10426	10098	10069	10427	
2111	Quad4	10425	10127	10098	10426	
2112	Quad4	10424	10156	10127	10425	
2113	Quad4	10423	10185	10156	10424	
2114	Quad4	10422	10214	10185	10423	
2115	Quad4	10421	10243	10214	10422	
2116	Quad4	10420	10272	10243	10421	
2117	Quad4	10419	10301	10272	10420	
2118	Quad4	10418	10330	10301	10419	
2119	Quad4	10417	10359	10330	10418	
2120	Quad4	13	7418	10359	10417	
2121	Quad4	9837	9838	10389	10388	
2122	Quad4	9866	9867	9838	9837	
2123	Quad4	9895	9896	9867	9866	
2124	Quad4	9924	9925	9896	9895	
2125	Quad4	9953	9954	9925	9924	
2126	Quad4	9982	9983	9954	9953	
2127	Quad4	10011	10012	9983	9982	
2128	Quad4	10040	10041	10012	10011	
2129	Quad4	10069	10070	10041	10040	
2130	Quad4	10098	10099	10070	10069	
2131	Quad4	10127	10128	10099	10098	
2132	Quad4	10156	10157	10128	10127	
2133	Quad4	10185	10186	10157	10156	
2134	Quad4	10214	10215	10186	10185	
2135	Quad4	10243	10244	10215	10214	
2136	Quad4	10272	10273	10244	10243	
2137	Quad4	10301	10302	10273	10272	
2138	Quad4	10330	10331	10302	10301	
2139	Quad4	10359	10360	10331	10330	
2140	Quad4	7418	7417	10360	10359	
2141	Quad4	9838	9839	10390	10389	
2142	Quad4	9867	9868	9839	9838	
2143	Quad4	9896	9897	9868	9867	
2144	Quad4	9925	9926	9897	9896	
2145	Quad4	9954	9955	9926	9925	
2146	Quad4	9983	9984	9955	9954	
2147	Quad4	10012	10013	9984	9983	
2148	Quad4	10041	10042	10013	10012	
2149	Quad4	10070	10071	10042	10041	
2150	Quad4	10099	10100	10071	10070	
2151	Quad4	10128	10129	10100	10099	
2152	Quad4	10157	10158	10129	10128	
2153	Quad4	10186	10187	10158	10157	
2154	Quad4	10215	10216	10187	10186	
2155	Quad4	10244	10245	10216	10215	
2156	Quad4	10273	10274	10245	10244	
2157	Quad4	10302	10303	10274	10273	
2158	Quad4	10331	10332	10303	10302	
2159	Quad4	10360	10361	10332	10331	
2160	Quad4	7417	7416	10361	10360	
2161	Quad4	9839	9840	10391	10390	
2162	Quad4	9868	9869	9840	9839	
2163	Quad4	9897	9898	9869	9868	
2164	Quad4	9926	9927	9898	9897	
2165	Quad4	9955	9956	9927	9926	
2166	Quad4	9984	9985	9956	9955	
2167	Quad4	10013	10014	9985	9984	
2168	Quad4	10042	10043	10014	10013	
2169	Quad4	10071	10072	10043	10042	
2170	Quad4	10100	10101	10072	10071	
2171	Quad4	10129	10130	10101	10100	
2172	Quad4	10158	10159	10130	10129	
2173	Quad4	10187	10188	10159	10158	
2174	Quad4	10216	10217	10188	10187	
2175	Quad4	10245	10246	10217	10216	
2176	Quad4	10274	10275	10246	10245	
2177	Quad4	10303	10304	10275	10274	
2178	Quad4	10332	10333	10304	10303	
2179	Quad4	10361	10362	10333	10332	
2180	Quad4	7416	7415	10362	10361	
2181	Quad4	9840	9841	10392	10391	
2182	Quad4	9869	9870	9841	9840	
2183	Quad4	9898	9899	9870	9869	
2184	Quad4	9927	9928	9899	9898	
2185	Quad4	9956	9957	9928	9927	
2186	Quad4	9985	9986	9957	9956	
2187	Quad4	10014	10015	9986	9985	
2188	Quad4	10043	10044	10015	10014	
2189	Quad4	10072	10073	10044	10043	
2190	Quad4	10101	10102	10073	10072	
2191	Quad4	10130	10131	10102	10101	
2192	Quad4	10159	10160	10131	10130	
2193	Quad4	10188	10189	10160	10159	
2194	Quad4	10217	10218	10189	10188	
2195	Quad4	10246	10247	10218	10217	
2196	Quad4	10275	10276	10247	10246	
2197	Quad4	10304	10305	10276	10275	
2198	Quad4	10333	10334	10305	10304	
2199	Quad4	10362	10363	10334	10333	
2200	Quad4	7415	7414	10363	10362	
2201	Quad4	9841	9842	10393	10392	
2202	Quad4	9870	9871	9842	9841	
2203	Quad4	9899	9900	9871	9870	
2204	Quad4	9928	9929	9900	9899	
2205	Quad4	9957	9958	9929	9928	
2206	Quad4	9986	9987	9958	9957	
2207	Quad4	10015	10016	9987	9986	
2208	Quad4	10044	10045	10016	10015	
2209	Quad4	10073	10074	10045	10044	
2210	Quad4	10102	10103	10074	10073	
2211	Quad4	10131	10132	10103	10102	
2212	Quad4	10160	10161	10132	10131	
2213	Quad4	10189	10190	10161	10160	
2214	Quad4	10218	10219	10190	10189	
2215	Quad4	10247	10248	10219	10218	
2216	Quad4	10276	10277	10248	10247	
2217	Quad4	10305	10306	10277	10276	
2218	Quad4	10334	10335	10306	10305	
2219	Quad4	10363	10364	10335	10334	
2220	Quad4	7414	7413	10364	10363	
2221	Quad4	9842	9843	10394	10393	
2222	Quad4	9871	9872	9843	9842	
2223	Quad4	9900	9901	9872	9871	
2224	Quad4	9929	9930	9901	9900	
2225	Quad4	9958	9959	9930	9929	
2226	Quad4	9987	9988	9959	9958	
2227	Quad4	10016	10017	9988	9987	
2228	Quad4	10045	10046	10017	10016	
2229	Quad4	10074	10075	10046	10045	
2230	Quad4	10103	10104	10075	10074	
2231	Quad4	10132	10133	10104	10103	
2232	Quad4	10161	10162	10133	10132	
2233	Quad4	10190	10191	10162	10161	
2234	Quad4	10219	10220	10191	10190	
2235	Quad4	10248	10249	10220	10219	
2236	Quad4	10277	10278	10249	10248	
2237	Quad4	10306	10307	10278	10277	
2238	Quad4	10335	10336	10307	10306	
2239	Quad4	10364	10365	10336	10335	
2240	Quad4	7413	7412	10365	10364	
2241	Quad4	9843	9844	10395	10394	
2242	Quad4	9872	9873	9844	9843	
2243	Quad4	9901	9902	9873	9872	
2244	Quad4	9930	9931	9902	9901	
2245	Quad4	9959	9960	9931	9930	
2246	Quad4	9988	9989	9960	9959	
2247	Quad4	10017	10018	9989	9988	
2248	Quad4	10046	10047	10018	10017	
2249	Quad4	10075	10076	10047	10046	
2250	Quad4	10104	10105	10076	10075	
2251	Quad4	10133	10134	10105	10104	
2252	Quad4	10162	10163	10134	10133	
2253	Quad4	10191	10192	10163	10162	
2254	Quad4	10220	10221	10192	10191	
2255	Quad4	10249	10250	10221	10220	
2256	Quad4	10278	10279	10250	10249	
2257	Quad4	10307	10308	10279	10278	
2258	Quad4	10336	10337	10308	10307	
2259	Quad4	10365	10366	10337	10336	
2260	Quad4	7412	7411	10366	10365	
2261	Quad4	9844	9845	10396	10395	
2262	Quad4	9873	9874	9845	9844	
2263	Quad4	9902	9903	9874	9873	
2264	Quad4	9931	9932	9903	9902	
2265	Quad4	9960	9961	9932	9931	
2266	Quad4	9989	9990	9961	9960	
2267	Quad4	10018	10019	9990	9989	
2268	Quad4	10047	10048	10019	10018	
2269	Quad4	10076	10077	10048	10047	
2270	Quad4	10105	10106	10077	10076	
2271	Quad4	10134	10135	10106	10105	
2272	Quad4	10163	10164	10135	10134	
2273	Quad4	10192	10193	10164	10163	
2274	Quad4	10221	10222	10193	10192	
2275	Quad4	10250	10251	10222	10221	
2276	Quad4	10279	10280	10251	10250	
2277	Quad4	10308	10309	10280	10279	
2278	Quad4	10337	10338	10309	10308	
2279	Quad4	10366	10367	10338	10337	
2280	Quad4	7411	7410	10367	10366	
2281	Quad4	9845	9846	10397	10396	
2282	Quad4	9874	9875	9846	9845	
2283	Quad4	9903	9904	9875	9874	
2284	Quad4	9932	9933	9904	9903	
2285	Quad4	9961	9962	9933	9932	
2286	Quad4	9990	9991	9962	9961	
2287	Quad4	10019	10020	9991	9990	
2288	Quad4	10048	10049	10020	10019	
2289	Quad4	10077	10078	10049	10048	
2290	Quad4	10106	10107	10078	10077	
2291	Quad4	10135	10136	10107	10106	
2292	Quad4	10164	10165	10136	10135	
2293	Quad4	10193	10194	10165	10164	
2294	Quad4	10222	10223	10194	10193	
2295	Quad4	10251	10252	10223	10222	
2296	Quad4	10280	10281	10252	10251	
2297	Quad4	10309	10310	10281	10280	
2298	Quad4	10338	10339	10310	10309	
2299	Quad4	10367	10368	10339	10338	
2300	Quad4	7410	7409	10368	10367	
2301	Quad4	9846	9847	10398	10397	
2302	Quad4	9875	9876	9847	9846	
2303	Quad4	9904	9905	9876	9875	
2304	Quad4	9933	9934	9905	9904	
2305	Quad4	9962	9963	9934	9933	
2306	Quad4	9991	9992	9963	9962	
2307	Quad4	10020	10021	9992	9991	
2308	Quad4	10049	10050	10021	10020	
2309	Quad4	10078	10079	10050	10049	
2310	Quad4	10107	10108	10079	10078	
2311	Quad4	10136	10137	10108	10107	
2312	Quad4	10165	10166	10137	10136	
2313	Quad4	10194	10195	10166	10165	
2314	Quad4	10223	10224	10195	10194	
2315	Quad4	10252	10253	10224	10223	
2316	Quad4	10281	10282	10253	10252	
2317	Quad4	10310	10311	10282	10281	
2318	Quad4	10339	10340	10311	10310	
2319	Quad4	10368	10369	10340	10339	
2320	Quad4	7409	7408	10369	10368	
2321	Quad4	9847	9848	10399	10398	
2322	Quad4	9876	9877	9848	9847	
2323	Quad4	9905	9906	9877	9876	
2324	Quad4	9934	9935	9906	9905	
2325	Quad4	9963	9964	9935	9934	
2326	Quad4	9992	9993	9964	9963	
2327	Quad4	10021	10022	9993	9992	
2328	Quad4	10050	10051	10022	10021	
2329	Quad4	10079	10080	10051	10050	
2330	Quad4	10108	10109	10080	10079	
2331	Quad4	10137	10138	10109	10108	
2332	Quad4	10166	10167	10138	10137	
2333	Quad4	10195	10196	10167	10166	
2334	Quad4	10224	10225	10196	10195	
2335	Quad4	10253	10254	10225	10224	
2336	Quad4	10282	10283	10254	10253	
2337	Quad4	10311	10312	10283	10282	
2338	Quad4	10340	10341	10312	10311	
2339	Quad4	10369	10370	10341	10340	
2340	Quad4	7408	7407	10370	10369	
2341	Quad4	9848	9849	10400	10399	
2342	Quad4	9877	9878	9849	9848	
2343	Quad4	9906	9907	9878	9877	
2344	Quad4	9935	9936	9907	9906	
2345	Quad4	9964	9965	9936	9935	
2346	Quad4	9993	9994	9965	9964	
2347	Quad4	10022	10023	9994	9993	
2348	Quad4	10051	10052	10023	10022	
2349	Quad4	10080	10081	10052	10051	
2350	Quad4	10109	10110	10081	10080	
2351	Quad4	10138	10139	10110	10109	
2352	Quad4	10167	10168	10139	10138	
2353	Quad4	10196	10197	10168	10167	
2354	Quad4	10225	10226	10197	10196	
2355	Quad4	10254	10255	10226	10225	
2356	Quad4	10283	10284	10255	10254	
2357	Quad4	10312	10313	10284	10283	
2358	Quad4	10341	10342	10313	10312	
2359	Quad4	10370	10371	10342	10341	
2360	Quad4	7407	7406	10371	10370	
2361	Quad4	9849	9850	10401	10400	
2362	Quad4	9878	9879	9850	9849	
2363	Quad4	9907	9908	9879	9878	
2364	Quad4	9936	9937	9908	9907	
2365	Quad4	9965	9966	9937	9936	
2366	Quad4	9994	9995	9966	9965	
2367	Quad4	10023	10024	9995	9994	
2368	Quad4	10052	10053	10024	10023	
2369	Quad4	10081	10082	10053	10052	
2370	Quad4	10110	10111	10082	10081	
2371	Quad4	10139	10140	10111	10110	
2372	Quad4	10168	10169	10140	10139	
2373	Quad4	10197	10198	10169	10168	
2374	Quad4	10226	10227	10198	10197	
2375	Quad4	10255	10256	10227	10226	
2376	Quad4	10284	10285	10256	10255	
2377	Quad4	10313	10314	10285	10284	
2378	Quad4	10342	10343	10314	10313	
2379	Quad4	10371	10372	10343	10342	
2380	Quad4	7406	7405	10372	10371	
2381	Quad4	9850	9851	10402	10401	
2382	Quad4	9879	9880	9851	9850	
2383	Quad4	9908	9909	9880	9879	
2384	Quad4	9937	9938	9909	9908	
2385	Quad4	9966	9967	9938	9937	
2386	Quad4	9995	9996	9967	9966	
2387	Quad4	10024	10025	9996	9995	
2388	Quad4	10053	10054	10025	10024	
2389	Quad4	10082	10083	10054	10053	
2390	Quad4	10111	10112	10083	10082	
2391	Quad4	10140	10141	10112	10111	
2392	Quad4	10169	10170	10141	10140	
2393	Quad4	10198	10199	10170	10169	
2394	Quad4	10227	10228	10199	10198	
2395	Quad4	10256	10257	10228	10227	
2396	Quad4	10285	10286	10257	10256	
2397	Quad4	10314	10315	10286	10285	
2398	Quad4	10343	10344	10315	10314	
2399	Quad4	10372	10373	10344	10343	
2400	Quad4	7405	7404	10373	10372	
2401	Quad4	9851	9852	10403	10402	
2402	Quad4	9880	9881	9852	9851	
2403	Quad4	9909	9910	9881	9880	
2404	Quad4	9938	9939	9910	9909	
2405	Quad4	9967	9968	9939	9938	
2406	Quad4	9996	9997	9968	9967	
2407	Quad4	10025	10026	9997	9996	
2408	Quad4	10054	10055	10026	10025	
2409	Quad4	10083	10084	10055	10054	
2410	Quad4	10112	10113	10084	10083	
2411	Quad4	10141	10142	10113	10112	
2412	Quad4	10170	10171	10142	10141	
2413	Quad4	10199	10200	10171	10170	
2414	Quad4	10228	10229	10200	10199	
2415	Quad4	10257	10258	10229	10228	
2416	Quad4	10286	10287	10258	10257	
2417	Quad4	10315	10316	10287	10286	
2418	Quad4	10344	10345	10316	10315	
2419	Quad4	10373	10374	10345	10344	
2420	Quad4	7404	7403	10374	10373	
2421	Quad4	9852	9853	10404	10403	
2422	Quad4	9881	9882	9853	9852	
2423	Quad4	9910	9911	9882	9881	
2424	Quad4	9939	9940	9911	9910	
2425	Quad4	9968	9969	9940	9939	
2426	Quad4	9997	9998	9969	9968	
2427	Quad4	10026	10027	9998	9997	
2428	Quad4	10055	10056	10027	10026	
2429	Quad4	10084	10085	10056	10055	
2430	Quad4	10113	10114	10085	10084	
2431	Quad4	10142	10143	10114	10113	
2432	Quad4	10171	10172	10143	10142	
2433	Quad4	10200	10201	10172	10171	
2434	Quad4	10229	10230	10201	10200	
2435	Quad4	10258	10259	10230	10229	
2436	Quad4	10287	10288	10259	10258	
2437	Quad4	10316	10317	10288	10287	
2438	Quad4	10345	10346	10317	10316	
2439	Quad4	10374	10375	10346	10345	
2440	Quad4	7403	7402	10375	10374	
2441	Quad4	9853	9854	10405	10404	
2442	Quad4	9882	9883	9854	9853	
2443	Quad4	9911	9912	9883	9882	
2444	Quad4	9940	9941	9912	9911	
2445	Quad4	9969	9970	9941	9940	
2446	Quad4	9998	9999	9970	9969	
2447	Quad4	10027	10028	9999	9998	
2448	Quad4	10056	10057	10028	10027	
2449	Quad4	10085	10086	10057	10056	
2450	Quad4	10114	10115	10086	10085	
2451	Quad4	10143	10144	10115	10114	
2452	Quad4	10172	10173	10144	10143	
2453	Quad4	10201	10202	10173	10172	
2454	Quad4	10230	10231	10202	10201	
2455	Quad4	10259	10260	10231	10230	
2456	Quad4	10288	10289	10260	10259	
2457	Quad4	10317	10318	10289	10288	
2458	Quad4	10346	10347	10318	10317	
2459	Quad4	10375	10376	10347	10346	
2460	Quad4	7402	7401	10376	10375	
2461	Quad4	9854	9855	10406	10405	
2462	Quad4	9883	9884	9855	9854	
2463	Quad4	9912	9913	9884	9883	
2464	Quad4	9941	9942	9913	9912	
2465	Quad4	9970	9971	9942	9941	
2466	Quad4	9999	10000	9971	9970	
2467	Quad4	10028	10029	10000	9999	
2468	Quad4	10057	10058	10029	10028	
2469	Quad4	10086	10087	10058	10057	
2470	Quad4	10115	10116	10087	10086	
2471	Quad4	10144	10145	10116	10115	
2472	Quad4	10173	10174	10145	10144	
2473	Quad4	10202	10203	10174	10173	
2474	Quad4	10231	10232	10203	10202	
2475	Quad4	10260	10261	10232	10231	
2476	Quad4	10289	10290	10261	10260	
2477	Quad4	10318	10319	10290	10289	
2478	Quad4	10347	10348	10319	10318	
2479	Quad4	10376	10377	10348	10347	
2480	Quad4	7401	7400	10377	10376	
2481	Quad4	9855	9856	10407	10406	
2482	Quad4	9884	9885	9856	9855	
2483	Quad4	9913	9914	9885	9884	
2484	Quad4	9942	9943	9914	9913	
2485	Quad4	9971	9972	9943	9942	
2486	Quad4	10000	10001	9972	9971	
2487	Quad4	10029	10030	10001	10000	
2488	Quad4	10058	10059	10030	10029	
2489	Quad4	10087	10088	10059	10058	
2490	Quad4	10116	10117	10088	10087	
2491	Quad4	10145	10146	10117	10116	
2492	Quad4	10174	10175	10146	10145	
2493	Quad4	10203	10204	10175	10174	
2494	Quad4	10232	10233	10204	10203	
2495	Quad4	10261	10262	10233	10232	
2496	Quad4	10290	10291	10262	10261	
2497	Quad4	10319	10320	10291	10290	
2498	Quad4	10348	10349	10320	10319	
2499	Quad4	10377	10378	10349	10348	
2500	Quad4	7400	7399	10378	10377	
2501	Quad4	9856	9857	10408	10407	
2502	Quad4	9885	9886	9857	9856	
2503	Quad4	9914	9915	9886	9885	
2504	Quad4	9943	9944	9915	9914	
2505	Quad4	9972	9973	9944	9943	
2506	Quad4	10001	10002	9973	9972	
2507	Quad4	10030	10031	10002	10001	
2508	Quad4	10059	10060	10031	10030	
2509	Quad4	10088	10089	10060	10059	
2510	Quad4	10117	10118	10089	10088	
2511	Quad4	10146	10147	10118	10117	
2512	Quad4	10175	10176	10147	10146	
2513	Quad4	10204	10205	10176	10175	
2514	Quad4	10233	10234	10205	10204	
2515	Quad4	10262	10263	10234	10233	
2516	Quad4	10291	10292	10263	10262	
2517	Quad4	10320	10321	10292	10291	
2518	Quad4	10349	10350	10321	10320	
2519	Quad4	10378	10379	10350	10349	
2520	Quad4	7399	7398	10379	10378	
2521	Quad4	9857	9858	10409	10408	
2522	Quad4	9886	9887	9858	9857	
2523	Quad4	9915	9916	9887	9886	
2524	Quad4	9944	9945	9916	9915	
2525	Quad4	9973	9974	9945	9944	
2526	Quad4	10002	10003	9974	9973	
2527	Quad4	10031	10032	10003	10002	
2528	Quad4	10060	10061	10032	10031	
2529	Quad4	10089	10090	10061	10060	
2530	Quad4	10118	10119	10090	10089	
2531	Quad4	10147	10148	10119	10118	
2532	Quad4	10176	10177	10148	10147	
2533	Quad4	10205	10206	10177	10176	
2534	Quad4	10234	10235	10206	10205	
2535	Quad4	10263	10264	10235	10234	
2536	Quad4	10292	10293	10264	10263	
2537	Quad4	10321	10322	10293	10292	
2538	Quad4	10350	10351	10322	10321	
2539	Quad4	10379	10380	10351	10350	
2540	Quad4	7398	7397	10380	10379	
2541	Quad4	9858	9859	10410	10409	
2542	Quad4	9887	9888	9859	9858	
2543	Quad4	9916	9917	9888	9887	
2544	Quad4	9945	9946	9917	9916	
2545	Quad4	9974	9975	9946	9945	
2546	Quad4	10003	10004	9975	9974	
2547	Quad4	10032	10033	10004	10003	
2548	Quad4	10061	10062	10033	10032	
2549	Quad4	10090	10091	10062	10061	
2550	Quad4	10119	10120	10091	10090	
2551	Quad4	10148	10149	10120	10119	
2552	Quad4	10177	10178	10149	10148	
2553	Quad4	10206	10207	10178	10177	
2554	Quad4	10235	10236	10207	10206	
2555	Quad4	10264	10265	10236	10235	
2556	Quad4	10293	10294	10265	10264	
2557	Quad4	10322	10323	10294	10293	
2558	Quad4	10351	10352	10323	10322	
2559	Quad4	10380	10381	10352	10351	
2560	Quad4	7397	7396	10381	10380	
2561	Quad4	9859	9860	10411	10410	
2562	Quad4	9888	9889	9860	9859	
2563	Quad4	9917	9918	9889	9888	
2564	Quad4	9946	9947	9918	9917	
2565	Quad4	9975	9976	9947	9946	
2566	Quad4	10004	10005	9976	9975	
2567	Quad4	10033	10034	10005	10004	
2568	Quad4	10062	10063	10034	10033	
2569	Quad4	10091	10092	10063	10062	
2570	Quad4	10120	10121	10092	10091	
2571	Quad4	10149	10150	10121	10120	
2572	Quad4	10178	10179	10150	10149	
2573	Quad4	10207	10208	10179	10178	
2574	Quad4	10236	10237	10208	10207	
2575	Quad4	10265	10266	10237	10236	
2576	Quad4	10294	10295	10266	10265	
2577	Quad4	10323	10324	10295	10294	
2578	Quad4	10352	10353	10324	10323	
2579	Quad4	10381	10382	10353	10352	
2580	Quad4	7396	7395	10382	10381	
2581	Quad4	9860	9861	10412	10411	
2582	Quad4	9889	9890	9861	9860	
2583	Quad4	9918	9919	9890	9889	
2584	Quad4	9947	9948	9919	9918	
2585	Quad4	9976	9977	9948	9947	
2586	Quad4	10005	10006	9977	9976	
2587	Quad4	10034	10035	10006	10005	
2588	Quad4	10063	10064	10035	10034	
2589	Quad4	10092	10093	10064	10063	
2590	Quad4	10121	10122	10093	10092	
2591	Quad4	10150	10151	10122	10121	
2592	Quad4	10179	10180	10151	10150	
2593	Quad4	10208	10209	10180	10179	
2594	Quad4	10237	10238	10209	10208	
2595	Quad4	10266	10267	10238	10237	
2596	Quad4	10295	10296	10267	10266	
2597	Quad4	10324	10325	10296	10295	
2598	Quad4	10353	10354	10325	10324	
2599	Quad4	10382	10383	10354	10353	
2600	Quad4	7395	7394	10383	10382	
2601	Quad4	9861	9862	10413	10412	
2602	Quad4	9890	9891	9862	9861	
2603	Quad4	9919	9920	9891	9890	
2604	Quad4	9948	9949	9920	9919	
2605	Quad4	9977	9978	9949	9948	
2606	Quad4	10006	10007	9978	9977	
2607	Quad4	10035	10036	10007	10006	
2608	Quad4	10064	10065	10036	10035	
2609	Quad4	10093	10094	10065	10064	
2610	Quad4	10122	10123	10094	10093	
2611	Quad4	10151	10152	10123	10122	
2612	Quad4	10180	10181	10152	10151	
2613	Quad4	10209	10210	10181	10180	
2614	Quad4	10238	10239	10210	10209	
2615	Quad4	10267	10268	10239	10238	
2616	Quad4	10296	10297	10268	10267	
2617	Quad4	10325	10326	10297	10296	
2618	Quad4	10354	10355	10326	10325	
2619	Quad4	10383	10384	10355	10354	
2620	Quad4	7394	7393	10384	10383	
2621	Quad4	9862	9863	10414	10413	
2622	Quad4	9891	9892	9863	9862	
2623	Quad4	9920	9921	9892	9891	
2624	Quad4	9949	9950	9921	9920	
2625	Quad4	9978	9979	9950	9949	
2626	Quad4	10007	10008	9979	9978	
2627	Quad4	10036	10037	10008	10007	
2628	Quad4	10065	10066	10037	10036	
2629	Quad4	10094	10095	10066	10065	
2630	Quad4	10123	10124	10095	10094	
2631	Quad4	10152	10153	10124	10123	
2632	Quad4	10181	10182	10153	10152	
2633	Quad4	10210	10211	10182	10181	
2634	Quad4	10239	10240	10211	10210	
2635	Quad4	10268	10269	10240	10239	
2636	Quad4	10297	10298	10269	10268	
2637	Quad4	10326	10327	10298	10297	
2638	Quad4	10355	10356	10327	10326	
2639	Quad4	10384	10385	10356	10355	
2640	Quad4	7393	7392	10385	10384	
2641	Quad4	9863	9864	10415	10414	
2642	Quad4	9892	9893	9864	9863	
2643	Quad4	9921	9922	9893	9892	
2644	Quad4	9950	9951	9922	9921	
2645	Quad4	9979	9980	9951	9950	
2646	Quad4	10008	10009	9980	9979	
2647	Quad4	10037	10038	10009	10008	
2648	Quad4	10066	10067	10038	10037	
2649	Quad4	10095	10096	10067	10066	
2650	Quad4	10124	10125	10096	10095	
2651	Quad4	10153	10154	10125	10124	
2652	Quad4	10182	10183	10154	10153	
2653	Quad4	10211	10212	10183	10182	
2654	Quad4	10240	10241	10212	10211	
2655	Quad4	10269	10270	10241	10240	
2656	Quad4	10298	10299	10270	10269	
2657	Quad4	10327	10328	10299	10298	
2658	Quad4	10356	10357	10328	10327	
2659	Quad4	10385	10386	10357	10356	
2660	Quad4	7392	7391	10386	10385	
2661	Quad4	9864	9865	10416	10415	
2662	Quad4	9893	9894	9865	9864	
2663	Quad4	9922	9923	9894	9893	
2664	Quad4	9951	9952	9923	9922	
2665	Quad4	9980	9981	9952	9951	
2666	Quad4	10009	10010	9981	9980	
2667	Quad4	10038	10039	10010	10009	
2668	Quad4	10067	10068	10039	10038	
2669	Quad4	10096	10097	10068	10067	
2670	Quad4	10125	10126	10097	10096	
2671	Quad4	10154	10155	10126	10125	
2672	Quad4	10183	10184	10155	10154	
2673	Quad4	10212	10213	10184	10183	
2674	Quad4	10241	10242	10213	10212	
2675	Quad4	10270	10271	10242	10241	
2676	Quad4	10299	10300	10271	10270	
2677	Quad4	10328	10329	10300	10299	
2678	Quad4	10357	10358	10329	10328	
2679	Quad4	10386	10387	10358	10357	
2680	Quad4	7391	7390	10387	10386	
2681	Quad4	9865	10454	3	10416	
2682	Quad4	9894	10453	10454	9865	
2683	Quad4	9923	10452	10453	9894	
2684	Quad4	9952	10451	10452	9923	
2685	Quad4	9981	10450	10451	9952	
2686	Quad4	10010	10449	10450	9981	
2687	Quad4	10039	10448	10449	10010	
2688	Quad4	10068	10447	10448	10039	
2689	Quad4	10097	10446	10447	10068	
2690	Quad4	10126	10445	10446	10097	
2691	Quad4	10155	10444	10445	10126	
2692	Quad4	10184	10443	10444	10155	
2693	Quad4	10213	10442	10443	10184	
2694	Quad4	10242	10441	10442	10213	
2695	Quad4	10271	10440	10441	10242	
2696	Quad4	10300	10439	10440	10271	
2697	Quad4	10329	10438	10439	10300	
2698	Quad4	10358	10437	10438	10329	
2699	Quad4	10387	10436	10437	10358	
2700	Quad4	7390	4	10436	10387	
2701	Quad4	14070	13491	13472	7	
2702	Quad4	14069	13510	13491	14070	
2703	Quad4	14068	13529	13510	14069	
2704	Quad4	14067	13548	13529	14068	
2705	Quad4	14066	13567	13548	14067	
2706	Quad4	14065	13586	13567	14066	
2707	Quad4	14064	13605	13586	14065	
2708	Quad4	14063	13624	13605	14064	
2709	Quad4	14062	13643	13624	14063	
2710	Quad4	14061	13662	13643	14062	
2711	Quad4	14060	13681	13662	14061	
2712	Quad4	14059	13700	13681	14060	
2713	Quad4	14058	13719	13700	14059	
2714	Quad4	14057	13738	13719	14058	
2715	Quad4	14056	13757	13738	14057	
2716	Quad4	14055	13776	13757	14056	
2717	Quad4	14054	13795	13776	14055	
2718	Quad4	14053	13814	13795	14054	
2719	Quad4	14052	13833	13814	14053	
2720	Quad4	14051	13852	13833	14052	
2721	Quad4	14050	13871	13852	14051	
2722	Quad4	14049	13890	13871	14050	
2723	Quad4	14048	13909	13890	14049	
2724	Quad4	14047	13928	13909	14048	
2725	Quad4	14046	13947	13928	14047	
2726	Quad4	14045	13966	13947	14046	
2727	Quad4	14044	13985	13966	14045	
2728	Quad4	14043	14004	13985	14044	
2729	Quad4	14042	14023	14004	14043	
2730	Quad4	8	12854	14023	14042	
2731	Quad4	13491	13492	13473	13472	
2732	Quad4	13510	13511	13492	13491	
2733	Quad4	13529	13530	13511	13510	
2734	Quad4	13548	13549	13530	13529	
2735	Quad4	13567	13568	13549	13548	
2736	Quad4	13586	13587	13568	13567	
2737	Quad4	13605	13606	13587	13586	
2738	Quad4	13624	13625	13606	13605	
2739	Quad4	13643	13644	13625	13624	
2740	Quad4	13662	13663	13644	13643	
2741	Quad4	13681	13682	13663	13662	
2742	Quad4	13700	13701	13682	13681	
2743	Quad4	13719	13720	13701	13700	
2744	Quad4	13738	13739	13720	13719	
2745	Quad4	13757	13758	13739	13738	
2746	Quad4	13776	13777	13758	13757	
2747	Quad4	13795	13796	13777	13776	
2748	Quad4	13814	13815	13796	13795	
2749	Quad4	13833	13834	13815	13814	
2750	Quad4	13852	13853	13834	13833	
2751	Quad4	13871	13872	13853	13852	
2752	Quad4	13890	13891	13872	13871	
2753	Quad4	13909	13910	13891	13890	
2754	Quad4	13928	13929	13910	13909	
2755	Quad4	13947	13948	13929	13928	
2756	Quad4	13966	13967	13948	13947	
2757	Quad4	13985	13986	13967	13966	
2758	Quad4	14004	14005	13986	13985	
2759	Quad4	14023	14024	14005	14004	
2760	Quad4	12854	12855	14024	14023	
2761	Quad4	13492	13493	13474	13473	
2762	Quad4	13511	13512	13493	13492	
2763	Quad4	13530	13531	13512	13511	
2764	Quad4	13549	13550	13531	13530	
2765	Quad4	13568	13569	13550	13549	
2766	Quad4	13587	13588	13569	13568	
2767	Quad4	13606	13607	13588	13587	
2768	Quad4	13625	13626	13607	13606	
2769	Quad4	13644	13645	13626	13625	
2770	Quad4	13663	13664	13645	13644	
2771	Quad4	13682	13683	13664	13663	
2772	Quad4	13701	13702	13683	13682	
2773	Quad4	13720	13721	13702	13701	
2774	Quad4	13739	13740	13721	13720	
2775	Quad4	13758	13759	13740	13739	
2776	Quad4	13777	13778	13759	13758	
2777	Quad4	13796	13797	13778	13777	
2778	Quad4	13815	13816	13797	13796	
2779	Quad4	13834	13835	13816	13815	
2780	Quad4	13853	13854	13835	13834	
2781	Quad4	13872	13873	13854	13853	
2782	Quad4	13891	13892	13873	13872	
2783	Quad4	13910	13911	13892	13891	
2784	Quad4	13929	13930	13911	13910	
2785	Quad4	13948	13949	13930	13929	
2786	Quad4	13967	13968	13949	13948	
2787	Quad4	13986	13987	13968	13967	
2788	Quad4	14005	14006	13987	13986	
2789	Quad4	14024	14025	14006	14005	
2790	Quad4	12855	12856	14025	14024	
2791	Quad4	13493	13494	13475	13474	
2792	Quad4	13512	13513	13494	13493	
2793	Quad4	13531	13532	13513	13512	
2794	Quad4	13550	13551	13532	13531	
2795	Quad4	13569	13570	13551	13550	
2796	Quad4	13588	13589	13570	13569	
2797	Quad4	13607	13608	13589	13588	
2798	Quad4	13626	13627	13608	13607	
2799	Quad4	13645	13646	13627	13626	
2800	Quad4	13664	13665	13646	13645	
2801	Quad4	13683	13684	13665	13664	
2802	Quad4	13702	13703	13684	13683	
2803	Quad4	13721	13722	13703	13702	
2804	Quad4	13740	13741	13722	13721	
2805	Quad4	13759	13760	13741	13740	
2806	Quad4	13778	13779	13760	13759	
2807	Quad4	13797	13798	13779	13778	
2808	Quad4	13816	13817	13798	13797	
2809	Quad4	13835	13836	13817	13816	
2810	Quad4	13854	13855	13836	13835	
2811	Quad4	13873	13874	13855	13854	
2812	Quad4	13892	13893	13874	13873	
2813	Quad4	13911	13912	13893	13892	
2814	Quad4	13930	13931	13912	13911	
2815	Quad4	13949	13950	13931	13930	
2816	Quad4	13968	13969	13950	13949	
2817	Quad4	13987	13988	13969	13968	
2818	Quad4	14006	14007	13988	13987	
2819	Quad4	14025	14026	14007	14006	
2820	Quad4	12856	12857	14026	14025	
2821	Quad4	13494	13495	13476	13475	
2822	Quad4	13513	13514	13495	13494	
2823	Quad4	13532	13533	13514	13513	
2824	Quad4	13551	13552	13533	13532	
2825	Quad4	13570	13571	13552	13551	
2826	Quad4	13589	13590	13571	13570	
2827	Quad4	13608	13609	13590	13589	
2828	Quad4	13627	13628	13609	13608	
2829	Quad4	13646	13647	13628	13627	
2830	Quad4	13665	13666	13647	13646	
2831	Quad4	13684	13685	13666	13665	
2832	Quad4	13703	13704	13685	13684	
2833	Quad4	13722	13723	13704	13703	
2834	Quad4	13741	13742	13723	13722	
2835	Quad4	13760	13761	13742	13741	
2836	Quad4	13779	13780	13761	13760	
2837	Quad4	13798	13799	13780	13779	
2838	Quad4	13817	13818	13799	13798	
2839	Quad4	13836	13837	13818	13817	
2840	Quad4	13855	13856	13837	13836	
2841	Quad4	13874	13875	13856	13855	
2842	Quad4	13893	13894	13875	13874	
2843	Quad4	13912	13913	13894	13893	
2844	Quad4	13931	13932	13913	13912	
2845	Quad4	13950	13951	13932	13931	
2846	Quad4	13969	13970	13951	13950	
2847	Quad4	13988	13989	13970	13969	
2848	Quad4	14007	14008	13989	13988	
2849	Quad4	14026	14027	14008	14007	
2850	Quad4	12857	12858	14027	14026	
2851	Quad4	13495	13496	13477	13476	
2852	Quad4	13514	13515	13496	13495	
2853	Quad4	13533	13534	13515	13514	
2854	Quad4	13552	13553	13534	13533	
2855	Quad4	13571	13572	13553	13552	
2856	Quad4	13590	13591	13572	13571	
2857	Quad4	13609	13610	13591	13590	
2858	Quad4	13628	13629	13610	13609	
2859	Quad4	13647	13648	13629	13628	
2860	Quad4	13666	13667	13648	13647	
2861	Quad4	13685	13686	13667	13666	
2862	Quad4	13704	13705	13686	13685	
2863	Quad4	13723	13724	13705	13704	
2864	Quad4	13742	13743	13724	13723	
2865	Quad4	13761	13762	13743	13742	
2866	Quad4	13780	13781	13762	13761	
2867	Quad4	13799	13800	13781	13780	
2868	Quad4	13818	13819	13800	13799	
2869	Quad4	13837	13838	13819	13818	
2870	Quad4	13856	13857	13838	13837	
2871	Quad4	13875	13876	13857	13856	
2872	Quad4	13894	13895	13876	13875	
2873	Quad4	13913	13914	13895	13894	
2874	Quad4	13932	13933	13914	13913	
2875	Quad4	13951	13952	13933	13932	
2876	Quad4	13970	13971	13952	13951	
2877	Quad4	13989	13990	13971	13970	
2878	Quad4	14008	14009	13990	13989	
2879	Quad4	14027	14028	14009	14008	
2880	Quad4	12858	12859	14028	14027	
2881	Quad4	13496	13497	13478	13477	
2882	Quad4	13515	13516	13497	13496	
2883	Quad4	13534	13535	13516	13515	
2884	Quad4	13553	13554	13535	13534	
2885	Quad4	13572	13573	13554	13553	
2886	Quad4	13591	13592	13573	13572	
2887	Quad4	13610	13611	13592	13591	
2888	Quad4	13629	13630	13611	13610	
2889	Quad4	13648	13649	13630	13629	
2890	Quad4	13667	13668	13649	13648	
2891	Quad4	13686	13687	13668	13667	
2892	Quad4	13705	13706	13687	13686	
2893	Quad4	13724	13725	13706	13705	
2894	Quad4	13743	13744	13725	13724	
2895	Quad4	13762	13763	13744	13743	
2896	Quad4	13781	13782	13763	13762	
2897	Quad4	13800	13801	13782	13781	
2898	Quad4	13819	13820	13801	13800	
2899	Quad4	13838	13839	13820	13819	
2900	Quad4	13857	13858	13839	13838	
2901	Quad4	13876	13877	13858	13857	
2902	Quad4	13895	13896	13877	13876	
2903	Quad4	13914	13915	13896	13895	
2904	Quad4	13933	13934	13915	13914	
2905	Quad4	13952	13953	13934	13933	
2906	Quad4	13971	13972	13953	13952	
2907	Quad4	13990	13991	13972	13971	
2908	Quad4	14009	14010	13991	13990	
2909	Quad4	14028	14029	14010	14009	
2910	Quad4	12859	12860	14029	14028	
2911	Quad4	13497	13498	13479	13478	
2912	Quad4	13516	13517	13498	13497	
2913	Quad4	13535	13536	13517	13516	
2914	Quad4	13554	13555	13536	13535	
2915	Quad4	13573	13574	13555	13554	
2916	Quad4	13592	13593	13574	13573	
2917	Quad4	13611	13612	13593	13592	
2918	Quad4	13630	13631	13612	13611	
2919	Quad4	13649	13650	13631	13630	
2920	Quad4	13668	13669	13650	13649	
2921	Quad4	13687	13688	13669	13668	
2922	Quad4	13706	13707	13688	13687	
2923	Quad4	13725	13726	13707	13706	
2924	Quad4	13744	13745	13726	13725	
2925	Quad4	13763	13764	13745	13744	
2926	Quad4	13782	13783	13764	13763	
2927	Quad4	13801	13802	13783	13782	
2928	Quad4	13820	13821	13802	13801	
2929	Quad4	13839	13840	13821	13820	
2930	Quad4	13858	13859	13840	13839	
2931	Quad4	13877	13878	13859	13858	
2932	Quad4	13896	13897	13878	13877	
2933	Quad4	13915	13916	13897	13896	
2934	Quad4	13934	13935	13916	13915	
2935	Quad4	13953	13954	13935	13934	
2936	Quad4	13972	13973	13954	13953	
2937	Quad4	13991	13992	13973	13972	
2938	Quad4	14010	14011	13992	13991	
2939	Quad4	14029	14030	14011	14010	
2940	Quad4	12860	12861	14030	14029	
2941	Quad4	13498	13499	13480	13479	
2942	Quad4	13517	13518	13499	13498	
2943	Quad4	13536	13537	13518	13517	
2944	Quad4	13555	13556	13537	13536	
2945	Quad4	13574	13575	13556	13555	
2946	Quad4	13593	13594	13575	13574	
2947	Quad4	13612	13613	13594	13593	
2948	Quad4	13631	13632	13613	13612	
2949	Quad4	13650	13651	13632	13631	
2950	Quad4	13669	13670	13651	13650	
2951	Quad4	13688	13689	13670	13669	
2952	Quad4	13707	13708	13689	13688	
2953	Quad4	13726	13727	13708	13707	
2954	Quad4	13745	13746	13727	13726	
2955	Quad4	13764	13765	13746	13745	
2956	Quad4	13783	13784	13765	13764	
2957	Quad4	13802	13803	13784	13783	
2958	Quad4	13821	13822	13803	13802	
2959	Quad4	13840	13841	13822	13821	
2960	Quad4	13859	13860	13841	13840	
2961	Quad4	13878	13879	13860	13859	
2962	Quad4	13897	13898	13879	13878	
2963	Quad4	13916	13917	13898	13897	
2964	Quad4	13935	13936	13917	13916	
2965	Quad4	13954	13955	13936	13935	
2966	Quad4	13973	13974	13955	13954	
2967	Quad4	13992	13993	13974	13973	
2968	Quad4	14011	14012	13993	13992	
2969	Quad4	14030	14031	14012	14011	
2970	Quad4	12861	12862	14031	14030	
2971	Quad4	13499	13500	13481	13480	
2972	Quad4	13518	13519	13500	13499	
2973	Quad4	13537	13538	13519	13518	
2974	Quad4	13556	13557	13538	13537	
2975	Quad4	13575	13576	13557	13556	
2976	Quad4	13594	13595	13576	13575	
2977	Quad4	13613	13614	13595	13594	
2978	Quad4	13632	13633	13614	13613	
2979	Quad4	13651	13652	13633	13632	
2980	Quad4	13670	13671	13652	13651	
2981	Quad4	13689	13690	13671	13670	
2982	Quad4	13708	13709	13690	13689	
2983	Quad4	13727	13728	13709	13708	
2984	Quad4	13746	13747	13728	13727	
2985	Quad4	13765	13766	13747	13746	
2986	Quad4	13784	13785	13766	13765	
2987	Quad4	13803	13804	13785	13784	
2988	Quad4	13822	13823	13804	13803	
2989	Quad4	13841	13842	13823	13822	
2990	Quad4	13860	13861	13842	13841	
2991	Quad4	13879	13880	13861	13860	
2992	Quad4	13898	13899	13880	13879	
2993	Quad4	13917	13918	13899	13898	
2994	Quad4	13936	13937	13918	13917	
2995	Quad4	13955	13956	13937	13936	
2996	Quad4	13974	13975	13956	13955	
2997	Quad4	13993	13994	13975	13974	
2998	Quad4	14012	14013	13994	13993	
2999	Quad4	14031	14032	14013	14012	
3000	Quad4	12862	12863	14032	14031	
3001	Quad4	13500	13501	13482	13481	
3002	Quad4	13519	13520	13501	13500	
3003	Quad4	13538	13539	13520	13519	
3004	Quad4	13557	13558	13539	13538	
3005	Quad4	13576	13577	13558	13557	
3006	Quad4	13595	13596	13577	13576	
3007	Quad4	13614	13615	13596	13595	
3008	Quad4	13633	13634	13615	13614	
3009	Quad4	13652	13653	13634	13633	
3010	Quad4	13671	13672	13653	13652	
3011	Quad4	13690	13691	13672	13671	
3012	Quad4	13709	13710	13691	13690	
3013	Quad4	13728	13729	13710	13709	
3014	Quad4	13747	13748	13729	13728	
3015	Quad4	13766	13767	13748	13747	
3016	Quad4	13785	13786	13767	13766	
3017	Quad4	13804	13805	13786	13785	
3018	Quad4	13823	13824	13805	13804	
3019	Quad4	13842	13843	13824	13823	
3020	Quad4	13861	13862	13843	13842	
3021	Quad4	13880	13881	13862	13861	
3022	Quad4	13899	13900	13881	13880	
3023	Quad4	13918	13919	13900	13899	
3024	Quad4	13937	13938	13919	13918	
3025	Quad4	13956	13957	13938	13937	
3026	Quad4	13975	13976	13957	13956	
3027	Quad4	13994	13995	13976	13975	
3028	Quad4	14013	14014	13995	13994	
3029	Quad4	14032	14033	14014	14013	
3030	Quad4	12863	12864	14033	14032	
3031	Quad4	13501	13502	13483	13482	
3032	Quad4	13520	13521	13502	13501	
3033	Quad4	13539	13540	13521	13520	
3034	Quad4	13558	13559	13540	13539	
3035	Quad4	13577	13578	13559	13558	
3036	Quad4	13596	13597	13578	13577	
3037	Quad4	13615	13616	13597	13596	
3038	Quad4	13634	13635	13616	13615	
3039	Quad4	13653	13654	13635	13634	
3040	Quad4	13672	13673	13654	13653	
3041	Quad4	13691	13692	13673	13672	
3042	Quad4	13710	13711	13692	13691	
3043	Quad4	13729	13730	13711	13710	
3044	Quad4	13748	13749	13730	13729	
3045	Quad4	13767	13768	13749	13748	
3046	Quad4	13786	13787	13768	13767	
3047	Quad4	13805	13806	13787	13786	
3048	Quad4	13824	13825	13806	13805	
3049	Quad4	13843	13844	13825	13824	
3050	Quad4	13862	13863	13844	13843	
3051	Quad4	13881	13882	13863	13862	
3052	Quad4	13900	13901	13882	13881	
3053	Quad4	13919	13920	13901	13900	
3054	Quad4	13938	13939	13920	13919	
3055	Quad4	13957	13958	13939	13938	
3056	Quad4	13976	13977	13958	13957	
3057	Quad4	13995	13996	13977	13976	
3058	Quad4	14014	14015	13996	13995	
3059	Quad4	14033	14034	14015	14014	
3060	Quad4	12864	12865	14034	14033	
3061	Quad4	13502	13503	13484	13483	
3062	Quad4	13521	13522	13503	13502	
3063	Quad4	13540	13541	13522	13521	
3064	Quad4	13559	13560	13541	13540	
3065	Quad4	13578	13579	13560	13559	
3066	Quad4	13597	13598	13579	13578	
3067	Quad4	13616	13617	13598	13597	
3068	Quad4	13635	13636	13617	13616	
3069	Quad4	13654	13655	13636	13635	
3070	Quad4	13673	13674	13655	13654	
3071	Quad4	13692	13693	13674	13673	
3072	Quad4	13711	13712	13693	13692	
3073	Quad4	13730	13731	13712	13711	
3074	Quad4	13749	13750	13731	13730	
3075	Quad4	13768	13769	13750	13749	
3076	Quad4	13787	13788	13769	13768	
3077	Quad4	13806	13807	13788	13787	
3078	Quad4	13825	13826	13807	13806	
3079	Quad4	13844	13845	13826	13825	
3080	Quad4	13863	13864	13845	13844	
3081	Quad4	13882	13883	13864	13863	
3082	Quad4	13901	13902	13883	13882	
3083	Quad4	13920	13921	13902	13901	
3084	Quad4	13939	13940	13921	13920	
3085	Quad4	13958	13959	13940	13939	
3086	Quad4	13977	13978	13959	13958	
3087	Quad4	13996	13997	13978	13977	
3088	Quad4	14015	14016	13997	13996	
3089	Quad4	14034	14035	14016	14015	
3090	Quad4	12865	12866	14035	14034	
3091	Quad4	13503	13504	13485	13484	
3092	Quad4	13522	13523	13504	13503	
3093	Quad4	13541	13542	13523	13522	
3094	Quad4	13560	13561	13542	13541	
3095	Quad4	13579	13580	13561	13560	
3096	Quad4	13598	13599	13580	13579	
3097	Quad4	13617	13618	13599	13598	
3098	Quad4	13636	13637	13618	13617	
3099	Quad4	13655	13656	13637	13636	
3100	Quad4	13674	13675	13656	13655	
3101	Quad4	13693	13694	13675	13674	
3102	Quad4	13712	13713	13694	13693	
3103	Quad4	13731	13732	13713	13712	
3104	Quad4	13750	13751	13732	13731	
3105	Quad4	13769	13770	13751	13750	
3106	Quad4	13788	13789	13770	13769	
3107	Quad4	13807	13808	13789	13788	
3108	Quad4	13826	13827	13808	13807	
3109	Quad4	13845	13846	13827	13826	
3110	Quad4	13864	13865	13846	13845	
3111	Quad4	13883	13884	13865	13864	
3112	Quad4	13902	13903	13884	13883	
3113	Quad4	13921	13922	13903	13902	
3114	Quad4	13940	13941	13922	13921	
3115	Quad4	13959	13960	13941	13940	
3116	Quad4	13978	13979	13960	13959	
3117	Quad4	13997	13998	13979	13978	
3118	Quad4	14016	14017	13998	13997	
3119	Quad4	14035	14036	14017	14016	
3120	Quad4	12866	12867	14036	14035	
3121	Quad4	13504	13505	13486	13485	
3122	Quad4	13523	13524	13505	13504	
3123	Quad4	13542	13543	13524	13523	
3124	Quad4	13561	13562	13543	13542	
3125	Quad4	13580	13581	13562	13561	
3126	Quad4	13599	13600	13581	13580	
3127	Quad4	13618	13619	13600	13599	
3128	Quad4	13637	13638	13619	13618	
3129	Quad4	13656	13657	13638	13637	
3130	Quad4	13675	13676	13657	13656	
3131	Quad4	13694	13695	13676	13675	
3132	Quad4	13713	13714	13695	13694	
3133	Quad4	13732	13733	13714	13713	
3134	Quad4	13751	13752	13733	13732	
3135	Quad4	13770	13771	13752	13751	
3136	Quad4	13789	13790	13771	13770	
3137	Quad4	13808	13809	13790	13789	
3138	Quad4	13827	13828	13809	13808	
3139	Quad4	13846	13847	13828	13827	
3140	Quad4	13865	13866	13847	13846	
3141	Quad4	13884	13885	13866	13865	
3142	Quad4	13903	13904	13885	13884	
3143	Quad4	13922	13923	13904	13903	
3144	Quad4	13941	13942	13923	13922	
3145	Quad4	13960	13961	13942	13941	
3146	Quad4	13979	13980	13961	13960	
3147	Quad4	13998	13999	13980	13979	
3148	Quad4	14017	14018	13999	13998	
3149	Quad4	14036	14037	14018	14017	
3150	Quad4	12867	12868	14037	14036	
3151	Quad4	13505	13506	13487	13486	
3152	Quad4	13524	13525	13506	13505	
3153	Quad4	13543	13544	13525	13524	
3154	Quad4	13562	13563	13544	13543	
3155	Quad4	13581	13582	13563	13562	
3156	Quad4	13600	13601	13582	13581	
3157	Quad4	13619	13620	13601	13600	
3158	Quad4	13638	13639	13620	13619	
3159	Quad4	13657	13658	13639	13638	
3160	Quad4	13676	13677	13658	13657	
3161	Quad4	13695	13696	13677	13676	
3162	Quad4	13714	13715	13696	13695	
3163	Quad4	13733	13734	13715	13714	
3164	Quad4	13752	13753	13734	13733	
3165	Quad4	13771	13772	13753	13752	
3166	Quad4	13790	13791	13772	13771	
3167	Quad4	13809	13810	13791	13790	
3168	Quad4	13828	13829	13810	13809	
3169	Quad4	13847	13848	13829	13828	
3170	Quad4	13866	13867	13848	13847	
3171	Quad4	13885	13886	13867	13866	
3172	Quad4	13904	13905	13886	13885	
3173	Quad4	13923	13924	13905	13904	
3174	Quad4	13942	13943	13924	13923	
3175	Quad4	13961	13962	13943	13942	
3176	Quad4	13980	13981	13962	13961	
3177	Quad4	13999	14000	13981	13980	
3178	Quad4	14018	14019	14000	13999	
3179	Quad4	14037	14038	14019	14018	
3180	Quad4	12868	12869	14038	14037	
3181	Quad4	13506	13507	13488	13487	
3182	Quad4	13525	13526	13507	13506	
3183	Quad4	13544	13545	13526	13525	
3184	Quad4	13563	13564	13545	13544	
3185	Quad4	13582	13583	13564	13563	
3186	Quad4	13601	13602	13583	13582	
3187	Quad4	13620	13621	13602	13601	
3188	Quad4	13639	13640	13621	13620	
3189	Quad4	13658	13659	13640	13639	
3190	Quad4	13677	13678	13659	13658	
3191	Quad4	13696	13697	13678	13677	
3192	Quad4	13715	13716	13697	13696	
3193	Quad4	13734	13735	13716	13715	
3194	Quad4	13753	13754	13735	13734	
3195	Quad4	13772	13773	13754	13753	
3196	Quad4	13791	13792	13773	13772	
3197	Quad4	13810	13811	13792	13791	
3198	Quad4	13829	13830	13811	13810	
3199	Quad4	13848	13849	13830	13829	
3200	Quad4	13867	13868	13849	13848	
3201	Quad4	13886	13887	13868	13867	
3202	Quad4	13905	13906	13887	13886	
3203	Quad4	13924	13925	13906	13905	
3204	Quad4	13943	13944	13925	13924	
3205	Quad4	13962	13963	13944	13943	
3206	Quad4	13981	13982	13963	13962	
3207	Quad4	14000	14001	13982	13981	
3208	Quad4	14019	14020	14001	14000	
3209	Quad4	14038	14039	14020	14019	
3210	Quad4	12869	12870	14039	14038	
3211	Quad4	13507	13508	13489	13488	
3212	Quad4	13526	13527	13508	13507	
3213	Quad4	13545	13546	13527	13526	
3214	Quad4	13564	13565	13546	13545	
3215	Quad4	13583	13584	13565	13564	
3216	Quad4	13602	13603	13584	13583	
3217	Quad4	13621	13622	13603	13602	
3218	Quad4	13640	13641	13622	13621	
3219	Quad4	13659	13660	13641	13640	
3220	Quad4	13678	13679	13660	13659	
3221	Quad4	13697	13698	13679	13678	
3222	Quad4	13716	13717	13698	13697	
3223	Quad4	13735	13736	13717	13716	
3224	Quad4	13754	13755	13736	13735	
3225	Quad4	13773	13774	13755	13754	
3226	Quad4	13792	13793	13774	13773	
3227	Quad4	13811	13812	13793	13792	
3228	Quad4	13830	13831	13812	13811	
3229	Quad4	13849	13850	13831	13830	
3230	Quad4	13868	13869	13850	13849	
3231	Quad4	13887	13888	13869	13868	
3232	Quad4	13906	13907	13888	13887	
3233	Quad4	13925	13926	13907	13906	
3234	Quad4	13944	13945	13926	13925	
3235	Quad4	13963	13964	13945	13944	
3236	Quad4	13982	13983	13964	13963	
3237	Quad4	14001	14002	13983	13982	
3238	Quad4	14020	14021	14002	14001	
3239	Quad4	14039	14040	14021	14020	
3240	Quad4	12870	12871	14040	14039	
3241	Quad4	13508	13509	13490	13489	
3242	Quad4	13527	13528	13509	13508	
3243	Quad4	13546	13547	13528	13527	
3244	Quad4	13565	13566	13547	13546	
3245	Quad4	13584	13585	13566	13565	
3246	Quad4	13603	13604	13585	13584	
3247	Quad4	13622	13623	13604	13603	
3248	Quad4	13641	13642	13623	13622	
3249	Quad4	13660	13661	13642	13641	
3250	Quad4	13679	13680	13661	13660	
3251	Quad4	13698	13699	13680	13679	
3252	Quad4	13717	13718	13699	13698	
3253	Quad4	13736	13737	13718	13717	
3254	Quad4	13755	13756	13737	13736	
3255	Quad4	13774	13775	13756	13755	
3256	Quad4	13793	13794	13775	13774	
3257	Quad4	13812	13813	13794	13793	
3258	Quad4	13831	13832	13813	13812	
3259	Quad4	13850	13851	13832	13831	
3260	Quad4	13869	13870	13851	13850	
3261	Quad4	13888	13889	13870	13869	
3262	Quad4	13907	13908	13889	13888	
3263	Quad4	13926	13927	13908	13907	
3264	Quad4	13945	13946	13927	13926	
3265	Quad4	13964	13965	13946	13945	
3266	Quad4	13983	13984	13965	13964	
3267	Quad4	14002	14003	13984	13983	
3268	Quad4	14021	14022	14003	14002	
3269	Quad4	14040	14041	14022	14021	
3270	Quad4	12871	12872	14041	14040	
3271	Quad4	13509	2714	5	13490	
3272	Quad4	13528	2713	2714	13509	
3273	Quad4	13547	2712	2713	13528	
3274	Quad4	13566	2711	2712	13547	
3275	Quad4	13585	2710	2711	13566	
3276	Quad4	13604	2709	2710	13585	
3277	Quad4	13623	2708	2709	13604	
3278	Quad4	13642	2707	2708	13623	
3279	Quad4	13661	2706	2707	13642	
3280	Quad4	13680	2705	2706	13661	
3281	Quad4	13699	2704	2705	13680	
3282	Quad4	13718	2703	2704	13699	
3283	Quad4	13737	2702	2703	13718	
3284	Quad4	13756	2701	2702	13737	
3285	Quad4	13775	2700	2701	13756	
3286	Quad4	13794	2699	2700	13775	
3287	Quad4	13813	2698	2699	13794	
3288	Quad4	13832	2697	2698	13813	
3289	Quad4	13851	2696	2697	13832	
3290	Quad4	13870	2695	2696	13851	
3291	Quad4	13889	2694	2695	13870	
3292	Quad4	13908	2693	2694	13889	
3293	Quad4	13927	2692	2693	13908	
3294	Quad4	13946	2691	2692	13927	
3295	Quad4	13965	2690	2691	13946	
3296	Quad4	13984	2689	2690	13965	
3297	Quad4	14003	2688	2689	13984	
3298	Quad4	14022	2687	2688	14003	
3299	Quad4	14041	2686	2687	14022	
3300	Quad4	12872	6	2686	14041	
3301	Quad4	12853	10455	12854	8	
3302	Quad4	12852	10474	10455	12853	
3303	Quad4	12851	10493	10474	12852	
3304	Quad4	12850	10512	10493	12851	
3305	Quad4	12849	10531	10512	12850	
3306	Quad4	12848	10550	10531	12849	
3307	Quad4	12847	10569	10550	12848	
3308	Quad4	12846	10588	10569	12847	
3309	Quad4	12845	10607	10588	12846	
3310	Quad4	12844	10626	10607	12845	
3311	Quad4	12843	10645	10626	12844	
3312	Quad4	12842	10664	10645	12843	
3313	Quad4	12841	10683	10664	12842	
3314	Quad4	12840	10702	10683	12841	
3315	Quad4	12839	10721	10702	12840	
3316	Quad4	12838	10740	10721	12839	
3317	Quad4	12837	10759	10740	12838	
3318	Quad4	12836	10778	10759	12837	
3319	Quad4	12835	10797	10778	12836	
3320	Quad4	12834	10816	10797	12835	
3321	Quad4	12833	10835	10816	12834	
3322	Quad4	12832	10854	10835	12833	
3323	Quad4	12831	10873	10854	12832	
3324	Quad4	12830	10892	10873	12831	
3325	Quad4	12829	10911	10892	12830	
3326	Quad4	12828	10930	10911	12829	
3327	Quad4	12827	10949	10930	12828	
3328	Quad4	12826	10968	10949	12827	
3329	Quad4	12825	10987	10968	12826	
3330	Quad4	12824	11006	10987	12825	
3331	Quad4	12823	11025	11006	12824	
3332	Quad4	12822	11044	11025	12823	
3333	Quad4	12821	11063	11044	12822	
3334	Quad4	12820	11082	11063	12821	
3335	Quad4	12819	11101	11082	12820	
3336	Quad4	12818	11120	11101	12819	
3337	Quad4	12817	11139	11120	12818	
3338	Quad4	12816	11158	11139	12817	
3339	Quad4	12815	11177	11158	12816	
3340	Quad4	12814	11196	11177	12815	
3341	Quad4	12813	11215	11196	12814	
3342	Quad4	12812	11234	11215	12813	
3343	Quad4	12811	11253	11234	12812	
3344	Quad4	12810	11272	11253	12811	
3345	Quad4	12809	11291	11272	12810	
3346	Quad4	12808	11310	11291	12809	
3347	Quad4	12807	11329	11310	12808	
3348	Quad4	12806	11348	11329	12807	
3349	Quad4	12805	11367	11348	12806	
3350	Quad4	12804	11386	11367	12805	
3351	Quad4	12803	11405	11386	12804	
3352	Quad4	12802	11424	11405	12803	
3353	Quad4	12801	11443	11424	12802	
3354	Quad4	12800	11462	11443	12801	
3355	Quad4	12799	11481	11462	12800	
3356	Quad4	12798	11500	11481	12799	
3357	Quad4	12797	11519	11500	12798	
3358	Quad4	12796	11538	11519	12797	
3359	Quad4	12795	11557	11538	12796	
3360	Quad4	12794	11576	11557	12795	
3361	Quad4	12793	11595	11576	12794	
3362	Quad4	12792	11614	11595	12793	
3363	Quad4	12791	11633	11614	12792	
3364	Quad4	12790	11652	11633	12791	
3365	Quad4	12789	11671	11652	12790	
3366	Quad4	12788	11690	11671	12789	
3367	Quad4	12787	11709	11690	12788	
3368	Quad4	12786	11728	11709	12787	
3369	Quad4	12785	11747	11728	12786	
3370	Quad4	12784	11766	11747	12785	
3371	Quad4	12783	11785	11766	12784	
3372	Quad4	12782	11804	11785	12783	
3373	Quad4	12781	11823	11804	12782	
3374	Quad4	12780	11842	11823	12781	
3375	Quad4	12779	11861	11842	12780	
3376	Quad4	12778	11880	11861	12779	
3377	Quad4	12777	11899	11880	12778	
3378	Quad4	12776	11918	11899	12777	
3379	Quad4	12775	11937	11918	12776	
3380	Quad4	12774	11956	11937	12775	
3381	Quad4	12773	11975	11956	12774	
3382	Quad4	12772	11994	11975	12773	
3383	Quad4	12771	12013	11994	12772	
3384	Quad4	12770	12032	12013	12771	
3385	Quad4	12769	12051	12032	12770	
3386	Quad4	12768	12070	12051	12769	
3387	Quad4	12767	12089	12070	12768	
3388	Quad4	12766	12108	12089	12767	
3389	Quad4	12765	12127	12108	12766	
3390	Quad4	12764	12146	12127	12765	
3391	Quad4	12763	12165	12146	12764	
3392	Quad4	12762	12184	12165	12763	
3393	Quad4	12761	12203	12184	12762	
3394	Quad4	12760	12222	12203	12761	
3395	Quad4	12759	12241	12222	12760	
3396	Quad4	12758	12260	12241	12759	
3397	Quad4	12757	12279	12260	12758	
3398	Quad4	12756	12298	12279	12757	
3399	Quad4	12755	12317	12298	12756	
3400	Quad4	12754	12336	12317	12755	
3401	Quad4	12753	12355	12336	12754	
3402	Quad4	12752	12374	12355	12753	
3403	Quad4	12751	12393	12374	12752	
3404	Quad4	12750	12412	12393	12751	
3405	Quad4	12749	12431	12412	12750	
3406	Quad4	12748	12450	12431	12749	
3407	Quad4	12747	12469	12450	12748	
3408	Quad4	12746	12488	12469	12747	
3409	Quad4	12745	12507	12488	12746	
3410	Quad4	12744	12526	12507	12745	
3411	Quad4	12743	12545	12526	12744	
3412	Quad4	12742	12564	12545	12743	
3413	Quad4	12741	12583	12564	12742	
3414	Quad4	12740	12602	12583	12741	
3415	Quad4	12739	12621	12602	12740	
3416	Quad4	12738	12640	12621	12739	
3417	Quad4	12737	12659	12640	12738	
3418	Quad4	12736	12678	12659	12737	
3419	Quad4	12735	12697	12678	12736	
3420	Quad4	12	12734	12697	12735	
3421	Quad4	10455	10456	12855	12854	
3422	Quad4	10474	10475	10456	10455	
3423	Quad4	10493	10494	10475	10474	
3424	Quad4	10512	10513	10494	10493	
3425	Quad4	10531	10532	10513	10512	
3426	Quad4	10550	10551	10532	10531	
3427	Quad4	10569	10570	10551	10550	
3428	Quad4	10588	10589	10570	10569	
3429	Quad4	10607	10608	10589	10588	
3430	Quad4	10626	10627	10608	10607	
3431	Quad4	10645	10646	10627	10626	
3432	Quad4	10664	10665	10646	10645	
3433	Quad4	10683	10684	10665	10664	
3434	Quad4	10702	10703	10684	10683	
3435	Quad4	10721	10722	10703	10702	
3436	Quad4	10740	10741	10722	10721	
3437	Quad4	10759	10760	10741	10740	
3438	Quad4	10778	10779	10760	10759	
3439	Quad4	10797	10798	10779	10778	
3440	Quad4	10816	10817	10798	10797	
3441	Quad4	10835	10836	10817	10816	
3442	Quad4	10854	10855	10836	10835	
3443	Quad4	10873	10874	10855	10854	
3444	Quad4	10892	10893	10874	10873	
3445	Quad4	10911	10912	10893	10892	
3446	Quad4	10930	10931	10912	10911	
3447	Quad4	10949	10950	10931	10930	
3448	Quad4	10968	10969	10950	10949	
3449	Quad4	10987	10988	10969	10968	
3450	Quad4	11006	11007	10988	10987	
3451	Quad4	11025	11026	11007	11006	
3452	Quad4	11044	11045	11026	11025	
3453	Quad4	11063	11064	11045	11044	
3454	Quad4	11082	11083	11064	11063	
3455	Quad4	11101	11102	11083	11082	
3456	Quad4	11120	11121	11102	11101	
3457	Quad4	11139	11140	11121	11120	
3458	Quad4	11158	11159	11140	11139	
3459	Quad4	11177	11178	11159	11158	
3460	Quad4	11196	11197	11178	11177	
3461	Quad4	11215	11216	11197	11196	
3462	Quad4	11234	11235	11216	11215	
3463	Quad4	11253	11254	11235	11234	
3464	Quad4	11272	11273	11254	11253	
3465	Quad4	11291	11292	11273	11272	
3466	Quad4	11310	11311	11292	11291	
3467	Quad4	11329	11330	11311	11310	
3468	Quad4	11348	11349	11330	11329	
3469	Quad4	11367	11368	11349	11348	
3470	Quad4	11386	11387	11368	11367	
3471	Quad4	11405	11406	11387	11386	
3472	Quad4	11424	11425	11406	11405	
3473	Quad4	11443	11444	11425	11424	
3474	Quad4	11462	11463	11444	11443	
3475	Quad4	11481	11482	11463	11462	
3476	Quad4	11500	11501	11482	11481	
3477	Quad4	11519	11520	11501	11500	
3478	Quad4	11538	11539	11520	11519	
3479	Quad4	11557	11558	11539	11538	
3480	Quad4	11576	11577	11558	11557	
3481	Quad4	11595	11596	11577	11576	
3482	Quad4	11614	11615	11596	11595	
3483	Quad4	11633	11634	11615	11614	
3484	Quad4	11652	11653	11634	11633	
3485	Quad4	11671	11672	11653	11652	
3486	Quad4	11690	11691	11672	11671	
3487	Quad4	11709	11710	11691	11690	
3488	Quad4	11728	11729	11710	11709	
3489	Quad4	11747	11748	11729	11728	
3490	Quad4	11766	11767	11748	11747	
3491	Quad4	11785	11786	11767	11766	
3492	Quad4	11804	11805	11786	11785	
3493	Quad4	11823	11824	11805	11804	
3494	Quad4	11842	11843	11824	11823	
3495	Quad4	11861	11862	11843	11842	
3496	Quad4	11880	11881	11862	11861	
3497	Quad4	11899	11900	11881	11880	
3498	Quad4	11918	11919	11900	11899	
3499	Quad4	11937	11938	11919	11918	
3500	Quad4	11956	11957	11938	11937	
3501	Quad4	11975	11976	11957	11956	
3502	Quad4	11994	11995	11976	11975	
3503	Quad4	12013	12014	11995	11994	
3504	Quad4	12032	12033	12014	12013	
3505	Quad4	12051	12052	12033	12032	
3506	Quad4	12070	12071	12052	12051	
3507	Quad4	12089	12090	12071	12070	
3508	Quad4	12108	12109	12090	12089	
3509	Quad4	12127	12128	12109	12108	
3510	Quad4	12146	12147	12128	12127	
3511	Quad4	12165	12166	12147	12146	
3512	Quad4	12184	12185	12166	12165	
3513	Quad4	12203	12204	12185	12184	
3514	Quad4	12222	12223	12204	12203	
3515	Quad4	12241	12242	12223	12222	
3516	Quad4	12260	12261	12242	12241	
3517	Quad4	12279	12280	12261	12260	
3518	Quad4	12298	12299	12280	12279	
3519	Quad4	12317	12318	12299	12298	
3520	Quad4	12336	12337	12318	12317	
3521	Quad4	12355	12356	12337	12336	
3522	Quad4	12374	12375	12356	12355	
3523	Quad4	12393	12394	12375	12374	
3524	Quad4	12412	12413	12394	12393	
3525	Quad4	12431	12432	12413	12412	
3526	Quad4	12450	12451	12432	12431	
3527	Quad4	12469	12470	12451	12450	
3528	Quad4	12488	12489	12470	12469	
3529	Quad4	12507	12508	12489	12488	
3530	Quad4	12526	12527	12508	12507	
3531	Quad4	12545	12546	12527	12526	
3532	Quad4	12564	12565	12546	12545	
3533	Quad4	12583	12584	12565	12564	
3534	Quad4	12602	12603	12584	12583	
3535	Quad4	12621	12622	12603	12602	
3536	Quad4	12640	12641	12622	12621	
3537	Quad4	12659	12660	12641	12640	
3538	Quad4	12678	12679	12660	12659	
3539	Quad4	12697	12698	12679	12678	
3540	Quad4	12734	12733	12698	12697	
3541	Quad4	10456	10457	12856	12855	
3542	Quad4	10475	10476	10457	10456	
3543	Quad4	10494	10495	10476	10475	
3544	Quad4	10513	10514	10495	10494	
3545	Quad4	10532	10533	10514	10513	
3546	Quad4	10551	10552	10533	10532	
3547	Quad4	10570	10571	10552	10551	
3548	Quad4	10589	10590	10571	10570	
3549	Quad4	10608	10609	10590	10589	
3550	Quad4	10627	10628	10609	10608	
3551	Quad4	10646	10647	10628	10627	
3552	Quad4	10665	10666	10647	10646	
3553	Quad4	10684	10685	10666	10665	
3554	Quad4	10703	10704	10685	10684	
3555	Quad4	10722	10723	10704	10703	
3556	Quad4	10741	10742	10723	10722	
3557	Quad4	10760	10761	10742	10741	
3558	Quad4	10779	10780	10761	10760	
3559	Quad4	10798	10799	10780	10779	
3560	Quad4	10817	10818	10799	10798	
3561	Quad4	10836	10837	10818	10817	
3562	Quad4	10855	10856	10837	10836	
3563	Quad4	10874	10875	10856	10855	
3564	Quad4	10893	10894	10875	10874	
3565	Quad4	10912	10913	10894	10893	
3566	Quad4	10931	10932	10913	10912	
3567	Quad4	10950	10951	10932	10931	
3568	Quad4	10969	10970	10951	10950	
3569	Quad4	10988	10989	10970	10969	
3570	Quad4	11007	11008	10989	10988	
3571	Quad4	11026	11027	11008	11007	
3572	Quad4	11045	11046	11027	11026	
3573	Quad4	11064	11065	11046	11045	
3574	Quad4	11083	11084	11065	11064	
3575	Quad4	11102	11103	11084	11083	
3576	Quad4	11121	11122	11103	11102	
3577	Quad4	11140	11141	11122	11121	
3578	Quad4	11159	11160	11141	11140	
3579	Quad4	11178	11179	11160	11159	
3580	Quad4	11197	11198	11179	11178	
3581	Quad4	11216	11217	11198	11197	
3582	Quad4	11235	11236	11217	11216	
3583	Quad4	11254	11255	11236	11235	
3584	Quad4	11273	11274	11255	11254	
3585	Quad4	11292	11293	11274	11273	
3586	Quad4	11311	11312	11293	11292	
3587	Quad4	11330	11331	11312	11311	
3588	Quad4	11349	11350	11331	11330	
3589	Quad4	11368	11369	11350	11349	
3590	Quad4	11387	11388	11369	11368	
3591	Quad4	11406	11407	11388	11387	
3592	Quad4	11425	11426	11407	11406	
3593	Quad4	11444	11445	11426	11425	
3594	Quad4	11463	11464	11445	11444	
3595	Quad4	11482	11483	11464	11463	
3596	Quad4	11501	11502	11483	11482	
3597	Quad4	11520	11521	11502	11501	
3598	Quad4	11539	11540	11521	11520	
3599	Quad4	11558	11559	11540	11539	
3600	Quad4	11577	11578	11559	11558	
3601	Quad4	11596	11597	11578	11577	
3602	Quad4	11615	11616	11597	11596	
3603	Quad4	11634	11635	11616	11615	
3604	Quad4	11653	11654	11635	11634	
3605	Quad4	11672	11673	11654	11653	
3606	Quad4	11691	11692	11673	11672	
3607	Quad4	11710	11711	11692	11691	
3608	Quad4	11729	11730	11711	11710	
3609	Quad4	11748	11749	11730	11729	
3610	Quad4	11767	11768	11749	11748	
3611	Quad4	11786	11787	11768	11767	
3612	Quad4	11805	11806	11787	11786	
3613	Quad4	11824	11825	11806	11805	
3614	Quad4	11843	11844	11825	11824	
3615	Quad4	11862	11863	11844	11843	
3616	Quad4	11881	11882	11863	11862	
3617	Quad4	11900	11901	11882	11881	
3618	Quad4	11919	11920	11901	11900	
3619	Quad4	11938	11939	11920	11919	
3620	Quad4	11957	11958	11939	11938	
3621	Quad4	11976	11977	11958	11957	
3622	Quad4	11995	11996	11977	11976	
3623	Quad4	12014	12015	11996	11995	
3624	Quad4	12033	12034	12015	12014	
3625	Quad4	12052	12053	12034	12033	
3626	Quad4	12071	12072	12053	12052	
3627	Quad4	12090	12091	12072	12071	
3628	Quad4	12109	12110	12091	12090	
3629	Quad4	12128	12129	12110	12109	
3630	Quad4	12147	12148	12129	12128	
3631	Quad4	12166	12167	12148	12147	
3632	Quad4	12185	12186	12167	12166	
3633	Quad4	12204	12205	12186	12185	
3634	Quad4	12223	12224	12205	12204	
3635	Quad4	12242	12243	12224	12223	
3636	Quad4	12261	12262	12243	12242	
3637	Quad4	12280	12281	12262	12261	
3638	Quad4	12299	12300	12281	12280	
3639	Quad4	12318	12319	12300	12299	
3640	Quad4	12337	12338	12319	12318	
3641	Quad4	12356	12357	12338	12337	
3642	Quad4	12375	12376	12357	12356	
3643	Quad4	12394	12395	12376	12375	
3644	Quad4	12413	12414	12395	12394	
3645	Quad4	12432	12433	12414	12413	
3646	Quad4	12451	12452	12433	12432	
3647	Quad4	12470	12471	12452	12451	
3648	Quad4	12489	12490	12471	12470	
3649	Quad4	12508	12509	12490	12489	
3650	Quad4	12527	12528	12509	12508	
3651	Quad4	12546	12547	12528	12527	
3652	Quad4	12565	12566	12547	12546	
3653	Quad4	12584	12585	12566	12565	
3654	Quad4	12603	12604	12585	12584	
3655	Quad4	12622	12623	12604	12603	
3656	Quad4	12641	12642	12623	12622	
3657	Quad4	12660	12661	12642	12641	
3658	Quad4	12679	12680	12661	12660	
3659	Quad4	12698	12699	12680	12679	
3660	Quad4	12733	12732	12699	12698	
3661	Quad4	10457	10458	12857	12856	
3662	Quad4	10476	10477	10458	10457	
3663	Quad4	10495	10496	10477	10476	
3664	Quad4	10514	10515	10496	10495	
3665	Quad4	10533	10534	10515	10514	
3666	Quad4	10552	10553	10534	10533	
3667	Quad4	10571	10572	10553	10552	
3668	Quad4	10590	10591	10572	10571	
3669	Quad4	10609	10610	10591	10590	
3670	Quad4	10628	10629	10610	10609	
3671	Quad4	10647	10648	10629	10628	
3672	Quad4	10666	10667	10648	10647	
3673	Quad4	10685	10686	10667	10666	
3674	Quad4	10704	10705	10686	10685	
3675	Quad4	10723	10724	10705	10704	
3676	Quad4	10742	10743	10724	10723	
3677	Quad4	10761	10762	10743	10742	
3678	Quad4	10780	10781	10762	10761	
3679	Quad4	10799	10800	10781	10780	
3680	Quad4	10818	10819	10800	10799	
3681	Quad4	10837	10838	10819	10818	
3682	Quad4	10856	10857	10838	10837	
3683	Quad4	10875	10876	10857	10856	
3684	Quad4	10894	10895	10876	10875	
3685	Quad4	10913	10914	10895	10894	
3686	Quad4	10932	10933	10914	10913	
3687	Quad4	10951	10952	10933	10932	
3688	Quad4	10970	10971	10952	10951	
3689	Quad4	10989	10990	10971	10970	
3690	Quad4	11008	11009	10990	10989	
3691	Quad4	11027	11028	11009	11008	
3692	Quad4	11046	11047	11028	11027	
3693	Quad4	11065	11066	11047	11046	
3694	Quad4	11084	11085	11066	11065	
3695	Quad4	11103	11104	11085	11084	
3696	Quad4	11122	11123	11104	11103	
3697	Quad4	11141	11142	11123	11122	
3698	Quad4	11160	11161	11142	11141	
3699	Quad4	11179	11180	11161	11160	
3700	Quad4	11198	11199	11180	11179	
3701	Quad4	11217	11218	11199	11198	
3702	Quad4	11236	11237	11218	11217	
3703	Quad4	11255	11256	11237	11236	
3704	Quad4	11274	11275	11256	11255	
3705	Quad4	11293	11294	11275	11274	
3706	Quad4	11312	11313	11294	11293	
3707	Quad4	11331	11332	11313	11312	
3708	Quad4	11350	11351	11332	11331	
3709	Quad4	11369	11370	11351	11350	
3710	Quad4	11388	11389	11370	11369	
3711	Quad4	11407	11408	11389	11388	
3712	Quad4	11426	11427	11408	11407	
3713	Quad4	11445	11446	11427	11426	
3714	Quad4	11464	11465	11446	11445	
3715	Quad4	11483	11484	11465	11464	
3716	Quad4	11502	11503	11484	11483	
3717	Quad4	11521	11522	11503	11502	
3718	Quad4	11540	11541	11522	11521	
3719	Quad4	11559	11560	11541	11540	
3720	Quad4	11578	11579	11560	11559	
3721	Quad4	11597	11598	11579	11578	
3722	Quad4	11616	11617	11598	11597	
3723	Quad4	11635	11636	11617	11616	
3724	Quad4	11654	11655	11636	11635	
3725	Quad4	11673	11674	11655	11654	
3726	Quad4	11692	11693	11674	11673	
3727	Quad4	11711	11712	11693	11692	
3728	Quad4	11730	11731	11712	11711	
3729	Quad4	11749	11750	11731	11730	
3730	Quad4	11768	11769	11750	11749	
3731	Quad4	11787	11788	11769	11768	
3732	Quad4	11806	11807	11788	11787	
3733	Quad4	11825	11826	11807	11806	
3734	Quad4	11844	11845	11826	11825	
3735	Quad4	11863	11864	11845	11844	
3736	Quad4	11882	11883	11864	11863	
3737	Quad4	11901	11902	11883	11882	
3738	Quad4	11920	11921	11902	11901	
3739	Quad4	11939	11940	11921	11920	
3740	Quad4	11958	11959	11940	11939	
3741	Quad4	11977	11978	11959	11958	
3742	Quad4	11996	11997	11978	11977	
3743	Quad4	12015	12016	11997	11996	
3744	Quad4	12034	12035	12016	12015	
3745	Quad4	12053	12054	12035	12034	
3746	Quad4	12072	12073	12054	12053	
3747	Quad4	12091	12092	12073	12072	
3748	Quad4	12110	12111	12092	12091	
3749	Quad4	12129	12130	12111	12110	
3750	Quad4	12148	12149	12130	12129	
3751	Quad4	12167	12168	12149	12148	
3752	Quad4	12186	12187	12168	12167	
3753	Quad4	12205	12206	12187	12186	
3754	Quad4	12224	12225	12206	12205	
3755	Quad4	12243	12244	12225	12224	
3756	Quad4	12262	12263	12244	12243	
3757	Quad4	12281	12282	12263	12262	
3758	Quad4	12300	12301	12282	12281	
3759	Quad4	12319	12320	12301	12300	
3760	Quad4	12338	12339	12320	12319	
3761	Quad4	12357	12358	12339	12338	
3762	Quad4	12376	12377	12358	12357	
3763	Quad4	12395	12396	12377	12376	
3764	Quad4	12414	12415	12396	12395	
3765	Quad4	12433	12434	12415	12414	
3766	Quad4	12452	12453	12434	12433	
3767	Quad4	12471	12472	12453	12452	
3768	Quad4	12490	12491	12472	12471	
3769	Quad4	12509	12510	12491	12490	
3770	Quad4	12528	12529	12510	12509	
3771	Quad4	12547	12548	12529	12528	
3772	Quad4	12566	12567	12548	12547	
3773	Quad4	12585	12586	12567	12566	
3774	Quad4	12604	12605	12586	12585	
3775	Quad4	12623	12624	12605	12604	
3776	Quad4	12642	12643	12624	12623	
3777	Quad4	12661	12662	12643	12642	
3778	Quad4	12680	12681	12662	12661	
3779	Quad4	12699	12700	12681	12680	
3780	Quad4	12732	12731	12700	12699	
3781	Quad4	10458	10459	12858	12857	
3782	Quad4	10477	10478	10459	10458	
3783	Quad4	10496	10497	10478	10477	
3784	Quad4	10515	10516	10497	10496	
3785	Quad4	10534	10535	10516	10515	
3786	Quad4	10553	10554	10535	10534	
3787	Quad4	10572	10573	10554	10553	
3788	Quad4	10591	10592	10573	10572	
3789	Quad4	10610	10611	10592	10591	
3790	Quad4	10629	10630	10611	10610	
3791	Quad4	10648	10649	10630	10629	
3792	Quad4	10667	10668	10649	10648	
3793	Quad4	10686	10687	10668	10667	
3794	Quad4	10705	10706	10687	10686	
3795	Quad4	10724	10725	10706	10705	
3796	Quad4	10743	10744	10725	10724	
3797	Quad4	10762	10763	10744	10743	
3798	Quad4	10781	10782	10763	10762	
3799	Quad4	10800	10801	10782	10781	
3800	Quad4	10819	10820	10801	10800	
3801	Quad4	10838	10839	10820	10819	
3802	Quad4	10857	10858	10839	10838	
3803	Quad4	10876	10877	10858	10857	
3804	Quad4	10895	10896	10877	10876	
3805	Quad4	10914	10915	10896	10895	
3806	Quad4	10933	10934	10915	10914	
3807	Quad4	10952	10953	10934	10933	
3808	Quad4	10971	10972	10953	10952	
3809	Quad4	10990	10991	10972	10971	
3810	Quad4	11009	11010	10991	10990	
3811	Quad4	11028	11029	11010	11009	
3812	Quad4	11047	11048	11029	11028	
3813	Quad4	11066	11067	11048	11047	
3814	Quad4	11085	11086	11067	11066	
3815	Quad4	11104	11105	11086	11085	
3816	Quad4	11123	11124	11105	11104	
3817	Quad4	11142	11143	11124	11123	
3818	Quad4	11161	11162	11143	11142	
3819	Quad4	11180	11181	11162	11161	
3820	Quad4	11199	11200	11181	11180	
3821	Quad4	11218	11219	11200	11199	
3822	Quad4	11237	11238	11219	11218	
3823	Quad4	11256	11257	11238	11237	
3824	Quad4	11275	11276	11257	11256	
3825	Quad4	11294	11295	11276	11275	
3826	Quad4	11313	11314	11295	11294	
3827	Quad4	11332	11333	11314	11313	
3828	Quad4	11351	11352	11333	11332	
3829	Quad4	11370	11371	11352	11351	
3830	Quad4	11389	11390	11371	11370	
3831	Quad4	11408	11409	11390	11389	
3832	Quad4	11427	11428	11409	11408	
3833	Quad4	11446	11447	11428	11427	
3834	Quad4	11465	11466	11447	11446	
3835	Quad4	11484	11485	11466	11465	
3836	Quad4	11503	11504	11485	11484	
3837	Quad4	11522	11523	11504	11503	
3838	Quad4	11541	11542	11523	11522	
3839	Quad4	11560	11561	11542	11541	
3840	Quad4	11579	11580	11561	11560	
3841	Quad4	11598	11599	11580	11579	
3842	Quad4	11617	11618	11599	11598	
3843	Quad4	11636	11637	11618	11617	
3844	Quad4	11655	11656	11637	11636	
3845	Quad4	11674	11675	11656	11655	
3846	Quad4	11693	11694	11675	11674	
3847	Quad4	11712	11713	11694	11693	
3848	Quad4	11731	11732	11713	11712	
3849	Quad4	11750	11751	11732	11731	
3850	Quad4	11769	11770	11751	11750	
3851	Quad4	11788	11789	11770	11769	
3852	Quad4	11807	11808	11789	11788	
3853	Quad4	11826	11827	11808	11807	
3854	Quad4	11845	11846	11827	11826	
3855	Quad4	11864	11865	11846	11845	
3856	Quad4	11883	11884	11865	11864	
3857	Quad4	11902	11903	11884	11883	
3858	Quad4	11921	11922	11903	11902	
3859	Quad4	11940	11941	11922	11921	
3860	Quad4	11959	11960	11941	11940	
3861	Quad4	11978	11979	11960	11959	
3862	Quad4	11997	11998	11979	11978	
3863	Quad4	12016	12017	11998	11997	
3864	Quad4	12035	12036	12017	12016	
3865	Quad4	12054	12055	12036	12035	
3866	Quad4	12073	12074	12055	12054	
3867	Quad4	12092	12093	12074	12073	
3868	Quad4	12111	12112	12093	12092	
3869	Quad4	12130	12131	12112	12111	
3870	Quad4	12149	12150	12131	12130	
3871	Quad4	12168	12169	12150	12149	
3872	Quad4	12187	12188	12169	12168	
3873	Quad4	12206	12207	12188	12187	
3874	Quad4	12225	12226	12207	12206	
3875	Quad4	12244	12245	12226	12225	
3876	Quad4	12263	12264	12245	12244	
3877	Quad4	12282	12283	12264	12263	
3878	Quad4	12301	12302	12283	12282	
3879	Quad4	12320	12321	12302	12301	
3880	Quad4	12339	12340	12321	12320	
3881	Quad4	12358	12359	12340	12339	
3882	Quad4	12377	12378	12359	12358	
3883	Quad4	12396	12397	12378	12377	
3884	Quad4	12415	12416	12397	12396	
3885	Quad4	12434	12435	12416	12415	
3886	Quad4	12453	12454	12435	12434	
3887	Quad4	12472	12473	12454	12453	
3888	Quad4	12491	12492	12473	12472	
3889	Quad4	12510	12511	12492	12491	
3890	Quad4	12529	12530	12511	12510	
3891	Quad4	12548	12549	12530	12529	
3892	Quad4	12567	12568	12549	12548	
3893	Quad4	12586	12587	12568	12567	
3894	Quad4	12605	12606	12587	12586	
3895	Quad4	12624	12625	12606	12605	
3896	Quad4	12643	12644	12625	12624	
3897	Quad4	12662	12663	12644	12643	
3898	Quad4	12681	12682	12663	12662	
3899	Quad4	12700	12701	12682	12681	
3900	Quad4	12731	12730	12701	12700	
3901	Quad4	10459	10460	12859	12858	
3902	Quad4	10478	10479	10460	10459	
3903	Quad4	10497	10498	10479	10478	
3904	Quad4	10516	10517	10498	10497	
3905	Quad4	10535	10536	10517	10516	
3906	Quad4	10554	10555	10536	10535	
3907	Quad4	10573	10574	10555	10554	
3908	Quad4	10592	10593	10574	10573	
3909	Quad4	10611	10612	10593	10592	
3910	Quad4	10630	10631	10612	10611	
3911	Quad4	10649	10650	10631	10630	
3912	Quad4	10668	10669	10650	10649	
3913	Quad4	10687	10688	10669	10668	
3914	Quad4	10706	10707	10688	10687	
3915	Quad4	10725	10726	10707	10706	
3916	Quad4	10744	10745	10726	10725	
3917	Quad4	10763	10764	10745	10744	
3918	Quad4	10782	10783	10764	10763	
3919	Quad4	10801	10802	10783	10782	
3920	Quad4	10820	10821	10802	10801	
3921	Quad4	10839	10840	10821	10820	
3922	Quad4	10858	10859	10840	10839	
3923	Quad4	10877	10878	10859	10858	
3924	Quad4	10896	10897	10878	10877	
3925	Quad4	10915	10916	10897	10896	
3926	Quad4	10934	10935	10916	10915	
3927	Quad4	10953	10954	10935	10934	
3928	Quad4	10972	10973	10954	10953	
3929	Quad4	10991	10992	10973	10972	
3930	Quad4	11010	11011	10992	10991	
3931	Quad4	11029	11030	11011	11010	
3932	Quad4	11048	11049	11030	11029	
3933	Quad4	11067	11068	11049	11048	
3934	Quad4	11086	11087	11068	11067	
3935	Quad4	11105	11106	11087	11086	
3936	Quad4	11124	11125	11106	11105	
3937	Quad4	11143	11144	11125	11124	
3938	Quad4	11162	11163	11144	11143	
3939	Quad4	11181	11182	11163	11162	
3940	Quad4	11200	11201	11182	11181	
3941	Quad4	11219	11220	11201	11200	
3942	Quad4	11238	11239	11220	11219	
3943	Quad4	11257	11258	11239	11238	
3944	Quad4	11276	11277	11258	11257	
3945	Quad4	11295	11296	11277	11276	
3946	Quad4	11314	11315	11296	11295	
3947	Quad4	11333	11334	11315	11314	
3948	Quad4	11352	11353	11334	11333	
3949	Quad4	11371	11372	11353	11352	
3950	Quad4	11390	11391	11372	11371	
3951	Quad4	11409	11410	11391	11390	
3952	Quad4	11428	11429	11410	11409	
3953	Quad4	11447	11448	11429	11428	
3954	Quad4	11466	11467	11448	11447	
3955	Quad4	11485	11486	11467	11466	
3956	Quad4	11504	11505	11486	11485	
3957	Quad4	11523	11524	11505	11504	
3958	Quad4	11542	11543	11524	11523	
3959	Quad4	11561	11562	11543	11542	
3960	Quad4	11580	11581	11562	11561	
3961	Quad4	11599	11600	11581	11580	
3962	Quad4	11618	11619	11600	11599	
3963	Quad4	11637	11638	11619	11618	
3964	Quad4	11656	11657	11638	11637	
3965	Quad4	11675	11676	11657	11656	
3966	Quad4	11694	11695	11676	11675	
3967	Quad4	11713	11714	11695	11694	
3968	Quad4	11732	11733	11714	11713	
3969	Quad4	11751	11752	11733	11732	
3970	Quad4	11770	11771	11752	11751	
3971	Quad4	11789	11790	11771	11770	
3972	Quad4	11808	11809	11790	11789	
3973	Quad4	11827	11828	11809	11808	
3974	Quad4	11846	11847	11828	11827	
3975	Quad4	11865	11866	11847	11846	
3976	Quad4	11884	11885	11866	11865	
3977	Quad4	11903	11904	11885	11884	
3978	Quad4	11922	11923	11904	11903	
3979	Quad4	11941	11942	11923	11922	
3980	Quad4	11960	11961	11942	11941	
3981	Quad4	11979	11980	11961	11960	
3982	Quad4	11998	11999	11980	11979	
3983	Quad4	12017	12018	11999	11998	
3984	Quad4	12036	12037	12018	12017	
3985	Quad4	12055	12056	12037	12036	
3986	Quad4	12074	12075	12056	12055	
3987	Quad4	12093	12094	12075	12074	
3988	Quad4	12112	12113	12094	12093	
3989	Quad4	12131	12132	12113	12112	
3990	Quad4	12150	12151	12132	12131	
3991	Quad4	12169	12170	12151	12150	
3992	Quad4	12188	12189	12170	12169	
3993	Quad4	12207	12208	12189	12188	
3994	Quad4	12226	12227	12208	12207	
3995	Quad4	12245	12246	12227	12226	
3996	Quad4	12264	12265	12246	12245	
3997	Quad4	12283	12284	12265	12264	
3998	Quad4	12302	12303	12284	12283	
3999	Quad4	12321	12322	12303	12302	
4000	Quad4	12340	12341	12322	12321	
4001	Quad4	12359	12360	12341	12340	
4002	Quad4	12378	12379	12360	12359	
4003	Quad4	12397	12398	12379	12378	
4004	Quad4	12416	12417	12398	12397	
4005	Quad4	12435	12436	12417	12416	
4006	Quad4	12454	12455	12436	12435	
4007	Quad4	12473	12474	12455	12454	
4008	Quad4	12492	12493	12474	12473	
4009	Quad4	12511	12512	12493	12492	
4010	Quad4	12530	12531	12512	12511	
4011	Quad4	12549	12550	12531	12530	
4012	Quad4	12568	12569	12550	12549	
4013	Quad4	12587	12588	12569	12568	
4014	Quad4	12606	12607	12588	12587	
4015	Quad4	12625	12626	12607	12606	
4016	Quad4	12644	12645	12626	12625	
4017	Quad4	12663	12664	12645	12644	
4018	Quad4	12682	12683	12664	12663	
4019	Quad4	12701	12702	12683	12682	
4020	Quad4	12730	12729	12702	12701	
4021	Quad4	10460	10461	12860	12859	
4022	Quad4	10479	10480	10461	10460	
4023	Quad4	10498	10499	10480	10479	
4024	Quad4	10517	10518	10499	10498	
4025	Quad4	10536	10537	10518	10517	
4026	Quad4	10555	10556	10537	10536	
4027	Quad4	10574	10575	10556	10555	
4028	Quad4	10593	10594	10575	10574	
4029	Quad4	10612	10613	10594	10593	
4030	Quad4	10631	10632	10613	10612	
4031	Quad4	10650	10651	10632	10631	
4032	Quad4	10669	10670	10651	10650	
4033	Quad4	10688	10689	10670	10669	
4034	Quad4	10707	10708	10689	10688	
4035	Quad4	10726	10727	10708	10707	
4036	Quad4	10745	10746	10727	10726	
4037	Quad4	10764	10765	10746	10745	
4038	Quad4	10783	10784	10765	10764	
4039	Quad4	10802	10803	10784	10783	
4040	Quad4	10821	10822	10803	10802	
4041	Quad4	10840	10841	10822	10821	
4042	Quad4	10859	10860	10841	10840	
4043	Quad4	10878	10879	10860	10859	
4044	Quad4	10897	10898	10879	10878	
4045	Quad4	10916	10917	10898	10897	
4046	Quad4	10935	10936	10917	10916	
4047	Quad4	10954	10955	10936	10935	
4048	Quad4	10973	10974	10955	10954	
4049	Quad4	10992	10993	10974	10973	
4050	Quad4	11011	11012	10993	10992	
4051	Quad4	11030	11031	11012	11011	
4052	Quad4	11049	11050	11031	11030	
4053	Quad4	11068	11069	11050	11049	
4054	Quad4	11087	11088	11069	11068	
4055	Quad4	11106	11107	11088	11087	
4056	Quad4	11125	11126	11107	11106	
4057	Quad4	11144	11145	11126	11125	
4058	Quad4	11163	11164	11145	11144	
4059	Quad4	11182	11183	11164	11163	
4060	Quad4	11201	11202	11183	11182	
4061	Quad4	11220	11221	11202	11201	
4062	Quad4	11239	11240	11221	11220	
4063	Quad4	11258	11259	11240	11239	
4064	Quad4	11277	11278	11259	11258	
4065	Quad4	11296	11297	11278	11277	
4066	Quad4	11315	11316	11297	11296	
4067	Quad4	11334	11335	11316	11315	
4068	Quad4	11353	11354	11335	11334	
4069	Quad4	11372	11373	11354	11353	
4070	Quad4	11391	11392	11373	11372	
4071	Quad4	11410	11411	11392	11391	
4072	Quad4	11429	11430	11411	11410	
4073	Quad4	11448	11449	11430	11429	
4074	Quad4	11467	11468	11449	11448	
4075	Quad4	11486	11487	11468	11467	
4076	Quad4	11505	11506	11487	11486	
4077	Quad4	11524	11525	11506	11505	
4078	Quad4	11543	11544	11525	11524	
4079	Quad4	11562	11563	11544	11543	
4080	Quad4	11581	11582	11563	11562	
4081	Quad4	11600	11601	11582	11581	
4082	Quad4	11619	11620	11601	11600	
4083	Quad4	11638	11639	11620	11619	
4084	Quad4	11657	11658	11639	11638	
4085	Quad4	11676	11677	11658	11657	
4086	Quad4	11695	11696	11677	11676	
4087	Quad4	11714	11715	11696	11695	
4088	Quad4	11733	11734	11715	11714	
4089	Quad4	11752	11753	11734	11733	
4090	Quad4	11771	11772	11753	11752	
4091	Quad4	11790	11791	11772	11771	
4092	Quad4	11809	11810	11791	11790	
4093	Quad4	11828	11829	11810	11809	
4094	Quad4	11847	11848	11829	11828	
4095	Quad4	11866	11867	11848	11847	
4096	Quad4	11885	11886	11867	11866	
4097	Quad4	11904	11905	11886	11885	
4098	Quad4	11923	11924	11905	11904	
4099	Quad4	11942	11943	11924	11923	
4100	Quad4	11961	11962	11943	11942	
4101	Quad4	11980	11981	11962	11961	
4102	Quad4	11999	12000	11981	11980	
4103	Quad4	12018	12019	12000	11999	
4104	Quad4	12037	12038	12019	12018	
4105	Quad4	12056	12057	12038	12037	
4106	Quad4	12075	12076	12057	12056	
4107	Quad4	12094	12095	12076	12075	
4108	Quad4	12113	12114	12095	12094	
4109	Quad4	12132	12133	12114	12113	
4110	Quad4	12151	12152	12133	12132	
4111	Quad4	12170	12171	12152	12151	
4112	Quad4	12189	12190	12171	12170	
4113	Quad4	12208	12209	12190	12189	
4114	Quad4	12227	12228	12209	12208	
4115	Quad4	12246	12247	12228	12227	
4116	Quad4	12265	12266	12247	12246	
4117	Quad4	12284	12285	12266	12265	
4118	Quad4	12303	12304	12285	12284	
4119	Quad4	12322	12323	12304	12303	
4120	Quad4	12341	12342	12323	12322	
4121	Quad4	12360	12361	12342	12341	
4122	Quad4	12379	12380	12361	12360	
4123	Quad4	12398	12399	12380	12379	
4124	Quad4	12417	12418	12399	12398	
4125	Quad4	12436	12437	12418	12417	
4126	Quad4	12455	12456	12437	12436	
4127	Quad4	12474	12475	12456	12455	
4128	Quad4	12493	12494	12475	12474	
4129	Quad4	12512	12513	12494	12493	
4130	Quad4	12531	12532	12513	12512	
4131	Quad4	12550	12551	12532	12531	
4132	Quad4	12569	12570	12551	12550	
4133	Quad4	12588	12589	12570	12569	
4134	Quad4	12607	12608	12589	12588	
4135	Quad4	12626	12627	12608	12607	
4136	Quad4	12645	12646	12627	12626	
4137	Quad4	12664	12665	12646	12645	
4138	Quad4	12683	12684	12665	12664	
4139	Quad4	12702	12703	12684	12683	
4140	Quad4	12729	12728	12703	12702	
4141	Quad4	10461	10462	12861	12860	
4142	Quad4	10480	10481	10462	10461	
4143	Quad4	10499	10500	10481	10480	
4144	Quad4	10518	10519	10500	10499	
4145	Quad4	10537	10538	10519	10518	
4146	Quad4	10556	10557	10538	10537	
4147	Quad4	10575	10576	10557	10556	
4148	Quad4	10594	10595	10576	10575	
4149	Quad4	10613	10614	10595	10594	
4150	Quad4	10632	10633	10614	10613	
4151	Quad4	10651	10652	10633	10632	
4152	Quad4	10670	10671	10652	10651	
4153	Quad4	10689	10690	10671	10670	
4154	Quad4	10708	10709	10690	10689	
4155	Quad4	10727	10728	10709	10708	
4156	Quad4	10746	10747	10728	10727	
4157	Quad4	10765	10766	10747	10746	
4158	Quad4	10784	10785	10766	10765	
4159	Quad4	10803	10804	10785	10784	
4160	Quad4	10822	10823	10804	10803	
4161	Quad4	10841	10842	10823	10822	
4162	Quad4	10860	10861	10842	10841	
4163	Quad4	10879	10880	10861	10860	
4164	Quad4	10898	10899	10880	10879	
4165	Quad4	10917	10918	10899	10898	
4166	Quad4	10936	10937	10918	10917	
4167	Quad4	10955	10956	10937	10936	
4168	Quad4	10974	10975	10956	10955	
4169	Quad4	10993	10994	10975	10974	
4170	Quad4	11012	11013	10994	10993	
4171	Quad4	11031	11032	11013	11012	
4172	Quad4	11050	11051	11032	11031	
4173	Quad4	11069	11070	11051	11050	
4174	Quad4	11088	11089	11070	11069	
4175	Quad4	11107	11108	11089	11088	
4176	Quad4	11126	11127	11108	11107	
4177	Quad4	11145	11146	11127	11126	
4178	Quad4	11164	11165	11146	11145	
4179	Quad4	11183	11184	11165	11164	
4180	Quad4	11202	11203	11184	11183	
4181	Quad4	11221	11222	11203	11202	
4182	Quad4	11240	11241	11222	11221	
4183	Quad4	11259	11260	11241	11240	
4184	Quad4	11278	11279	11260	11259	
4185	Quad4	11297	11298	11279	11278	
4186	Quad4	11316	11317	11298	11297	
4187	Quad4	11335	11336	11317	11316	
4188	Quad4	11354	11355	11336	11335	
4189	Quad4	11373	11374	11355	11354	
4190	Quad4	11392	11393	11374	11373	
4191	Quad4	11411	11412	11393	11392	
4192	Quad4	11430	11431	11412	11411	
4193	Quad4	11449	11450	11431	11430	
4194	Quad4	11468	11469	11450	11449	
4195	Quad4	11487	11488	11469	11468	
4196	Quad4	11506	11507	11488	11487	
4197	Quad4	11525	11526	11507	11506	
4198	Quad4	11544	11545	11526	11525	
4199	Quad4	11563	11564	11545	11544	
4200	Quad4	11582	11583	11564	11563	
4201	Quad4	11601	11602	11583	11582	
4202	Quad4	11620	11621	11602	11601	
4203	Quad4	11639	11640	11621	11620	
4204	Quad4	11658	11659	11640	11639	
4205	Quad4	11677	11678	11659	11658	
4206	Quad4	11696	11697	11678	11677	
4207	Quad4	11715	11716	11697	11696	
4208	Quad4	11734	11735	11716	11715	
4209	Quad4	11753	11754	11735	11734	
4210	Quad4	11772	11773	11754	11753	
4211	Quad4	11791	11792	11773	11772	
4212	Quad4	11810	11811	11792	11791	
4213	Quad4	11829	11830	11811	11810	
4214	Quad4	11848	11849	11830	11829	
4215	Quad4	11867	11868	11849	11848	
4216	Quad4	11886	11887	11868	11867	
4217	Quad4	11905	11906	11887	11886	
4218	Quad4	11924	11925	11906	11905	
4219	Quad4	11943	11944	11925	11924	
4220	Quad4	11962	11963	11944	11943	
4221	Quad4	11981	11982	11963	11962	
4222	Quad4	12000	12001	11982	11981	
4223	Quad4	12019	12020	12001	12000	
4224	Quad4	12038	12039	12020	12019	
4225	Quad4	12057	12058	12039	12038	
4226	Quad4	12076	12077	12058	12057	
4227	Quad4	12095	12096	12077	12076	
4228	Quad4	12114	12115	12096	12095	
4229	Quad4	12133	12134	12115	12114	
4230	Quad4	12152	12153	12134	12133	
4231	Quad4	12171	12172	12153	12152	
4232	Quad4	12190	12191	12172	12171	
4233	Quad4	12209	12210	12191	12190	
4234	Quad4	12228	12229	12210	12209	
4235	Quad4	12247	12248	12229	12228	
4236	Quad4	12266	12267	12248	12247	
4237	Quad4	12285	12286	12267	12266	
4238	Quad4	12304	12305	12286	12285	
4239	Quad4	12323	12324	12305	12304	
4240	Quad4	12342	12343	12324	12323	
4241	Quad4	12361	12362	12343	12342	
4242	Quad4	12380	12381	12362	12361	
4243	Quad4	12399	12400	12381	12380	
4244	Quad4	12418	12419	12400	12399	
4245	Quad4	12437	12438	12419	12418	
4246	Quad4	12456	12457	12438	12437	
4247	Quad4	12475	12476	12457	12456	
4248	Quad4	12494	12495	12476	12475	
4249	Quad4	12513	12514	12495	12494	
4250	Quad4	12532	12533	12514	12513	
4251	Quad4	12551	12552	12533	12532	
4252	Quad4	12570	12571	12552	12551	
4253	Quad4	12589	12590	12571	12570	
4254	Quad4	12608	12609	12590	12589	
4255	Quad4	12627	12628	12609	12608	
4256	Quad4	12646	12647	12628	12627	
4257	Quad4	12665	12666	12647	12646	
4258	Quad4	12684	12685	12666	12665	
4259	Quad4	12703	12704	12685	12684	
4260	Quad4	12728	12727	12704	12703	
4261	Quad4	10462	10463	12862	12861	
4262	Quad4	10481	10482	10463	10462	
4263	Quad4	10500	10501	10482	10481	
4264	Quad4	10519	10520	10501	10500	
4265	Quad4	10538	10539	10520	10519	
4266	Quad4	10557	10558	10539	10538	
4267	Quad4	10576	10577	10558	10557	
4268	Quad4	10595	10596	10577	10576	
4269	Quad4	10614	10615	10596	10595	
4270	Quad4	10633	10634	10615	10614	
4271	Quad4	10652	10653	10634	10633	
4272	Quad4	10671	10672	10653	10652	
4273	Quad4	10690	10691	10672	10671	
4274	Quad4	10709	10710	10691	10690	
4275	Quad4	10728	10729	10710	10709	
4276	Quad4	10747	10748	10729	10728	
4277	Quad4	10766	10767	10748	10747	
4278	Quad4	10785	10786	10767	10766	
4279	Quad4	10804	10805	10786	10785	
4280	Quad4	10823	10824	10805	10804	
4281	Quad4	10842	10843	10824	10823	
4282	Quad4	10861	10862	10843	10842	
4283	Quad4	10880	10881	10862	10861	
4284	Quad4	10899	10900	10881	10880	
4285	Quad4	10918	10919	10900	10899	
4286	Quad4	10937	10938	10919	10918	
4287	Quad4	10956	10957	10938	10937	
4288	Quad4	10975	10976	10957	10956	
4289	Quad4	10994	10995	10976	10975	
4290	Quad4	11013	11014	10995	10994	
4291	Quad4	11032	11033	11014	11013	
4292	Quad4	11051	11052	11033	11032	
4293	Quad4	11070	11071	11052	11051	
4294	Quad4	11089	11090	11071	11070	
4295	Quad4	11108	11109	11090	11089	
4296	Quad4	11127	11128	11109	11108	
4297	Quad4	11146	11147	11128	11127	
4298	Quad4	11165	11166	11147	11146	
4299	Quad4	11184	11185	11166	11165	
4300	Quad4	11203	11204	11185	11184	
4301	Quad4	11222	11223	11204	11203	
4302	Quad4	11241	11242	11223	11222	
4303	Quad4	11260	11261	11242	11241	
4304	Quad4	11279	11280	11261	11260	
4305	Quad4	11298	11299	11280	11279	
4306	Quad4	11317	11318	11299	11298	
4307	Quad4	11336	11337	11318	11317	
4308	Quad4	11355	11356	11337	11336	
4309	Quad4	11374	11375	11356	11355	
4310	Quad4	11393	11394	11375	11374	
4311	Quad4	11412	11413	11394	11393	
4312	Quad4	11431	11432	11413	11412	
4313	Quad4	11450	11451	11432	11431	
4314	Quad4	11469	11470	11451	11450	
4315	Quad4	11488	11489	11470	11469	
4316	Quad4	11507	11508	11489	11488	
4317	Quad4	11526	11527	11508	11507	
4318	Quad4	11545	11546	11527	11526	
4319	Quad4	11564	11565	11546	11545	
4320	Quad4	11583	11584	11565	11564	
4321	Quad4	11602	11603	11584	11583	
4322	Quad4	11621	11622	11603	11602	
4323	Quad4	11640	11641	11622	11621	
4324	Quad4	11659	11660	11641	11640	
4325	Quad4	11678	11679	11660	11659	
4326	Quad4	11697	11698	11679	11678	
4327	Quad4	11716	11717	11698	11697	
4328	Quad4	11735	11736	11717	11716	
4329	Quad4	11754	11755	11736	11735	
4330	Quad4	11773	11774	11755	11754	
4331	Quad4	11792	11793	11774	11773	
4332	Quad4	11811	11812	11793	11792	
4333	Quad4	11830	11831	11812	11811	
4334	Quad4	11849	11850	11831	11830	
4335	Quad4	11868	11869	11850	11849	
4336	Quad4	11887	11888	11869	11868	
4337	Quad4	11906	11907	11888	11887	
4338	Quad4	11925	11926	11907	11906	
4339	Quad4	11944	11945	11926	11925	
4340	Quad4	11963	11964	11945	11944	
4341	Quad4	11982	11983	11964	11963	
4342	Quad4	12001	12002	11983	11982	
4343	Quad4	12020	12021	12002	12001	
4344	Quad4	12039	12040	12021	12020	
4345	Quad4	12058	12059	12040	12039	
4346	Quad4	12077	12078	12059	12058	
4347	Quad4	12096	12097	12078	12077	
4348	Quad4	12115	12116	12097	12096	
4349	Quad4	12134	12135	12116	12115	
4350	Quad4	12153	12154	12135	12134	
4351	Quad4	12172	12173	12154	12153	
4352	Quad4	12191	12192	12173	12172	
4353	Quad4	12210	12211	12192	12191	
4354	Quad4	12229	12230	12211	12210	
4355	Quad4	12248	12249	12230	12229	
4356	Quad4	12267	12268	12249	12248	
4357	Quad4	12286	12287	12268	12267	
4358	Quad4	12305	12306	12287	12286	
4359	Quad4	12324	12325	12306	12305	
4360	Quad4	12343	12344	12325	12324	
4361	Quad4	12362	12363	12344	12343	
4362	Quad4	12381	12382	12363	12362	
4363	Quad4	12400	12401	12382	12381	
4364	Quad4	12419	12420	12401	12400	
4365	Quad4	12438	12439	12420	12419	
4366	Quad4	12457	12458	12439	12438	
4367	Quad4	12476	12477	12458	12457	
4368	Quad4	12495	12496	12477	12476	
4369	Quad4	12514	12515	12496	12495	
4370	Quad4	12533	12534	12515	12514	
4371	Quad4	12552	12553	12534	12533	
4372	Quad4	12571	12572	12553	12552	
4373	Quad4	12590	12591	12572	12571	
4374	Quad4	12609	12610	12591	12590	
4375	Quad4	12628	12629	12610	12609	
4376	Quad4	12647	12648	12629	12628	
4377	Quad4	12666	12667	12648	12647	
4378	Quad4	12685	12686	12667	12666	
4379	Quad4	12704	12705	12686	12685	
4380	Quad4	12727	12726	12705	12704	
4381	Quad4	10463	10464	12863	12862	
4382	Quad4	10482	10483	10464	10463	
4383	Quad4	10501	10502	10483	10482	
4384	Quad4	10520	10521	10502	10501	
4385	Quad4	10539	10540	10521	10520	
4386	Quad4	10558	10559	10540	10539	
4387	Quad4	10577	10578	10559	10558	
4388	Quad4	10596	10597	10578	10577	
4389	Quad4	10615	10616	10597	10596	
4390	Quad4	10634	10635	10616	10615	
4391	Quad4	10653	10654	10635	10634	
4392	Quad4	10672	10673	10654	10653	
4393	Quad4	10691	10692	10673	10672	
4394	Quad4	10710	10711	10692	10691	
4395	Quad4	10729	10730	10711	10710	
4396	Quad4	10748	10749	10730	10729	
4397	Quad4	10767	10768	10749	10748	
4398	Quad4	10786	10787	10768	10767	
4399	Quad4	10805	10806	10787	10786	
4400	Quad4	10824	10825	10806	10805	
4401	Quad4	10843	10844	10825	10824	
4402	Quad4	10862	10863	10844	10843	
4403	Quad4	10881	10882	10863	10862	
4404	Quad4	10900	10901	10882	10881	
4405	Quad4	10919	10920	10901	10900	
4406	Quad4	10938	10939	10920	10919	
4407	Quad4	10957	10958	10939	10938	
4408	Quad4	10976	10977	10958	10957	
4409	Quad4	10995	10996	10977	10976	
4410	Quad4	11014	11015	10996	10995	
4411	Quad4	11033	11034	11015	11014	
4412	Quad4	11052	11053	11034	11033	
4413	Quad4	11071	11072	11053	11052	
4414	Quad4	11090	11091	11072	11071	
4415	Quad4	11109	11110	11091	11090	
4416	Quad4	11128	11129	11110	11109	
4417	Quad4	11147	11148	11129	11128	
4418	Quad4	11166	11167	11148	11147	
4419	Quad4	11185	11186	11167	11166	
4420	Quad4	11204	11205	11186	11185	
4421	Quad4	11223	11224	11205	11204	
4422	Quad4	11242	11243	11224	11223	
4423	Quad4	11261	11262	11243	11242	
4424	Quad4	11280	11281	11262	11261	
4425	Quad4	11299	11300	11281	11280	
4426	Quad4	11318	11319	11300	11299	
4427	Quad4	11337	11338	11319	11318	
4428	Quad4	11356	11357	11338	11337	
4429	Quad4	11375	11376	11357	11356	
4430	Quad4	11394	11395	11376	11375	
4431	Quad4	11413	11414	11395	11394	
4432	Quad4	11432	11433	11414	11413	
4433	Quad4	11451	11452	11433	11432	
4434	Quad4	11470	11471	11452	11451	
4435	Quad4	11489	11490	11471	11470	
4436	Quad4	11508	11509	11490	11489	
4437	Quad4	11527	11528	11509	11508	
4438	Quad4	11546	11547	11528	11527	
4439	Quad4	11565	11566	11547	11546	
4440	Quad4	11584	11585	11566	11565	
4441	Quad4	11603	11604	11585	11584	
4442	Quad4	11622	11623	11604	11603	
4443	Quad4	11641	11642	11623	11622	
4444	Quad4	11660	11661	11642	11641	
4445	Quad4	11679	11680	11661	11660	
4446	Quad4	11698	11699	11680	11679	
4447	Quad4	11717	11718	11699	11698	
4448	Quad4	11736	11737	11718	11717	
4449	Quad4	11755	11756	11737	11736	
4450	Quad4	11774	11775	11756	11755	
4451	Quad4	11793	11794	11775	11774	
4452	Quad4	11812	11813	11794	11793	
4453	Quad4	11831	11832	11813	11812	
4454	Quad4	11850	11851	11832	11831	
4455	Quad4	11869	11870	11851	11850	
4456	Quad4	11888	11889	11870	11869	
4457	Quad4	11907	11908	11889	11888	
4458	Quad4	11926	11927	11908	11907	
4459	Quad4	11945	11946	11927	11926	
4460	Quad4	11964	11965	11946	11945	
4461	Quad4	11983	11984	11965	11964	
4462	Quad4	12002	12003	11984	11983	
4463	Quad4	12021	12022	12003	12002	
4464	Quad4	12040	12041	12022	12021	
4465	Quad4	12059	12060	12041	12040	
4466	Quad4	12078	12079	12060	12059	
4467	Quad4	12097	12098	12079	12078	
4468	Quad4	12116	12117	12098	12097	
4469	Quad4	12135	12136	12117	12116	
4470	Quad4	12154	12155	12136	12135	
4471	Quad4	12173	12174	12155	12154	
4472	Quad4	12192	12193	12174	12173	
4473	Quad4	12211	12212	12193	12192	
4474	Quad4	12230	12231	12212	12211	
4475	Quad4	12249	12250	12231	12230	
4476	Quad4	12268	12269	12250	12249	
4477	Quad4	12287	12288	12269	12268	
4478	Quad4	12306	12307	12288	12287	
4479	Quad4	12325	12326	12307	12306	
4480	Quad4	12344	12345	12326	12325	
4481	Quad4	12363	12364	12345	12344	
4482	Quad4	12382	12383	12364	12363	
4483	Quad4	12401	12402	12383	12382	
4484	Quad4	12420	12421	12402	12401	
4485	Quad4	12439	12440	12421	12420	
4486	Quad4	12458	12459	12440	12439	
4487	Quad4	12477	12478	12459	12458	
4488	Quad4	12496	12497	12478	12477	
4489	Quad4	12515	12516	12497	12496	
4490	Quad4	12534	12535	12516	12515	
4491	Quad4	12553	12554	12535	12534	
4492	Quad4	12572	12573	12554	12553	
4493	Quad4	12591	12592	12573	12572	
4494	Quad4	12610	12611	12592	12591	
4495	Quad4	12629	12630	12611	12610	
4496	Quad4	12648	12649	12630	12629	
4497	Quad4	12667	12668	12649	12648	
4498	Quad4	12686	12687	12668	12667	
4499	Quad4	12705	12706	12687	12686	
4500	Quad4	12726	12725	12706	12705	
4501	Quad4	10464	10465	12864	12863	
4502	Quad4	10483	10484	10465	10464	
4503	Quad4	10502	10503	10484	10483	
4504	Quad4	10521	10522	10503	10502	
4505	Quad4	10540	10541	10522	10521	
4506	Quad4	10559	10560	10541	10540	
4507	Quad4	10578	10579	10560	10559	
4508	Quad4	10597	10598	10579	10578	
4509	Quad4	10616	10617	10598	10597	
4510	Quad4	10635	10636	10617	10616	
4511	Quad4	10654	10655	10636	10635	
4512	Quad4	10673	10674	10655	10654	
4513	Quad4	10692	10693	10674	10673	
4514	Quad4	10711	10712	10693	10692	
4515	Quad4	10730	10731	10712	10711	
4516	Quad4	10749	10750	10731	10730	
4517	Quad4	10768	10769	10750	10749	
4518	Quad4	10787	10788	10769	10768	
4519	Quad4	10806	10807	10788	10787	
4520	Quad4	10825	10826	10807	10806	
4521	Quad4	10844	10845	10826	10825	
4522	Quad4	10863	10864	10845	10844	
4523	Quad4	10882	10883	10864	10863	
4524	Quad4	10901	10902	10883	10882	
4525	Quad4	10920	10921	10902	10901	
4526	Quad4	10939	10940	10921	10920	
4527	Quad4	10958	10959	10940	10939	
4528	Quad4	10977	10978	10959	10958	
4529	Quad4	10996	10997	10978	10977	
4530	Quad4	11015	11016	10997	10996	
4531	Quad4	11034	11035	11016	11015	
4532	Quad4	11053	11054	11035	11034	
4533	Quad4	11072	11073	11054	11053	
4534	Quad4	11091	11092	11073	11072	
4535	Quad4	11110	11111	11092	11091	
4536	Quad4	11129	11130	11111	11110	
4537	Quad4	11148	11149	11130	11129	
4538	Quad4	11167	11168	11149	11148	
4539	Quad4	11186	11187	11168	11167	
4540	Quad4	11205	11206	11187	11186	
4541	Quad4	11224	11225	11206	11205	
4542	Quad4	11243	11244	11225	11224	
4543	Quad4	11262	11263	11244	11243	
4544	Quad4	11281	11282	11263	11262	
4545	Quad4	11300	11301	11282	11281	
4546	Quad4	11319	11320	11301	11300	
4547	Quad4	11338	11339	11320	11319	
4548	Quad4	11357	11358	11339	11338	
4549	Quad4	11376	11377	11358	11357	
4550	Quad4	11395	11396	11377	11376	
4551	Quad4	11414	11415	11396	11395	
4552	Quad4	11433	11434	11415	11414	
4553	Quad4	11452	11453	11434	11433	
4554	Quad4	11471	11472	11453	11452	
4555	Quad4	11490	11491	11472	11471	
4556	Quad4	11509	11510	11491	11490	
4557	Quad4	11528	11529	11510	11509	
4558	Quad4	11547	11548	11529	11528	
4559	Quad4	11566	11567	11548	11547	
4560	Quad4	11585	11586	11567	11566	
4561	Quad4	11604	11605	11586	11585	
4562	Quad4	11623	11624	11605	11604	
4563	Quad4	11642	11643	11624	11623	
4564	Quad4	11661	11662	11643	11642	
4565	Quad4	11680	11681	11662	11661	
4566	Quad4	11699	11700	11681	11680	
4567	Quad4	11718	11719	11700	11699	
4568	Quad4	11737	11738	11719	11718	
4569	Quad4	11756	11757	11738	11737	
4570	Quad4	11775	11776	11757	11756	
4571	Quad4	11794	11795	11776	11775	
4572	Quad4	11813	11814	11795	11794	
4573	Quad4	11832	11833	11814	11813	
4574	Quad4	11851	11852	11833	11832	
4575	Quad4	11870	11871	11852	11851	
4576	Quad4	11889	11890	11871	11870	
4577	Quad4	11908	11909	11890	11889	
4578	Quad4	11927	11928	11909	11908	
4579	Quad4	11946	11947	11928	11927	
4580	Quad4	11965	11966	11947	11946	
4581	Quad4	11984	11985	11966	11965	
4582	Quad4	12003	12004	11985	11984	
4583	Quad4	12022	12023	12004	12003	
4584	Quad4	12041	12042	12023	12022	
4585	Quad4	12060	12061	12042	12041	
4586	Quad4	12079	12080	12061	12060	
4587	Quad4	12098	12099	12080	12079	
4588	Quad4	12117	12118	12099	12098	
4589	Quad4	12136	12137	12118	12117	
4590	Quad4	12155	12156	12137	12136	
4591	Quad4	12174	12175	12156	12155	
4592	Quad4	12193	12194	12175	12174	
4593	Quad4	12212	12213	12194	12193	
4594	Quad4	12231	12232	12213	12212	
4595	Quad4	12250	12251	12232	12231	
4596	Quad4	12269	12270	12251	12250	
4597	Quad4	12288	12289	12270	12269	
4598	Quad4	12307	12308	12289	12288	
4599	Quad4	12326	12327	12308	12307	
4600	Quad4	12345	12346	12327	12326	
4601	Quad4	12364	12365	12346	12345	
4602	Quad4	12383	12384	12365	12364	
4603	Quad4	12402	12403	12384	12383	
4604	Quad4	12421	12422	12403	12402	
4605	Quad4	12440	12441	12422	12421	
4606	Quad4	12459	12460	12441	12440	
4607	Quad4	12478	12479	12460	12459	
4608	Quad4	12497	12498	12479	12478	
4609	Quad4	12516	12517	12498	12497	
4610	Quad4	12535	12536	12517	12516	
4611	Quad4	12554	12555	12536	12535	
4612	Quad4	12573	12574	12555	12554	
4613	Quad4	12592	12593	12574	12573	
4614	Quad4	12611	12612	12593	12592	
4615	Quad4	12630	12631	12612	12611	
4616	Quad4	12649	12650	12631	12630	
4617	Quad4	12668	12669	12650	12649	
4618	Quad4	12687	12688	12669	12668	
4619	Quad4	12706	12707	12688	12687	
4620	Quad4	12725	12724	12707	12706	
4621	Quad4	10465	10466	12865	12864	
4622	Quad4	10484	10485	10466	10465	
4623	Quad4	10503	10504	10485	10484	
4624	Quad4	10522	10523	10504	10503	
4625	Quad4	10541	10542	10523	10522	
4626	Quad4	10560	10561	10542	10541	
4627	Quad4	10579	10580	10561	10560	
4628	Quad4	10598	10599	10580	10579	
4629	Quad4	10617	10618	10599	10598	
4630	Quad4	10636	10637	10618	10617	
4631	Quad4	10655	10656	10637	10636	
4632	Quad4	10674	10675	10656	10655	
4633	Quad4	10693	10694	10675	10674	
4634	Quad4	10712	10713	10694	10693	
4635	Quad4	10731	10732	10713	10712	
4636	Quad4	10750	10751	10732	10731	
4637	Quad4	10769	10770	10751	10750	
4638	Quad4	10788	10789	10770	10769	
4639	Quad4	10807	10808	10789	10788	
4640	Quad4	10826	10827	10808	10807	
4641	Quad4	10845	10846	10827	10826	
4642	Quad4	10864	10865	10846	10845	
4643	Quad4	10883	10884	10865	10864	
4644	Quad4	10902	10903	10884	10883	
4645	Quad4	10921	10922	10903	10902	
4646	Quad4	10940	10941	10922	10921	
4647	Quad4	10959	10960	10941	10940	
4648	Quad4	10978	10979	10960	10959	
4649	Quad4	10997	10998	10979	10978	
4650	Quad4	11016	11017	10998	10997	
4651	Quad4	11035	11036	11017	11016	
4652	Quad4	11054	11055	11036	11035	
4653	Quad4	11073	11074	11055	11054	
4654	Quad4	11092	11093	11074	11073	
4655	Quad4	11111	11112	11093	11092	
4656	Quad4	11130	11131	11112	11111	
4657	Quad4	11149	11150	11131	11130	
4658	Quad4	11168	11169	11150	11149	
4659	Quad4	11187	11188	11169	11168	
4660	Quad4	11206	11207	11188	11187	
4661	Quad4	11225	11226	11207	11206	
4662	Quad4	11244	11245	11226	11225	
4663	Quad4	11263	11264	11245	11244	
4664	Quad4	11282	11283	11264	11263	
4665	Quad4	11301	11302	11283	11282	
4666	Quad4	11320	11321	11302	11301	
4667	Quad4	11339	11340	11321	11320	
4668	Quad4	11358	11359	11340	11339	
4669	Quad4	11377	11378	11359	11358	
4670	Quad4	11396	11397	11378	11377	
4671	Quad4	11415	11416	11397	11396	
4672	Quad4	11434	11435	11416	11415	
4673	Quad4	11453	11454	11435	11434	
4674	Quad4	11472	11473	11454	11453	
4675	Quad4	11491	11492	11473	11472	
4676	Quad4	11510	11511	11492	11491	
4677	Quad4	11529	11530	11511	11510	
4678	Quad4	11548	11549	11530	11529	
4679	Quad4	11567	11568	11549	11548	
4680	Quad4	11586	11587	11568	11567	
4681	Quad4	11605	11606	11587	11586	
4682	Quad4	11624	11625	11606	11605	
4683	Quad4	11643	11644	11625	11624	
4684	Quad4	11662	11663	11644	11643	
4685	Quad4	11681	11682	11663	11662	
4686	Quad4	11700	11701	11682	11681	
4687	Quad4	11719	11720	11701	11700	
4688	Quad4	11738	11739	11720	11719	
4689	Quad4	11757	11758	11739	11738	
4690	Quad4	11776	11777	11758	11757	
4691	Quad4	11795	11796	11777	11776	
4692	Quad4	11814	11815	11796	11795	
4693	Quad4	11833	11834	11815	11814	
4694	Quad4	11852	11853	11834	11833	
4695	Quad4	11871	11872	11853	11852	
4696	Quad4	11890	11891	11872	11871	
4697	Quad4	11909	11910	11891	11890	
4698	Quad4	11928	11929	11910	11909	
4699	Quad4	11947	11948	11929	11928	
4700	Quad4	11966	11967	11948	11947	
4701	Quad4	11985	11986	11967	11966	
4702	Quad4	12004	12005	11986	11985	
4703	Quad4	12023	12024	12005	12004	
4704	Quad4	12042	12043	12024	12023	
4705	Quad4	12061	12062	12043	12042	
4706	Quad4	12080	12081	12062	12061	
4707	Quad4	12099	12100	12081	12080	
4708	Quad4	12118	12119	12100	12099	
4709	Quad4	12137	12138	12119	12118	
4710	Quad4	12156	12157	12138	12137	
4711	Quad4	12175	12176	12157	12156	
4712	Quad4	12194	12195	12176	12175	
4713	Quad4	12213	12214	12195	12194	
4714	Quad4	12232	12233	12214	12213	
4715	Quad4	12251	12252	12233	12232	
4716	Quad4	12270	12271	12252	12251	
4717	Quad4	12289	12290	12271	12270	
4718	Quad4	12308	12309	12290	12289	
4719	Quad4	12327	12328	12309	12308	
4720	Quad4	12346	12347	12328	12327	
4721	Quad4	12365	12366	12347	12346	
4722	Quad4	12384	12385	12366	12365	
4723	Quad4	12403	12404	12385	12384	
4724	Quad4	12422	12423	12404	12403	
4725	Quad4	12441	12442	12423	12422	
4726	Quad4	12460	12461	12442	12441	
4727	Quad4	12479	12480	12461	12460	
4728	Quad4	12498	12499	12480	12479	
4729	Quad4	12517	12518	12499	12498	
4730	Quad4	12536	12537	12518	12517	
4731	Quad4	12555	12556	12537	12536	
4732	Quad4	12574	12575	12556	12555	
4733	Quad4	12593	12594	12575	12574	
4734	Quad4	12612	12613	12594	12593	
4735	Quad4	12631	12632	12613	12612	
4736	Quad4	12650	12651	12632	12631	
4737	Quad4	12669	12670	12651	12650	
4738	Quad4	12688	12689	12670	12669	
4739	Quad4	12707	12708	12689	12688	
4740	Quad4	12724	12723	12708	12707	
4741	Quad4	10466	10467	12866	12865	
4742	Quad4	10485	10486	10467	10466	
4743	Quad4	10504	10505	10486	10485	
4744	Quad4	10523	10524	10505	10504	
4745	Quad4	10542	10543	10524	10523	
4746	Quad4	10561	10562	10543	10542	
4747	Quad4	10580	10581	10562	10561	
4748	Quad4	10599	10600	10581	10580	
4749	Quad4	10618	10619	10600	10599	
4750	Quad4	10637	10638	10619	10618	
4751	Quad4	10656	10657	10638	10637	
4752	Quad4	10675	10676	10657	10656	
4753	Quad4	10694	10695	10676	10675	
4754	Quad4	10713	10714	10695	10694	
4755	Quad4	10732	10733	10714	10713	
4756	Quad4	10751	10752	10733	10732	
4757	Quad4	10770	10771	10752	10751	
4758	Quad4	10789	10790	10771	10770	
4759	Quad4	10808	10809	10790	10789	
4760	Quad4	10827	10828	10809	10808	
4761	Quad4	10846	10847	10828	10827	
4762	Quad4	10865	10866	10847	10846	
4763	Quad4	10884	10885	10866	10865	
4764	Quad4	10903	10904	10885	10884	
4765	Quad4	10922	10923	10904	10903	
4766	Quad4	10941	10942	10923	10922	
4767	Quad4	10960	10961	10942	10941	
4768	Quad4	10979	10980	10961	10960	
4769	Quad4	10998	10999	10980	10979	
4770	Quad4	11017	11018	10999	10998	
4771	Quad4	11036	11037	11018	11017	
4772	Quad4	11055	11056	11037	11036	
4773	Quad4	11074	11075	11056	11055	
4774	Quad4	11093	11094	11075	11074	
4775	Quad4	11112	11113	11094	11093	
4776	Quad4	11131	11132	11113	11112	
4777	Quad4	11150	11151	11132	11131	
4778	Quad4	11169	11170	11151	11150	
4779	Quad4	11188	11189	11170	11169	
4780	Quad4	11207	11208	11189	11188	
4781	Quad4	11226	11227	11208	11207	
4782	Quad4	11245	11246	11227	11226	
4783	Quad4	11264	11265	11246	11245	
4784	Quad4	11283	11284	11265	11264	
4785	Quad4	11302	11303	11284	11283	
4786	Quad4	11321	11322	11303	11302	
4787	Quad4	11340	11341	11322	11321	
4788	Quad4	11359	11360	11341	11340	
4789	Quad4	11378	11379	11360	11359	
4790	Quad4	11397	11398	11379	11378	
4791	Quad4	11416	11417	11398	11397	
4792	Quad4	11435	11436	11417	11416	
4793	Quad4	11454	11455	11436	11435	
4794	Quad4	11473	11474	11455	11454	
4795	Quad4	11492	11493	11474	11473	
4796	Quad4	11511	11512	11493	11492	
4797	Quad4	11530	11531	11512	11511	
4798	Quad4	11549	11550	11531	11530	
4799	Quad4	11568	11569	11550	11549	
4800	Quad4	11587	11588	11569	11568	
4801	Quad4	11606	11607	11588	11587	
4802	Quad4	11625	11626	11607	11606	
4803	Quad4	11644	11645	11626	11625	
4804	Quad4	11663	11664	11645	11644	
4805	Quad4	11682	11683	11664	11663	
4806	Quad4	11701	11702	11683	11682	
4807	Quad4	11720	11721	11702	11701	
4808	Quad4	11739	11740	11721	11720	
4809	Quad4	11758	11759	11740	11739	
4810	Quad4	11777	11778	11759	11758	
4811	Quad4	11796	11797	11778	11777	
4812	Quad4	11815	11816	11797	11796	
4813	Quad4	11834	11835	11816	11815	
4814	Quad4	11853	11854	11835	11834	
4815	Quad4	11872	11873	11854	11853	
4816	Quad4	11891	11892	11873	11872	
4817	Quad4	11910	11911	11892	11891	
4818	Quad4	11929	11930	11911	11910	
4819	Quad4	11948	11949	11930	11929	
4820	Quad4	11967	11968	11949	11948	
4821	Quad4	11986	11987	11968	11967	
4822	Quad4	12005	12006	11987	11986	
4823	Quad4	12024	12025	12006	12005	
4824	Quad4	12043	12044	12025	12024	
4825	Quad4	12062	12063	12044	12043	
4826	Quad4	12081	12082	12063	12062	
4827	Quad4	12100	12101	12082	12081	
4828	Quad4	12119	12120	12101	12100	
4829	Quad4	12138	12139	12120	12119	
4830	Quad4	12157	12158	12139	12138	
4831	Quad4	12176	12177	12158	12157	
4832	Quad4	12195	12196	12177	12176	
4833	Quad4	12214	12215	12196	12195	
4834	Quad4	12233	12234	12215	12214	
4835	Quad4	12252	12253	12234	12233	
4836	Quad4	12271	12272	12253	12252	
4837	Quad4	12290	12291	12272	12271	
4838	Quad4	12309	12310	12291	12290	
4839	Quad4	12328	12329	12310	12309	
4840	Quad4	12347	12348	12329	12328	
4841	Quad4	12366	12367	12348	12347	
4842	Quad4	12385	12386	12367	12366	
4843	Quad4	12404	12405	12386	12385	
4844	Quad4	12423	12424	12405	12404	
4845	Quad4	12442	12443	12424	12423	
4846	Quad4	12461	12462	12443	12442	
4847	Quad4	12480	12481	12462	12461	
4848	Quad4	12499	12500	12481	12480	
4849	Quad4	12518	12519	12500	12499	
4850	Quad4	12537	12538	12519	12518	
4851	Quad4	12556	12557	12538	12537	
4852	Quad4	12575	12576	12557	12556	
4853	Quad4	12594	12595	12576	12575	
4854	Quad4	12613	12614	12595	12594	
4855	Quad4	12632	12633	12614	12613	
4856	Quad4	12651	12652	12633	12632	
4857	Quad4	12670	12671	12652	12651	
4858	Quad4	12689	12690	12671	12670	
4859	Quad4	12708	12709	12690	12689	
4860	Quad4	12723	12722	12709	12708	
4861	Quad4	10467	10468	12867	12866	
4862	Quad4	10486	10487	10468	10467	
4863	Quad4	10505	10506	10487	10486	
4864	Quad4	10524	10525	10506	10505	
4865	Quad4	10543	10544	10525	10524	
4866	Quad4	10562	10563	10544	10543	
4867	Quad4	10581	10582	10563	10562	
4868	Quad4	10600	10601	10582	10581	
4869	Quad4	10619	10620	10601	10600	
4870	Quad4	10638	10639	10620	10619	
4871	Quad4	10657	10658	10639	10638	
4872	Quad4	10676	10677	10658	10657	
4873	Quad4	10695	10696	10677	10676	
4874	Quad4	10714	10715	10696	10695	
4875	Quad4	10733	10734	10715	10714	
4876	Quad4	10752	10753	10734	10733	
4877	Quad4	10771	10772	10753	10752	
4878	Quad4	10790	10791	10772	10771	
4879	Quad4	10809	10810	10791	10790	
4880	Quad4	10828	10829	10810	10809	
4881	Quad4	10847	10848	10829	10828	
4882	Quad4	10866	10867	10848	10847	
4883	Quad4	10885	10886	10867	10866	
4884	Quad4	10904	10905	10886	10885	
4885	Quad4	10923	10924	10905	10904	
4886	Quad4	10942	10943	10924	10923	
4887	Quad4	10961	10962	10943	10942	
4888	Quad4	10980	10981	10962	10961	
4889	Quad4	10999	11000	10981	10980	
4890	Quad4	11018	11019	11000	10999	
4891	Quad4	11037	11038	11019	11018	
4892	Quad4	11056	11057	11038	11037	
4893	Quad4	11075	11076	11057	11056	
4894	Quad4	11094	11095	11076	11075	
4895	Quad4	11113	11114	11095	11094	
4896	Quad4	11132	11133	11114	11113	
4897	Quad4	11151	11152	11133	11132	
4898	Quad4	11170	11171	11152	11151	
4899	Quad4	11189	11190	11171	11170	
4900	Quad4	11208	11209	11190	11189	
4901	Quad4	11227	11228	11209	11208	
4902	Quad4	11246	11247	11228	11227	
4903	Quad4	11265	11266	11247	11246	
4904	Quad4	11284	11285	11266	11265	
4905	Quad4	11303	11304	11285	11284	
4906	Quad4	11322	11323	11304	11303	
4907	Quad4	11341	11342	11323	11322	
4908	Quad4	11360	11361	11342	11341	
4909	Quad4	11379	11380	11361	11360	
4910	Quad4	11398	11399	11380	11379	
4911	Quad4	11417	11418	11399	11398	
4912	Quad4	11436	11437	11418	11417	
4913	Quad4	11455	11456	11437	11436	
4914	Quad4	11474	11475	11456	11455	
4915	Quad4	11493	11494	11475	11474	
4916	Quad4	11512	11513	11494	11493	
4917	Quad4	11531	11532	11513	11512	
4918	Quad4	11550	11551	11532	11531	
4919	Quad4	11569	11570	11551	11550	
4920	Quad4	11588	11589	11570	11569	
4921	Quad4	11607	11608	11589	11588	
4922	Quad4	11626	11627	11608	11607	
4923	Quad4	11645	11646	11627	11626	
4924	Quad4	11664	11665	11646	11645	
4925	Quad4	11683	11684	11665	11664	
4926	Quad4	11702	11703	11684	11683	
4927	Quad4	11721	11722	11703	11702	
4928	Quad4	11740	11741	11722	11721	
4929	Quad4	11759	11760	11741	11740	
4930	Quad4	11778	11779	11760	11759	
4931	Quad4	11797	11798	11779	11778	
4932	Quad4	11816	11817	11798	11797	
4933	Quad4	11835	11836	11817	11816	
4934	Quad4	11854	11855	11836	11835	
4935	Quad4	11873	11874	11855	11854	
4936	Quad4	11892	11893	11874	11873	
4937	Quad4	11911	11912	11893	11892	
4938	Quad4	11930	11931	11912	11911	
4939	Quad4	11949	11950	11931	11930	
4940	Quad4	11968	11969	11950	11949	
4941	Quad4	11987	11988	11969	11968	
4942	Quad4	12006	12007	11988	11987	
4943	Quad4	12025	12026	12007	12006	
4944	Quad4	12044	12045	12026	12025	
4945	Quad4	12063	12064	12045	12044	
4946	Quad4	12082	12083	12064	12063	
4947	Quad4	12101	12102	12083	12082	
4948	Quad4	12120	12121	12102	12101	
4949	Quad4	12139	12140	12121	12120	
4950	Quad4	12158	12159	12140	12139	
4951	Quad4	12177	12178	12159	12158	
4952	Quad4	12196	12197	12178	12177	
4953	Quad4	12215	12216	12197	12196	
4954	Quad4	12234	12235	12216	12215	
4955	Quad4	12253	12254	12235	12234	
4956	Quad4	12272	12273	12254	12253	
4957	Quad4	12291	12292	12273	12272	
4958	Quad4	12310	12311	12292	12291	
4959	Quad4	12329	12330	12311	12310	
4960	Quad4	12348	12349	12330	12329	
4961	Quad4	12367	12368	12349	12348	
4962	Quad4	12386	12387	12368	12367	
4963	Quad4	12405	12406	12387	12386	
4964	Quad4	12424	12425	12406	12405	
4965	Quad4	12443	12444	12425	12424	
4966	Quad4	12462	12463	12444	12443	
4967	Quad4	12481	12482	12463	12462	
4968	Quad4	12500	12501	12482	12481	
4969	Quad4	12519	12520	12501	12500	
4970	Quad4	12538	12539	12520	12519	
4971	Quad4	12557	12558	12539	12538	
4972	Quad4	12576	12577	12558	12557	
4973	Quad4	12595	12596	12577	12576	
4974	Quad4	12614	12615	12596	12595	
4975	Quad4	12633	12634	12615	12614	
4976	Quad4	12652	12653	12634	12633	
4977	Quad4	12671	12672	12653	12652	
4978	Quad4	12690	12691	12672	12671	
4979	Quad4	12709	12710	12691	12690	
4980	Quad4	12722	12721	12710	12709	
4981	Quad4	10468	10469	12868	12867	
4982	Quad4	10487	10488	10469	10468	
4983	Quad4	10506	10507	10488	10487	
4984	Quad4	10525	10526	10507	10506	
4985	Quad4	10544	10545	10526	10525	
4986	Quad4	10563	10564	10545	10544	
4987	Quad4	10582	10583	10564	10563	
4988	Quad4	10601	10602	10583	10582	
4989	Quad4	10620	10621	10602	10601	
4990	Quad4	10639	10640	10621	10620	
4991	Quad4	10658	10659	10640	10639	
4992	Quad4	10677	10678	10659	10658	
4993	Quad4	10696	10697	10678	10677	
4994	Quad4	10715	10716	10697	10696	
4995	Quad4	10734	10735	10716	10715	
4996	Quad4	10753	10754	10735	10734	
4997	Quad4	10772	10773	10754	10753	
4998	Quad4	10791	10792	10773	10772	
4999	Quad4	10810	10811	10792	10791	
5000	Quad4	10829	10830	10811	10810	
5001	Quad4	10848	10849	10830	10829	
5002	Quad4	10867	10868	10849	10848	
5003	Quad4	10886	10887	10868	10867	
5004	Quad4	10905	10906	10887	10886	
5005	Quad4	10924	10925	10906	10905	
5006	Quad4	10943	10944	10925	10924	
5007	Quad4	10962	10963	10944	10943	
5008	Quad4	10981	10982	10963	10962	
5009	Quad4	11000	11001	10982	10981	
5010	Quad4	11019	11020	11001	11000	
5011	Quad4	11038	11039	11020	11019	
5012	Quad4	11057	11058	11039	11038	
5013	Quad4	11076	11077	11058	11057	
5014	Quad4	11095	11096	11077	11076	
5015	Quad4	11114	11115	11096	11095	
5016	Quad4	11133	11134	11115	11114	
5017	Quad4	11152	11153	11134	11133	
5018	Quad4	11171	11172	11153	11152	
5019	Quad4	11190	11191	11172	11171	
5020	Quad4	11209	11210	11191	11190	
5021	Quad4	11228	11229	11210	11209	
5022	Quad4	11247	11248	11229	11228	
5023	Quad4	11266	11267	11248	11247	
5024	Quad4	11285	11286	11267	11266	
5025	Quad4	11304	11305	11286	11285	
5026	Quad4	11323	11324	11305	11304	
5027	Quad4	11342	11343	11324	11323	
5028	Quad4	11361	11362	11343	11342	
5029	Quad4	11380	11381	11362	11361	
5030	Quad4	11399	11400	11381	11380	
5031	Quad4	11418	11419	11400	11399	
5032	Quad4	11437	11438	11419	11418	
5033	Quad4	11456	11457	11438	11437	
5034	Quad4	11475	11476	11457	11456	
5035	Quad4	11494	11495	11476	11475	
5036	Quad4	11513	11514	11495	11494	
5037	Quad4	11532	11533	11514	11513	
5038	Quad4	11551	11552	11533	11532	
5039	Quad4	11570	11571	11552	11551	
5040	Quad4	11589	11590	11571	11570	
5041	Quad4	11608	11609	11590	11589	
5042	Quad4	11627	11628	11609	11608	
5043	Quad4	11646	11647	11628	11627	
5044	Quad4	11665	11666	11647	11646	
5045	Quad4	11684	11685	11666	11665	
5046	Quad4	11703	11704	11685	11684	
5047	Quad4	11722	11723	11704	11703	
5048	Quad4	11741	11742	11723	11722	
5049	Quad4	11760	11761	11742	11741	
5050	Quad4	11779	11780	11761	11760	
5051	Quad4	11798	11799	11780	11779	
5052	Quad4	11817	11818	11799	11798	
5053	Quad4	11836	11837	11818	11817	
5054	Quad4	11855	11856	11837	11836	
5055	Quad4	11874	11875	11856	11855	
5056	Quad4	11893	11894	11875	11874	
5057	Quad4	11912	11913	11894	11893	
5058	Quad4	11931	11932	11913	11912	
5059	Quad4	11950	11951	11932	11931	
5060	Quad4	11969	11970	11951	11950	
5061	Quad4	11988	11989	11970	11969	
5062	Quad4	12007	12008	11989	11988	
5063	Quad4	12026	12027	12008	12007	
5064	Quad4	12045	12046	12027	12026	
5065	Quad4	12064	12065	12046	12045	
5066	Quad4	12083	12084	12065	12064	
5067	Quad4	12102	12103	12084	12083	
5068	Quad4	12121	12122	12103	12102	
5069	Quad4	12140	12141	12122	12121	
5070	Quad4	12159	12160	12141	12140	
5071	Quad4	12178	12179	12160	12159	
5072	Quad4	12197	12198	12179	12178	
5073	Quad4	12216	12217	12198	12197	
5074	Quad4	12235	12236	12217	12216	
5075	Quad4	12254	12255	12236	12235	
5076	Quad4	12273	12274	12255	12254	
5077	Quad4	12292	12293	12274	12273	
5078	Quad4	12311	12312	12293	12292	
5079	Quad4	12330	12331	12312	12311	
5080	Quad4	12349	12350	12331	12330	
5081	Quad4	12368	12369	12350	12349	
5082	Quad4	12387	12388	12369	12368	
5083	Quad4	12406	12407	12388	12387	
5084	Quad4	12425	12426	12407	12406	
5085	Quad4	12444	12445	12426	12425	
5086	Quad4	12463	12464	12445	12444	
5087	Quad4	12482	12483	12464	12463	
5088	Quad4	12501	12502	12483	12482	
5089	Quad4	12520	12521	12502	12501	
5090	Quad4	12539	12540	12521	12520	
5091	Quad4	12558	12559	12540	12539	
5092	Quad4	12577	12578	12559	12558	
5093	Quad4	12596	12597	12578	12577	
5094	Quad4	12615	12616	12597	12596	
5095	Quad4	12634	12635	12616	12615	
5096	Quad4	12653	12654	12635	12634	
5097	Quad4	12672	12673	12654	12653	
5098	Quad4	12691	12692	12673	12672	
5099	Quad4	12710	12711	12692	12691	
5100	Quad4	12721	12720	12711	12710	
5101	Quad4	10469	10470	12869	12868	
5102	Quad4	10488	10489	10470	10469	
5103	Quad4	10507	10508	10489	10488	
5104	Quad4	10526	10527	10508	10507	
5105	Quad4	10545	10546	10527	10526	
5106	Quad4	10564	10565	10546	10545	
5107	Quad4	10583	10584	10565	10564	
5108	Quad4	10602	10603	10584	10583	
5109	Quad4	10621	10622	10603	10602	
5110	Quad4	10640	10641	10622	10621	
5111	Quad4	10659	10660	10641	10640	
5112	Quad4	10678	10679	10660	10659	
5113	Quad4	10697	10698	10679	10678	
5114	Quad4	10716	10717	10698	10697	
5115	Quad4	10735	10736	10717	10716	
5116	Quad4	10754	10755	10736	10735	
5117	Quad4	10773	10774	10755	10754	
5118	Quad4	10792	10793	10774	10773	
5119	Quad4	10811	10812	10793	10792	
5120	Quad4	10830	10831	10812	10811	
5121	Quad4	10849	10850	10831	10830	
5122	Quad4	10868	10869	10850	10849	
5123	Quad4	10887	10888	10869	10868	
5124	Quad4	10906	10907	10888	10887	
5125	Quad4	10925	10926	10907	10906	
5126	Quad4	10944	10945	10926	10925	
5127	Quad4	10963	10964	10945	10944	
5128	Quad4	10982	10983	10964	10963	
5129	Quad4	11001	11002	10983	10982	
5130	Quad4	11020	11021	11002	11001	
5131	Quad4	11039	11040	11021	11020	
5132	Quad4	11058	11059	11040	11039	
5133	Quad4	11077	11078	11059	11058	
5134	Quad4	11096	11097	11078	11077	
5135	Quad4	11115	11116	11097	11096	
5136	Quad4	11134	11135	11116	11115	
5137	Quad4	11153	11154	11135	11134	
5138	Quad4	11172	11173	11154	11153	
5139	Quad4	11191	11192	11173	11172	
5140	Quad4	11210	11211	11192	11191	
5141	Quad4	11229	11230	11211	11210	
5142	Quad4	11248	11249	11230	11229	
5143	Quad4	11267	11268	11249	11248	
5144	Quad4	11286	11287	11268	11267	
5145	Quad4	11305	11306	11287	11286	
5146	Quad4	11324	11325	11306	11305	
5147	Quad4	11343	11344	11325	11324	
5148	Quad4	11362	11363	11344	11343	
5149	Quad4	11381	11382	11363	11362	
5150	Quad4	11400	11401	11382	11381	
5151	Quad4	11419	11420	11401	11400	
5152	Quad4	11438	11439	11420	11419	
5153	Quad4	11457	11458	11439	11438	
5154	Quad4	11476	11477	11458	11457	
5155	Quad4	11495	11496	11477	11476	
5156	Quad4	11514	11515	11496	11495	
5157	Quad4	11533	11534	11515	11514	
5158	Quad4	11552	11553	11534	11533	
5159	Quad4	11571	11572	11553	11552	
5160	Quad4	11590	11591	11572	11571	
5161	Quad4	11609	11610	11591	11590	
5162	Quad4	11628	11629	11610	11609	
5163	Quad4	11647	11648	11629	11628	
5164	Quad4	11666	11667	11648	11647	
5165	Quad4	11685	11686	11667	11666	
5166	Quad4	11704	11705	11686	11685	
5167	Quad4	11723	11724	11705	11704	
5168	Quad4	11742	11743	11724	11723	
5169	Quad4	11761	11762	11743	11742	
5170	Quad4	11780	11781	11762	11761	
5171	Quad4	11799	11800	11781	11780	
5172	Quad4	11818	11819	11800	11799	
5173	Quad4	11837	11838	11819	11818	
5174	Quad4	11856	11857	11838	11837	
5175	Quad4	11875	11876	11857	11856	
5176	Quad4	11894	11895	11876	11875	
5177	Quad4	11913	11914	11895	11894	
5178	Quad4	11932	11933	11914	11913	
5179	Quad4	11951	11952	11933	11932	
5180	Quad4	11970	11971	11952	11951	
5181	Quad4	11989	11990	11971	11970	
5182	Quad4	12008	12009	11990	11989	
5183	Quad4	12027	12028	12009	12008	
5184	Quad4	12046	12047	12028	12027	
5185	Quad4	12065	12066	12047	12046	
5186	Quad4	12084	12085	12066	12065	
5187	Quad4	12103	12104	12085	12084	
5188	Quad4	12122	12123	12104	12103	
5189	Quad4	12141	12142	12123	12122	
5190	Quad4	12160	12161	12142	12141	
5191	Quad4	12179	12180	12161	12160	
5192	Quad4	12198	12199	12180	12179	
5193	Quad4	12217	12218	12199	12198	
5194	Quad4	12236	12237	12218	12217	
5195	Quad4	12255	12256	12237	12236	
5196	Quad4	12274	12275	12256	12255	
5197	Quad4	12293	12294	12275	12274	
5198	Quad4	12312	12313	12294	12293	
5199	Quad4	12331	12332	12313	12312	
5200	Quad4	12350	12351	12332	12331	
5201	Quad4	12369	12370	12351	12350	
5202	Quad4	12388	12389	12370	12369	
5203	Quad4	12407	12408	12389	12388	
5204	Quad4	12426	12427	12408	12407	
5205	Quad4	12445	12446	12427	12426	
5206	Quad4	12464	12465	12446	12445	
5207	Quad4	12483	12484	12465	12464	
5208	Quad4	12502	12503	12484	12483	
5209	Quad4	12521	12522	12503	12502	
5210	Quad4	12540	12541	12522	12521	
5211	Quad4	12559	12560	12541	12540	
5212	Quad4	12578	12579	12560	12559	
5213	Quad4	12597	12598	12579	12578	
5214	Quad4	12616	12617	12598	12597	
5215	Quad4	12635	12636	12617	12616	
5216	Quad4	12654	12655	12636	12635	
5217	Quad4	12673	12674	12655	12654	
5218	Quad4	12692	12693	12674	12673	
5219	Quad4	12711	12712	12693	12692	
5220	Quad4	12720	12719	12712	12711	
5221	Quad4	10470	10471	12870	12869	
5222	Quad4	10489	10490	10471	10470	
5223	Quad4	10508	10509	10490	10489	
5224	Quad4	10527	10528	10509	10508	
5225	Quad4	10546	10547	10528	10527	
5226	Quad4	10565	10566	10547	10546	
5227	Quad4	10584	10585	10566	10565	
5228	Quad4	10603	10604	10585	10584	
5229	Quad4	10622	10623	10604	10603	
5230	Quad4	10641	10642	10623	10622	
5231	Quad4	10660	10661	10642	10641	
5232	Quad4	10679	10680	10661	10660	
5233	Quad4	10698	10699	10680	10679	
5234	Quad4	10717	10718	10699	10698	
5235	Quad4	10736	10737	10718	10717	
5236	Quad4	10755	10756	10737	10736	
5237	Quad4	10774	10775	10756	10755	
5238	Quad4	10793	10794	10775	10774	
5239	Quad4	10812	10813	10794	10793	
5240	Quad4	10831	10832	10813	10812	
5241	Quad4	10850	10851	10832	10831	
5242	Quad4	10869	10870	10851	10850	
5243	Quad4	10888	10889	10870	10869	
5244	Quad4	10907	10908	10889	10888	
5245	Quad4	10926	10927	10908	10907	
5246	Quad4	10945	10946	10927	10926	
5247	Quad4	10964	10965	10946	10945	
5248	Quad4	10983	10984	10965	10964	
5249	Quad4	11002	11003	10984	10983	
5250	Quad4	11021	11022	11003	11002	
5251	Quad4	11040	11041	11022	11021	
5252	Quad4	11059	11060	11041	11040	
5253	Quad4	11078	11079	11060	11059	
5254	Quad4	11097	11098	11079	11078	
5255	Quad4	11116	11117	11098	11097	
5256	Quad4	11135	11136	11117	11116	
5257	Quad4	11154	11155	11136	11135	
5258	Quad4	11173	11174	11155	11154	
5259	Quad4	11192	11193	11174	11173	
5260	Quad4	11211	11212	11193	11192	
5261	Quad4	11230	11231	11212	11211	
5262	Quad4	11249	11250	11231	11230	
5263	Quad4	11268	11269	11250	11249	
5264	Quad4	11287	11288	11269	11268	
5265	Quad4	11306	11307	11288	11287	
5266	Quad4	11325	11326	11307	11306	
5267	Quad4	11344	11345	11326	11325	
5268	Quad4	11363	11364	11345	11344	
5269	Quad4	11382	11383	11364	11363	
5270	Quad4	11401	11402	11383	11382	
5271	Quad4	11420	11421	11402	11401	
5272	Quad4	11439	11440	11421	11420	
5273	Quad4	11458	11459	11440	11439	
5274	Quad4	11477	11478	11459	11458	
5275	Quad4	11496	11497	11478	11477	
5276	Quad4	11515	11516	11497	11496	
5277	Quad4	11534	11535	11516	11515	
5278	Quad4	11553	11554	11535	11534	
5279	Quad4	11572	11573	11554	11553	
5280	Quad4	11591	11592	11573	11572	
5281	Quad4	11610	11611	11592	11591	
5282	Quad4	11629	11630	11611	11610	
5283	Quad4	11648	11649	11630	11629	
5284	Quad4	11667	11668	11649	11648	
5285	Quad4	11686	11687	11668	11667	
5286	Quad4	11705	11706	11687	11686	
5287	Quad4	11724	11725	11706	11705	
5288	Quad4	11743	11744	11725	11724	
5289	Quad4	11762	11763	11744	11743	
5290	Quad4	11781	11782	11763	11762	
5291	Quad4	11800	11801	11782	11781	
5292	Quad4	11819	11820	11801	11800	
5293	Quad4	11838	11839	11820	11819	
5294	Quad4	11857	11858	11839	11838	
5295	Quad4	11876	11877	11858	11857	
5296	Quad4	11895	11896	11877	11876	
5297	Quad4	11914	11915	11896	11895	
5298	Quad4	11933	11934	11915	11914	
5299	Quad4	11952	11953	11934	11933	
5300	Quad4	11971	11972	11953	11952	
5301	Quad4	11990	11991	11972	11971	
5302	Quad4	12009	12010	11991	11990	
5303	Quad4	12028	12029	12010	12009	
5304	Quad4	12047	12048	12029	12028	
5305	Quad4	12066	12067	12048	12047	
5306	Quad4	12085	12086	12067	12066	
5307	Quad4	12104	12105	12086	12085	
5308	Quad4	12123	12124	12105	12104	
5309	Quad4	12142	12143	12124	12123	
5310	Quad4	12161	12162	12143	12142	
5311	Quad4	12180	12181	12162	12161	
5312	Quad4	12199	12200	12181	12180	
5313	Quad4	12218	12219	12200	12199	
5314	Quad4	12237	12238	12219	12218	
5315	Quad4	12256	12257	12238	12237	
5316	Quad4	12275	12276	12257	12256	
5317	Quad4	12294	12295	12276	12275	
5318	Quad4	12313	12314	12295	12294	
5319	Quad4	12332	12333	12314	12313	
5320	Quad4	12351	12352	12333	12332	
5321	Quad4	12370	12371	12352	12351	
5322	Quad4	12389	12390	12371	12370	
5323	Quad4	12408	12409	12390	12389	
5324	Quad4	12427	12428	12409	12408	
5325	Quad4	12446	12447	12428	12427	
5326	Quad4	12465	12466	12447	12446	
5327	Quad4	12484	12485	12466	12465	
5328	Quad4	12503	12504	12485	12484	
5329	Quad4	12522	12523	12504	12503	
5330	Quad4	12541	12542	12523	12522	
5331	Quad4	12560	12561	12542	12541	
5332	Quad4	12579	12580	12561	12560	
5333	Quad4	12598	12599	12580	12579	
5334	Quad4	12617	12618	12599	12598	
5335	Quad4	12636	12637	12618	12617	
5336	Quad4	12655	12656	12637	12636	
5337	Quad4	12674	12675	12656	12655	
5338	Quad4	12693	12694	12675	12674	
5339	Quad4	12712	12713	12694	12693	
5340	Quad4	12719	12718	12713	12712	
5341	Quad4	10471	10472	12871	12870	
5342	Quad4	10490	10491	10472	10471	
5343	Quad4	10509	10510	10491	10490	
5344	Quad4	10528	10529	10510	10509	
5345	Quad4	10547	10548	10529	10528	
5346	Quad4	10566	10567	10548	10547	
5347	Quad4	10585	10586	10567	10566	
5348	Quad4	10604	10605	10586	10585	
5349	Quad4	10623	10624	10605	10604	
5350	Quad4	10642	10643	10624	10623	
5351	Quad4	10661	10662	10643	10642	
5352	Quad4	10680	10681	10662	10661	
5353	Quad4	10699	10700	10681	10680	
5354	Quad4	10718	10719	10700	10699	
5355	Quad4	10737	10738	10719	10718	
5356	Quad4	10756	10757	10738	10737	
5357	Quad4	10775	10776	10757	10756	
5358	Quad4	10794	10795	10776	10775	
5359	Quad4	10813	10814	10795	10794	
5360	Quad4	10832	10833	10814	10813	
5361	Quad4	10851	10852	10833	10832	
5362	Quad4	10870	10871	10852	10851	
5363	Quad4	10889	10890	10871	10870	
5364	Quad4	10908	10909	10890	10889	
5365	Quad4	10927	10928	10909	10908	
5366	Quad4	10946	10947	10928	10927	
5367	Quad4	10965	10966	10947	10946	
5368	Quad4	10984	10985	10966	10965	
5369	Quad4	11003	11004	10985	10984	
5370	Quad4	11022	11023	11004	11003	
5371	Quad4	11041	11042	11023	11022	
5372	Quad4	11060	11061	11042	11041	
5373	Quad4	11079	11080	11061	11060	
5374	Quad4	11098	11099	11080	11079	
5375	Quad4	11117	11118	11099	11098	
5376	Quad4	11136	11137	11118	11117	
5377	Quad4	11155	11156	11137	11136	
5378	Quad4	11174	11175	11156	11155	
5379	Quad4	11193	11194	11175	11174	
5380	Quad4	11212	11213	11194	11193	
5381	Quad4	11231	11232	11213	11212	
5382	Quad4	11250	11251	11232	11231	
5383	Quad4	11269	11270	11251	11250	
5384	Quad4	11288	11289	11270	11269	
5385	Quad4	11307	11308	11289	11288	
5386	Quad4	11326	11327	11308	11307	
5387	Quad4	11345	11346	11327	11326	
5388	Quad4	11364	11365	11346	11345	
5389	Quad4	11383	11384	11365	11364	
5390	Quad4	11402	11403	11384	11383	
5391	Quad4	11421	11422	11403	11402	
5392	Quad4	11440	11441	11422	11421	
5393	Quad4	11459	11460	11441	11440	
5394	Quad4	11478	11479	11460	11459	
5395	Quad4	11497	11498	11479	11478	
5396	Quad4	11516	11517	11498	11497	
5397	Quad4	11535	11536	11517	11516	
5398	Quad4	11554	11555	11536	11535	
5399	Quad4	11573	11574	11555	11554	
5400	Quad4	11592	11593	11574	11573	
5401	Quad4	11611	11612	11593	11592	
5402	Quad4	11630	11631	11612	11611	
5403	Quad4	11649	11650	11631	11630	
5404	Quad4	11668	11669	11650	11649	
5405	Quad4	11687	11688	11669	11668	
5406	Quad4	11706	11707	11688	11687	
5407	Quad4	11725	11726	11707	11706	
5408	Quad4	11744	11745	11726	11725	
5409	Quad4	11763	11764	11745	11744	
5410	Quad4	11782	11783	11764	11763	
5411	Quad4	11801	11802	11783	11782	
5412	Quad4	11820	11821	11802	11801	
5413	Quad4	11839	11840	11821	11820	
5414	Quad4	11858	11859	11840	11839	
5415	Quad4	11877	11878	11859	11858	
5416	Quad4	11896	11897	11878	11877	
5417	Quad4	11915	11916	11897	11896	
5418	Quad4	11934	11935	11916	11915	
5419	Quad4	11953	11954	11935	11934	
5420	Quad4	11972	11973	11954	11953	
5421	Quad4	11991	11992	11973	11972	
5422	Quad4	12010	12011	11992	11991	
5423	Quad4	12029	12030	12011	12010	
5424	Quad4	12048	12049	12030	12029	
5425	Quad4	12067	12068	12049	12048	
5426	Quad4	12086	12087	12068	12067	
5427	Quad4	12105	12106	12087	12086	
5428	Quad4	12124	12125	12106	12105	
5429	Quad4	12143	12144	12125	12124	
5430	Quad4	12162	12163	12144	12143	
5431	Quad4	12181	12182	12163	12162	
5432	Quad4	12200	12201	12182	12181	
5433	Quad4	12219	12220	12201	12200	
5434	Quad4	12238	12239	12220	12219	
5435	Quad4	12257	12258	12239	12238	
5436	Quad4	12276	12277	12258	12257	
5437	Quad4	12295	12296	12277	12276	
5438	Quad4	12314	12315	12296	12295	
5439	Quad4	12333	12334	12315	12314	
5440	Quad4	12352	12353	12334	12333	
5441	Quad4	12371	12372	12353	12352	
5442	Quad4	12390	12391	12372	12371	
5443	Quad4	12409	12410	12391	12390	
5444	Quad4	12428	12429	12410	12409	
5445	Quad4	12447	12448	12429	12428	
5446	Quad4	12466	12467	12448	12447	
5447	Quad4	12485	12486	12467	12466	
5448	Quad4	12504	12505	12486	12485	
5449	Quad4	12523	12524	12505	12504	
5450	Quad4	12542	12543	12524	12523	
5451	Quad4	12561	12562	12543	12542	
5452	Quad4	12580	12581	12562	12561	
5453	Quad4	12599	12600	12581	12580	
5454	Quad4	12618	12619	12600	12599	
5455	Quad4	12637	12638	12619	12618	
5456	Quad4	12656	12657	12638	12637	
5457	Quad4	12675	12676	12657	12656	
5458	Quad4	12694	12695	12676	12675	
5459	Quad4	12713	12714	12695	12694	
5460	Quad4	12718	12717	12714	12713	
5461	Quad4	10472	10473	12872	12871	
5462	Quad4	10491	10492	10473	10472	
5463	Quad4	10510	10511	10492	10491	
5464	Quad4	10529	10530	10511	10510	
5465	Quad4	10548	10549	10530	10529	
5466	Quad4	10567	10568	10549	10548	
5467	Quad4	10586	10587	10568	10567	
5468	Quad4	10605	10606	10587	10586	
5469	Quad4	10624	10625	10606	10605	
5470	Quad4	10643	10644	10625	10624	
5471	Quad4	10662	10663	10644	10643	
5472	Quad4	10681	10682	10663	10662	
5473	Quad4	10700	10701	10682	10681	
5474	Quad4	10719	10720	10701	10700	
5475	Quad4	10738	10739	10720	10719	
5476	Quad4	10757	10758	10739	10738	
5477	Quad4	10776	10777	10758	10757	
5478	Quad4	10795	10796	10777	10776	
5479	Quad4	10814	10815	10796	10795	
5480	Quad4	10833	10834	10815	10814	
5481	Quad4	10852	10853	10834	10833	
5482	Quad4	10871	10872	10853	10852	
5483	Quad4	10890	10891	10872	10871	
5484	Quad4	10909	10910	10891	10890	
5485	Quad4	10928	10929	10910	10909	
5486	Quad4	10947	10948	10929	10928	
5487	Quad4	10966	10967	10948	10947	
5488	Quad4	10985	10986	10967	10966	
5489	Quad4	11004	11005	10986	10985	
5490	Quad4	11023	11024	11005	11004	
5491	Quad4	11042	11043	11024	11023	
5492	Quad4	11061	11062	11043	11042	
5493	Quad4	11080	11081	11062	11061	
5494	Quad4	11099	11100	11081	11080	
5495	Quad4	11118	11119	11100	11099	
5496	Quad4	11137	11138	11119	11118	
5497	Quad4	11156	11157	11138	11137	
5498	Quad4	11175	11176	11157	11156	
5499	Quad4	11194	11195	11176	11175	
5500	Quad4	11213	11214	11195	11194	
5501	Quad4	11232	11233	11214	11213	
5502	Quad4	11251	11252	11233	11232	
5503	Quad4	11270	11271	11252	11251	
5504	Quad4	11289	11290	11271	11270	
5505	Quad4	11308	11309	11290	11289	
5506	Quad4	11327	11328	11309	11308	
5507	Quad4	11346	11347	11328	11327	
5508	Quad4	11365	11366	11347	11346	
5509	Quad4	11384	11385	11366	11365	
5510	Quad4	11403	11404	11385	11384	
5511	Quad4	11422	11423	11404	11403	
5512	Quad4	11441	11442	11423	11422	
5513	Quad4	11460	11461	11442	11441	
5514	Quad4	11479	11480	11461	11460	
5515	Quad4	11498	11499	11480	11479	
5516	Quad4	11517	11518	11499	11498	
5517	Quad4	11536	11537	11518	11517	
5518	Quad4	11555	11556	11537	11536	
5519	Quad4	11574	11575	11556	11555	
5520	Quad4	11593	11594	11575	11574	
5521	Quad4	11612	11613	11594	11593	
5522	Quad4	11631	11632	11613	11612	
5523	Quad4	11650	11651	11632	11631	
5524	Quad4	11669	11670	11651	11650	
5525	Quad4	11688	11689	11670	11669	
5526	Quad4	11707	11708	11689	11688	
5527	Quad4	11726	11727	11708	11707	
5528	Quad4	11745	11746	11727	11726	
5529	Quad4	11764	11765	11746	11745	
5530	Quad4	11783	11784	11765	11764	
5531	Quad4	11802	11803	11784	11783	
5532	Quad4	11821	11822	11803	11802	
5533	Quad4	11840	11841	11822	11821	
5534	Quad4	11859	11860	11841	11840	
5535	Quad4	11878	11879	11860	11859	
5536	Quad4	11897	11898	11879	11878	
5537	Quad4	11916	11917	11898	11897	
5538	Quad4	11935	11936	11917	11916	
5539	Quad4	11954	11955	11936	11935	
5540	Quad4	11973	11974	11955	11954	
5541	Quad4	11992	11993	11974	11973	
5542	Quad4	12011	12012	11993	11992	
5543	Quad4	12030	12031	12012	12011	
5544	Quad4	12049	12050	12031	12030	
5545	Quad4	12068	12069	12050	12049	
5546	Quad4	12087	12088	12069	12068	
5547	Quad4	12106	12107	12088	12087	
5548	Quad4	12125	12126	12107	12106	
5549	Quad4	12144	12145	12126	12125	
5550	Quad4	12163	12164	12145	12144	
5551	Quad4	12182	12183	12164	12163	
5552	Quad4	12201	12202	12183	12182	
5553	Quad4	12220	12221	12202	12201	
5554	Quad4	12239	12240	12221	12220	
5555	Quad4	12258	12259	12240	12239	
5556	Quad4	12277	12278	12259	12258	
5557	Quad4	12296	12297	12278	12277	
5558	Quad4	12315	12316	12297	12296	
5559	Quad4	12334	12335	12316	12315	
5560	Quad4	12353	12354	12335	12334	
5561	Quad4	12372	12373	12354	12353	
5562	Quad4	12391	12392	12373	12372	
5563	Quad4	12410	12411	12392	12391	
5564	Quad4	12429	12430	12411	12410	
5565	Quad4	12448	12449	12430	12429	
5566	Quad4	12467	12468	12449	12448	
5567	Quad4	12486	12487	12468	12467	
5568	Quad4	12505	12506	12487	12486	
5569	Quad4	12524	12525	12506	12505	
5570	Quad4	12543	12544	12525	12524	
5571	Quad4	12562	12563	12544	12543	
5572	Quad4	12581	12582	12563	12562	
5573	Quad4	12600	12601	12582	12581	
5574	Quad4	12619	12620	12601	12600	
5575	Quad4	12638	12639	12620	12619	
5576	Quad4	12657	12658	12639	12638	
5577	Quad4	12676	12677	12658	12657	
5578	Quad4	12695	12696	12677	12676	
5579	Quad4	12714	12715	12696	12695	
5580	Quad4	12717	12716	12715	12714	
5581	Quad4	10473	6371	6	12872	
5582	Quad4	10492	6370	6371	10473	
5583	Quad4	10511	6369	6370	10492	
5584	Quad4	10530	6368	6369	10511	
5585	Quad4	10549	6367	6368	10530	
5586	Quad4	10568	6366	6367	10549	
5587	Quad4	10587	6365	6366	10568	
5588	Quad4	10606	6364	6365	10587	
5589	Quad4	10625	6363	6364	10606	
5590	Quad4	10644	6362	6363	10625	
5591	Quad4	10663	6361	6362	10644	
5592	Quad4	10682	6360	6361	10663	
5593	Quad4	10701	6359	6360	10682	
5594	Quad4	10720	6358	6359	10701	
5595	Quad4	10739	6357	6358	10720	
5596	Quad4	10758	6356	6357	10739	
5597	Quad4	10777	6355	6356	10758	
5598	Quad4	10796	6354	6355	10777	
5599	Quad4	10815	6353	6354	10796	
5600	Quad4	10834	6352	6353	10815	
5601	Quad4	10853	6351	6352	10834	
5602	Quad4	10872	6350	6351	10853	
5603	Quad4	10891	6349	6350	10872	
5604	Quad4	10910	6348	6349	10891	
5605	Quad4	10929	6347	6348	10910	
5606	Quad4	10948	6346	6347	10929	
5607	Quad4	10967	6345	6346	10948	
5608	Quad4	10986	6344	6345	10967	
5609	Quad4	11005	6343	6344	10986	
5610	Quad4	11024	6342	6343	11005	
5611	Quad4	11043	6341	6342	11024	
5612	Quad4	11062	6340	6341	11043	
5613	Quad4	11081	6339	6340	11062	
5614	Quad4	11100	6338	6339	11081	
5615	Quad4	11119	6337	6338	11100	
5616	Quad4	11138	6336	6337	11119	
5617	Quad4	11157	6335	6336	11138	
5618	Quad4	11176	6334	6335	11157	
5619	Quad4	11195	6333	6334	11176	
5620	Quad4	11214	6332	6333	11195	
5621	Quad4	11233	6331	6332	11214	
5622	Quad4	11252	6330	6331	11233	
5623	Quad4	11271	6329	6330	11252	
5624	Quad4	11290	6328	6329	11271	
5625	Quad4	11309	6327	6328	11290	
5626	Quad4	11328	6326	6327	11309	
5627	Quad4	11347	6325	6326	11328	
5628	Quad4	11366	6324	6325	11347	
5629	Quad4	11385	6323	6324	11366	
5630	Quad4	11404	6322	6323	11385	
5631	Quad4	11423	6321	6322	11404	
5632	Quad4	11442	6320	6321	11423	
5633	Quad4	11461	6319	6320	11442	
5634	Quad4	11480	6318	6319	11461	
5635	Quad4	11499	6317	6318	11480	
5636	Quad4	11518	6316	6317	11499	
5637	Quad4	11537	6315	6316	11518	
5638	Quad4	11556	6314	6315	11537	
5639	Quad4	11575	6313	6314	11556	
5640	Quad4	11594	6312	6313	11575	
5641	Quad4	11613	6311	6312	11594	
5642	Quad4	11632	6310	6311	11613	
5643	Quad4	11651	6309	6310	11632	
5644	Quad4	11670	6308	6309	11651	
5645	Quad4	11689	6307	6308	11670	
5646	Quad4	11708	6306	6307	11689	
5647	Quad4	11727	6305	6306	11708	
5648	Quad4	11746	6304	6305	11727	
5649	Quad4	11765	6303	6304	11746	
5650	Quad4	11784	6302	6303	11765	
5651	Quad4	11803	6301	6302	11784	
5652	Quad4	11822	6300	6301	11803	
5653	Quad4	11841	6299	6300	11822	
5654	Quad4	11860	6298	6299	11841	
5655	Quad4	11879	6297	6298	11860	
5656	Quad4	11898	6296	6297	11879	
5657	Quad4	11917	6295	6296	11898	
5658	Quad4	11936	6294	6295	11917	
5659	Quad4	11955	6293	6294	11936	
5660	Quad4	11974	6292	6293	11955	
5661	Quad4	11993	6291	6292	11974	
5662	Quad4	12012	6290	6291	11993	
5663	Quad4	12031	6289	6290	12012	
5664	Quad4	12050	6288	6289	12031	
5665	Quad4	12069	6287	6288	12050	
5666	Quad4	12088	6286	6287	12069	
5667	Quad4	12107	6285	6286	12088	
5668	Quad4	12126	6284	6285	12107	
5669	Quad4	12145	6283	6284	12126	
5670	Quad4	12164	6282	6283	12145	
5671	Quad4	12183	6281	6282	12164	
5672	Quad4	12202	6280	6281	12183	
5673	Quad4	12221	6279	6280	12202	
5674	Quad4	12240	6278	6279	12221	
5675	Quad4	12259	6277	6278	12240	
5676	Quad4	12278	6276	6277	12259	
5677	Quad4	12297	6275	6276	12278	
5678	Quad4	12316	6274	6275	12297	
5679	Quad4	12335	6273	6274	12316	
5680	Quad4	12354	6272	6273	12335	
5681	Quad4	12373	6271	6272	12354	
5682	Quad4	12392	6270	6271	12373	
5683	Quad4	12411	6269	6270	12392	
5684	Quad4	12430	6268	6269	12411	
5685	Quad4	12449	6267	6268	12430	
5686	Quad4	12468	6266	6267	12449	
5687	Quad4	12487	6265	6266	12468	
5688	Quad4	12506	6264	6265	12487	
5689	Quad4	12525	6263	6264	12506	
5690	Quad4	12544	6262	6263	12525	
5691	Quad4	12563	6261	6262	12544	
5692	Quad4	12582	6260	6261	12563	
5693	Quad4	12601	6259	6260	12582	
5694	Quad4	12620	6258	6259	12601	
5695	Quad4	12639	6257	6258	12620	
5696	Quad4	12658	6256	6257	12639	
5697	Quad4	12677	6255	6256	12658	
5698	Quad4	12696	6254	6255	12677	
5699	Quad4	12715	6253	6254	12696	
5700	Quad4	12716	11	6253	12715	
5701	Quad4	6372	2773	6224	15	
5702	Quad4	6373	2802	2773	6372	
5703	Quad4	6374	2831	2802	6373	
5704	Quad4	6375	2860	2831	6374	
5705	Quad4	6376	2889	2860	6375	
5706	Quad4	6377	2918	2889	6376	
5707	Quad4	6378	2947	2918	6377	
5708	Quad4	6379	2976	2947	6378	
5709	Quad4	6380	3005	2976	6379	
5710	Quad4	6381	3034	3005	6380	
5711	Quad4	6382	3063	3034	6381	
5712	Quad4	6383	3092	3063	6382	
5713	Quad4	6384	3121	3092	6383	
5714	Quad4	6385	3150	3121	6384	
5715	Quad4	6386	3179	3150	6385	
5716	Quad4	6387	3208	3179	6386	
5717	Quad4	6388	3237	3208	6387	
5718	Quad4	6389	3266	3237	6388	
5719	Quad4	6390	3295	3266	6389	
5720	Quad4	6391	3324	3295	6390	
5721	Quad4	6392	3353	3324	6391	
5722	Quad4	6393	3382	3353	6392	
5723	Quad4	6394	3411	3382	6393	
5724	Quad4	6395	3440	3411	6394	
5725	Quad4	6396	3469	3440	6395	
5726	Quad4	6397	3498	3469	6396	
5727	Quad4	6398	3527	3498	6397	
5728	Quad4	6399	3556	3527	6398	
5729	Quad4	6400	3585	3556	6399	
5730	Quad4	6401	3614	3585	6400	
5731	Quad4	6402	3643	3614	6401	
5732	Quad4	6403	3672	3643	6402	
5733	Quad4	6404	3701	3672	6403	
5734	Quad4	6405	3730	3701	6404	
5735	Quad4	6406	3759	3730	6405	
5736	Quad4	6407	3788	3759	6406	
5737	Quad4	6408	3817	3788	6407	
5738	Quad4	6409	3846	3817	6408	
5739	Quad4	6410	3875	3846	6409	
5740	Quad4	6411	3904	3875	6410	
5741	Quad4	6412	3933	3904	6411	
5742	Quad4	6413	3962	3933	6412	
5743	Quad4	6414	3991	3962	6413	
5744	Quad4	6415	4020	3991	6414	
5745	Quad4	6416	4049	4020	6415	
5746	Quad4	6417	4078	4049	6416	
5747	Quad4	6418	4107	4078	6417	
5748	Quad4	6419	4136	4107	6418	
5749	Quad4	6420	4165	4136	6419	
5750	Quad4	6421	4194	4165	6420	
5751	Quad4	6422	4223	4194	6421	
5752	Quad4	6423	4252	4223	6422	
5753	Quad4	6424	4281	4252	6423	
5754	Quad4	6425	4310	4281	6424	
5755	Quad4	6426	4339	4310	6425	
5756	Quad4	6427	4368	4339	6426	
5757	Quad4	6428	4397	4368	6427	
5758	Quad4	6429	4426	4397	6428	
5759	Quad4	6430	4455	4426	6429	
5760	Quad4	6431	4484	4455	6430	
5761	Quad4	6432	4513	4484	6431	
5762	Quad4	6433	4542	4513	6432	
5763	Quad4	6434	4571	4542	6433	
5764	Quad4	6435	4600	4571	6434	
5765	Quad4	6436	4629	4600	6435	
5766	Quad4	6437	4658	4629	6436	
5767	Quad4	6438	4687	4658	6437	
5768	Quad4	6439	4716	4687	6438	
5769	Quad4	6440	4745	4716	6439	
5770	Quad4	6441	4774	4745	6440	
5771	Quad4	6442	4803	4774	6441	
5772	Quad4	6443	4832	4803	6442	
5773	Quad4	6444	4861	4832	6443	
5774	Quad4	6445	4890	4861	6444	
5775	Quad4	6446	4919	4890	6445	
5776	Quad4	6447	4948	4919	6446	
5777	Quad4	6448	4977	4948	6447	
5778	Quad4	6449	5006	4977	6448	
5779	Quad4	6450	5035	5006	6449	
5780	Quad4	6451	5064	5035	6450	
5781	Quad4	6452	5093	5064	6451	
5782	Quad4	6453	5122	5093	6452	
5783	Quad4	6454	5151	5122	6453	
5784	Quad4	6455	5180	5151	6454	
5785	Quad4	6456	5209	5180	6455	
5786	Quad4	6457	5238	5209	6456	
5787	Quad4	6458	5267	5238	6457	
5788	Quad4	6459	5296	5267	6458	
5789	Quad4	6460	5325	5296	6459	
5790	Quad4	6461	5354	5325	6460	
5791	Quad4	6462	5383	5354	6461	
5792	Quad4	6463	5412	5383	6462	
5793	Quad4	6464	5441	5412	6463	
5794	Quad4	6465	5470	5441	6464	
5795	Quad4	6466	5499	5470	6465	
5796	Quad4	6467	5528	5499	6466	
5797	Quad4	6468	5557	5528	6467	
5798	Quad4	6469	5586	5557	6468	
5799	Quad4	6470	5615	5586	6469	
5800	Quad4	6471	5644	5615	6470	
5801	Quad4	6472	5673	5644	6471	
5802	Quad4	6473	5702	5673	6472	
5803	Quad4	6474	5731	5702	6473	
5804	Quad4	6475	5760	5731	6474	
5805	Quad4	6476	5789	5760	6475	
5806	Quad4	6477	5818	5789	6476	
5807	Quad4	6478	5847	5818	6477	
5808	Quad4	6479	5876	5847	6478	
5809	Quad4	6480	5905	5876	6479	
5810	Quad4	6481	5934	5905	6480	
5811	Quad4	6482	5963	5934	6481	
5812	Quad4	6483	5992	5963	6482	
5813	Quad4	6484	6021	5992	6483	
5814	Quad4	6485	6050	6021	6484	
5815	Quad4	6486	6079	6050	6485	
5816	Quad4	6487	6108	6079	6486	
5817	Quad4	6488	6137	6108	6487	
5818	Quad4	6489	6166	6137	6488	
5819	Quad4	6490	6195	6166	6489	
5820	Quad4	2	2772	6195	6490	
5821	Quad4	2773	2774	6225	6224	
5822	Quad4	2802	2803	2774	2773	
5823	Quad4	2831	2832	2803	2802	
5824	Quad4	2860	2861	2832	2831	
5825	Quad4	2889	2890	2861	2860	
5826	Quad4	2918	2919	2890	2889	
5827	Quad4	2947	2948	2919	2918	
5828	Quad4	2976	2977	2948	2947	
5829	Quad4	3005	3006	2977	2976	
5830	Quad4	3034	3035	3006	3005	
5831	Quad4	3063	3064	3035	3034	
5832	Quad4	3092	3093	3064	3063	
5833	Quad4	3121	3122	3093	3092	
5834	Quad4	3150	3151	3122	3121	
5835	Quad4	3179	3180	3151	3150	
5836	Quad4	3208	3209	3180	3179	
5837	Quad4	3237	3238	3209	3208	
5838	Quad4	3266	3267	3238	3237	
5839	Quad4	3295	3296	3267	3266	
5840	Quad4	3324	3325	3296	3295	
5841	Quad4	3353	3354	3325	3324	
5842	Quad4	3382	3383	3354	3353	
5843	Quad4	3411	3412	3383	3382	
5844	Quad4	3440	3441	3412	3411	
5845	Quad4	3469	3470	3441	3440	
5846	Quad4	3498	3499	3470	3469	
5847	Quad4	3527	3528	3499	3498	
5848	Quad4	3556	3557	3528	3527	
5849	Quad4	3585	3586	3557	3556	
5850	Quad4	3614	3615	3586	3585	
5851	Quad4	3643	3644	3615	3614	
5852	Quad4	3672	3673	3644	3643	
5853	Quad4	3701	3702	3673	3672	
5854	Quad4	3730	3731	3702	3701	
5855	Quad4	3759	3760	3731	3730	
5856	Quad4	3788	3789	3760	3759	
5857	Quad4	3817	3818	3789	3788	
5858	Quad4	3846	3847	3818	3817	
5859	Quad4	3875	3876	3847	3846	
5860	Quad4	3904	3905	3876	3875	
5861	Quad4	3933	3934	3905	3904	
5862	Quad4	3962	3963	3934	3933	
5863	Quad4	3991	3992	3963	3962	
5864	Quad4	4020	4021	3992	3991	
5865	Quad4	4049	4050	4021	4020	
5866	Quad4	4078	4079	4050	4049	
5867	Quad4	4107	4108	4079	4078	
5868	Quad4	4136	4137	4108	4107	
5869	Quad4	4165	4166	4137	4136	
5870	Quad4	4194	4195	4166	4165	
5871	Quad4	4223	4224	4195	4194	
5872	Quad4	4252	4253	4224	4223	
5873	Quad4	4281	4282	4253	4252	
5874	Quad4	4310	4311	4282	4281	
5875	Quad4	4339	4340	4311	4310	
5876	Quad4	4368	4369	4340	4339	
5877	Quad4	4397	4398	4369	4368	
5878	Quad4	4426	4427	4398	4397	
5879	Quad4	4455	4456	4427	4426	
5880	Quad4	4484	4485	4456	4455	
5881	Quad4	4513	4514	4485	4484	
5882	Quad4	4542	4543	4514	4513	
5883	Quad4	4571	4572	4543	4542	
5884	Quad4	4600	4601	4572	4571	
5885	Quad4	4629	4630	4601	4600	
5886	Quad4	4658	4659	4630	4629	
5887	Quad4	4687	4688	4659	4658	
5888	Quad4	4716	4717	4688	4687	
5889	Quad4	4745	4746	4717	4716	
5890	Quad4	4774	4775	4746	4745	
5891	Quad4	4803	4804	4775	4774	
5892	Quad4	4832	4833	4804	4803	
5893	Quad4	4861	4862	4833	4832	
5894	Quad4	4890	4891	4862	4861	
5895	Quad4	4919	4920	4891	4890	
5896	Quad4	4948	4949	4920	4919	
5897	Quad4	4977	4978	4949	4948	
5898	Quad4	5006	5007	4978	4977	
5899	Quad4	5035	5036	5007	5006	
5900	Quad4	5064	5065	5036	5035	
5901	Quad4	5093	5094	5065	5064	
5902	Quad4	5122	5123	5094	5093	
5903	Quad4	5151	5152	5123	5122	
5904	Quad4	5180	5181	5152	5151	
5905	Quad4	5209	5210	5181	5180	
5906	Quad4	5238	5239	5210	5209	
5907	Quad4	5267	5268	5239	5238	
5908	Quad4	5296	5297	5268	5267	
5909	Quad4	5325	5326	5297	5296	
5910	Quad4	5354	5355	5326	5325	
5911	Quad4	5383	5384	5355	5354	
5912	Quad4	5412	5413	5384	5383	
5913	Quad4	5441	5442	5413	5412	
5914	Quad4	5470	5471	5442	5441	
5915	Quad4	5499	5500	5471	5470	
5916	Quad4	5528	5529	5500	5499	
5917	Quad4	5557	5558	5529	5528	
5918	Quad4	5586	5587	5558	5557	
5919	Quad4	5615	5616	5587	5586	
5920	Quad4	5644	5645	5616	5615	
5921	Quad4	5673	5674	5645	5644	
5922	Quad4	5702	5703	5674	5673	
5923	Quad4	5731	5732	5703	5702	
5924	Quad4	5760	5761	5732	5731	
5925	Quad4	5789	5790	5761	5760	
5926	Quad4	5818	5819	5790	5789	
5927	Quad4	5847	5848	5819	5818	
5928	Quad4	5876	5877	5848	5847	
5929	Quad4	5905	5906	5877	5876	
5930	Quad4	5934	5935	5906	5905	
5931	Quad4	5963	5964	5935	5934	
5932	Quad4	5992	5993	5964	5963	
5933	Quad4	6021	6022	5993	5992	
5934	Quad4	6050	6051	6022	6021	
5935	Quad4	6079	6080	6051	6050	
5936	Quad4	6108	6109	6080	6079	
5937	Quad4	6137	6138	6109	6108	
5938	Quad4	6166	6167	6138	6137	
5939	Quad4	6195	6196	6167	6166	
5940	Quad4	2772	2771	6196	6195	
5941	Quad4	2774	2775	6226	6225	
5942	Quad4	2803	2804	2775	2774	
5943	Quad4	2832	2833	2804	2803	
5944	Quad4	2861	2862	2833	2832	
5945	Quad4	2890	2891	2862	2861	
5946	Quad4	2919	2920	2891	2890	
5947	Quad4	2948	2949	2920	2919	
5948	Quad4	2977	2978	2949	2948	
5949	Quad4	3006	3007	2978	2977	
5950	Quad4	3035	3036	3007	3006	
5951	Quad4	3064	3065	3036	3035	
5952	Quad4	3093	3094	3065	3064	
5953	Quad4	3122	3123	3094	3093	
5954	Quad4	3151	3152	3123	3122	
5955	Quad4	3180	3181	3152	3151	
5956	Quad4	3209	3210	3181	3180	
5957	Quad4	3238	3239	3210	3209	
5958	Quad4	3267	3268	3239	3238	
5959	Quad4	3296	3297	3268	3267	
5960	Quad4	3325	3326	3297	3296	
5961	Quad4	3354	3355	3326	3325	
5962	Quad4	3383	3384	3355	3354	
5963	Quad4	3412	3413	3384	3383	
5964	Quad4	3441	3442	3413	3412	
5965	Quad4	3470	3471	3442	3441	
5966	Quad4	3499	3500	3471	3470	
5967	Quad4	3528	3529	3500	3499	
5968	Quad4	3557	3558	3529	3528	
5969	Quad4	3586	3587	3558	3557	
5970	Quad4	3615	3616	3587	3586	
5971	Quad4	3644	3645	3616	3615	
5972	Quad4	3673	3674	3645	3644	
5973	Quad4	3702	3703	3674	3673	
5974	Quad4	3731	3732	3703	3702	
5975	Quad4	3760	3761	3732	3731	
5976	Quad4	3789	3790	3761	3760	
5977	Quad4	3818	3819	3790	3789	
5978	Quad4	3847	3848	3819	3818	
5979	Quad4	3876	3877	3848	3847	
5980	Quad4	3905	3906	3877	3876	
5981	Quad4	3934	3935	3906	3905	
5982	Quad4	3963	3964	3935	3934	
5983	Quad4	3992	3993	3964	3963	
5984	Quad4	4021	4022	3993	3992	
5985	Quad4	4050	4051	4022	4021	
5986	Quad4	4079	4080	4051	4050	
5987	Quad4	4108	4109	4080	4079	
5988	Quad4	4137	4138	4109	4108	
5989	Quad4	4166	4167	4138	4137	
5990	Quad4	4195	4196	4167	4166	
5991	Quad4	4224	4225	4196	4195	
5992	Quad4	4253	4254	4225	4224	
5993	Quad4	4282	4283	4254	4253	
5994	Quad4	4311	4312	4283	4282	
5995	Quad4	4340	4341	4312	4311	
5996	Quad4	4369	4370	4341	4340	
5997	Quad4	4398	4399	4370	4369	
5998	Quad4	4427	4428	4399	4398	
5999	Quad4	4456	4457	4428	4427	
6000	Quad4	4485	4486	4457	4456	
6001	Quad4	4514	4515	4486	4485	
6002	Quad4	4543	4544	4515	4514	
6003	Quad4	4572	4573	4544	4543	
6004	Quad4	4601	4602	4573	4572	
6005	Quad4	4630	4631	4602	4601	
6006	Quad4	4659	4660	4631	4630	
6007	Quad4	4688	4689	4660	4659	
6008	Quad4	4717	4718	4689	4688	
6009	Quad4	4746	4747	4718	4717	
6010	Quad4	4775	4776	4747	4746	
6011	Quad4	4804	4805	4776	4775	
6012	Quad4	4833	4834	4805	4804	
6013	Quad4	4862	4863	4834	4833	
6014	Quad4	4891	4892	4863	4862	
6015	Quad4	4920	4921	4892	4891	
6016	Quad4	4949	4950	4921	4920	
6017	Quad4	4978	4979	4950	4949	
6018	Quad4	5007	5008	4979	4978	
6019	Quad4	5036	5037	5008	5007	
6020	Quad4	5065	5066	5037	5036	
6021	Quad4	5094	5095	5066	5065	
6022	Quad4	5123	5124	5095	5094	
6023	Quad4	5152	5153	5124	5123	
6024	Quad4	5181	5182	5153	5152	
6025	Quad4	5210	5211	5182	5181	
6026	Quad4	5239	5240	5211	5210	
6027	Quad4	5268	5269	5240	5239	
6028	Quad4	5297	5298	5269	5268	
6029	Quad4	5326	5327	5298	5297	
6030	Quad4	5355	5356	5327	5326	
6031	Quad4	5384	5385	5356	5355	
6032	Quad4	5413	5414	5385	5384	
6033	Quad4	5442	5443	5414	5413	
6034	Quad4	5471	5472	5443	5442	
6035	Quad4	5500	5501	5472	5471	
6036	Quad4	5529	5530	5501	5500	
6037	Quad4	5558	5559	5530	5529	
6038	Quad4	5587	5588	5559	5558	
6039	Quad4	5616	5617	5588	5587	
6040	Quad4	5645	5646	5617	5616	
6041	Quad4	5674	5675	5646	5645	
6042	Quad4	5703	5704	5675	5674	
6043	Quad4	5732	5733	5704	5703	
6044	Quad4	5761	5762	5733	5732	
6045	Quad4	5790	5791	5762	5761	
6046	Quad4	5819	5820	5791	5790	
6047	Quad4	5848	5849	5820	5819	
6048	Quad4	5877	5878	5849	5848	
6049	Quad4	5906	5907	5878	5877	
6050	Quad4	5935	5936	5907	5906	
6051	Quad4	5964	5965	5936	5935	
6052	Quad4	5993	5994	5965	5964	
6053	Quad4	6022	6023	5994	5993	
6054	Quad4	6051	6052	6023	6022	
6055	Quad4	6080	6081	6052	6051	
6056	Quad4	6109	6110	6081	6080	
6057	Quad4	6138	6139	6110	6109	
6058	Quad4	6167	6168	6139	6138	
6059	Quad4	6196	6197	6168	6167	
6060	Quad4	2771	2770	6197	6196	
6061	Quad4	2775	2776	6227	6226	
6062	Quad4	2804	2805	2776	2775	
6063	Quad4	2833	2834	2805	2804	
6064	Quad4	2862	2863	2834	2833	
6065	Quad4	2891	2892	2863	2862	
6066	Quad4	2920	2921	2892	2891	
6067	Quad4	2949	2950	2921	2920	
6068	Quad4	2978	2979	2950	2949	
6069	Quad4	3007	3008	2979	2978	
6070	Quad4	3036	3037	3008	3007	
6071	Quad4	3065	3066	3037	3036	
6072	Quad4	3094	3095	3066	3065	
6073	Quad4	3123	3124	3095	3094	
6074	Quad4	3152	3153	3124	3123	
6075	Quad4	3181	3182	3153	3152	
6076	Quad4	3210	3211	3182	3181	
6077	Quad4	3239	3240	3211	3210	
6078	Quad4	3268	3269	3240	3239	
6079	Quad4	3297	3298	3269	3268	
6080	Quad4	3326	3327	3298	3297	
6081	Quad4	3355	3356	3327	3326	
6082	Quad4	3384	3385	3356	3355	
6083	Quad4	3413	3414	3385	3384	
6084	Quad4	3442	3443	3414	3413	
6085	Quad4	3471	3472	3443	3442	
6086	Quad4	3500	3501	3472	3471	
6087	Quad4	3529	3530	3501	3500	
6088	Quad4	3558	3559	3530	3529	
6089	Quad4	3587	3588	3559	3558	
6090	Quad4	3616	3617	3588	3587	
6091	Quad4	3645	3646	3617	3616	
6092	Quad4	3674	3675	3646	3645	
6093	Quad4	3703	3704	3675	3674	
6094	Quad4	3732	3733	3704	3703	
6095	Quad4	3761	3762	3733	3732	
6096	Quad4	3790	3791	3762	3761	
6097	Quad4	3819	3820	3791	3790	
6098	Quad4	3848	3849	3820	3819	
6099	Quad4	3877	3878	3849	3848	
6100	Quad4	3906	3907	3878	3877	
6101	Quad4	3935	3936	3907	3906	
6102	Quad4	3964	3965	3936	3935	
6103	Quad4	3993	3994	3965	3964	
6104	Quad4	4022	4023	3994	3993	
6105	Quad4	4051	4052	4023	4022	
6106	Quad4	4080	4081	4052	4051	
6107	Quad4	4109	4110	4081	4080	
6108	Quad4	4138	4139	4110	4109	
6109	Quad4	4167	4168	4139	4138	
6110	Quad4	4196	4197	4168	4167	
6111	Quad4	4225	4226	4197	4196	
6112	Quad4	4254	4255	4226	4225	
6113	Quad4	4283	4284	4255	4254	
6114	Quad4	4312	4313	4284	4283	
6115	Quad4	4341	4342	4313	4312	
6116	Quad4	4370	4371	4342	4341	
6117	Quad4	4399	4400	4371	4370	
6118	Quad4	4428	4429	4400	4399	
6119	Quad4	4457	4458	4429	4428	
6120	Quad4	4486	4487	4458	4457	
6121	Quad4	4515	4516	4487	4486	
6122	Quad4	4544	4545	4516	4515	
6123	Quad4	4573	4574	4545	4544	
6124	Quad4	4602	4603	4574	4573	
6125	Quad4	4631	4632	4603	4602	
6126	Quad4	4660	4661	4632	4631	
6127	Quad4	4689	4690	4661	4660	
6128	Quad4	4718	4719	4690	4689	
6129	Quad4	4747	4748	4719	4718	
6130	Quad4	4776	4777	4748	4747	
6131	Quad4	4805	4806	4777	4776	
6132	Quad4	4834	4835	4806	4805	
6133	Quad4	4863	4864	4835	4834	
6134	Quad4	4892	4893	4864	4863	
6135	Quad4	4921	4922	4893	4892	
6136	Quad4	4950	4951	4922	4921	
6137	Quad4	4979	4980	4951	4950	
6138	Quad4	5008	5009	4980	4979	
6139	Quad4	5037	5038	5009	5008	
6140	Quad4	5066	5067	5038	5037	
6141	Quad4	5095	5096	5067	5066	
6142	Quad4	5124	5125	5096	5095	
6143	Quad4	5153	5154	5125	5124	
6144	Quad4	5182	5183	5154	5153	
6145	Quad4	5211	5212	5183	5182	
6146	Quad4	5240	5241	5212	5211	
6147	Quad4	5269	5270	5241	5240	
6148	Quad4	5298	5299	5270	5269	
6149	Quad4	5327	5328	5299	5298	
6150	Quad4	5356	5357	5328	5327	
6151	Quad4	5385	5386	5357	5356	
6152	Quad4	5414	5415	5386	5385	
6153	Quad4	5443	5444	5415	5414	
6154	Quad4	5472	5473	5444	5443	
6155	Quad4	5501	5502	5473	5472	
6156	Quad4	5530	5531	5502	5501	
6157	Quad4	5559	5560	5531	5530	
6158	Quad4	5588	5589	5560	5559	
6159	Quad4	5617	5618	5589	5588	
6160	Quad4	5646	5647	5618	5617	
6161	Quad4	5675	5676	5647	5646	
6162	Quad4	5704	5705	5676	5675	
6163	Quad4	5733	5734	5705	5704	
6164	Quad4	5762	5763	5734	5733	
6165	Quad4	5791	5792	5763	5762	
6166	Quad4	5820	5821	5792	5791	
6167	Quad4	5849	5850	5821	5820	
6168	Quad4	5878	5879	5850	5849	
6169	Quad4	5907	5908	5879	5878	
6170	Quad4	5936	5937	5908	5907	
6171	Quad4	5965	5966	5937	5936	
6172	Quad4	5994	5995	5966	5965	
6173	Quad4	6023	6024	5995	5994	
6174	Quad4	6052	6053	6024	6023	
6175	Quad4	6081	6082	6053	6052	
6176	Quad4	6110	6111	6082	6081	
6177	Quad4	6139	6140	6111	6110	
6178	Quad4	6168	6169	6140	6139	
6179	Quad4	6197	6198	6169	6168	
6180	Quad4	2770	2769	6198	6197	
6181	Quad4	2776	2777	6228	6227	
6182	Quad4	2805	2806	2777	2776	
6183	Quad4	2834	2835	2806	2805	
6184	Quad4	2863	2864	2835	2834	
6185	Quad4	2892	2893	2864	2863	
6186	Quad4	2921	2922	2893	2892	
6187	Quad4	2950	2951	2922	2921	
6188	Quad4	2979	2980	2951	2950	
6189	Quad4	3008	3009	2980	2979	
6190	Quad4	3037	3038	3009	3008	
6191	Quad4	3066	3067	3038	3037	
6192	Quad4	3095	3096	3067	3066	
6193	Quad4	3124	3125	3096	3095	
6194	Quad4	3153	3154	3125	3124	
6195	Quad4	3182	3183	3154	3153	
6196	Quad4	3211	3212	3183	3182	
6197	Quad4	3240	3241	3212	3211	
6198	Quad4	3269	3270	3241	3240	
6199	Quad4	3298	3299	3270	3269	
6200	Quad4	3327	3328	3299	3298	
6201	Quad4	3356	3357	3328	3327	
6202	Quad4	3385	3386	3357	3356	
6203	Quad4	3414	3415	3386	3385	
6204	Quad4	3443	3444	3415	3414	
6205	Quad4	3472	3473	3444	3443	
6206	Quad4	3501	3502	3473	3472	
6207	Quad4	3530	3531	3502	3501	
6208	Quad4	3559	3560	3531	3530	
6209	Quad4	3588	3589	3560	3559	
6210	Quad4	3617	3618	3589	3588	
6211	Quad4	3646	3647	3618	3617	
6212	Quad4	3675	3676	3647	3646	
6213	Quad4	3704	3705	3676	3675	
6214	Quad4	3733	3734	3705	3704	
6215	Quad4	3762	3763	3734	3733	
6216	Quad4	3791	3792	3763	3762	
6217	Quad4	3820	3821	3792	3791	
6218	Quad4	3849	3850	3821	3820	
6219	Quad4	3878	3879	3850	3849	
6220	Quad4	3907	3908	3879	3878	
6221	Quad4	3936	3937	3908	3907	
6222	Quad4	3965	3966	3937	3936	
6223	Quad4	3994	3995	3966	3965	
6224	Quad4	4023	4024	3995	3994	
6225	Quad4	4052	4053	4024	4023	
6226	Quad4	4081	4082	4053	4052	
6227	Quad4	4110	4111	4082	4081	
6228	Quad4	4139	4140	4111	4110	
6229	Quad4	4168	4169	4140	4139	
6230	Quad4	4197	4198	4169	4168	
6231	Quad4	4226	4227	4198	4197	
6232	Quad4	4255	4256	4227	4226	
6233	Quad4	4284	4285	4256	4255	
6234	Quad4	4313	4314	4285	4284	
6235	Quad4	4342	4343	4314	4313	
6236	Quad4	4371	4372	4343	4342	
6237	Quad4	4400	4401	4372	4371	
6238	Quad4	4429	4430	4401	4400	
6239	Quad4	4458	4459	4430	4429	
6240	Quad4	4487	4488	4459	4458	
6241	Quad4	4516	4517	4488	4487	
6242	Quad4	4545	4546	4517	4516	
6243	Quad4	4574	4575	4546	4545	
6244	Quad4	4603	4604	4575	4574	
6245	Quad4	4632	4633	4604	4603	
6246	Quad4	4661	4662	4633	4632	
6247	Quad4	4690	4691	4662	4661	
6248	Quad4	4719	4720	4691	4690	
6249	Quad4	4748	4749	4720	4719	
6250	Quad4	4777	4778	4749	4748	
6251	Quad4	4806	4807	4778	4777	
6252	Quad4	4835	4836	4807	4806	
6253	Quad4	4864	4865	4836	4835	
6254	Quad4	4893	4894	4865	4864	
6255	Quad4	4922	4923	4894	4893	
6256	Quad4	4951	4952	4923	4922	
6257	Quad4	4980	4981	4952	4951	
6258	Quad4	5009	5010	4981	4980	
6259	Quad4	5038	5039	5010	5009	
6260	Quad4	5067	5068	5039	5038	
6261	Quad4	5096	5097	5068	5067	
6262	Quad4	5125	5126	5097	5096	
6263	Quad4	5154	5155	5126	5125	
6264	Quad4	5183	5184	5155	5154	
6265	Quad4	5212	5213	5184	5183	
6266	Quad4	5241	5242	5213	5212	
6267	Quad4	5270	5271	5242	5241	
6268	Quad4	5299	5300	5271	5270	
6269	Quad4	5328	5329	5300	5299	
6270	Quad4	5357	5358	5329	5328	
6271	Quad4	5386	5387	5358	5357	
6272	Quad4	5415	5416	5387	5386	
6273	Quad4	5444	5445	5416	5415	
6274	Quad4	5473	5474	5445	5444	
6275	Quad4	5502	5503	5474	5473	
6276	Quad4	5531	5532	5503	5502	
6277	Quad4	5560	5561	5532	5531	
6278	Quad4	5589	5590	5561	5560	
6279	Quad4	5618	5619	5590	5589	
6280	Quad4	5647	5648	5619	5618	
6281	Quad4	5676	5677	5648	5647	
6282	Quad4	5705	5706	5677	5676	
6283	Quad4	5734	5735	5706	5705	
6284	Quad4	5763	5764	5735	5734	
6285	Quad4	5792	5793	5764	5763	
6286	Quad4	5821	5822	5793	5792	
6287	Quad4	5850	5851	5822	5821	
6288	Quad4	5879	5880	5851	5850	
6289	Quad4	5908	5909	5880	5879	
6290	Quad4	5937	5938	5909	5908	
6291	Quad4	5966	5967	5938	5937	
6292	Quad4	5995	5996	5967	5966	
6293	Quad4	6024	6025	5996	5995	
6294	Quad4	6053	6054	6025	6024	
6295	Quad4	6082	6083	6054	6053	
6296	Quad4	6111	6112	6083	6082	
6297	Quad4	6140	6141	6112	6111	
6298	Quad4	6169	6170	6141	6140	
6299	Quad4	6198	6199	6170	6169	
6300	Quad4	2769	2768	6199	6198	
6301	Quad4	2777	2778	6229	6228	
6302	Quad4	2806	2807	2778	2777	
6303	Quad4	2835	2836	2807	2806	
6304	Quad4	2864	2865	2836	2835	
6305	Quad4	2893	2894	2865	2864	
6306	Quad4	2922	2923	2894	2893	
6307	Quad4	2951	2952	2923	2922	
6308	Quad4	2980	2981	2952	2951	
6309	Quad4	3009	3010	2981	2980	
6310	Quad4	3038	3039	3010	3009	
6311	Quad4	3067	3068	3039	3038	
6312	Quad4	3096	3097	3068	3067	
6313	Quad4	3125	3126	3097	3096	
6314	Quad4	3154	3155	3126	3125	
6315	Quad4	3183	3184	3155	3154	
6316	Quad4	3212	3213	3184	3183	
6317	Quad4	3241	3242	3213	3212	
6318	Quad4	3270	3271	3242	3241	
6319	Quad4	3299	3300	3271	3270	
6320	Quad4	3328	3329	3300	3299	
6321	Quad4	3357	3358	3329	3328	
6322	Quad4	3386	3387	3358	3357	
6323	Quad4	3415	3416	3387	3386	
6324	Quad4	3444	3445	3416	3415	
6325	Quad4	3473	3474	3445	3444	
6326	Quad4	3502	3503	3474	3473	
6327	Quad4	3531	3532	3503	3502	
6328	Quad4	3560	3561	3532	3531	
6329	Quad4	3589	3590	3561	3560	
6330	Quad4	3618	3619	3590	3589	
6331	Quad4	3647	3648	3619	3618	
6332	Quad4	3676	3677	3648	3647	
6333	Quad4	3705	3706	3677	3676	
6334	Quad4	3734	3735	3706	3705	
6335	Quad4	3763	3764	3735	3734	
6336	Quad4	3792	3793	3764	3763	
6337	Quad4	3821	3822	3793	3792	
6338	Quad4	3850	3851	3822	3821	
6339	Quad4	3879	3880	3851	3850	
6340	Quad4	3908	3909	3880	3879	
6341	Quad4	3937	3938	3909	3908	
6342	Quad4	3966	3967	3938	3937	
6343	Quad4	3995	3996	3967	3966	
6344	Quad4	4024	4025	3996	3995	
6345	Quad4	4053	4054	4025	4024	
6346	Quad4	4082	4083	4054	4053	
6347	Quad4	4111	4112	4083	4082	
6348	Quad4	4140	4141	4112	4111	
6349	Quad4	4169	4170	4141	4140	
6350	Quad4	4198	4199	4170	4169	
6351	Quad4	4227	4228	4199	4198	
6352	Quad4	4256	4257	4228	4227	
6353	Quad4	4285	4286	4257	4256	
6354	Quad4	4314	4315	4286	4285	
6355	Quad4	4343	4344	4315	4314	
6356	Quad4	4372	4373	4344	4343	
6357	Quad4	4401	4402	4373	4372	
6358	Quad4	4430	4431	4402	4401	
6359	Quad4	4459	4460	4431	4430	
6360	Quad4	4488	4489	4460	4459	
6361	Quad4	4517	4518	4489	4488	
6362	Quad4	4546	4547	4518	4517	
6363	Quad4	4575	4576	4547	4546	
6364	Quad4	4604	4605	4576	4575	
6365	Quad4	4633	4634	4605	4604	
6366	Quad4	4662	4663	4634	4633	
6367	Quad4	4691	4692	4663	4662	
6368	Quad4	4720	4721	4692	4691	
6369	Quad4	4749	4750	4721	4720	
6370	Quad4	4778	4779	4750	4749	
6371	Quad4	4807	4808	4779	4778	
6372	Quad4	4836	4837	4808	4807	
6373	Quad4	4865	4866	4837	4836	
6374	Quad4	4894	4895	4866	4865	
6375	Quad4	4923	4924	4895	4894	
6376	Quad4	4952	4953	4924	4923	
6377	Quad4	4981	4982	4953	4952	
6378	Quad4	5010	5011	4982	4981	
6379	Quad4	5039	5040	5011	5010	
6380	Quad4	5068	5069	5040	5039	
6381	Quad4	5097	5098	5069	5068	
6382	Quad4	5126	5127	5098	5097	
6383	Quad4	5155	5156	5127	5126	
6384	Quad4	5184	5185	5156	5155	
6385	Quad4	5213	5214	5185	5184	
6386	Quad4	5242	5243	5214	5213	
6387	Quad4	5271	5272	5243	5242	
6388	Quad4	5300	5301	5272	5271	
6389	Quad4	5329	5330	5301	5300	
6390	Quad4	5358	5359	5330	5329	
6391	Quad4	5387	5388	5359	5358	
6392	Quad4	5416	5417	5388	5387	
6393	Quad4	5445	5446	5417	5416	
6394	Quad4	5474	5475	5446	5445	
6395	Quad4	5503	5504	5475	5474	
6396	Quad4	5532	5533	5504	5503	
6397	Quad4	5561	5562	5533	5532	
6398	Quad4	5590	5591	5562	5561	
6399	Quad4	5619	5620	5591	5590	
6400	Quad4	5648	5649	5620	5619	
6401	Quad4	5677	5678	5649	5648	
6402	Quad4	5706	5707	5678	5677	
6403	Quad4	5735	5736	5707	5706	
6404	Quad4	5764	5765	5736	5735	
6405	Quad4	5793	5794	5765	5764	
6406	Quad4	5822	5823	5794	5793	
6407	Quad4	5851	5852	5823	5822	
6408	Quad4	5880	5881	5852	5851	
6409	Quad4	5909	5910	5881	5880	
6410	Quad4	5938	5939	5910	5909	
6411	Quad4	5967	5968	5939	5938	
6412	Quad4	5996	5997	5968	5967	
6413	Quad4	6025	6026	5997	5996	
6414	Quad4	6054	6055	6026	6025	
6415	Quad4	6083	6084	6055	6054	
6416	Quad4	6112	6113	6084	6083	
6417	Quad4	6141	6142	6113	6112	
6418	Quad4	6170	6171	6142	6141	
6419	Quad4	6199	6200	6171	6170	
6420	Quad4	2768	2767	6200	6199	
6421	Quad4	2778	2779	6230	6229	
6422	Quad4	2807	2808	2779	2778	
6423	Quad4	2836	2837	2808	2807	
6424	Quad4	2865	2866	2837	2836	
6425	Quad4	2894	2895	2866	2865	
6426	Quad4	2923	2924	2895	2894	
6427	Quad4	2952	2953	2924	2923	
6428	Quad4	2981	2982	2953	2952	
6429	Quad4	3010	3011	2982	2981	
6430	Quad4	3039	3040	3011	3010	
6431	Quad4	3068	3069	3040	3039	
6432	Quad4	3097	3098	3069	3068	
6433	Quad4	3126	3127	3098	3097	
6434	Quad4	3155	3156	3127	3126	
6435	Quad4	3184	3185	3156	3155	
6436	Quad4	3213	3214	3185	3184	
6437	Quad4	3242	3243	3214	3213	
6438	Quad4	3271	3272	3243	3242	
6439	Quad4	3300	3301	3272	3271	
6440	Quad4	3329	3330	3301	3300	
6441	Quad4	3358	3359	3330	3329	
6442	Quad4	3387	3388	3359	3358	
6443	Quad4	3416	3417	3388	3387	
6444	Quad4	3445	3446	3417	3416	
6445	Quad4	3474	3475	3446	3445	
6446	Quad4	3503	3504	3475	3474	
6447	Quad4	3532	3533	3504	3503	
6448	Quad4	3561	3562	3533	3532	
6449	Quad4	3590	3591	3562	3561	
6450	Quad4	3619	3620	3591	3590	
6451	Quad4	3648	3649	3620	3619	
6452	Quad4	3677	3678	3649	3648	
6453	Quad4	3706	3707	3678	3677	
6454	Quad4	3735	3736	3707	3706	
6455	Quad4	3764	3765	3736	3735	
6456	Quad4	3793	3794	3765	3764	
6457	Quad4	3822	3823	3794	3793	
6458	Quad4	3851	3852	3823	3822	
6459	Quad4	3880	3881	3852	3851	
6460	Quad4	3909	3910	3881	3880	
6461	Quad4	3938	3939	3910	3909	
6462	Quad4	3967	3968	3939	3938	
6463	Quad4	3996	3997	3968	3967	
6464	Quad4	4025	4026	3997	3996	
6465	Quad4	4054	4055	4026	4025	
6466	Quad4	4083	4084	4055	4054	
6467	Quad4	4112	4113	4084	4083	
6468	Quad4	4141	4142	4113	4112	
6469	Quad4	4170	4171	4142	4141	
6470	Quad4	4199	4200	4171	4170	
6471	Quad4	4228	4229	4200	4199	
6472	Quad4	4257	4258	4229	4228	
6473	Quad4	4286	4287	4258	4257	
6474	Quad4	4315	4316	4287	4286	
6475	Quad4	4344	4345	4316	4315	
6476	Quad4	4373	4374	4345	4344	
6477	Quad4	4402	4403	4374	4373	
6478	Quad4	4431	4432	4403	4402	
6479	Quad4	4460	4461	4432	4431	
6480	Quad4	4489	4490	4461	4460	
6481	Quad4	4518	4519	4490	4489	
6482	Quad4	4547	4548	4519	4518	
6483	Quad4	4576	4577	4548	4547	
6484	Quad4	4605	4606	4577	4576	
6485	Quad4	4634	4635	4606	4605	
6486	Quad4	4663	4664	4635	4634	
6487	Quad4	4692	4693	4664	4663	
6488	Quad4	4721	4722	4693	4692	
6489	Quad4	4750	4751	4722	4721	
6490	Quad4	4779	4780	4751	4750	
6491	Quad4	4808	4809	4780	4779	
6492	Quad4	4837	4838	4809	4808	
6493	Quad4	4866	4867	4838	4837	
6494	Quad4	4895	4896	4867	4866	
6495	Quad4	4924	4925	4896	4895	
6496	Quad4	4953	4954	4925	4924	
6497	Quad4	4982	4983	4954	4953	
6498	Quad4	5011	5012	4983	4982	
6499	Quad4	5040	5041	5012	5011	
6500	Quad4	5069	5070	5041	5040	
6501	Quad4	5098	5099	5070	5069	
6502	Quad4	5127	5128	5099	5098	
6503	Quad4	5156	5157	5128	5127	
6504	Quad4	5185	5186	5157	5156	
6505	Quad4	5214	5215	5186	5185	
6506	Quad4	5243	5244	5215	5214	
6507	Quad4	5272	5273	5244	5243	
6508	Quad4	5301	5302	5273	5272	
6509	Quad4	5330	5331	5302	5301	
6510	Quad4	5359	5360	5331	5330	
6511	Quad4	5388	5389	5360	5359	
6512	Quad4	5417	5418	5389	5388	
6513	Quad4	5446	5447	5418	5417	
6514	Quad4	5475	5476	5447	5446	
6515	Quad4	5504	5505	5476	5475	
6516	Quad4	5533	5534	5505	5504	
6517	Quad4	5562	5563	5534	5533	
6518	Quad4	5591	5592	5563	5562	
6519	Quad4	5620	5621	5592	5591	
6520	Quad4	5649	5650	5621	5620	
6521	Quad4	5678	5679	5650	5649	
6522	Quad4	5707	5708	5679	5678	
6523	Quad4	5736	5737	5708	5707	
6524	Quad4	5765	5766	5737	5736	
6525	Quad4	5794	5795	5766	5765	
6526	Quad4	5823	5824	5795	5794	
6527	Quad4	5852	5853	5824	5823	
6528	Quad4	5881	5882	5853	5852	
6529	Quad4	5910	5911	5882	5881	
6530	Quad4	5939	5940	5911	5910	
6531	Quad4	5968	5969	5940	5939	
6532	Quad4	5997	5998	5969	5968	
6533	Quad4	6026	6027	5998	5997	
6534	Quad4	6055	6056	6027	6026	
6535	Quad4	6084	6085	6056	6055	
6536	Quad4	6113	6114	6085	6084	
6537	Quad4	6142	6143	6114	6113	
6538	Quad4	6171	6172	6143	6142	
6539	Quad4	6200	6201	6172	6171	
6540	Quad4	2767	2766	6201	6200	
6541	Quad4	2779	2780	6231	6230	
6542	Quad4	2808	2809	2780	2779	
6543	Quad4	2837	2838	2809	2808	
6544	Quad4	2866	2867	2838	2837	
6545	Quad4	2895	2896	2867	2866	
6546	Quad4	2924	2925	2896	2895	
6547	Quad4	2953	2954	2925	2924	
6548	Quad4	2982	2983	2954	2953	
6549	Quad4	3011	3012	2983	2982	
6550	Quad4	3040	3041	3012	3011	
6551	Quad4	3069	3070	3041	3040	
6552	Quad4	3098	3099	3070	3069	
6553	Quad4	3127	3128	3099	3098	
6554	Quad4	3156	3157	3128	3127	
6555	Quad4	3185	3186	3157	3156	
6556	Quad4	3214	3215	3186	3185	
6557	Quad4	3243	3244	3215	3214	
6558	Quad4	3272	3273	3244	3243	
6559	Quad4	3301	3302	3273	3272	
6560	Quad4	3330	3331	3302	3301	
6561	Quad4	3359	3360	3331	3330	
6562	Quad4	3388	3389	3360	3359	
6563	Quad4	3417	3418	3389	3388	
6564	Quad4	3446	3447	3418	3417	
6565	Quad4	3475	3476	3447	3446	
6566	Quad4	3504	3505	3476	3475	
6567	Quad4	3533	3534	3505	3504	
6568	Quad4	3562	3563	3534	3533	
6569	Quad4	3591	3592	3563	3562	
6570	Quad4	3620	3621	3592	3591	
6571	Quad4	3649	3650	3621	3620	
6572	Quad4	3678	3679	3650	3649	
6573	Quad4	3707	3708	3679	3678	
6574	Quad4	3736	3737	3708	3707	
6575	Quad4	3765	3766	3737	3736	
6576	Quad4	3794	3795	3766	3765	
6577	Quad4	3823	3824	3795	3794	
6578	Quad4	3852	3853	3824	3823	
6579	Quad4	3881	3882	3853	3852	
6580	Quad4	3910	3911	3882	3881	
6581	Quad4	3939	3940	3911	3910	
6582	Quad4	3968	3969	3940	3939	
6583	Quad4	3997	3998	3969	3968	
6584	Quad4	4026	4027	3998	3997	
6585	Quad4	4055	4056	4027	4026	
6586	Quad4	4084	4085	4056	4055	
6587	Quad4	4113	4114	4085	4084	
6588	Quad4	4142	4143	4114	4113	
6589	Quad4	4171	4172	4143	4142	
6590	Quad4	4200	4201	4172	4171	
6591	Quad4	4229	4230	4201	4200	
6592	Quad4	4258	4259	4230	4229	
6593	Quad4	4287	4288	4259	4258	
6594	Quad4	4316	4317	4288	4287	
6595	Quad4	4345	4346	4317	4316	
6596	Quad4	4374	4375	4346	4345	
6597	Quad4	4403	4404	4375	4374	
6598	Quad4	4432	4433	4404	4403	
6599	Quad4	4461	4462	4433	4432	
6600	Quad4	4490	4491	4462	4461	
6601	Quad4	4519	4520	4491	4490	
6602	Quad4	4548	4549	4520	4519	
6603	Quad4	4577	4578	4549	4548	
6604	Quad4	4606	4607	4578	4577	
6605	Quad4	4635	4636	4607	4606	
6606	Quad4	4664	4665	4636	4635	
6607	Quad4	4693	4694	4665	4664	
6608	Quad4	4722	4723	4694	4693	
6609	Quad4	4751	4752	4723	4722	
6610	Quad4	4780	4781	4752	4751	
6611	Quad4	4809	4810	4781	4780	
6612	Quad4	4838	4839	4810	4809	
6613	Quad4	4867	4868	4839	4838	
6614	Quad4	4896	4897	4868	4867	
6615	Quad4	4925	4926	4897	4896	
6616	Quad4	4954	4955	4926	4925	
6617	Quad4	4983	4984	4955	4954	
6618	Quad4	5012	5013	4984	4983	
6619	Quad4	5041	5042	5013	5012	
6620	Quad4	5070	5071	5042	5041	
6621	Quad4	5099	5100	5071	5070	
6622	Quad4	5128	5129	5100	5099	
6623	Quad4	5157	5158	5129	5128	
6624	Quad4	5186	5187	5158	5157	
6625	Quad4	5215	5216	5187	5186	
6626	Quad4	5244	5245	5216	5215	
6627	Quad4	5273	5274	5245	5244	
6628	Quad4	5302	5303	5274	5273	
6629	Quad4	5331	5332	5303	5302	
6630	Quad4	5360	5361	5332	5331	
6631	Quad4	5389	5390	5361	5360	
6632	Quad4	5418	5419	5390	5389	
6633	Quad4	5447	5448	5419	5418	
6634	Quad4	5476	5477	5448	5447	
6635	Quad4	5505	5506	5477	5476	
6636	Quad4	5534	5535	5506	5505	
6637	Quad4	5563	5564	5535	5534	
6638	Quad4	5592	5593	5564	5563	
6639	Quad4	5621	5622	5593	5592	
6640	Quad4	5650	5651	5622	5621	
6641	Quad4	5679	5680	5651	5650	
6642	Quad4	5708	5709	5680	5679	
6643	Quad4	5737	5738	5709	5708	
6644	Quad4	5766	5767	5738	5737	
6645	Quad4	5795	5796	5767	5766	
6646	Quad4	5824	5825	5796	5795	
6647	Quad4	5853	5854	5825	5824	
6648	Quad4	5882	5883	5854	5853	
6649	Quad4	5911	5912	5883	5882	
6650	Quad4	5940	5941	5912	5911	
6651	Quad4	5969	5970	5941	5940	
6652	Quad4	5998	5999	5970	5969	
6653	Quad4	6027	6028	5999	5998	
6654	Quad4	6056	6057	6028	6027	
6655	Quad4	6085	6086	6057	6056	
6656	Quad4	6114	6115	6086	6085	
6657	Quad4	6143	6144	6115	6114	
6658	Quad4	6172	6173	6144	6143	
6659	Quad4	6201	6202	6173	6172	
6660	Quad4	2766	2765	6202	6201	
6661	Quad4	2780	2781	6232	6231	
6662	Quad4	2809	2810	2781	2780	
6663	Quad4	2838	2839	2810	2809	
6664	Quad4	2867	2868	2839	2838	
6665	Quad4	2896	2897	2868	2867	
6666	Quad4	2925	2926	2897	2896	
6667	Quad4	2954	2955	2926	2925	
6668	Quad4	2983	2984	2955	2954	
6669	Quad4	3012	3013	2984	2983	
6670	Quad4	3041	3042	3013	3012	
6671	Quad4	3070	3071	3042	3041	
6672	Quad4	3099	3100	3071	3070	
6673	Quad4	3128	3129	3100	3099	
6674	Quad4	3157	3158	3129	3128	
6675	Quad4	3186	3187	3158	3157	
6676	Quad4	3215	3216	3187	3186	
6677	Quad4	3244	3245	3216	3215	
6678	Quad4	3273	3274	3245	3244	
6679	Quad4	3302	3303	3274	3273	
6680	Quad4	3331	3332	3303	3302	
6681	Quad4	3360	3361	3332	3331	
6682	Quad4	3389	3390	3361	3360	
6683	Quad4	3418	3419	3390	3389	
6684	Quad4	3447	3448	3419	3418	
6685	Quad4	3476	3477	3448	3447	
6686	Quad4	3505	3506	3477	3476	
6687	Quad4	3534	3535	3506	3505	
6688	Quad4	3563	3564	3535	3534	
6689	Quad4	3592	3593	3564	3563	
6690	Quad4	3621	3622	3593	3592	
6691	Quad4	3650	3651	3622	3621	
6692	Quad4	3679	3680	3651	3650	
6693	Quad4	3708	3709	3680	3679	
6694	Quad4	3737	3738	3709	3708	
6695	Quad4	3766	3767	3738	3737	
6696	Quad4	3795	3796	3767	3766	
6697	Quad4	3824	3825	3796	3795	
6698	Quad4	3853	3854	3825	3824	
6699	Quad4	3882	3883	3854	3853	
6700	Quad4	3911	3912	3883	3882	
6701	Quad4	3940	3941	3912	3911	
6702	Quad4	3969	3970	3941	3940	
6703	Quad4	3998	3999	3970	3969	
6704	Quad4	4027	4028	3999	3998	
6705	Quad4	4056	4057	4028	4027	
6706	Quad4	4085	4086	4057	4056	
6707	Quad4	4114	4115	4086	4085	
6708	Quad4	4143	4144	4115	4114	
6709	Quad4	4172	4173	4144	4143	
6710	Quad4	4201	4202	4173	4172	
6711	Quad4	4230	4231	4202	4201	
6712	Quad4	4259	4260	4231	4230	
6713	Quad4	4288	4289	4260	4259	
6714	Quad4	4317	4318	4289	4288	
6715	Quad4	4346	4347	4318	4317	
6716	Quad4	4375	4376	4347	4346	
6717	Quad4	4404	4405	4376	4375	
6718	Quad4	4433	4434	4405	4404	
6719	Quad4	4462	4463	4434	4433	
6720	Quad4	4491	4492	4463	4462	
6721	Quad4	4520	4521	4492	4491	
6722	Quad4	4549	4550	4521	4520	
6723	Quad4	4578	4579	4550	4549	
6724	Quad4	4607	4608	4579	4578	
6725	Quad4	4636	4637	4608	4607	
6726	Quad4	4665	4666	4637	4636	
6727	Quad4	4694	4695	4666	4665	
6728	Quad4	4723	4724	4695	4694	
6729	Quad4	4752	4753	4724	4723	
6730	Quad4	4781	4782	4753	4752	
6731	Quad4	4810	4811	4782	4781	
6732	Quad4	4839	4840	4811	4810	
6733	Quad4	4868	4869	4840	4839	
6734	Quad4	4897	4898	4869	4868	
6735	Quad4	4926	4927	4898	4897	
6736	Quad4	4955	4956	4927	4926	
6737	Quad4	4984	4985	4956	4955	
6738	Quad4	5013	5014	4985	4984	
6739	Quad4	5042	5043	5014	5013	
6740	Quad4	5071	5072	5043	5042	
6741	Quad4	5100	5101	5072	5071	
6742	Quad4	5129	5130	5101	5100	
6743	Quad4	5158	5159	5130	5129	
6744	Quad4	5187	5188	5159	5158	
6745	Quad4	5216	5217	5188	5187	
6746	Quad4	5245	5246	5217	5216	
6747	Quad4	5274	5275	5246	5245	
6748	Quad4	5303	5304	5275	5274	
6749	Quad4	5332	5333	5304	5303	
6750	Quad4	5361	5362	5333	5332	
6751	Quad4	5390	5391	5362	5361	
6752	Quad4	5419	5420	5391	5390	
6753	Quad4	5448	5449	5420	5419	
6754	Quad4	5477	5478	5449	5448	
6755	Quad4	5506	5507	5478	5477	
6756	Quad4	5535	5536	5507	5506	
6757	Quad4	5564	5565	5536	5535	
6758	Quad4	5593	5594	5565	5564	
6759	Quad4	5622	5623	5594	5593	
6760	Quad4	5651	5652	5623	5622	
6761	Quad4	5680	5681	5652	5651	
6762	Quad4	5709	5710	5681	5680	
6763	Quad4	5738	5739	5710	5709	
6764	Quad4	5767	5768	5739	5738	
6765	Quad4	5796	5797	5768	5767	
6766	Quad4	5825	5826	5797	5796	
6767	Quad4	5854	5855	5826	5825	
6768	Quad4	5883	5884	5855	5854	
6769	Quad4	5912	5913	5884	5883	
6770	Quad4	5941	5942	5913	5912	
6771	Quad4	5970	5971	5942	5941	
6772	Quad4	5999	6000	5971	5970	
6773	Quad4	6028	6029	6000	5999	
6774	Quad4	6057	6058	6029	6028	
6775	Quad4	6086	6087	6058	6057	
6776	Quad4	6115	6116	6087	6086	
6777	Quad4	6144	6145	6116	6115	
6778	Quad4	6173	6174	6145	6144	
6779	Quad4	6202	6203	6174	6173	
6780	Quad4	2765	2764	6203	6202	
6781	Quad4	2781	2782	6233	6232	
6782	Quad4	2810	2811	2782	2781	
6783	Quad4	2839	2840	2811	2810	
6784	Quad4	2868	2869	2840	2839	
6785	Quad4	2897	2898	2869	2868	
6786	Quad4	2926	2927	2898	2897	
6787	Quad4	2955	2956	2927	2926	
6788	Quad4	2984	2985	2956	2955	
6789	Quad4	3013	3014	2985	2984	
6790	Quad4	3042	3043	3014	3013	
6791	Quad4	3071	3072	3043	3042	
6792	Quad4	3100	3101	3072	3071	
6793	Quad4	3129	3130	3101	3100	
6794	Quad4	3158	3159	3130	3129	
6795	Quad4	3187	3188	3159	3158	
6796	Quad4	3216	3217	3188	3187	
6797	Quad4	3245	3246	3217	3216	
6798	Quad4	3274	3275	3246	3245	
6799	Quad4	3303	3304	3275	3274	
6800	Quad4	3332	3333	3304	3303	
6801	Quad4	3361	3362	3333	3332	
6802	Quad4	3390	3391	3362	3361	
6803	Quad4	3419	3420	3391	3390	
6804	Quad4	3448	3449	3420	3419	
6805	Quad4	3477	3478	3449	3448	
6806	Quad4	3506	3507	3478	3477	
6807	Quad4	3535	3536	3507	3506	
6808	Quad4	3564	3565	3536	3535	
6809	Quad4	3593	3594	3565	3564	
6810	Quad4	3622	3623	3594	3593	
6811	Quad4	3651	3652	3623	3622	
6812	Quad4	3680	3681	3652	3651	
6813	Quad4	3709	3710	3681	3680	
6814	Quad4	3738	3739	3710	3709	
6815	Quad4	3767	3768	3739	3738	
6816	Quad4	3796	3797	3768	3767	
6817	Quad4	3825	3826	3797	3796	
6818	Quad4	3854	3855	3826	3825	
6819	Quad4	3883	3884	3855	3854	
6820	Quad4	3912	3913	3884	3883	
6821	Quad4	3941	3942	3913	3912	
6822	Quad4	3970	3971	3942	3941	
6823	Quad4	3999	4000	3971	3970	
6824	Quad4	4028	4029	4000	3999	
6825	Quad4	4057	4058	4029	4028	
6826	Quad4	4086	4087	4058	4057	
6827	Quad4	4115	4116	4087	4086	
6828	Quad4	4144	4145	4116	4115	
6829	Quad4	4173	4174	4145	4144	
6830	Quad4	4202	4203	4174	4173	
6831	Quad4	4231	4232	4203	4202	
6832	Quad4	4260	4261	4232	4231	
6833	Quad4	4289	4290	4261	4260	
6834	Quad4	4318	4319	4290	4289	
6835	Quad4	4347	4348	4319	4318	
6836	Quad4	4376	4377	4348	4347	
6837	Quad4	4405	4406	4377	4376	
6838	Quad4	4434	4435	4406	4405	
6839	Quad4	4463	4464	4435	4434	
6840	Quad4	4492	4493	4464	4463	
6841	Quad4	4521	4522	4493	4492	
6842	Quad4	4550	4551	4522	4521	
6843	Quad4	4579	4580	4551	4550	
6844	Quad4	4608	4609	4580	4579	
6845	Quad4	4637	4638	4609	4608	
6846	Quad4	4666	4667	4638	4637	
6847	Quad4	4695	4696	4667	4666	
6848	Quad4	4724	4725	4696	4695	
6849	Quad4	4753	4754	4725	4724	
6850	Quad4	4782	4783	4754	4753	
6851	Quad4	4811	4812	4783	4782	
6852	Quad4	4840	4841	4812	4811	
6853	Quad4	4869	4870	4841	4840	
6854	Quad4	4898	4899	4870	4869	
6855	Quad4	4927	4928	4899	4898	
6856	Quad4	4956	4957	4928	4927	
6857	Quad4	4985	4986	4957	4956	
6858	Quad4	5014	5015	4986	4985	
6859	Quad4	5043	5044	5015	5014	
6860	Quad4	5072	5073	5044	5043	
6861	Quad4	5101	5102	5073	5072	
6862	Quad4	5130	5131	5102	5101	
6863	Quad4	5159	5160	5131	5130	
6864	Quad4	5188	5189	5160	5159	
6865	Quad4	5217	5218	5189	5188	
6866	Quad4	5246	5247	5218	5217	
6867	Quad4	5275	5276	5247	5246	
6868	Quad4	5304	5305	5276	5275	
6869	Quad4	5333	5334	5305	5304	
6870	Quad4	5362	5363	5334	5333	
6871	Quad4	5391	5392	5363	5362	
6872	Quad4	5420	5421	5392	5391	
6873	Quad4	5449	5450	5421	5420	
6874	Quad4	5478	5479	5450	5449	
6875	Quad4	5507	5508	5479	5478	
6876	Quad4	5536	5537	5508	5507	
6877	Quad4	5565	5566	5537	5536	
6878	Quad4	5594	5595	5566	5565	
6879	Quad4	5623	5624	5595	5594	
6880	Quad4	5652	5653	5624	5623	
6881	Quad4	5681	5682	5653	5652	
6882	Quad4	5710	5711	5682	5681	
6883	Quad4	5739	5740	5711	5710	
6884	Quad4	5768	5769	5740	5739	
6885	Quad4	5797	5798	5769	5768	
6886	Quad4	5826	5827	5798	5797	
6887	Quad4	5855	5856	5827	5826	
6888	Quad4	5884	5885	5856	5855	
6889	Quad4	5913	5914	5885	5884	
6890	Quad4	5942	5943	5914	5913	
6891	Quad4	5971	5972	5943	5942	
6892	Quad4	6000	6001	5972	5971	
6893	Quad4	6029	6030	6001	6000	
6894	Quad4	6058	6059	6030	6029	
6895	Quad4	6087	6088	6059	6058	
6896	Quad4	6116	6117	6088	6087	
6897	Quad4	6145	6146	6117	6116	
6898	Quad4	6174	6175	6146	6145	
6899	Quad4	6203	6204	6175	6174	
6900	Quad4	2764	2763	6204	6203	
6901	Quad4	2782	2783	6234	6233	
6902	Quad4	2811	2812	2783	2782	
6903	Quad4	2840	2841	2812	2811	
6904	Quad4	2869	2870	2841	2840	
6905	Quad4	2898	2899	2870	2869	
6906	Quad4	2927	2928	2899	2898	
6907	Quad4	2956	2957	2928	2927	
6908	Quad4	2985	2986	2957	2956	
6909	Quad4	3014	3015	2986	2985	
6910	Quad4	3043	3044	3015	3014	
6911	Quad4	3072	3073	3044	3043	
6912	Quad4	3101	3102	3073	3072	
6913	Quad4	3130	3131	3102	3101	
6914	Quad4	3159	3160	3131	3130	
6915	Quad4	3188	3189	3160	3159	
6916	Quad4	3217	3218	3189	3188	
6917	Quad4	3246	3247	3218	3217	
6918	Quad4	3275	3276	3247	3246	
6919	Quad4	3304	3305	3276	3275	
6920	Quad4	3333	3334	3305	3304	
6921	Quad4	3362	3363	3334	3333	
6922	Quad4	3391	3392	3363	3362	
6923	Quad4	3420	3421	3392	3391	
6924	Quad4	3449	3450	3421	3420	
6925	Quad4	3478	3479	3450	3449	
6926	Quad4	3507	3508	3479	3478	
6927	Quad4	3536	3537	3508	3507	
6928	Quad4	3565	3566	3537	3536	
6929	Quad4	3594	3595	3566	3565	
6930	Quad4	3623	3624	3595	3594	
6931	Quad4	3652	3653	3624	3623	
6932	Quad4	3681	3682	3653	3652	
6933	Quad4	3710	3711	3682	3681	
6934	Quad4	3739	3740	3711	3710	
6935	Quad4	3768	3769	3740	3739	
6936	Quad4	3797	3798	3769	3768	
6937	Quad4	3826	3827	3798	3797	
6938	Quad4	3855	3856	3827	3826	
6939	Quad4	3884	3885	3856	3855	
6940	Quad4	3913	3914	3885	3884	
6941	Quad4	3942	3943	3914	3913	
6942	Quad4	3971	3972	3943	3942	
6943	Quad4	4000	4001	3972	3971	
6944	Quad4	4029	4030	4001	4000	
6945	Quad4	4058	4059	4030	4029	
6946	Quad4	4087	4088	4059	4058	
6947	Quad4	4116	4117	4088	4087	
6948	Quad4	4145	4146	4117	4116	
6949	Quad4	4174	4175	4146	4145	
6950	Quad4	4203	4204	4175	4174	
6951	Quad4	4232	4233	4204	4203	
6952	Quad4	4261	4262	4233	4232	
6953	Quad4	4290	4291	4262	4261	
6954	Quad4	4319	4320	4291	4290	
6955	Quad4	4348	4349	4320	4319	
6956	Quad4	4377	4378	4349	4348	
6957	Quad4	4406	4407	4378	4377	
6958	Quad4	4435	4436	4407	4406	
6959	Quad4	4464	4465	4436	4435	
6960	Quad4	4493	4494	4465	4464	
6961	Quad4	4522	4523	4494	4493	
6962	Quad4	4551	4552	4523	4522	
6963	Quad4	4580	4581	4552	4551	
6964	Quad4	4609	4610	4581	4580	
6965	Quad4	4638	4639	4610	4609	
6966	Quad4	4667	4668	4639	4638	
6967	Quad4	4696	4697	4668	4667	
6968	Quad4	4725	4726	4697	4696	
6969	Quad4	4754	4755	4726	4725	
6970	Quad4	4783	4784	4755	4754	
6971	Quad4	4812	4813	4784	4783	
6972	Quad4	4841	4842	4813	4812	
6973	Quad4	4870	4871	4842	4841	
6974	Quad4	4899	4900	4871	4870	
6975	Quad4	4928	4929	4900	4899	
6976	Quad4	4957	4958	4929	4928	
6977	Quad4	4986	4987	4958	4957	
6978	Quad4	5015	5016	4987	4986	
6979	Quad4	5044	5045	5016	5015	
6980	Quad4	5073	5074	5045	5044	
6981	Quad4	5102	5103	5074	5073	
6982	Quad4	5131	5132	5103	5102	
6983	Quad4	5160	5161	5132	5131	
6984	Quad4	5189	5190	5161	5160	
6985	Quad4	5218	5219	5190	5189	
6986	Quad4	5247	5248	5219	5218	
6987	Quad4	5276	5277	5248	5247	
6988	Quad4	5305	5306	5277	5276	
6989	Quad4	5334	5335	5306	5305	
6990	Quad4	5363	5364	5335	5334	
6991	Quad4	5392	5393	5364	5363	
6992	Quad4	5421	5422	5393	5392	
6993	Quad4	5450	5451	5422	5421	
6994	Quad4	5479	5480	5451	5450	
6995	Quad4	5508	5509	5480	5479	
6996	Quad4	5537	5538	5509	5508	
6997	Quad4	5566	5567	5538	5537	
6998	Quad4	5595	5596	5567	5566	
6999	Quad4	5624	5625	5596	5595	
7000	Quad4	5653	5654	5625	5624	
7001	Quad4	5682	5683	5654	5653	
7002	Quad4	5711	5712	5683	5682	
7003	Quad4	5740	5741	5712	5711	
7004	Quad4	5769	5770	5741	5740	
7005	Quad4	5798	5799	5770	5769	
7006	Quad4	5827	5828	5799	5798	
7007	Quad4	5856	5857	5828	5827	
7008	Quad4	5885	5886	5857	5856	
7009	Quad4	5914	5915	5886	5885	
7010	Quad4	5943	5944	5915	5914	
7011	Quad4	5972	5973	5944	5943	
7012	Quad4	6001	6002	5973	5972	
7013	Quad4	6030	6031	6002	6001	
7014	Quad4	6059	6060	6031	6030	
7015	Quad4	6088	6089	6060	6059	
7016	Quad4	6117	6118	6089	6088	
7017	Quad4	6146	6147	6118	6117	
7018	Quad4	6175	6176	6147	6146	
7019	Quad4	6204	6205	6176	6175	
7020	Quad4	2763	2762	6205	6204	
7021	Quad4	2783	2784	6235	6234	
7022	Quad4	2812	2813	2784	2783	
7023	Quad4	2841	2842	2813	2812	
7024	Quad4	2870	2871	2842	2841	
7025	Quad4	2899	2900	2871	2870	
7026	Quad4	2928	2929	2900	2899	
7027	Quad4	2957	2958	2929	2928	
7028	Quad4	2986	2987	2958	2957	
7029	Quad4	3015	3016	2987	2986	
7030	Quad4	3044	3045	3016	3015	
7031	Quad4	3073	3074	3045	3044	
7032	Quad4	3102	3103	3074	3073	
7033	Quad4	3131	3132	3103	3102	
7034	Quad4	3160	3161	3132	3131	
7035	Quad4	3189	3190	3161	3160	
7036	Quad4	3218	3219	3190	3189	
7037	Quad4	3247	3248	3219	3218	
7038	Quad4	3276	3277	3248	3247	
7039	Quad4	3305	3306	3277	3276	
7040	Quad4	3334	3335	3306	3305	
7041	Quad4	3363	3364	3335	3334	
7042	Quad4	3392	3393	3364	3363	
7043	Quad4	3421	3422	3393	3392	
7044	Quad4	3450	3451	3422	3421	
7045	Quad4	3479	3480	3451	3450	
7046	Quad4	3508	3509	3480	3479	
7047	Quad4	3537	3538	3509	3508	
7048	Quad4	3566	3567	3538	3537	
7049	Quad4	3595	3596	3567	3566	
7050	Quad4	3624	3625	3596	3595	
7051	Quad4	3653	3654	3625	3624	
7052	Quad4	3682	3683	3654	3653	
7053	Quad4	3711	3712	3683	3682	
7054	Quad4	3740	3741	3712	3711	
7055	Quad4	3769	3770	3741	3740	
7056	Quad4	3798	3799	3770	3769	
7057	Quad4	3827	3828	3799	3798	
7058	Quad4	3856	3857	3828	3827	
7059	Quad4	3885	3886	3857	3856	
7060	Quad4	3914	3915	3886	3885	
7061	Quad4	3943	3944	3915	3914	
7062	Quad4	3972	3973	3944	3943	
7063	Quad4	4001	4002	3973	3972	
7064	Quad4	4030	4031	4002	4001	
7065	Quad4	4059	4060	4031	4030	
7066	Quad4	4088	4089	4060	4059	
7067	Quad4	4117	4118	4089	4088	
7068	Quad4	4146	4147	4118	4117	
7069	Quad4	4175	4176	4147	4146	
7070	Quad4	4204	4205	4176	4175	
7071	Quad4	4233	4234	4205	4204	
7072	Quad4	4262	4263	4234	4233	
7073	Quad4	4291	4292	4263	4262	
7074	Quad4	4320	4321	4292	4291	
7075	Quad4	4349	4350	4321	4320	
7076	Quad4	4378	4379	4350	4349	
7077	Quad4	4407	4408	4379	4378	
7078	Quad4	4436	4437	4408	4407	
7079	Quad4	4465	4466	4437	4436	
7080	Quad4	4494	4495	4466	4465	
7081	Quad4	4523	4524	4495	4494	
7082	Quad4	4552	4553	4524	4523	
7083	Quad4	4581	4582	4553	4552	
7084	Quad4	4610	4611	4582	4581	
7085	Quad4	4639	4640	4611	4610	
7086	Quad4	4668	4669	4640	4639	
7087	Quad4	4697	4698	4669	4668	
7088	Quad4	4726	4727	4698	4697	
7089	Quad4	4755	4756	4727	4726	
7090	Quad4	4784	4785	4756	4755	
7091	Quad4	4813	4814	4785	4784	
7092	Quad4	4842	4843	4814	4813	
7093	Quad4	4871	4872	4843	4842	
7094	Quad4	4900	4901	4872	4871	
7095	Quad4	4929	4930	4901	4900	
7096	Quad4	4958	4959	4930	4929	
7097	Quad4	4987	4988	4959	4958	
7098	Quad4	5016	5017	4988	4987	
7099	Quad4	5045	5046	5017	5016	
7100	Quad4	5074	5075	5046	5045	
7101	Quad4	5103	5104	5075	5074	
7102	Quad4	5132	5133	5104	5103	
7103	Quad4	5161	5162	5133	5132	
7104	Quad4	5190	5191	5162	5161	
7105	Quad4	5219	5220	5191	5190	
7106	Quad4	5248	5249	5220	5219	
7107	Quad4	5277	5278	5249	5248	
7108	Quad4	5306	5307	5278	5277	
7109	Quad4	5335	5336	5307	5306	
7110	Quad4	5364	5365	5336	5335	
7111	Quad4	5393	5394	5365	5364	
7112	Quad4	5422	5423	5394	5393	
7113	Quad4	5451	5452	5423	5422	
7114	Quad4	5480	5481	5452	5451	
7115	Quad4	5509	5510	5481	5480	
7116	Quad4	5538	5539	5510	5509	
7117	Quad4	5567	5568	5539	5538	
7118	Quad4	5596	5597	5568	5567	
7119	Quad4	5625	5626	5597	5596	
7120	Quad4	5654	5655	5626	5625	
7121	Quad4	5683	5684	5655	5654	
7122	Quad4	5712	5713	5684	5683	
7123	Quad4	5741	5742	5713	5712	
7124	Quad4	5770	5771	5742	5741	
7125	Quad4	5799	5800	5771	5770	
7126	Quad4	5828	5829	5800	5799	
7127	Quad4	5857	5858	5829	5828	
7128	Quad4	5886	5887	5858	5857	
7129	Quad4	5915	5916	5887	5886	
7130	Quad4	5944	5945	5916	5915	
7131	Quad4	5973	5974	5945	5944	
7132	Quad4	6002	6003	5974	5973	
7133	Quad4	6031	6032	6003	6002	
7134	Quad4	6060	6061	6032	6031	
7135	Quad4	6089	6090	6061	6060	
7136	Quad4	6118	6119	6090	6089	
7137	Quad4	6147	6148	6119	6118	
7138	Quad4	6176	6177	6148	6147	
7139	Quad4	6205	6206	6177	6176	
7140	Quad4	2762	2761	6206	6205	
7141	Quad4	2784	2785	6236	6235	
7142	Quad4	2813	2814	2785	2784	
7143	Quad4	2842	2843	2814	2813	
7144	Quad4	2871	2872	2843	2842	
7145	Quad4	2900	2901	2872	2871	
7146	Quad4	2929	2930	2901	2900	
7147	Quad4	2958	2959	2930	2929	
7148	Quad4	2987	2988	2959	2958	
7149	Quad4	3016	3017	2988	2987	
7150	Quad4	3045	3046	3017	3016	
7151	Quad4	3074	3075	3046	3045	
7152	Quad4	3103	3104	3075	3074	
7153	Quad4	3132	3133	3104	3103	
7154	Quad4	3161	3162	3133	3132	
7155	Quad4	3190	3191	3162	3161	
7156	Quad4	3219	3220	3191	3190	
7157	Quad4	3248	3249	3220	3219	
7158	Quad4	3277	3278	3249	3248	
7159	Quad4	3306	3307	3278	3277	
7160	Quad4	3335	3336	3307	3306	
7161	Quad4	3364	3365	3336	3335	
7162	Quad4	3393	3394	3365	3364	
7163	Quad4	3422	3423	3394	3393	
7164	Quad4	3451	3452	3423	3422	
7165	Quad4	3480	3481	3452	3451	
7166	Quad4	3509	3510	3481	3480	
7167	Quad4	3538	3539	3510	3509	
7168	Quad4	3567	3568	3539	3538	
7169	Quad4	3596	3597	3568	3567	
7170	Quad4	3625	3626	3597	3596	
7171	Quad4	3654	3655	3626	3625	
7172	Quad4	3683	3684	3655	3654	
7173	Quad4	3712	3713	3684	3683	
7174	Quad4	3741	3742	3713	3712	
7175	Quad4	3770	3771	3742	3741	
7176	Quad4	3799	3800	3771	3770	
7177	Quad4	3828	3829	3800	3799	
7178	Quad4	3857	3858	3829	3828	
7179	Quad4	3886	3887	3858	3857	
7180	Quad4	3915	3916	3887	3886	
7181	Quad4	3944	3945	3916	3915	
7182	Quad4	3973	3974	3945	3944	
7183	Quad4	4002	4003	3974	3973	
7184	Quad4	4031	4032	4003	4002	
7185	Quad4	4060	4061	4032	4031	
7186	Quad4	4089	4090	4061	4060	
7187	Quad4	4118	4119	4090	4089	
7188	Quad4	4147	4148	4119	4118	
7189	Quad4	4176	4177	4148	4147	
7190	Quad4	4205	4206	4177	4176	
7191	Quad4	4234	4235	4206	4205	
7192	Quad4	4263	4264	4235	4234	
7193	Quad4	4292	4293	4264	4263	
7194	Quad4	4321	4322	4293	4292	
7195	Quad4	4350	4351	4322	4321	
7196	Quad4	4379	4380	4351	4350	
7197	Quad4	4408	4409	4380	4379	
7198	Quad4	4437	4438	4409	4408	
7199	Quad4	4466	4467	4438	4437	
7200	Quad4	4495	4496	4467	4466	
7201	Quad4	4524	4525	4496	4495	
7202	Quad4	4553	4554	4525	4524	
7203	Quad4	4582	4583	4554	4553	
7204	Quad4	4611	4612	4583	4582	
7205	Quad4	4640	4641	4612	4611	
7206	Quad4	4669	4670	4641	4640	
7207	Quad4	4698	4699	4670	4669	
7208	Quad4	4727	4728	4699	4698	
7209	Quad4	4756	4757	4728	4727	
7210	Quad4	4785	4786	4757	4756	
7211	Quad4	4814	4815	4786	4785	
7212	Quad4	4843	4844	4815	4814	
7213	Quad4	4872	4873	4844	4843	
7214	Quad4	4901	4902	4873	4872	
7215	Quad4	4930	4931	4902	4901	
7216	Quad4	4959	4960	4931	4930	
7217	Quad4	4988	4989	4960	4959	
7218	Quad4	5017	5018	4989	4988	
7219	Quad4	5046	5047	5018	5017	
7220	Quad4	5075	5076	5047	5046	
7221	Quad4	5104	5105	5076	5075	
7222	Quad4	5133	5134	5105	5104	
7223	Quad4	5162	5163	5134	5133	
7224	Quad4	5191	5192	5163	5162	
7225	Quad4	5220	5221	5192	5191	
7226	Quad4	5249	5250	5221	5220	
7227	Quad4	5278	5279	5250	5249	
7228	Quad4	5307	5308	5279	5278	
7229	Quad4	5336	5337	5308	5307	
7230	Quad4	5365	5366	5337	5336	
7231	Quad4	5394	5395	5366	5365	
7232	Quad4	5423	5424	5395	5394	
7233	Quad4	5452	5453	5424	5423	
7234	Quad4	5481	5482	5453	5452	
7235	Quad4	5510	5511	5482	5481	
7236	Quad4	5539	5540	5511	5510	
7237	Quad4	5568	5569	5540	5539	
7238	Quad4	5597	5598	5569	5568	
7239	Quad4	5626	5627	5598	5597	
7240	Quad4	5655	5656	5627	5626	
7241	Quad4	5684	5685	5656	5655	
7242	Quad4	5713	5714	5685	5684	
7243	Quad4	5742	5743	5714	5713	
7244	Quad4	5771	5772	5743	5742	
7245	Quad4	5800	5801	5772	5771	
7246	Quad4	5829	5830	5801	5800	
7247	Quad4	5858	5859	5830	5829	
7248	Quad4	5887	5888	5859	5858	
7249	Quad4	5916	5917	5888	5887	
7250	Quad4	5945	5946	5917	5916	
7251	Quad4	5974	5975	5946	5945	
7252	Quad4	6003	6004	5975	5974	
7253	Quad4	6032	6033	6004	6003	
7254	Quad4	6061	6062	6033	6032	
7255	Quad4	6090	6091	6062	6061	
7256	Quad4	6119	6120	6091	6090	
7257	Quad4	6148	6149	6120	6119	
7258	Quad4	6177	6178	6149	6148	
7259	Quad4	6206	6207	6178	6177	
7260	Quad4	2761	2760	6207	6206	
7261	Quad4	2785	2786	6237	6236	
7262	Quad4	2814	2815	2786	2785	
7263	Quad4	2843	2844	2815	2814	
7264	Quad4	2872	2873	2844	2843	
7265	Quad4	2901	2902	2873	2872	
7266	Quad4	2930	2931	2902	2901	
7267	Quad4	2959	2960	2931	2930	
7268	Quad4	2988	2989	2960	2959	
7269	Quad4	3017	3018	2989	2988	
7270	Quad4	3046	3047	3018	3017	
7271	Quad4	3075	3076	3047	3046	
7272	Quad4	3104	3105	3076	3075	
7273	Quad4	3133	3134	3105	3104	
7274	Quad4	3162	3163	3134	3133	
7275	Quad4	3191	3192	3163	3162	
7276	Quad4	3220	3221	3192	3191	
7277	Quad4	3249	3250	3221	3220	
7278	Quad4	3278	3279	3250	3249	
7279	Quad4	3307	3308	3279	3278	
7280	Quad4	3336	3337	3308	3307	
7281	Quad4	3365	3366	3337	3336	
7282	Quad4	3394	3395	3366	3365	
7283	Quad4	3423	3424	3395	3394	
7284	Quad4	3452	3453	3424	3423	
7285	Quad4	3481	3482	3453	3452	
7286	Quad4	3510	3511	3482	3481	
7287	Quad4	3539	3540	3511	3510	
7288	Quad4	3568	3569	3540	3539	
7289	Quad4	3597	3598	3569	3568	
7290	Quad4	3626	3627	3598	3597	
7291	Quad4	3655	3656	3627	3626	
7292	Quad4	3684	3685	3656	3655	
7293	Quad4	3713	3714	3685	3684	
7294	Quad4	3742	3743	3714	3713	
7295	Quad4	3771	3772	3743	3742	
7296	Quad4	3800	3801	3772	3771	
7297	Quad4	3829	3830	3801	3800	
7298	Quad4	3858	3859	3830	3829	
7299	Quad4	3887	3888	3859	3858	
7300	Quad4	3916	3917	3888	3887	
7301	Quad4	3945	3946	3917	3916	
7302	Quad4	3974	3975	3946	3945	
7303	Quad4	4003	4004	3975	3974	
7304	Quad4	4032	4033	4004	4003	
7305	Quad4	4061	4062	4033	4032	
7306	Quad4	4090	4091	4062	4061	
7307	Quad4	4119	4120	4091	4090	
7308	Quad4	4148	4149	4120	4119	
7309	Quad4	4177	4178	4149	4148	
7310	Quad4	4206	4207	4178	4177	
7311	Quad4	4235	4236	4207	4206	
7312	Quad4	4264	4265	4236	4235	
7313	Quad4	4293	4294	4265	4264	
7314	Quad4	4322	4323	4294	4293	
7315	Quad4	4351	4352	4323	4322	
7316	Quad4	4380	4381	4352	4351	
7317	Quad4	4409	4410	4381	4380	
7318	Quad4	4438	4439	4410	4409	
7319	Quad4	4467	4468	4439	4438	
7320	Quad4	4496	4497	4468	4467	
7321	Quad4	4525	4526	4497	4496	
7322	Quad4	4554	4555	4526	4525	
7323	Quad4	4583	4584	4555	4554	
7324	Quad4	4612	4613	4584	4583	
7325	Quad4	4641	4642	4613	4612	
7326	Quad4	4670	4671	4642	4641	
7327	Quad4	4699	4700	4671	4670	
7328	Quad4	4728	4729	4700	4699	
7329	Quad4	4757	4758	4729	4728	
7330	Quad4	4786	4787	4758	4757	
7331	Quad4	4815	4816	4787	4786	
7332	Quad4	4844	4845	4816	4815	
7333	Quad4	4873	4874	4845	4844	
7334	Quad4	4902	4903	4874	4873	
7335	Quad4	4931	4932	4903	4902	
7336	Quad4	4960	4961	4932	4931	
7337	Quad4	4989	4990	4961	4960	
7338	Quad4	5018	5019	4990	4989	
7339	Quad4	5047	5048	5019	5018	
7340	Quad4	5076	5077	5048	5047	
7341	Quad4	5105	5106	5077	5076	
7342	Quad4	5134	5135	5106	5105	
7343	Quad4	5163	5164	5135	5134	
7344	Quad4	5192	5193	5164	5163	
7345	Quad4	5221	5222	5193	5192	
7346	Quad4	5250	5251	5222	5221	
7347	Quad4	5279	5280	5251	5250	
7348	Quad4	5308	5309	5280	5279	
7349	Quad4	5337	5338	5309	5308	
7350	Quad4	5366	5367	5338	5337	
7351	Quad4	5395	5396	5367	5366	
7352	Quad4	5424	5425	5396	5395	
7353	Quad4	5453	5454	5425	5424	
7354	Quad4	5482	5483	5454	5453	
7355	Quad4	5511	5512	5483	5482	
7356	Quad4	5540	5541	5512	5511	
7357	Quad4	5569	5570	5541	5540	
7358	Quad4	5598	5599	5570	5569	
7359	Quad4	5627	5628	5599	5598	
7360	Quad4	5656	5657	5628	5627	
7361	Quad4	5685	5686	5657	5656	
7362	Quad4	5714	5715	5686	5685	
7363	Quad4	5743	5744	5715	5714	
7364	Quad4	5772	5773	5744	5743	
7365	Quad4	5801	5802	5773	5772	
7366	Quad4	5830	5831	5802	5801	
7367	Quad4	5859	5860	5831	5830	
7368	Quad4	5888	5889	5860	5859	
7369	Quad4	5917	5918	5889	5888	
7370	Quad4	5946	5947	5918	5917	
7371	Quad4	5975	5976	5947	5946	
7372	Quad4	6004	6005	5976	5975	
7373	Quad4	6033	6034	6005	6004	
7374	Quad4	6062	6063	6034	6033	
7375	Quad4	6091	6092	6063	6062	
7376	Quad4	6120	6121	6092	6091	
7377	Quad4	6149	6150	6121	6120	
7378	Quad4	6178	6179	6150	6149	
7379	Quad4	6207	6208	6179	6178	
7380	Quad4	2760	2759	6208	6207	
7381	Quad4	2786	2787	6238	6237	
7382	Quad4	2815	2816	2787	2786	
7383	Quad4	2844	2845	2816	2815	
7384	Quad4	2873	2874	2845	2844	
7385	Quad4	2902	2903	2874	2873	
7386	Quad4	2931	2932	2903	2902	
7387	Quad4	2960	2961	2932	2931	
7388	Quad4	2989	2990	2961	2960	
7389	Quad4	3018	3019	2990	2989	
7390	Quad4	3047	3048	3019	3018	
7391	Quad4	3076	3077	3048	3047	
7392	Quad4	3105	3106	3077	3076	
7393	Quad4	3134	3135	3106	3105	
7394	Quad4	3163	3164	3135	3134	
7395	Quad4	3192	3193	3164	3163	
7396	Quad4	3221	3222	3193	3192	
7397	Quad4	3250	3251	3222	3221	
7398	Quad4	3279	3280	3251	3250	
7399	Quad4	3308	3309	3280	3279	
7400	Quad4	3337	3338	3309	3308	
7401	Quad4	3366	3367	3338	3337	
7402	Quad4	3395	3396	3367	3366	
7403	Quad4	3424	3425	3396	3395	
7404	Quad4	3453	3454	3425	3424	
7405	Quad4	3482	3483	3454	3453	
7406	Quad4	3511	3512	3483	3482	
7407	Quad4	3540	3541	3512	3511	
7408	Quad4	3569	3570	3541	3540	
7409	Quad4	3598	3599	3570	3569	
7410	Quad4	3627	3628	3599	3598	
7411	Quad4	3656	3657	3628	3627	
7412	Quad4	3685	3686	3657	3656	
7413	Quad4	3714	3715	3686	3685	
7414	Quad4	3743	3744	3715	3714	
7415	Quad4	3772	3773	3744	3743	
7416	Quad4	3801	3802	3773	3772	
7417	Quad4	3830	3831	3802	3801	
7418	Quad4	3859	3860	3831	3830	
7419	Quad4	3888	3889	3860	3859	
7420	Quad4	3917	3918	3889	3888	
7421	Quad4	3946	3947	3918	3917	
7422	Quad4	3975	3976	3947	3946	
7423	Quad4	4004	4005	3976	3975	
7424	Quad4	4033	4034	4005	4004	
7425	Quad4	4062	4063	4034	4033	
7426	Quad4	4091	4092	4063	4062	
7427	Quad4	4120	4121	4092	4091	
7428	Quad4	4149	4150	4121	4120	
7429	Quad4	4178	4179	4150	4149	
7430	Quad4	4207	4208	4179	4178	
7431	Quad4	4236	4237	4208	4207	
7432	Quad4	4265	4266	4237	4236	
7433	Quad4	4294	4295	4266	4265	
7434	Quad4	4323	4324	4295	4294	
7435	Quad4	4352	4353	4324	4323	
7436	Quad4	4381	4382	4353	4352	
7437	Quad4	4410	4411	4382	4381	
7438	Quad4	4439	4440	4411	4410	
7439	Quad4	4468	4469	4440	4439	
7440	Quad4	4497	4498	4469	4468	
7441	Quad4	4526	4527	4498	4497	
7442	Quad4	4555	4556	4527	4526	
7443	Quad4	4584	4585	4556	4555	
7444	Quad4	4613	4614	4585	4584	
7445	Quad4	4642	4643	4614	4613	
7446	Quad4	4671	4672	4643	4642	
7447	Quad4	4700	4701	4672	4671	
7448	Quad4	4729	4730	4701	4700	
7449	Quad4	4758	4759	4730	4729	
7450	Quad4	4787	4788	4759	4758	
7451	Quad4	4816	4817	4788	4787	
7452	Quad4	4845	4846	4817	4816	
7453	Quad4	4874	4875	4846	4845	
7454	Quad4	4903	4904	4875	4874	
7455	Quad4	4932	4933	4904	4903	
7456	Quad4	4961	4962	4933	4932	
7457	Quad4	4990	4991	4962	4961	
7458	Quad4	5019	5020	4991	4990	
7459	Quad4	5048	5049	5020	5019	
7460	Quad4	5077	5078	5049	5048	
7461	Quad4	5106	5107	5078	5077	
7462	Quad4	5135	5136	5107	5106	
7463	Quad4	5164	5165	5136	5135	
7464	Quad4	5193	5194	5165	5164	
7465	Quad4	5222	5223	5194	5193	
7466	Quad4	5251	5252	5223	5222	
7467	Quad4	5280	5281	5252	5251	
7468	Quad4	5309	5310	5281	5280	
7469	Quad4	5338	5339	5310	5309	
7470	Quad4	5367	5368	5339	5338	
7471	Quad4	5396	5397	5368	5367	
7472	Quad4	5425	5426	5397	5396	
7473	Quad4	5454	5455	5426	5425	
7474	Quad4	5483	5484	5455	5454	
7475	Quad4	5512	5513	5484	5483	
7476	Quad4	5541	5542	5513	5512	
7477	Quad4	5570	5571	5542	5541	
7478	Quad4	5599	5600	5571	5570	
7479	Quad4	5628	5629	5600	5599	
7480	Quad4	5657	5658	5629	5628	
7481	Quad4	5686	5687	5658	5657	
7482	Quad4	5715	5716	5687	5686	
7483	Quad4	5744	5745	5716	5715	
7484	Quad4	5773	5774	5745	5744	
7485	Quad4	5802	5803	5774	5773	
7486	Quad4	5831	5832	5803	5802	
7487	Quad4	5860	5861	5832	5831	
7488	Quad4	5889	5890	5861	5860	
7489	Quad4	5918	5919	5890	5889	
7490	Quad4	5947	5948	5919	5918	
7491	Quad4	5976	5977	5948	5947	
7492	Quad4	6005	6006	5977	5976	
7493	Quad4	6034	6035	6006	6005	
7494	Quad4	6063	6064	6035	6034	
7495	Quad4	6092	6093	6064	6063	
7496	Quad4	6121	6122	6093	6092	
7497	Quad4	6150	6151	6122	6121	
7498	Quad4	6179	6180	6151	6150	
7499	Quad4	6208	6209	6180	6179	
7500	Quad4	2759	2758	6209	6208	
7501	Quad4	2787	2788	6239	6238	
7502	Quad4	2816	2817	2788	2787	
7503	Quad4	2845	2846	2817	2816	
7504	Quad4	2874	2875	2846	2845	
7505	Quad4	2903	2904	2875	2874	
7506	Quad4	2932	2933	2904	2903	
7507	Quad4	2961	2962	2933	2932	
7508	Quad4	2990	2991	2962	2961	
7509	Quad4	3019	3020	2991	2990	
7510	Quad4	3048	3049	3020	3019	
7511	Quad4	3077	3078	3049	3048	
7512	Quad4	3106	3107	3078	3077	
7513	Quad4	3135	3136	3107	3106	
7514	Quad4	3164	3165	3136	3135	
7515	Quad4	3193	3194	3165	3164	
7516	Quad4	3222	3223	3194	3193	
7517	Quad4	3251	3252	3223	3222	
7518	Quad4	3280	3281	3252	3251	
7519	Quad4	3309	3310	3281	3280	
7520	Quad4	3338	3339	3310	3309	
7521	Quad4	3367	3368	3339	3338	
7522	Quad4	3396	3397	3368	3367	
7523	Quad4	3425	3426	3397	3396	
7524	Quad4	3454	3455	3426	3425	
7525	Quad4	3483	3484	3455	3454	
7526	Quad4	3512	3513	3484	3483	
7527	Quad4	3541	3542	3513	3512	
7528	Quad4	3570	3571	3542	3541	
7529	Quad4	3599	3600	3571	3570	
7530	Quad4	3628	3629	3600	3599	
7531	Quad4	3657	3658	3629	3628	
7532	Quad4	3686	3687	3658	3657	
7533	Quad4	3715	3716	3687	3686	
7534	Quad4	3744	3745	3716	3715	
7535	Quad4	3773	3774	3745	3744	
7536	Quad4	3802	3803	3774	3773	
7537	Quad4	3831	3832	3803	3802	
7538	Quad4	3860	3861	3832	3831	
7539	Quad4	3889	3890	3861	3860	
7540	Quad4	3918	3919	3890	3889	
7541	Quad4	3947	3948	3919	3918	
7542	Quad4	3976	3977	3948	3947	
7543	Quad4	4005	4006	3977	3976	
7544	Quad4	4034	4035	4006	4005	
7545	Quad4	4063	4064	4035	4034	
7546	Quad4	4092	4093	4064	4063	
7547	Quad4	4121	4122	4093	4092	
7548	Quad4	4150	4151	4122	4121	
7549	Quad4	4179	4180	4151	4150	
7550	Quad4	4208	4209	4180	4179	
7551	Quad4	4237	4238	4209	4208	
7552	Quad4	4266	4267	4238	4237	
7553	Quad4	4295	4296	4267	4266	
7554	Quad4	4324	4325	4296	4295	
7555	Quad4	4353	4354	4325	4324	
7556	Quad4	4382	4383	4354	4353	
7557	Quad4	4411	4412	4383	4382	
7558	Quad4	4440	4441	4412	4411	
7559	Quad4	4469	4470	4441	4440	
7560	Quad4	4498	4499	4470	4469	
7561	Quad4	4527	4528	4499	4498	
7562	Quad4	4556	4557	4528	4527	
7563	Quad4	4585	4586	4557	4556	
7564	Quad4	4614	4615	4586	4585	
7565	Quad4	4643	4644	4615	4614	
7566	Quad4	4672	4673	4644	4643	
7567	Quad4	4701	4702	4673	4672	
7568	Quad4	4730	4731	4702	4701	
7569	Quad4	4759	4760	4731	4730	
7570	Quad4	4788	4789	4760	4759	
7571	Quad4	4817	4818	4789	4788	
7572	Quad4	4846	4847	4818	4817	
7573	Quad4	4875	4876	4847	4846	
7574	Quad4	4904	4905	4876	4875	
7575	Quad4	4933	4934	4905	4904	
7576	Quad4	4962	4963	4934	4933	
7577	Quad4	4991	4992	4963	4962	
7578	Quad4	5020	5021	4992	4991	
7579	Quad4	5049	5050	5021	5020	
7580	Quad4	5078	5079	5050	5049	
7581	Quad4	5107	5108	5079	5078	
7582	Quad4	5136	5137	5108	5107	
7583	Quad4	5165	5166	5137	5136	
7584	Quad4	5194	5195	5166	5165	
7585	Quad4	5223	5224	5195	5194	
7586	Quad4	5252	5253	5224	5223	
7587	Quad4	5281	5282	5253	5252	
7588	Quad4	5310	5311	5282	5281	
7589	Quad4	5339	5340	5311	5310	
7590	Quad4	5368	5369	5340	5339	
7591	Quad4	5397	5398	5369	5368	
7592	Quad4	5426	5427	5398	5397	
7593	Quad4	5455	5456	5427	5426	
7594	Quad4	5484	5485	5456	5455	
7595	Quad4	5513	5514	5485	5484	
7596	Quad4	5542	5543	5514	5513	
7597	Quad4	5571	5572	5543	5542	
7598	Quad4	5600	5601	5572	5571	
7599	Quad4	5629	5630	5601	5600	
7600	Quad4	5658	5659	5630	5629	
7601	Quad4	5687	5688	5659	5658	
7602	Quad4	5716	5717	5688	5687	
7603	Quad4	5745	5746	5717	5716	
7604	Quad4	5774	5775	5746	5745	
7605	Quad4	5803	5804	5775	5774	
7606	Quad4	5832	5833	5804	5803	
7607	Quad4	5861	5862	5833	5832	
7608	Quad4	5890	5891	5862	5861	
7609	Quad4	5919	5920	5891	5890	
7610	Quad4	5948	5949	5920	5919	
7611	Quad4	5977	5978	5949	5948	
7612	Quad4	6006	6007	5978	5977	
7613	Quad4	6035	6036	6007	6006	
7614	Quad4	6064	6065	6036	6035	
7615	Quad4	6093	6094	6065	6064	
7616	Quad4	6122	6123	6094	6093	
7617	Quad4	6151	6152	6123	6122	
7618	Quad4	6180	6181	6152	6151	
7619	Quad4	6209	6210	6181	6180	
7620	Quad4	2758	2757	6210	6209	
7621	Quad4	2788	2789	6240	6239	
7622	Quad4	2817	2818	2789	2788	
7623	Quad4	2846	2847	2818	2817	
7624	Quad4	2875	2876	2847	2846	
7625	Quad4	2904	2905	2876	2875	
7626	Quad4	2933	2934	2905	2904	
7627	Quad4	2962	2963	2934	2933	
7628	Quad4	2991	2992	2963	2962	
7629	Quad4	3020	3021	2992	2991	
7630	Quad4	3049	3050	3021	3020	
7631	Quad4	3078	3079	3050	3049	
7632	Quad4	3107	3108	3079	3078	
7633	Quad4	3136	3137	3108	3107	
7634	Quad4	3165	3166	3137	3136	
7635	Quad4	3194	3195	3166	3165	
7636	Quad4	3223	3224	3195	3194	
7637	Quad4	3252	3253	3224	3223	
7638	Quad4	3281	3282	3253	3252	
7639	Quad4	3310	3311	3282	3281	
7640	Quad4	3339	3340	3311	3310	
7641	Quad4	3368	3369	3340	3339	
7642	Quad4	3397	3398	3369	3368	
7643	Quad4	3426	3427	3398	3397	
7644	Quad4	3455	3456	3427	3426	
7645	Quad4	3484	3485	3456	3455	
7646	Quad4	3513	3514	3485	3484	
7647	Quad4	3542	3543	3514	3513	
7648	Quad4	3571	3572	3543	3542	
7649	Quad4	3600	3601	3572	3571	
7650	Quad4	3629	3630	3601	3600	
7651	Quad4	3658	3659	3630	3629	
7652	Quad4	3687	3688	3659	3658	
7653	Quad4	3716	3717	3688	3687	
7654	Quad4	3745	3746	3717	3716	
7655	Quad4	3774	3775	3746	3745	
7656	Quad4	3803	3804	3775	3774	
7657	Quad4	3832	3833	3804	3803	
7658	Quad4	3861	3862	3833	3832	
7659	Quad4	3890	3891	3862	3861	
7660	Quad4	3919	3920	3891	3890	
7661	Quad4	3948	3949	3920	3919	
7662	Quad4	3977	3978	3949	3948	
7663	Quad4	4006	4007	3978	3977	
7664	Quad4	4035	4036	4007	4006	
7665	Quad4	4064	4065	4036	4035	
7666	Quad4	4093	4094	4065	4064	
7667	Quad4	4122	4123	4094	4093	
7668	Quad4	4151	4152	4123	4122	
7669	Quad4	4180	4181	4152	4151	
7670	Quad4	4209	4210	4181	4180	
7671	Quad4	4238	4239	4210	4209	
7672	Quad4	4267	4268	4239	4238	
7673	Quad4	4296	4297	4268	4267	
7674	Quad4	4325	4326	4297	4296	
7675	Quad4	4354	4355	4326	4325	
7676	Quad4	4383	4384	4355	4354	
7677	Quad4	4412	4413	4384	4383	
7678	Quad4	4441	4442	4413	4412	
7679	Quad4	4470	4471	4442	4441	
7680	Quad4	4499	4500	4471	4470	
7681	Quad4	4528	4529	4500	4499	
7682	Quad4	4557	4558	4529	4528	
7683	Quad4	4586	4587	4558	4557	
7684	Quad4	4615	4616	4587	4586	
7685	Quad4	4644	4645	4616	4615	
7686	Quad4	4673	4674	4645	4644	
7687	Quad4	4702	4703	4674	4673	
7688	Quad4	4731	4732	4703	4702	
7689	Quad4	4760	4761	4732	4731	
7690	Quad4	4789	4790	4761	4760	
7691	Quad4	4818	4819	4790	4789	
7692	Quad4	4847	4848	4819	4818	
7693	Quad4	4876	4877	4848	4847	
7694	Quad4	4905	4906	4877	4876	
7695	Quad4	4934	4935	4906	4905	
7696	Quad4	4963	4964	4935	4934	
7697	Quad4	4992	4993	4964	4963	
7698	Quad4	5021	5022	4993	4992	
7699	Quad4	5050	5051	5022	5021	
7700	Quad4	5079	5080	5051	5050	
7701	Quad4	5108	5109	5080	5079	
7702	Quad4	5137	5138	5109	5108	
7703	Quad4	5166	5167	5138	5137	
7704	Quad4	5195	5196	5167	5166	
7705	Quad4	5224	5225	5196	5195	
7706	Quad4	5253	5254	5225	5224	
7707	Quad4	5282	5283	5254	5253	
7708	Quad4	5311	5312	5283	5282	
7709	Quad4	5340	5341	5312	5311	
7710	Quad4	5369	5370	5341	5340	
7711	Quad4	5398	5399	5370	5369	
7712	Quad4	5427	5428	5399	5398	
7713	Quad4	5456	5457	5428	5427	
7714	Quad4	5485	5486	5457	5456	
7715	Quad4	5514	5515	5486	5485	
7716	Quad4	5543	5544	5515	5514	
7717	Quad4	5572	5573	5544	5543	
7718	Quad4	5601	5602	5573	5572	
7719	Quad4	5630	5631	5602	5601	
7720	Quad4	5659	5660	5631	5630	
7721	Quad4	5688	5689	5660	5659	
7722	Quad4	5717	5718	5689	5688	
7723	Quad4	5746	5747	5718	5717	
7724	Quad4	5775	5776	5747	5746	
7725	Quad4	5804	5805	5776	5775	
7726	Quad4	5833	5834	5805	5804	
7727	Quad4	5862	5863	5834	5833	
7728	Quad4	5891	5892	5863	5862	
7729	Quad4	5920	5921	5892	5891	
7730	Quad4	5949	5950	5921	5920	
7731	Quad4	5978	5979	5950	5949	
7732	Quad4	6007	6008	5979	5978	
7733	Quad4	6036	6037	6008	6007	
7734	Quad4	6065	6066	6037	6036	
7735	Quad4	6094	6095	6066	6065	
7736	Quad4	6123	6124	6095	6094	
7737	Quad4	6152	6153	6124	6123	
7738	Quad4	6181	6182	6153	6152	
7739	Quad4	6210	6211	6182	6181	
7740	Quad4	2757	2756	6211	6210	
7741	Quad4	2789	2790	6241	6240	
7742	Quad4	2818	2819	2790	2789	
7743	Quad4	2847	2848	2819	2818	
7744	Quad4	2876	2877	2848	2847	
7745	Quad4	2905	2906	2877	2876	
7746	Quad4	2934	2935	2906	2905	
7747	Quad4	2963	2964	2935	2934	
7748	Quad4	2992	2993	2964	2963	
7749	Quad4	3021	3022	2993	2992	
7750	Quad4	3050	3051	3022	3021	
7751	Quad4	3079	3080	3051	3050	
7752	Quad4	3108	3109	3080	3079	
7753	Quad4	3137	3138	3109	3108	
7754	Quad4	3166	3167	3138	3137	
7755	Quad4	3195	3196	3167	3166	
7756	Quad4	3224	3225	3196	3195	
7757	Quad4	3253	3254	3225	3224	
7758	Quad4	3282	3283	3254	3253	
7759	Quad4	3311	3312	3283	3282	
7760	Quad4	3340	3341	3312	3311	
7761	Quad4	3369	3370	3341	3340	
7762	Quad4	3398	3399	3370	3369	
7763	Quad4	3427	3428	3399	3398	
7764	Quad4	3456	3457	3428	3427	
7765	Quad4	3485	3486	3457	3456	
7766	Quad4	3514	3515	3486	3485	
7767	Quad4	3543	3544	3515	3514	
7768	Quad4	3572	3573	3544	3543	
7769	Quad4	3601	3602	3573	3572	
7770	Quad4	3630	3631	3602	3601	
7771	Quad4	3659	3660	3631	3630	
7772	Quad4	3688	3689	3660	3659	
7773	Quad4	3717	3718	3689	3688	
7774	Quad4	3746	3747	3718	3717	
7775	Quad4	3775	3776	3747	3746	
7776	Quad4	3804	3805	3776	3775	
7777	Quad4	3833	3834	3805	3804	
7778	Quad4	3862	3863	3834	3833	
7779	Quad4	3891	3892	3863	3862	
7780	Quad4	3920	3921	3892	3891	
7781	Quad4	3949	3950	3921	3920	
7782	Quad4	3978	3979	3950	3949	
7783	Quad4	4007	4008	3979	3978	
7784	Quad4	4036	4037	4008	4007	
7785	Quad4	4065	4066	4037	4036	
7786	Quad4	4094	4095	4066	4065	
7787	Quad4	4123	4124	4095	4094	
7788	Quad4	4152	4153	4124	4123	
7789	Quad4	4181	4182	4153	4152	
7790	Quad4	4210	4211	4182	4181	
7791	Quad4	4239	4240	4211	4210	
7792	Quad4	4268	4269	4240	4239	
7793	Quad4	4297	4298	4269	4268	
7794	Quad4	4326	4327	4298	4297	
7795	Quad4	4355	4356	4327	4326	
7796	Quad4	4384	4385	4356	4355	
7797	Quad4	4413	4414	4385	4384	
7798	Quad4	4442	4443	4414	4413	
7799	Quad4	4471	4472	4443	4442	
7800	Quad4	4500	4501	4472	4471	
7801	Quad4	4529	4530	4501	4500	
7802	Quad4	4558	4559	4530	4529	
7803	Quad4	4587	4588	4559	4558	
7804	Quad4	4616	4617	4588	4587	
7805	Quad4	4645	4646	4617	4616	
7806	Quad4	4674	4675	4646	4645	
7807	Quad4	4703	4704	4675	4674	
7808	Quad4	4732	4733	4704	4703	
7809	Quad4	4761	4762	4733	4732	
7810	Quad4	4790	4791	4762	4761	
7811	Quad4	4819	4820	4791	4790	
7812	Quad4	4848	4849	4820	4819	
7813	Quad4	4877	4878	4849	4848	
7814	Quad4	4906	4907	4878	4877	
7815	Quad4	4935	4936	4907	4906	
7816	Quad4	4964	4965	4936	4935	
7817	Quad4	4993	4994	4965	4964	
7818	Quad4	5022	5023	4994	4993	
7819	Quad4	5051	5052	5023	5022	
7820	Quad4	5080	5081	5052	5051	
7821	Quad4	5109	5110	5081	5080	
7822	Quad4	5138	5139	5110	5109	
7823	Quad4	5167	5168	5139	5138	
7824	Quad4	5196	5197	5168	5167	
7825	Quad4	5225	5226	5197	5196	
7826	Quad4	5254	5255	5226	5225	
7827	Quad4	5283	5284	5255	5254	
7828	Quad4	5312	5313	5284	5283	
7829	Quad4	5341	5342	5313	5312	
7830	Quad4	5370	5371	5342	5341	
7831	Quad4	5399	5400	5371	5370	
7832	Quad4	5428	5429	5400	5399	
7833	Quad4	5457	5458	5429	5428	
7834	Quad4	5486	5487	5458	5457	
7835	Quad4	5515	5516	5487	5486	
7836	Quad4	5544	5545	5516	5515	
7837	Quad4	5573	5574	5545	5544	
7838	Quad4	5602	5603	5574	5573	
7839	Quad4	5631	5632	5603	5602	
7840	Quad4	5660	5661	5632	5631	
7841	Quad4	5689	5690	5661	5660	
7842	Quad4	5718	5719	5690	5689	
7843	Quad4	5747	5748	5719	5718	
7844	Quad4	5776	5777	5748	5747	
7845	Quad4	5805	5806	5777	5776	
7846	Quad4	5834	5835	5806	5805	
7847	Quad4	5863	5864	5835	5834	
7848	Quad4	5892	5893	5864	5863	
7849	Quad4	5921	5922	5893	5892	
7850	Quad4	5950	5951	5922	5921	
7851	Quad4	5979	5980	5951	5950	
7852	Quad4	6008	6009	5980	5979	
7853	Quad4	6037	6038	6009	6008	
7854	Quad4	6066	6067	6038	6037	
7855	Quad4	6095	6096	6067	6066	
7856	Quad4	6124	6125	6096	6095	
7857	Quad4	6153	6154	6125	6124	
7858	Quad4	6182	6183	6154	6153	
7859	Quad4	6211	6212	6183	6182	
7860	Quad4	2756	2755	6212	6211	
7861	Quad4	2790	2791	6242	6241	
7862	Quad4	2819	2820	2791	2790	
7863	Quad4	2848	2849	2820	2819	
7864	Quad4	2877	2878	2849	2848	
7865	Quad4	2906	2907	2878	2877	
7866	Quad4	2935	2936	2907	2906	
7867	Quad4	2964	2965	2936	2935	
7868	Quad4	2993	2994	2965	2964	
7869	Quad4	3022	3023	2994	2993	
7870	Quad4	3051	3052	3023	3022	
7871	Quad4	3080	3081	3052	3051	
7872	Quad4	3109	3110	3081	3080	
7873	Quad4	3138	3139	3110	3109	
7874	Quad4	3167	3168	3139	3138	
7875	Quad4	3196	3197	3168	3167	
7876	Quad4	3225	3226	3197	3196	
7877	Quad4	3254	3255	3226	3225	
7878	Quad4	3283	3284	3255	3254	
7879	Quad4	3312	3313	3284	3283	
7880	Quad4	3341	3342	3313	3312	
7881	Quad4	3370	3371	3342	3341	
7882	Quad4	3399	3400	3371	3370	
7883	Quad4	3428	3429	3400	3399	
7884	Quad4	3457	3458	3429	3428	
7885	Quad4	3486	3487	3458	3457	
7886	Quad4	3515	3516	3487	3486	
7887	Quad4	3544	3545	3516	3515	
7888	Quad4	3573	3574	3545	3544	
7889	Quad4	3602	3603	3574	3573	
7890	Quad4	3631	3632	3603	3602	
7891	Quad4	3660	3661	3632	3631	
7892	Quad4	3689	3690	3661	3660	
7893	Quad4	3718	3719	3690	3689	
7894	Quad4	3747	3748	3719	3718	
7895	Quad4	3776	3777	3748	3747	
7896	Quad4	3805	3806	3777	3776	
7897	Quad4	3834	3835	3806	3805	
7898	Quad4	3863	3864	3835	3834	
7899	Quad4	3892	3893	3864	3863	
7900	Quad4	3921	3922	3893	3892	
7901	Quad4	3950	3951	3922	3921	
7902	Quad4	3979	3980	3951	3950	
7903	Quad4	4008	4009	3980	3979	
7904	Quad4	4037	4038	4009	4008	
7905	Quad4	4066	4067	4038	4037	
7906	Quad4	4095	4096	4067	4066	
7907	Quad4	4124	4125	4096	4095	
7908	Quad4	4153	4154	4125	4124	
7909	Quad4	4182	4183	4154	4153	
7910	Quad4	4211	4212	4183	4182	
7911	Quad4	4240	4241	4212	4211	
7912	Quad4	4269	4270	4241	4240	
7913	Quad4	4298	4299	4270	4269	
7914	Quad4	4327	4328	4299	4298	
7915	Quad4	4356	4357	4328	4327	
7916	Quad4	4385	4386	4357	4356	
7917	Quad4	4414	4415	4386	4385	
7918	Quad4	4443	4444	4415	4414	
7919	Quad4	4472	4473	4444	4443	
7920	Quad4	4501	4502	4473	4472	
7921	Quad4	4530	4531	4502	4501	
7922	Quad4	4559	4560	4531	4530	
7923	Quad4	4588	4589	4560	4559	
7924	Quad4	4617	4618	4589	4588	
7925	Quad4	4646	4647	4618	4617	
7926	Quad4	4675	4676	4647	4646	
7927	Quad4	4704	4705	4676	4675	
7928	Quad4	4733	4734	4705	4704	
7929	Quad4	4762	4763	4734	4733	
7930	Quad4	4791	4792	4763	4762	
7931	Quad4	4820	4821	4792	4791	
7932	Quad4	4849	4850	4821	4820	
7933	Quad4	4878	4879	4850	4849	
7934	Quad4	4907	4908	4879	4878	
7935	Quad4	4936	4937	4908	4907	
7936	Quad4	4965	4966	4937	4936	
7937	Quad4	4994	4995	4966	4965	
7938	Quad4	5023	5024	4995	4994	
7939	Quad4	5052	5053	5024	5023	
7940	Quad4	5081	5082	5053	5052	
7941	Quad4	5110	5111	5082	5081	
7942	Quad4	5139	5140	5111	5110	
7943	Quad4	5168	5169	5140	5139	
7944	Quad4	5197	5198	5169	5168	
7945	Quad4	5226	5227	5198	5197	
7946	Quad4	5255	5256	5227	5226	
7947	Quad4	5284	5285	5256	5255	
7948	Quad4	5313	5314	5285	5284	
7949	Quad4	5342	5343	5314	5313	
7950	Quad4	5371	5372	5343	5342	
7951	Quad4	5400	5401	5372	5371	
7952	Quad4	5429	5430	5401	5400	
7953	Quad4	5458	5459	5430	5429	
7954	Quad4	5487	5488	5459	5458	
7955	Quad4	5516	5517	5488	5487	
7956	Quad4	5545	5546	5517	5516	
7957	Quad4	5574	5575	5546	5545	
7958	Quad4	5603	5604	5575	5574	
7959	Quad4	5632	5633	5604	5603	
7960	Quad4	5661	5662	5633	5632	
7961	Quad4	5690	5691	5662	5661	
7962	Quad4	5719	5720	5691	5690	
7963	Quad4	5748	5749	5720	5719	
7964	Quad4	5777	5778	5749	5748	
7965	Quad4	5806	5807	5778	5777	
7966	Quad4	5835	5836	5807	5806	
7967	Quad4	5864	5865	5836	5835	
7968	Quad4	5893	5894	5865	5864	
7969	Quad4	5922	5923	5894	5893	
7970	Quad4	5951	5952	5923	5922	
7971	Quad4	5980	5981	5952	5951	
7972	Quad4	6009	6010	5981	5980	
7973	Quad4	6038	6039	6010	6009	
7974	Quad4	6067	6068	6039	6038	
7975	Quad4	6096	6097	6068	6067	
7976	Quad4	6125	6126	6097	6096	
7977	Quad4	6154	6155	6126	6125	
7978	Quad4	6183	6184	6155	6154	
7979	Quad4	6212	6213	6184	6183	
7980	Quad4	2755	2754	6213	6212	
7981	Quad4	2791	2792	6243	6242	
7982	Quad4	2820	2821	2792	2791	
7983	Quad4	2849	2850	2821	2820	
7984	Quad4	2878	2879	2850	2849	
7985	Quad4	2907	2908	2879	2878	
7986	Quad4	2936	2937	2908	2907	
7987	Quad4	2965	2966	2937	2936	
7988	Quad4	2994	2995	2966	2965	
7989	Quad4	3023	3024	2995	2994	
7990	Quad4	3052	3053	3024	3023	
7991	Quad4	3081	3082	3053	3052	
7992	Quad4	3110	3111	3082	3081	
7993	Quad4	3139	3140	3111	3110	
7994	Quad4	3168	3169	3140	3139	
7995	Quad4	3197	3198	3169	3168	
7996	Quad4	3226	3227	3198	3197	
7997	Quad4	3255	3256	3227	3226	
7998	Quad4	3284	3285	3256	3255	
7999	Quad4	3313	3314	3285	3284	
8000	Quad4	3342	3343	3314	3313	
8001	Quad4	3371	3372	3343	3342	
8002	Quad4	3400	3401	3372	3371	
8003	Quad4	3429	3430	3401	3400	
8004	Quad4	3458	3459	3430	3429	
8005	Quad4	3487	3488	3459	3458	
8006	Quad4	3516	3517	3488	3487	
8007	Quad4	3545	3546	3517	3516	
8008	Quad4	3574	3575	3546	3545	
8009	Quad4	3603	3604	3575	3574	
8010	Quad4	3632	3633	3604	3603	
8011	Quad4	3661	3662	3633	3632	
8012	Quad4	3690	3691	3662	3661	
8013	Quad4	3719	3720	3691	3690	
8014	Quad4	3748	3749	3720	3719	
8015	Quad4	3777	3778	3749	3748	
8016	Quad4	3806	3807	3778	3777	
8017	Quad4	3835	3836	3807	3806	
8018	Quad4	3864	3865	3836	3835	
8019	Quad4	3893	3894	3865	3864	
8020	Quad4	3922	3923	3894	3893	
8021	Quad4	3951	3952	3923	3922	
8022	Quad4	3980	3981	3952	3951	
8023	Quad4	4009	4010	3981	3980	
8024	Quad4	4038	4039	4010	4009	
8025	Quad4	4067	4068	4039	4038	
8026	Quad4	4096	4097	4068	4067	
8027	Quad4	4125	4126	4097	4096	
8028	Quad4	4154	4155	4126	4125	
8029	Quad4	4183	4184	4155	4154	
8030	Quad4	4212	4213	4184	4183	
8031	Quad4	4241	4242	4213	4212	
8032	Quad4	4270	4271	4242	4241	
8033	Quad4	4299	4300	4271	4270	
8034	Quad4	4328	4329	4300	4299	
8035	Quad4	4357	4358	4329	4328	
8036	Quad4	4386	4387	4358	4357	
8037	Quad4	4415	4416	4387	4386	
8038	Quad4	4444	4445	4416	4415	
8039	Quad4	4473	4474	4445	4444	
8040	Quad4	4502	4503	4474	4473	
8041	Quad4	4531	4532	4503	4502	
8042	Quad4	4560	4561	4532	4531	
8043	Quad4	4589	4590	4561	4560	
8044	Quad4	4618	4619	4590	4589	
8045	Quad4	4647	4648	4619	4618	
8046	Quad4	4676	4677	4648	4647	
8047	Quad4	4705	4706	4677	4676	
8048	Quad4	4734	4735	4706	4705	
8049	Quad4	4763	4764	4735	4734	
8050	Quad4	4792	4793	4764	4763	
8051	Quad4	4821	4822	4793	4792	
8052	Quad4	4850	4851	4822	4821	
8053	Quad4	4879	4880	4851	4850	
8054	Quad4	4908	4909	4880	4879	
8055	Quad4	4937	4938	4909	4908	
8056	Quad4	4966	4967	4938	4937	
8057	Quad4	4995	4996	4967	4966	
8058	Quad4	5024	5025	4996	4995	
8059	Quad4	5053	5054	5025	5024	
8060	Quad4	5082	5083	5054	5053	
8061	Quad4	5111	5112	5083	5082	
8062	Quad4	5140	5141	5112	5111	
8063	Quad4	5169	5170	5141	5140	
8064	Quad4	5198	5199	5170	5169	
8065	Quad4	5227	5228	5199	5198	
8066	Quad4	5256	5257	5228	5227	
8067	Quad4	5285	5286	5257	5256	
8068	Quad4	5314	5315	5286	5285	
8069	Quad4	5343	5344	5315	5314	
8070	Quad4	5372	5373	5344	5343	
8071	Quad4	5401	5402	5373	5372	
8072	Quad4	5430	5431	5402	5401	
8073	Quad4	5459	5460	5431	5430	
8074	Quad4	5488	5489	5460	5459	
8075	Quad4	5517	5518	5489	5488	
8076	Quad4	5546	5547	5518	5517	
8077	Quad4	5575	5576	5547	5546	
8078	Quad4	5604	5605	5576	5575	
8079	Quad4	5633	5634	5605	5604	
8080	Quad4	5662	5663	5634	5633	
8081	Quad4	5691	5692	5663	5662	
8082	Quad4	5720	5721	5692	5691	
8083	Quad4	5749	5750	5721	5720	
8084	Quad4	5778	5779	5750	5749	
8085	Quad4	5807	5808	5779	5778	
8086	Quad4	5836	5837	5808	5807	
8087	Quad4	5865	5866	5837	5836	
8088	Quad4	5894	5895	5866	5865	
8089	Quad4	5923	5924	5895	5894	
8090	Quad4	5952	5953	5924	5923	
8091	Quad4	5981	5982	5953	5952	
8092	Quad4	6010	6011	5982	5981	
8093	Quad4	6039	6040	6011	6010	
8094	Quad4	6068	6069	6040	6039	
8095	Quad4	6097	6098	6069	6068	
8096	Quad4	6126	6127	6098	6097	
8097	Quad4	6155	6156	6127	6126	
8098	Quad4	6184	6185	6156	6155	
8099	Quad4	6213	6214	6185	6184	
8100	Quad4	2754	2753	6214	6213	
8101	Quad4	2792	2793	6244	6243	
8102	Quad4	2821	2822	2793	2792	
8103	Quad4	2850	2851	2822	2821	
8104	Quad4	2879	2880	2851	2850	
8105	Quad4	2908	2909	2880	2879	
8106	Quad4	2937	2938	2909	2908	
8107	Quad4	2966	2967	2938	2937	
8108	Quad4	2995	2996	2967	2966	
8109	Quad4	3024	3025	2996	2995	
8110	Quad4	3053	3054	3025	3024	
8111	Quad4	3082	3083	3054	3053	
8112	Quad4	3111	3112	3083	3082	
8113	Quad4	3140	3141	3112	3111	
8114	Quad4	3169	3170	3141	3140	
8115	Quad4	3198	3199	3170	3169	
8116	Quad4	3227	3228	3199	3198	
8117	Quad4	3256	3257	3228	3227	
8118	Quad4	3285	3286	3257	3256	
8119	Quad4	3314	3315	3286	3285	
8120	Quad4	3343	3344	3315	3314	
8121	Quad4	3372	3373	3344	3343	
8122	Quad4	3401	3402	3373	3372	
8123	Quad4	3430	3431	3402	3401	
8124	Quad4	3459	3460	3431	3430	
8125	Quad4	3488	3489	3460	3459	
8126	Quad4	3517	3518	3489	3488	
8127	Quad4	3546	3547	3518	3517	
8128	Quad4	3575	3576	3547	3546	
8129	Quad4	3604	3605	3576	3575	
8130	Quad4	3633	3634	3605	3604	
8131	Quad4	3662	3663	3634	3633	
8132	Quad4	3691	3692	3663	3662	
8133	Quad4	3720	3721	3692	3691	
8134	Quad4	3749	3750	3721	3720	
8135	Quad4	3778	3779	3750	3749	
8136	Quad4	3807	3808	3779	3778	
8137	Quad4	3836	3837	3808	3807	
8138	Quad4	3865	3866	3837	3836	
8139	Quad4	3894	3895	3866	3865	
8140	Quad4	3923	3924	3895	3894	
8141	Quad4	3952	3953	3924	3923	
8142	Quad4	3981	3982	3953	3952	
8143	Quad4	4010	4011	3982	3981	
8144	Quad4	4039	4040	4011	4010	
8145	Quad4	4068	4069	4040	4039	
8146	Quad4	4097	4098	4069	4068	
8147	Quad4	4126	4127	4098	4097	
8148	Quad4	4155	4156	4127	4126	
8149	Quad4	4184	4185	4156	4155	
8150	Quad4	4213	4214	4185	4184	
8151	Quad4	4242	4243	4214	4213	
8152	Quad4	4271	4272	4243	4242	
8153	Quad4	4300	4301	4272	4271	
8154	Quad4	4329	4330	4301	4300	
8155	Quad4	4358	4359	4330	4329	
8156	Quad4	4387	4388	4359	4358	
8157	Quad4	4416	4417	4388	4387	
8158	Quad4	4445	4446	4417	4416	
8159	Quad4	4474	4475	4446	4445	
8160	Quad4	4503	4504	4475	4474	
8161	Quad4	4532	4533	4504	4503	
8162	Quad4	4561	4562	4533	4532	
8163	Quad4	4590	4591	4562	4561	
8164	Quad4	4619	4620	4591	4590	
8165	Quad4	4648	4649	4620	4619	
8166	Quad4	4677	4678	4649	4648	
8167	Quad4	4706	4707	4678	4677	
8168	Quad4	4735	4736	4707	4706	
8169	Quad4	4764	4765	4736	4735	
8170	Quad4	4793	4794	4765	4764	
8171	Quad4	4822	4823	4794	4793	
8172	Quad4	4851	4852	4823	4822	
8173	Quad4	4880	4881	4852	4851	
8174	Quad4	4909	4910	4881	4880	
8175	Quad4	4938	4939	4910	4909	
8176	Quad4	4967	4968	4939	4938	
8177	Quad4	4996	4997	4968	4967	
8178	Quad4	5025	5026	4997	4996	
8179	Quad4	5054	5055	5026	5025	
8180	Quad4	5083	5084	5055	5054	
8181	Quad4	5112	5113	5084	5083	
8182	Quad4	5141	5142	5113	5112	
8183	Quad4	5170	5171	5142	5141	
8184	Quad4	5199	5200	5171	5170	
8185	Quad4	5228	5229	5200	5199	
8186	Quad4	5257	5258	5229	5228	
8187	Quad4	5286	5287	5258	5257	
8188	Quad4	5315	5316	5287	5286	
8189	Quad4	5344	5345	5316	5315	
8190	Quad4	5373	5374	5345	5344	
8191	Quad4	5402	5403	5374	5373	
8192	Quad4	5431	5432	5403	5402	
8193	Quad4	5460	5461	5432	5431	
8194	Quad4	5489	5490	5461	5460	
8195	Quad4	5518	5519	5490	5489	
8196	Quad4	5547	5548	5519	5518	
8197	Quad4	5576	5577	5548	5547	
8198	Quad4	5605	5606	5577	5576	
8199	Quad4	5634	5635	5606	5605	
8200	Quad4	5663	5664	5635	5634	
8201	Quad4	5692	5693	5664	5663	
8202	Quad4	5721	5722	5693	5692	
8203	Quad4	5750	5751	5722	5721	
8204	Quad4	5779	5780	5751	5750	
8205	Quad4	5808	5809	5780	5779	
8206	Quad4	5837	5838	5809	5808	
8207	Quad4	5866	5867	5838	5837	
8208	Quad4	5895	5896	5867	5866	
8209	Quad4	5924	5925	5896	5895	
8210	Quad4	5953	5954	5925	5924	
8211	Quad4	5982	5983	5954	5953	
8212	Quad4	6011	6012	5983	5982	
8213	Quad4	6040	6041	6012	6011	
8214	Quad4	6069	6070	6041	6040	
8215	Quad4	6098	6099	6070	6069	
8216	Quad4	6127	6128	6099	6098	
8217	Quad4	6156	6157	6128	6127	
8218	Quad4	6185	6186	6157	6156	
8219	Quad4	6214	6215	6186	6185	
8220	Quad4	2753	2752	6215	6214	
8221	Quad4	2793	2794	6245	6244	
8222	Quad4	2822	2823	2794	2793	
8223	Quad4	2851	2852	2823	2822	
8224	Quad4	2880	2881	2852	2851	
8225	Quad4	2909	2910	2881	2880	
8226	Quad4	2938	2939	2910	2909	
8227	Quad4	2967	2968	2939	2938	
8228	Quad4	2996	2997	2968	2967	
8229	Quad4	3025	3026	2997	2996	
8230	Quad4	3054	3055	3026	3025	
8231	Quad4	3083	3084	3055	3054	
8232	Quad4	3112	3113	3084	3083	
8233	Quad4	3141	3142	3113	3112	
8234	Quad4	3170	3171	3142	3141	
8235	Quad4	3199	3200	3171	3170	
8236	Quad4	3228	3229	3200	3199	
8237	Quad4	3257	3258	3229	3228	
8238	Quad4	3286	3287	3258	3257	
8239	Quad4	3315	3316	3287	3286	
8240	Quad4	3344	3345	3316	3315	
8241	Quad4	3373	3374	3345	3344	
8242	Quad4	3402	3403	3374	3373	
8243	Quad4	3431	3432	3403	3402	
8244	Quad4	3460	3461	3432	3431	
8245	Quad4	3489	3490	3461	3460	
8246	Quad4	3518	3519	3490	3489	
8247	Quad4	3547	3548	3519	3518	
8248	Quad4	3576	3577	3548	3547	
8249	Quad4	3605	3606	3577	3576	
8250	Quad4	3634	3635	3606	3605	
8251	Quad4	3663	3664	3635	3634	
8252	Quad4	3692	3693	3664	3663	
8253	Quad4	3721	3722	3693	3692	
8254	Quad4	3750	3751	3722	3721	
8255	Quad4	3779	3780	3751	3750	
8256	Quad4	3808	3809	3780	3779	
8257	Quad4	3837	3838	3809	3808	
8258	Quad4	3866	3867	3838	3837	
8259	Quad4	3895	3896	3867	3866	
8260	Quad4	3924	3925	3896	3895	
8261	Quad4	3953	3954	3925	3924	
8262	Quad4	3982	3983	3954	3953	
8263	Quad4	4011	4012	3983	3982	
8264	Quad4	4040	4041	4012	4011	
8265	Quad4	4069	4070	4041	4040	
8266	Quad4	4098	4099	4070	4069	
8267	Quad4	4127	4128	4099	4098	
8268	Quad4	4156	4157	4128	4127	
8269	Quad4	4185	4186	4157	4156	
8270	Quad4	4214	4215	4186	4185	
8271	Quad4	4243	4244	4215	4214	
8272	Quad4	4272	4273	4244	4243	
8273	Quad4	4301	4302	4273	4272	
8274	Quad4	4330	4331	4302	4301	
8275	Quad4	4359	4360	4331	4330	
8276	Quad4	4388	4389	4360	4359	
8277	Quad4	4417	4418	4389	4388	
8278	Quad4	4446	4447	4418	4417	
8279	Quad4	4475	4476	4447	4446	
8280	Quad4	4504	4505	4476	4475	
8281	Quad4	4533	4534	4505	4504	
8282	Quad4	4562	4563	4534	4533	
8283	Quad4	4591	4592	4563	4562	
8284	Quad4	4620	4621	4592	4591	
8285	Quad4	4649	4650	4621	4620	
8286	Quad4	4678	4679	4650	4649	
8287	Quad4	4707	4708	4679	4678	
8288	Quad4	4736	4737	4708	4707	
8289	Quad4	4765	4766	4737	4736	
8290	Quad4	4794	4795	4766	4765	
8291	Quad4	4823	4824	4795	4794	
8292	Quad4	4852	4853	4824	4823	
8293	Quad4	4881	4882	4853	4852	
8294	Quad4	4910	4911	4882	4881	
8295	Quad4	4939	4940	4911	4910	
8296	Quad4	4968	4969	4940	4939	
8297	Quad4	4997	4998	4969	4968	
8298	Quad4	5026	5027	4998	4997	
8299	Quad4	5055	5056	5027	5026	
8300	Quad4	5084	5085	5056	5055	
8301	Quad4	5113	5114	5085	5084	
8302	Quad4	5142	5143	5114	5113	
8303	Quad4	5171	5172	5143	5142	
8304	Quad4	5200	5201	5172	5171	
8305	Quad4	5229	5230	5201	5200	
8306	Quad4	5258	5259	5230	5229	
8307	Quad4	5287	5288	5259	5258	
8308	Quad4	5316	5317	5288	5287	
8309	Quad4	5345	5346	5317	5316	
8310	Quad4	5374	5375	5346	5345	
8311	Quad4	5403	5404	5375	5374	
8312	Quad4	5432	5433	5404	5403	
8313	Quad4	5461	5462	5433	5432	
8314	Quad4	5490	5491	5462	5461	
8315	Quad4	5519	5520	5491	5490	
8316	Quad4	5548	5549	5520	5519	
8317	Quad4	5577	5578	5549	5548	
8318	Quad4	5606	5607	5578	5577	
8319	Quad4	5635	5636	5607	5606	
8320	Quad4	5664	5665	5636	5635	
8321	Quad4	5693	5694	5665	5664	
8322	Quad4	5722	5723	5694	5693	
8323	Quad4	5751	5752	5723	5722	
8324	Quad4	5780	5781	5752	5751	
8325	Quad4	5809	5810	5781	5780	
8326	Quad4	5838	5839	5810	5809	
8327	Quad4	5867	5868	5839	5838	
8328	Quad4	5896	5897	5868	5867	
8329	Quad4	5925	5926	5897	5896	
8330	Quad4	5954	5955	5926	5925	
8331	Quad4	5983	5984	5955	5954	
8332	Quad4	6012	6013	5984	5983	
8333	Quad4	6041	6042	6013	6012	
8334	Quad4	6070	6071	6042	6041	
8335	Quad4	6099	6100	6071	6070	
8336	Quad4	6128	6129	6100	6099	
8337	Quad4	6157	6158	6129	6128	
8338	Quad4	6186	6187	6158	6157	
8339	Quad4	6215	6216	6187	6186	
8340	Quad4	2752	2751	6216	6215	
8341	Quad4	2794	2795	6246	6245	
8342	Quad4	2823	2824	2795	2794	
8343	Quad4	2852	2853	2824	2823	
8344	Quad4	2881	2882	2853	2852	
8345	Quad4	2910	2911	2882	2881	
8346	Quad4	2939	2940	2911	2910	
8347	Quad4	2968	2969	2940	2939	
8348	Quad4	2997	2998	2969	2968	
8349	Quad4	3026	3027	2998	2997	
8350	Quad4	3055	3056	3027	3026	
8351	Quad4	3084	3085	3056	3055	
8352	Quad4	3113	3114	3085	3084	
8353	Quad4	3142	3143	3114	3113	
8354	Quad4	3171	3172	3143	3142	
8355	Quad4	3200	3201	3172	3171	
8356	Quad4	3229	3230	3201	3200	
8357	Quad4	3258	3259	3230	3229	
8358	Quad4	3287	3288	3259	3258	
8359	Quad4	3316	3317	3288	3287	
8360	Quad4	3345	3346	3317	3316	
8361	Quad4	3374	3375	3346	3345	
8362	Quad4	3403	3404	3375	3374	
8363	Quad4	3432	3433	3404	3403	
8364	Quad4	3461	3462	3433	3432	
8365	Quad4	3490	3491	3462	3461	
8366	Quad4	3519	3520	3491	3490	
8367	Quad4	3548	3549	3520	3519	
8368	Quad4	3577	3578	3549	3548	
8369	Quad4	3606	3607	3578	3577	
8370	Quad4	3635	3636	3607	3606	
8371	Quad4	3664	3665	3636	3635	
8372	Quad4	3693	3694	3665	3664	
8373	Quad4	3722	3723	3694	3693	
8374	Quad4	3751	3752	3723	3722	
8375	Quad4	3780	3781	3752	3751	
8376	Quad4	3809	3810	3781	3780	
8377	Quad4	3838	3839	3810	3809	
8378	Quad4	3867	3868	3839	3838	
8379	Quad4	3896	3897	3868	3867	
8380	Quad4	3925	3926	3897	3896	
8381	Quad4	3954	3955	3926	3925	
8382	Quad4	3983	3984	3955	3954	
8383	Quad4	4012	4013	3984	3983	
8384	Quad4	4041	4042	4013	4012	
8385	Quad4	4070	4071	4042	4041	
8386	Quad4	4099	4100	4071	4070	
8387	Quad4	4128	4129	4100	4099	
8388	Quad4	4157	4158	4129	4128	
8389	Quad4	4186	4187	4158	4157	
8390	Quad4	4215	4216	4187	4186	
8391	Quad4	4244	4245	4216	4215	
8392	Quad4	4273	4274	4245	4244	
8393	Quad4	4302	4303	4274	4273	
8394	Quad4	4331	4332	4303	4302	
8395	Quad4	4360	4361	4332	4331	
8396	Quad4	4389	4390	4361	4360	
8397	Quad4	4418	4419	4390	4389	
8398	Quad4	4447	4448	4419	4418	
8399	Quad4	4476	4477	4448	4447	
8400	Quad4	4505	4506	4477	4476	
8401	Quad4	4534	4535	4506	4505	
8402	Quad4	4563	4564	4535	4534	
8403	Quad4	4592	4593	4564	4563	
8404	Quad4	4621	4622	4593	4592	
8405	Quad4	4650	4651	4622	4621	
8406	Quad4	4679	4680	4651	4650	
8407	Quad4	4708	4709	4680	4679	
8408	Quad4	4737	4738	4709	4708	
8409	Quad4	4766	4767	4738	4737	
8410	Quad4	4795	4796	4767	4766	
8411	Quad4	4824	4825	4796	4795	
8412	Quad4	4853	4854	4825	4824	
8413	Quad4	4882	4883	4854	4853	
8414	Quad4	4911	4912	4883	4882	
8415	Quad4	4940	4941	4912	4911	
8416	Quad4	4969	4970	4941	4940	
8417	Quad4	4998	4999	4970	4969	
8418	Quad4	5027	5028	4999	4998	
8419	Quad4	5056	5057	5028	5027	
8420	Quad4	5085	5086	5057	5056	
8421	Quad4	5114	5115	5086	5085	
8422	Quad4	5143	5144	5115	5114	
8423	Quad4	5172	5173	5144	5143	
8424	Quad4	5201	5202	5173	5172	
8425	Quad4	5230	5231	5202	5201	
8426	Quad4	5259	5260	5231	5230	
8427	Quad4	5288	5289	5260	5259	
8428	Quad4	5317	5318	5289	5288	
8429	Quad4	5346	5347	5318	5317	
8430	Quad4	5375	5376	5347	5346	
8431	Quad4	5404	5405	5376	5375	
8432	Quad4	5433	5434	5405	5404	
8433	Quad4	5462	5463	5434	5433	
8434	Quad4	5491	5492	5463	5462	
8435	Quad4	5520	5521	5492	5491	
8436	Quad4	5549	5550	5521	5520	
8437	Quad4	5578	5579	5550	5549	
8438	Quad4	5607	5608	5579	5578	
8439	Quad4	5636	5637	5608	5607	
8440	Quad4	5665	5666	5637	5636	
8441	Quad4	5694	5695	5666	5665	
8442	Quad4	5723	5724	5695	5694	
8443	Quad4	5752	5753	5724	5723	
8444	Quad4	5781	5782	5753	5752	
8445	Quad4	5810	5811	5782	5781	
8446	Quad4	5839	5840	5811	5810	
8447	Quad4	5868	5869	5840	5839	
8448	Quad4	5897	5898	5869	5868	
8449	Quad4	5926	5927	5898	5897	
8450	Quad4	5955	5956	5927	5926	
8451	Quad4	5984	5985	5956	5955	
8452	Quad4	6013	6014	5985	5984	
8453	Quad4	6042	6043	6014	6013	
8454	Quad4	6071	6072	6043	6042	
8455	Quad4	6100	6101	6072	6071	
8456	Quad4	6129	6130	6101	6100	
8457	Quad4	6158	6159	6130	6129	
8458	Quad4	6187	6188	6159	6158	
8459	Quad4	6216	6217	6188	6187	
8460	Quad4	2751	2750	6217	6216	
8461	Quad4	2795	2796	6247	6246	
8462	Quad4	2824	2825	2796	2795	
8463	Quad4	2853	2854	2825	2824	
8464	Quad4	2882	2883	2854	2853	
8465	Quad4	2911	2912	2883	2882	
8466	Quad4	2940	2941	2912	2911	
8467	Quad4	2969	2970	2941	2940	
8468	Quad4	2998	2999	2970	2969	
8469	Quad4	3027	3028	2999	2998	
8470	Quad4	3056	3057	3028	3027	
8471	Quad4	3085	3086	3057	3056	
8472	Quad4	3114	3115	3086	3085	
8473	Quad4	3143	3144	3115	3114	
8474	Quad4	3172	3173	3144	3143	
8475	Quad4	3201	3202	3173	3172	
8476	Quad4	3230	3231	3202	3201	
8477	Quad4	3259	3260	3231	3230	
8478	Quad4	3288	3289	3260	3259	
8479	Quad4	3317	3318	3289	3288	
8480	Quad4	3346	3347	3318	3317	
8481	Quad4	3375	3376	3347	3346	
8482	Quad4	3404	3405	3376	3375	
8483	Quad4	3433	3434	3405	3404	
8484	Quad4	3462	3463	3434	3433	
8485	Quad4	3491	3492	3463	3462	
8486	Quad4	3520	3521	3492	3491	
8487	Quad4	3549	3550	3521	3520	
8488	Quad4	3578	3579	3550	3549	
8489	Quad4	3607	3608	3579	3578	
8490	Quad4	3636	3637	3608	3607	
8491	Quad4	3665	3666	3637	3636	
8492	Quad4	3694	3695	3666	3665	
8493	Quad4	3723	3724	3695	3694	
8494	Quad4	3752	3753	3724	3723	
8495	Quad4	3781	3782	3753	3752	
8496	Quad4	3810	3811	3782	3781	
8497	Quad4	3839	3840	3811	3810	
8498	Quad4	3868	3869	3840	3839	
8499	Quad4	3897	3898	3869	3868	
8500	Quad4	3926	3927	3898	3897	
8501	Quad4	3955	3956	3927	3926	
8502	Quad4	3984	3985	3956	3955	
8503	Quad4	4013	4014	3985	3984	
8504	Quad4	4042	4043	4014	4013	
8505	Quad4	4071	4072	4043	4042	
8506	Quad4	4100	4101	4072	4071	
8507	Quad4	4129	4130	4101	4100	
8508	Quad4	4158	4159	4130	4129	
8509	Quad4	4187	4188	4159	4158	
8510	Quad4	4216	4217	4188	4187	
8511	Quad4	4245	4246	4217	4216	
8512	Quad4	4274	4275	4246	4245	
8513	Quad4	4303	4304	4275	4274	
8514	Quad4	4332	4333	4304	4303	
8515	Quad4	4361	4362	4333	4332	
8516	Quad4	4390	4391	4362	4361	
8517	Quad4	4419	4420	4391	4390	
8518	Quad4	4448	4449	4420	4419	
8519	Quad4	4477	4478	4449	4448	
8520	Quad4	4506	4507	4478	4477	
8521	Quad4	4535	4536	4507	4506	
8522	Quad4	4564	4565	4536	4535	
8523	Quad4	4593	4594	4565	4564	
8524	Quad4	4622	4623	4594	4593	
8525	Quad4	4651	4652	4623	4622	
8526	Quad4	4680	4681	4652	4651	
8527	Quad4	4709	4710	4681	4680	
8528	Quad4	4738	4739	4710	4709	
8529	Quad4	4767	4768	4739	4738	
8530	Quad4	4796	4797	4768	4767	
8531	Quad4	4825	4826	4797	4796	
8532	Quad4	4854	4855	4826	4825	
8533	Quad4	4883	4884	4855	4854	
8534	Quad4	4912	4913	4884	4883	
8535	Quad4	4941	4942	4913	4912	
8536	Quad4	4970	4971	4942	4941	
8537	Quad4	4999	5000	4971	4970	
8538	Quad4	5028	5029	5000	4999	
8539	Quad4	5057	5058	5029	5028	
8540	Quad4	5086	5087	5058	5057	
8541	Quad4	5115	5116	5087	5086	
8542	Quad4	5144	5145	5116	5115	
8543	Quad4	5173	5174	5145	5144	
8544	Quad4	5202	5203	5174	5173	
8545	Quad4	5231	5232	5203	5202	
8546	Quad4	5260	5261	5232	5231	
8547	Quad4	5289	5290	5261	5260	
8548	Quad4	5318	5319	5290	5289	
8549	Quad4	5347	5348	5319	5318	
8550	Quad4	5376	5377	5348	5347	
8551	Quad4	5405	5406	5377	5376	
8552	Quad4	5434	5435	5406	5405	
8553	Quad4	5463	5464	5435	5434	
8554	Quad4	5492	5493	5464	5463	
8555	Quad4	5521	5522	5493	5492	
8556	Quad4	5550	5551	5522	5521	
8557	Quad4	5579	5580	5551	5550	
8558	Quad4	5608	5609	5580	5579	
8559	Quad4	5637	5638	5609	5608	
8560	Quad4	5666	5667	5638	5637	
8561	Quad4	5695	5696	5667	5666	
8562	Quad4	5724	5725	5696	5695	
8563	Quad4	5753	5754	5725	5724	
8564	Quad4	5782	5783	5754	5753	
8565	Quad4	5811	5812	5783	5782	
8566	Quad4	5840	5841	5812	5811	
8567	Quad4	5869	5870	5841	5840	
8568	Quad4	5898	5899	5870	5869	
8569	Quad4	5927	5928	5899	5898	
8570	Quad4	5956	5957	5928	5927	
8571	Quad4	5985	5986	5957	5956	
8572	Quad4	6014	6015	5986	5985	
8573	Quad4	6043	6044	6015	6014	
8574	Quad4	6072	6073	6044	6043	
8575	Quad4	6101	6102	6073	6072	
8576	Quad4	6130	6131	6102	6101	
8577	Quad4	6159	6160	6131	6130	
8578	Quad4	6188	6189	6160	6159	
8579	Quad4	6217	6218	6189	6188	
8580	Quad4	2750	2749	6218	6217	
8581	Quad4	2796	2797	6248	6247	
8582	Quad4	2825	2826	2797	2796	
8583	Quad4	2854	2855	2826	2825	
8584	Quad4	2883	2884	2855	2854	
8585	Quad4	2912	2913	2884	2883	
8586	Quad4	2941	2942	2913	2912	
8587	Quad4	2970	2971	2942	2941	
8588	Quad4	2999	3000	2971	2970	
8589	Quad4	3028	3029	3000	2999	
8590	Quad4	3057	3058	3029	3028	
8591	Quad4	3086	3087	3058	3057	
8592	Quad4	3115	3116	3087	3086	
8593	Quad4	3144	3145	3116	3115	
8594	Quad4	3173	3174	3145	3144	
8595	Quad4	3202	3203	3174	3173	
8596	Quad4	3231	3232	3203	3202	
8597	Quad4	3260	3261	3232	3231	
8598	Quad4	3289	3290	3261	3260	
8599	Quad4	3318	3319	3290	3289	
8600	Quad4	3347	3348	3319	3318	
8601	Quad4	3376	3377	3348	3347	
8602	Quad4	3405	3406	3377	3376	
8603	Quad4	3434	3435	3406	3405	
8604	Quad4	3463	3464	3435	3434	
8605	Quad4	3492	3493	3464	3463	
8606	Quad4	3521	3522	3493	3492	
8607	Quad4	3550	3551	3522	3521	
8608	Quad4	3579	3580	3551	3550	
8609	Quad4	3608	3609	3580	3579	
8610	Quad4	3637	3638	3609	3608	
8611	Quad4	3666	3667	3638	3637	
8612	Quad4	3695	3696	3667	3666	
8613	Quad4	3724	3725	3696	3695	
8614	Quad4	3753	3754	3725	3724	
8615	Quad4	3782	3783	3754	3753	
8616	Quad4	3811	3812	3783	3782	
8617	Quad4	3840	3841	3812	3811	
8618	Quad4	3869	3870	3841	3840	
8619	Quad4	3898	3899	3870	3869	
8620	Quad4	3927	3928	3899	3898	
8621	Quad4	3956	3957	3928	3927	
8622	Quad4	3985	3986	3957	3956	
8623	Quad4	4014	4015	3986	3985	
8624	Quad4	4043	4044	4015	4014	
8625	Quad4	4072	4073	4044	4043	
8626	Quad4	4101	4102	4073	4072	
8627	Quad4	4130	4131	4102	4101	
8628	Quad4	4159	4160	4131	4130	
8629	Quad4	4188	4189	4160	4159	
8630	Quad4	4217	4218	4189	4188	
8631	Quad4	4246	4247	4218	4217	
8632	Quad4	4275	4276	4247	4246	
8633	Quad4	4304	4305	4276	4275	
8634	Quad4	4333	4334	4305	4304	
8635	Quad4	4362	4363	4334	4333	
8636	Quad4	4391	4392	4363	4362	
8637	Quad4	4420	4421	4392	4391	
8638	Quad4	4449	4450	4421	4420	
8639	Quad4	4478	4479	4450	4449	
8640	Quad4	4507	4508	4479	4478	
8641	Quad4	4536	4537	4508	4507	
8642	Quad4	4565	4566	4537	4536	
8643	Quad4	4594	4595	4566	4565	
8644	Quad4	4623	4624	4595	4594	
8645	Quad4	4652	4653	4624	4623	
8646	Quad4	4681	4682	4653	4652	
8647	Quad4	4710	4711	4682	4681	
8648	Quad4	4739	4740	4711	4710	
8649	Quad4	4768	4769	4740	4739	
8650	Quad4	4797	4798	4769	4768	
8651	Quad4	4826	4827	4798	4797	
8652	Quad4	4855	4856	4827	4826	
8653	Quad4	4884	4885	4856	4855	
8654	Quad4	4913	4914	4885	4884	
8655	Quad4	4942	4943	4914	4913	
8656	Quad4	4971	4972	4943	4942	
8657	Quad4	5000	5001	4972	4971	
8658	Quad4	5029	5030	5001	5000	
8659	Quad4	5058	5059	5030	5029	
8660	Quad4	5087	5088	5059	5058	
8661	Quad4	5116	5117	5088	5087	
8662	Quad4	5145	5146	5117	5116	
8663	Quad4	5174	5175	5146	5145	
8664	Quad4	5203	5204	5175	5174	
8665	Quad4	5232	5233	5204	5203	
8666	Quad4	5261	5262	5233	5232	
8667	Quad4	5290	5291	5262	5261	
8668	Quad4	5319	5320	5291	5290	
8669	Quad4	5348	5349	5320	5319	
8670	Quad4	5377	5378	5349	5348	
8671	Quad4	5406	5407	5378	5377	
8672	Quad4	5435	5436	5407	5406	
8673	Quad4	5464	5465	5436	5435	
8674	Quad4	5493	5494	5465	5464	
8675	Quad4	5522	5523	5494	5493	
8676	Quad4	5551	5552	5523	5522	
8677	Quad4	5580	5581	5552	5551	
8678	Quad4	5609	5610	5581	5580	
8679	Quad4	5638	5639	5610	5609	
8680	Quad4	5667	5668	5639	5638	
8681	Quad4	5696	5697	5668	5667	
8682	Quad4	5725	5726	5697	5696	
8683	Quad4	5754	5755	5726	5725	
8684	Quad4	5783	5784	5755	5754	
8685	Quad4	5812	5813	5784	5783	
8686	Quad4	5841	5842	5813	5812	
8687	Quad4	5870	5871	5842	5841	
8688	Quad4	5899	5900	5871	5870	
8689	Quad4	5928	5929	5900	5899	
8690	Quad4	5957	5958	5929	5928	
8691	Quad4	5986	5987	5958	5957	
8692	Quad4	6015	6016	5987	5986	
8693	Quad4	6044	6045	6016	6015	
8694	Quad4	6073	6074	6045	6044	
8695	Quad4	6102	6103	6074	6073	
8696	Quad4	6131	6132	6103	6102	
8697	Quad4	6160	6161	6132	6131	
8698	Quad4	6189	6190	6161	6160	
8699	Quad4	6218	6219	6190	6189	
8700	Quad4	2749	2748	6219	6218	
8701	Quad4	2797	2798	6249	6248	
8702	Quad4	2826	2827	2798	2797	
8703	Quad4	2855	2856	2827	2826	
8704	Quad4	2884	2885	2856	2855	
8705	Quad4	2913	2914	2885	2884	
8706	Quad4	2942	2943	2914	2913	
8707	Quad4	2971	2972	2943	2942	
8708	Quad4	3000	3001	2972	2971	
8709	Quad4	3029	3030	3001	3000	
8710	Quad4	3058	3059	3030	3029	
8711	Quad4	3087	3088	3059	3058	
8712	Quad4	3116	3117	3088	3087	
8713	Quad4	3145	3146	3117	3116	
8714	Quad4	3174	3175	3146	3145	
8715	Quad4	3203	3204	3175	3174	
8716	Quad4	3232	3233	3204	3203	
8717	Quad4	3261	3262	3233	3232	
8718	Quad4	3290	3291	3262	3261	
8719	Quad4	3319	3320	3291	3290	
8720	Quad4	3348	3349	3320	3319	
8721	Quad4	3377	3378	3349	3348	
8722	Quad4	3406	3407	3378	3377	
8723	Quad4	3435	3436	3407	3406	
8724	Quad4	3464	3465	3436	3435	
8725	Quad4	3493	3494	3465	3464	
8726	Quad4	3522	3523	3494	3493	
8727	Quad4	3551	3552	3523	3522	
8728	Quad4	3580	3581	3552	3551	
8729	Quad4	3609	3610	3581	3580	
8730	Quad4	3638	3639	3610	3609	
8731	Quad4	3667	3668	3639	3638	
8732	Quad4	3696	3697	3668	3667	
8733	Quad4	3725	3726	3697	3696	
8734	Quad4	3754	3755	3726	3725	
8735	Quad4	3783	3784	3755	3754	
8736	Quad4	3812	3813	3784	3783	
8737	Quad4	3841	3842	3813	3812	
8738	Quad4	3870	3871	3842	3841	
8739	Quad4	3899	3900	3871	3870	
8740	Quad4	3928	3929	3900	3899	
8741	Quad4	3957	3958	3929	3928	
8742	Quad4	3986	3987	3958	3957	
8743	Quad4	4015	4016	3987	3986	
8744	Quad4	4044	4045	4016	4015	
8745	Quad4	4073	4074	4045	4044	
8746	Quad4	4102	4103	4074	4073	
8747	Quad4	4131	4132	4103	4102	
8748	Quad4	4160	4161	4132	4131	
8749	Quad4	4189	4190	4161	4160	
8750	Quad4	4218	4219	4190	4189	
8751	Quad4	4247	4248	4219	4218	
8752	Quad4	4276	4277	4248	4247	
8753	Quad4	4305	4306	4277	4276	
8754	Quad4	4334	4335	4306	4305	
8755	Quad4	4363	4364	4335	4334	
8756	Quad4	4392	4393	4364	4363	
8757	Quad4	4421	4422	4393	4392	
8758	Quad4	4450	4451	4422	4421	
8759	Quad4	4479	4480	4451	4450	
8760	Quad4	4508	4509	4480	4479	
8761	Quad4	4537	4538	4509	4508	
8762	Quad4	4566	4567	4538	4537	
8763	Quad4	4595	4596	4567	4566	
8764	Quad4	4624	4625	4596	4595	
8765	Quad4	4653	4654	4625	4624	
8766	Quad4	4682	4683	4654	4653	
8767	Quad4	4711	4712	4683	4682	
8768	Quad4	4740	4741	4712	4711	
8769	Quad4	4769	4770	4741	4740	
8770	Quad4	4798	4799	4770	4769	
8771	Quad4	4827	4828	4799	4798	
8772	Quad4	4856	4857	4828	4827	
8773	Quad4	4885	4886	4857	4856	
8774	Quad4	4914	4915	4886	4885	
8775	Quad4	4943	4944	4915	4914	
8776	Quad4	4972	4973	4944	4943	
8777	Quad4	5001	5002	4973	4972	
8778	Quad4	5030	5031	5002	5001	
8779	Quad4	5059	5060	5031	5030	
8780	Quad4	5088	5089	5060	5059	
8781	Quad4	5117	5118	5089	5088	
8782	Quad4	5146	5147	5118	5117	
8783	Quad4	5175	5176	5147	5146	
8784	Quad4	5204	5205	5176	5175	
8785	Quad4	5233	5234	5205	5204	
8786	Quad4	5262	5263	5234	5233	
8787	Quad4	5291	5292	5263	5262	
8788	Quad4	5320	5321	5292	5291	
8789	Quad4	5349	5350	5321	5320	
8790	Quad4	5378	5379	5350	5349	
8791	Quad4	5407	5408	5379	5378	
8792	Quad4	5436	5437	5408	5407	
8793	Quad4	5465	5466	5437	5436	
8794	Quad4	5494	5495	5466	5465	
8795	Quad4	5523	5524	5495	5494	
8796	Quad4	5552	5553	5524	5523	
8797	Quad4	5581	5582	5553	5552	
8798	Quad4	5610	5611	5582	5581	
8799	Quad4	5639	5640	5611	5610	
8800	Quad4	5668	5669	5640	5639	
8801	Quad4	5697	5698	5669	5668	
8802	Quad4	5726	5727	5698	5697	
8803	Quad4	5755	5756	5727	5726	
8804	Quad4	5784	5785	5756	5755	
8805	Quad4	5813	5814	5785	5784	
8806	Quad4	5842	5843	5814	5813	
8807	Quad4	5871	5872	5843	5842	
8808	Quad4	5900	5901	5872	5871	
8809	Quad4	5929	5930	5901	5900	
8810	Quad4	5958	5959	5930	5929	
8811	Quad4	5987	5988	5959	5958	
8812	Quad4	6016	6017	5988	5987	
8813	Quad4	6045	6046	6017	6016	
8814	Quad4	6074	6075	6046	6045	
8815	Quad4	6103	6104	6075	6074	
8816	Quad4	6132	6133	6104	6103	
8817	Quad4	6161	6162	6133	6132	
8818	Quad4	6190	6191	6162	6161	
8819	Quad4	6219	6220	6191	6190	
8820	Quad4	2748	2747	6220	6219	
8821	Quad4	2798	2799	6250	6249	
8822	Quad4	2827	2828	2799	2798	
8823	Quad4	2856	2857	2828	2827	
8824	Quad4	2885	2886	2857	2856	
8825	Quad4	2914	2915	2886	2885	
8826	Quad4	2943	2944	2915	2914	
8827	Quad4	2972	2973	2944	2943	
8828	Quad4	3001	3002	2973	2972	
8829	Quad4	3030	3031	3002	3001	
8830	Quad4	3059	3060	3031	3030	
8831	Quad4	3088	3089	3060	3059	
8832	Quad4	3117	3118	3089	3088	
8833	Quad4	3146	3147	3118	3117	
8834	Quad4	3175	3176	3147	3146	
8835	Quad4	3204	3205	3176	3175	
8836	Quad4	3233	3234	3205	3204	
8837	Quad4	3262	3263	3234	3233	
8838	Quad4	3291	3292	3263	3262	
8839	Quad4	3320	3321	3292	3291	
8840	Quad4	3349	3350	3321	3320	
8841	Quad4	3378	3379	3350	3349	
8842	Quad4	3407	3408	3379	3378	
8843	Quad4	3436	3437	3408	3407	
8844	Quad4	3465	3466	3437	3436	
8845	Quad4	3494	3495	3466	3465	
8846	Quad4	3523	3524	3495	3494	
8847	Quad4	3552	3553	3524	3523	
8848	Quad4	3581	3582	3553	3552	
8849	Quad4	3610	3611	3582	3581	
8850	Quad4	3639	3640	3611	3610	
8851	Quad4	3668	3669	3640	3639	
8852	Quad4	3697	3698	3669	3668	
8853	Quad4	3726	3727	3698	3697	
8854	Quad4	3755	3756	3727	3726	
8855	Quad4	3784	3785	3756	3755	
8856	Quad4	3813	3814	3785	3784	
8857	Quad4	3842	3843	3814	3813	
8858	Quad4	3871	3872	3843	3842	
8859	Quad4	3900	3901	3872	3871	
8860	Quad4	3929	3930	3901	3900	
8861	Quad4	3958	3959	3930	3929	
8862	Quad4	3987	3988	3959	3958	
8863	Quad4	4016	4017	3988	3987	
8864	Quad4	4045	4046	4017	4016	
8865	Quad4	4074	4075	4046	4045	
8866	Quad4	4103	4104	4075	4074	
8867	Quad4	4132	4133	4104	4103	
8868	Quad4	4161	4162	4133	4132	
8869	Quad4	4190	4191	4162	4161	
8870	Quad4	4219	4220	4191	4190	
8871	Quad4	4248	4249	4220	4219	
8872	Quad4	4277	4278	4249	4248	
8873	Quad4	4306	4307	4278	4277	
8874	Quad4	4335	4336	4307	4306	
8875	Quad4	4364	4365	4336	4335	
8876	Quad4	4393	4394	4365	4364	
8877	Quad4	4422	4423	4394	4393	
8878	Quad4	4451	4452	4423	4422	
8879	Quad4	4480	4481	4452	4451	
8880	Quad4	4509	4510	4481	4480	
8881	Quad4	4538	4539	4510	4509	
8882	Quad4	4567	4568	4539	4538	
8883	Quad4	4596	4597	4568	4567	
8884	Quad4	4625	4626	4597	4596	
8885	Quad4	4654	4655	4626	4625	
8886	Quad4	4683	4684	4655	4654	
8887	Quad4	4712	4713	4684	4683	
8888	Quad4	4741	4742	4713	4712	
8889	Quad4	4770	4771	4742	4741	
8890	Quad4	4799	4800	4771	4770	
8891	Quad4	4828	4829	4800	4799	
8892	Quad4	4857	4858	4829	4828	
8893	Quad4	4886	4887	4858	4857	
8894	Quad4	4915	4916	4887	4886	
8895	Quad4	4944	4945	4916	4915	
8896	Quad4	4973	4974	4945	4944	
8897	Quad4	5002	5003	4974	4973	
8898	Quad4	5031	5032	5003	5002	
8899	Quad4	5060	5061	5032	5031	
8900	Quad4	5089	5090	5061	5060	
8901	Quad4	5118	5119	5090	5089	
8902	Quad4	5147	5148	5119	5118	
8903	Quad4	5176	5177	5148	5147	
8904	Quad4	5205	5206	5177	5176	
8905	Quad4	5234	5235	5206	5205	
8906	Quad4	5263	5264	5235	5234	
8907	Quad4	5292	5293	5264	5263	
8908	Quad4	5321	5322	5293	5292	
8909	Quad4	5350	5351	5322	5321	
8910	Quad4	5379	5380	5351	5350	
8911	Quad4	5408	5409	5380	5379	
8912	Quad4	5437	5438	5409	5408	
8913	Quad4	5466	5467	5438	5437	
8914	Quad4	5495	5496	5467	5466	
8915	Quad4	5524	5525	5496	5495	
8916	Quad4	5553	5554	5525	5524	
8917	Quad4	5582	5583	5554	5553	
8918	Quad4	5611	5612	5583	5582	
8919	Quad4	5640	5641	5612	5611	
8920	Quad4	5669	5670	5641	5640	
8921	Quad4	5698	5699	5670	5669	
8922	Quad4	5727	5728	5699	5698	
8923	Quad4	5756	5757	5728	5727	
8924	Quad4	5785	5786	5757	5756	
8925	Quad4	5814	5815	5786	5785	
8926	Quad4	5843	5844	5815	5814	
8927	Quad4	5872	5873	5844	5843	
8928	Quad4	5901	5902	5873	5872	
8929	Quad4	5930	5931	5902	5901	
8930	Quad4	5959	5960	5931	5930	
8931	Quad4	5988	5989	5960	5959	
8932	Quad4	6017	6018	5989	5988	
8933	Quad4	6046	6047	6018	6017	
8934	Quad4	6075	6076	6047	6046	
8935	Quad4	6104	6105	6076	6075	
8936	Quad4	6133	6134	6105	6104	
8937	Quad4	6162	6163	6134	6133	
8938	Quad4	6191	6192	6163	6162	
8939	Quad4	6220	6221	6192	6191	
8940	Quad4	2747	2746	6221	6220	
8941	Quad4	2799	2800	6251	6250	
8942	Quad4	2828	2829	2800	2799	
8943	Quad4	2857	2858	2829	2828	
8944	Quad4	2886	2887	2858	2857	
8945	Quad4	2915	2916	2887	2886	
8946	Quad4	2944	2945	2916	2915	
8947	Quad4	2973	2974	2945	2944	
8948	Quad4	3002	3003	2974	2973	
8949	Quad4	3031	3032	3003	3002	
8950	Quad4	3060	3061	3032	3031	
8951	Quad4	3089	3090	3061	3060	
8952	Quad4	3118	3119	3090	3089	
8953	Quad4	3147	3148	3119	3118	
8954	Quad4	3176	3177	3148	3147	
8955	Quad4	3205	3206	3177	3176	
8956	Quad4	3234	3235	3206	3205	
8957	Quad4	3263	3264	3235	3234	
8958	Quad4	3292	3293	3264	3263	
8959	Quad4	3321	3322	3293	3292	
8960	Quad4	3350	3351	3322	3321	
8961	Quad4	3379	3380	3351	3350	
8962	Quad4	3408	3409	3380	3379	
8963	Quad4	3437	3438	3409	3408	
8964	Quad4	3466	3467	3438	3437	
8965	Quad4	3495	3496	3467	3466	
8966	Quad4	3524	3525	3496	3495	
8967	Quad4	3553	3554	3525	3524	
8968	Quad4	3582	3583	3554	3553	
8969	Quad4	3611	3612	3583	3582	
8970	Quad4	3640	3641	3612	3611	
8971	Quad4	3669	3670	3641	3640	
8972	Quad4	3698	3699	3670	3669	
8973	Quad4	3727	3728	3699	3698	
8974	Quad4	3756	3757	3728	3727	
8975	Quad4	3785	3786	3757	3756	
8976	Quad4	3814	3815	3786	3785	
8977	Quad4	3843	3844	3815	3814	
8978	Quad4	3872	3873	3844	3843	
8979	Quad4	3901	3902	3873	3872	
8980	Quad4	3930	3931	3902	3901	
8981	Quad4	3959	3960	3931	3930	
8982	Quad4	3988	3989	3960	3959	
8983	Quad4	4017	4018	3989	3988	
8984	Quad4	4046	4047	4018	4017	
8985	Quad4	4075	4076	4047	4046	
8986	Quad4	4104	4105	4076	4075	
8987	Quad4	4133	4134	4105	4104	
8988	Quad4	4162	4163	4134	4133	
8989	Quad4	4191	4192	4163	4162	
8990	Quad4	4220	4221	4192	4191	
8991	Quad4	4249	4250	4221	4220	
8992	Quad4	4278	4279	4250	4249	
8993	Quad4	4307	4308	4279	4278	
8994	Quad4	4336	4337	4308	4307	
8995	Quad4	4365	4366	4337	4336	
8996	Quad4	4394	4395	4366	4365	
8997	Quad4	4423	4424	4395	4394	
8998	Quad4	4452	4453	4424	4423	
8999	Quad4	4481	4482	4453	4452	
9000	Quad4	4510	4511	4482	4481	
9001	Quad4	4539	4540	4511	4510	
9002	Quad4	4568	4569	4540	4539	
9003	Quad4	4597	4598	4569	4568	
9004	Quad4	4626	4627	4598	4597	
9005	Quad4	4655	4656	4627	4626	
9006	Quad4	4684	4685	4656	4655	
9007	Quad4	4713	4714	4685	4684	
9008	Quad4	4742	4743	4714	4713	
9009	Quad4	4771	4772	4743	4742	
9010	Quad4	4800	4801	4772	4771	
9011	Quad4	4829	4830	4801	4800	
9012	Quad4	4858	4859	4830	4829	
9013	Quad4	4887	4888	4859	4858	
9014	Quad4	4916	4917	4888	4887	
9015	Quad4	4945	4946	4917	4916	
9016	Quad4	4974	4975	4946	4945	
9017	Quad4	5003	5004	4975	4974	
9018	Quad4	5032	5033	5004	5003	
9019	Quad4	5061	5062	5033	5032	
9020	Quad4	5090	5091	5062	5061	
9021	Quad4	5119	5120	5091	5090	
9022	Quad4	5148	5149	5120	5119	
9023	Quad4	5177	5178	5149	5148	
9024	Quad4	5206	5207	5178	5177	
9025	Quad4	5235	5236	5207	5206	
9026	Quad4	5264	5265	5236	5235	
9027	Quad4	5293	5294	5265	5264	
9028	Quad4	5322	5323	5294	5293	
9029	Quad4	5351	5352	5323	5322	
9030	Quad4	5380	5381	5352	5351	
9031	Quad4	5409	5410	5381	5380	
9032	Quad4	5438	5439	5410	5409	
9033	Quad4	5467	5468	5439	5438	
9034	Quad4	5496	5497	5468	5467	
9035	Quad4	5525	5526	5497	5496	
9036	Quad4	5554	5555	5526	5525	
9037	Quad4	5583	5584	5555	5554	
9038	Quad4	5612	5613	5584	5583	
9039	Quad4	5641	5642	5613	5612	
9040	Quad4	5670	5671	5642	5641	
9041	Quad4	5699	5700	5671	5670	
9042	Quad4	5728	5729	5700	5699	
9043	Quad4	5757	5758	5729	5728	
9044	Quad4	5786	5787	5758	5757	
9045	Quad4	5815	5816	5787	5786	
9046	Quad4	5844	5845	5816	5815	
9047	Quad4	5873	5874	5845	5844	
9048	Quad4	5902	5903	5874	5873	
9049	Quad4	5931	5932	5903	5902	
9050	Quad4	5960	5961	5932	5931	
9051	Quad4	5989	5990	5961	5960	
9052	Quad4	6018	6019	5990	5989	
9053	Quad4	6047	6048	6019	6018	
9054	Quad4	6076	6077	6048	6047	
9055	Quad4	6105	6106	6077	6076	
9056	Quad4	6134	6135	6106	6105	
9057	Quad4	6163	6164	6135	6134	
9058	Quad4	6192	6193	6164	6163	
9059	Quad4	6221	6222	6193	6192	
9060	Quad4	2746	2745	6222	6221	
9061	Quad4	2800	2801	6252	6251	
9062	Quad4	2829	2830	2801	2800	
9063	Quad4	2858	2859	2830	2829	
9064	Quad4	2887	2888	2859	2858	
9065	Quad4	2916	2917	2888	2887	
9066	Quad4	2945	2946	2917	2916	
9067	Quad4	2974	2975	2946	2945	
9068	Quad4	3003	3004	2975	2974	
9069	Quad4	3032	3033	3004	3003	
9070	Quad4	3061	3062	3033	3032	
9071	Quad4	3090	3091	3062	3061	
9072	Quad4	3119	3120	3091	3090	
9073	Quad4	3148	3149	3120	3119	
9074	Quad4	3177	3178	3149	3148	
9075	Quad4	3206	3207	3178	3177	
9076	Quad4	3235	3236	3207	3206	
9077	Quad4	3264	3265	3236	3235	
9078	Quad4	3293	3294	3265	3264	
9079	Quad4	3322	3323	3294	3293	
9080	Quad4	3351	3352	3323	3322	
9081	Quad4	3380	3381	3352	3351	
9082	Quad4	3409	3410	3381	3380	
9083	Quad4	3438	3439	3410	3409	
9084	Quad4	3467	3468	3439	3438	
9085	Quad4	3496	3497	3468	3467	
9086	Quad4	3525	3526	3497	3496	
9087	Quad4	3554	3555	3526	3525	
9088	Quad4	3583	3584	3555	3554	
9089	Quad4	3612	3613	3584	3583	
9090	Quad4	3641	3642	3613	3612	
9091	Quad4	3670	3671	3642	3641	
9092	Quad4	3699	3700	3671	3670	
9093	Quad4	3728	3729	3700	3699	
9094	Quad4	3757	3758	3729	3728	
9095	Quad4	3786	3787	3758	3757	
9096	Quad4	3815	3816	3787	3786	
9097	Quad4	3844	3845	3816	3815	
9098	Quad4	3873	3874	3845	3844	
9099	Quad4	3902	3903	3874	3873	
9100	Quad4	3931	3932	3903	3902	
9101	Quad4	3960	3961	3932	3931	
9102	Quad4	3989	3990	3961	3960	
9103	Quad4	4018	4019	3990	3989	
9104	Quad4	4047	4048	4019	4018	
9105	Quad4	4076	4077	4048	4047	
9106	Quad4	4105	4106	4077	4076	
9107	Quad4	4134	4135	4106	4105	
9108	Quad4	4163	4164	4135	4134	
9109	Quad4	4192	4193	4164	4163	
9110	Quad4	4221	4222	4193	4192	
9111	Quad4	4250	4251	4222	4221	
9112	Quad4	4279	4280	4251	4250	
9113	Quad4	4308	4309	4280	4279	
9114	Quad4	4337	4338	4309	4308	
9115	Quad4	4366	4367	4338	4337	
9116	Quad4	4395	4396	4367	4366	
9117	Quad4	4424	4425	4396	4395	
9118	Quad4	4453	4454	4425	4424	
9119	Quad4	4482	4483	4454	4453	
9120	Quad4	4511	4512	4483	4482	
9121	Quad4	4540	4541	4512	4511	
9122	Quad4	4569	4570	4541	4540	
9123	Quad4	4598	4599	4570	4569	
9124	Quad4	4627	4628	4599	4598	
9125	Quad4	4656	4657	4628	4627	
9126	Quad4	4685	4686	4657	4656	
9127	Quad4	4714	4715	4686	4685	
9128	Quad4	4743	4744	4715	4714	
9129	Quad4	4772	4773	4744	4743	
9130	Quad4	4801	4802	4773	4772	
9131	Quad4	4830	4831	4802	4801	
9132	Quad4	4859	4860	4831	4830	
9133	Quad4	4888	4889	4860	4859	
9134	Quad4	4917	4918	4889	4888	
9135	Quad4	4946	4947	4918	4917	
9136	Quad4	4975	4976	4947	4946	
9137	Quad4	5004	5005	4976	4975	
9138	Quad4	5033	5034	5005	5004	
9139	Quad4	5062	5063	5034	5033	
9140	Quad4	5091	5092	5063	5062	
9141	Quad4	5120	5121	5092	5091	
9142	Quad4	5149	5150	5121	5120	
9143	Quad4	5178	5179	5150	5149	
9144	Quad4	5207	5208	5179	5178	
9145	Quad4	5236	5237	5208	5207	
9146	Quad4	5265	5266	5237	5236	
9147	Quad4	5294	5295	5266	5265	
9148	Quad4	5323	5324	5295	5294	
9149	Quad4	5352	5353	5324	5323	
9150	Quad4	5381	5382	5353	5352	
9151	Quad4	5410	5411	5382	5381	
9152	Quad4	5439	5440	5411	5410	
9153	Quad4	5468	5469	5440	5439	
9154	Quad4	5497	5498	5469	5468	
9155	Quad4	5526	5527	5498	5497	
9156	Quad4	5555	5556	5527	5526	
9157	Quad4	5584	5585	5556	5555	
9158	Quad4	5613	5614	5585	5584	
9159	Quad4	5642	5643	5614	5613	
9160	Quad4	5671	5672	5643	5642	
9161	Quad4	5700	5701	5672	5671	
9162	Quad4	5729	5730	5701	5700	
9163	Quad4	5758	5759	5730	5729	
9164	Quad4	5787	5788	5759	5758	
9165	Quad4	5816	5817	5788	5787	
9166	Quad4	5845	5846	5817	5816	
9167	Quad4	5874	5875	5846	5845	
9168	Quad4	5903	5904	5875	5874	
9169	Quad4	5932	5933	5904	5903	
9170	Quad4	5961	5962	5933	5932	
9171	Quad4	5990	5991	5962	5961	
9172	Quad4	6019	6020	5991	5990	
9173	Quad4	6048	6049	6020	6019	
9174	Quad4	6077	6078	6049	6048	
9175	Quad4	6106	6107	6078	6077	
9176	Quad4	6135	6136	6107	6106	
9177	Quad4	6164	6165	6136	6135	
9178	Quad4	6193	6194	6165	6164	
9179	Quad4	6222	6223	6194	6193	
9180	Quad4	2745	2744	6223	6222	
9181	Quad4	2801	6253	11	6252	
9182	Quad4	2830	6254	6253	2801	
9183	Quad4	2859	6255	6254	2830	
9184	Quad4	2888	6256	6255	2859	
9185	Quad4	2917	6257	6256	2888	
9186	Quad4	2946	6258	6257	2917	
9187	Quad4	2975	6259	6258	2946	
9188	Quad4	3004	6260	6259	2975	
9189	Quad4	3033	6261	6260	3004	
9190	Quad4	3062	6262	6261	3033	
9191	Quad4	3091	6263	6262	3062	
9192	Quad4	3120	6264	6263	3091	
9193	Quad4	3149	6265	6264	3120	
9194	Quad4	3178	6266	6265	3149	
9195	Quad4	3207	6267	6266	3178	
9196	Quad4	3236	6268	6267	3207	
9197	Quad4	3265	6269	6268	3236	
9198	Quad4	3294	6270	6269	3265	
9199	Quad4	3323	6271	6270	3294	
9200	Quad4	3352	6272	6271	3323	
9201	Quad4	3381	6273	6272	3352	
9202	Quad4	3410	6274	6273	3381	
9203	Quad4	3439	6275	6274	3410	
9204	Quad4	3468	6276	6275	3439	
9205	Quad4	3497	6277	6276	3468	
9206	Quad4	3526	6278	6277	3497	
9207	Quad4	3555	6279	6278	3526	
9208	Quad4	3584	6280	6279	3555	
9209	Quad4	3613	6281	6280	3584	
9210	Quad4	3642	6282	6281	3613	
9211	Quad4	3671	6283	6282	3642	
9212	Quad4	3700	6284	6283	3671	
9213	Quad4	3729	6285	6284	3700	
9214	Quad4	3758	6286	6285	3729	
9215	Quad4	3787	6287	6286	3758	
9216	Quad4	3816	6288	6287	3787	
9217	Quad4	3845	6289	6288	3816	
9218	Quad4	3874	6290	6289	3845	
9219	Quad4	3903	6291	6290	3874	
9220	Quad4	3932	6292	6291	3903	
9221	Quad4	3961	6293	6292	3932	
9222	Quad4	3990	6294	6293	3961	
9223	Quad4	4019	6295	6294	3990	
9224	Quad4	4048	6296	6295	4019	
9225	Quad4	4077	6297	6296	4048	
9226	Quad4	4106	6298	6297	4077	
9227	Quad4	4135	6299	6298	4106	
9228	Quad4	4164	6300	6299	4135	
9229	Quad4	4193	6301	6300	4164	
9230	Quad4	4222	6302	6301	4193	
9231	Quad4	4251	6303	6302	4222	
9232	Quad4	4280	6304	6303	4251	
9233	Quad4	4309	6305	6304	4280	
9234	Quad4	4338	6306	6305	4309	
9235	Quad4	4367	6307	6306	4338	
9236	Quad4	4396	6308	6307	4367	
9237	Quad4	4425	6309	6308	4396	
9238	Quad4	4454	6310	6309	4425	
9239	Quad4	4483	6311	6310	4454	
9240	Quad4	4512	6312	6311	4483	
9241	Quad4	4541	6313	6312	4512	
9242	Quad4	4570	6314	6313	4541	
9243	Quad4	4599	6315	6314	4570	
9244	Quad4	4628	6316	6315	4599	
9245	Quad4	4657	6317	6316	4628	
9246	Quad4	4686	6318	6317	4657	
9247	Quad4	4715	6319	6318	4686	
9248	Quad4	4744	6320	6319	4715	
9249	Quad4	4773	6321	6320	4744	
9250	Quad4	4802	6322	6321	4773	
9251	Quad4	4831	6323	6322	4802	
9252	Quad4	4860	6324	6323	4831	
9253	Quad4	4889	6325	6324	4860	
9254	Quad4	4918	6326	6325	4889	
9255	Quad4	4947	6327	6326	4918	
9256	Quad4	4976	6328	6327	4947	
9257	Quad4	5005	6329	6328	4976	
9258	Quad4	5034	6330	6329	5005	
9259	Quad4	5063	6331	6330	5034	
9260	Quad4	5092	6332	6331	5063	
9261	Quad4	5121	6333	6332	5092	
9262	Quad4	5150	6334	6333	5121	
9263	Quad4	5179	6335	6334	5150	
9264	Quad4	5208	6336	6335	5179	
9265	Quad4	5237	6337	6336	5208	
9266	Quad4	5266	6338	6337	5237	
9267	Quad4	5295	6339	6338	5266	
9268	Quad4	5324	6340	6339	5295	
9269	Quad4	5353	6341	6340	5324	
9270	Quad4	5382	6342	6341	5353	
9271	Quad4	5411	6343	6342	5382	
9272	Quad4	5440	6344	6343	5411	
9273	Quad4	5469	6345	6344	5440	
9274	Quad4	5498	6346	6345	5469	
9275	Quad4	5527	6347	6346	5498	
9276	Quad4	5556	6348	6347	5527	
9277	Quad4	5585	6349	6348	5556	
9278	Quad4	5614	6350	6349	5585	
9279	Quad4	5643	6351	6350	5614	
9280	Quad4	5672	6352	6351	5643	
9281	Quad4	5701	6353	6352	5672	
9282	Quad4	5730	6354	6353	5701	
9283	Quad4	5759	6355	6354	5730	
9284	Quad4	5788	6356	6355	5759	
9285	Quad4	5817	6357	6356	5788	
9286	Quad4	5846	6358	6357	5817	
9287	Quad4	5875	6359	6358	5846	
9288	Quad4	5904	6360	6359	5875	
9289	Quad4	5933	6361	6360	5904	
9290	Quad4	5962	6362	6361	5933	
9291	Quad4	5991	6363	6362	5962	
9292	Quad4	6020	6364	6363	5991	
9293	Quad4	6049	6365	6364	6020	
9294	Quad4	6078	6366	6365	6049	
9295	Quad4	6107	6367	6366	6078	
9296	Quad4	6136	6368	6367	6107	
9297	Quad4	6165	6369	6368	6136	
9298	Quad4	6194	6370	6369	6165	
9299	Quad4	6223	6371	6370	6194	
9300	Quad4	2744	6	6371	6223	
9301	Quad4	2549	38	17	2550	
9302	Quad4	2548	59	38	2549	
9303	Quad4	2547	80	59	2548	
9304	Quad4	2546	101	80	2547	
9305	Quad4	2545	122	101	2546	
9306	Quad4	2544	143	122	2545	
9307	Quad4	2543	164	143	2544	
9308	Quad4	2542	185	164	2543	
9309	Quad4	2541	206	185	2542	
9310	Quad4	2540	227	206	2541	
9311	Quad4	2539	248	227	2540	
9312	Quad4	2538	269	248	2539	
9313	Quad4	2537	290	269	2538	
9314	Quad4	2655	311	290	2537	
9315	Quad4	2656	332	311	2655	
9316	Quad4	2654	353	332	2656	
9317	Quad4	2653	374	353	2654	
9318	Quad4	2652	395	374	2653	
9319	Quad4	2651	416	395	2652	
9320	Quad4	2650	437	416	2651	
9321	Quad4	2649	458	437	2650	
9322	Quad4	2648	479	458	2649	
9323	Quad4	2647	500	479	2648	
9324	Quad4	2646	521	500	2647	
9325	Quad4	2645	542	521	2646	
9326	Quad4	2644	563	542	2645	
9327	Quad4	2643	584	563	2644	
9328	Quad4	2642	605	584	2643	
9329	Quad4	2641	626	605	2642	
9330	Quad4	2640	647	626	2641	
9331	Quad4	2639	668	647	2640	
9332	Quad4	2638	689	668	2639	
9333	Quad4	2637	710	689	2638	
9334	Quad4	2636	731	710	2637	
9335	Quad4	2635	752	731	2636	
9336	Quad4	2634	773	752	2635	
9337	Quad4	2633	794	773	2634	
9338	Quad4	2632	815	794	2633	
9339	Quad4	2631	836	815	2632	
9340	Quad4	2630	857	836	2631	
9341	Quad4	2629	878	857	2630	
9342	Quad4	2628	899	878	2629	
9343	Quad4	2627	920	899	2628	
9344	Quad4	2626	941	920	2627	
9345	Quad4	2625	962	941	2626	
9346	Quad4	2624	983	962	2625	
9347	Quad4	2623	1004	983	2624	
9348	Quad4	2622	1025	1004	2623	
9349	Quad4	2621	1046	1025	2622	
9350	Quad4	2620	1067	1046	2621	
9351	Quad4	2619	1088	1067	2620	
9352	Quad4	2618	1109	1088	2619	
9353	Quad4	2617	1130	1109	2618	
9354	Quad4	2616	1151	1130	2617	
9355	Quad4	2615	1172	1151	2616	
9356	Quad4	2614	1193	1172	2615	
9357	Quad4	2613	1214	1193	2614	
9358	Quad4	2612	1235	1214	2613	
9359	Quad4	2611	1256	1235	2612	
9360	Quad4	2610	1277	1256	2611	
9361	Quad4	2609	1298	1277	2610	
9362	Quad4	2608	1319	1298	2609	
9363	Quad4	2607	1340	1319	2608	
9364	Quad4	2606	1361	1340	2607	
9365	Quad4	2605	1382	1361	2606	
9366	Quad4	2604	1403	1382	2605	
9367	Quad4	2603	1424	1403	2604	
9368	Quad4	2602	1445	1424	2603	
9369	Quad4	2601	1466	1445	2602	
9370	Quad4	2600	1487	1466	2601	
9371	Quad4	2599	1508	1487	2600	
9372	Quad4	2598	1529	1508	2599	
9373	Quad4	2597	1550	1529	2598	
9374	Quad4	2596	1571	1550	2597	
9375	Quad4	2595	1592	1571	2596	
9376	Quad4	2594	1613	1592	2595	
9377	Quad4	2593	1634	1613	2594	
9378	Quad4	2592	1655	1634	2593	
9379	Quad4	2591	1676	1655	2592	
9380	Quad4	2590	1697	1676	2591	
9381	Quad4	2589	1718	1697	2590	
9382	Quad4	2588	1739	1718	2589	
9383	Quad4	2587	1760	1739	2588	
9384	Quad4	2586	1781	1760	2587	
9385	Quad4	2585	1802	1781	2586	
9386	Quad4	2584	1823	1802	2585	
9387	Quad4	2583	1844	1823	2584	
9388	Quad4	2582	1865	1844	2583	
9389	Quad4	2581	1886	1865	2582	
9390	Quad4	2580	1907	1886	2581	
9391	Quad4	2579	1928	1907	2580	
9392	Quad4	2578	1949	1928	2579	
9393	Quad4	2577	1970	1949	2578	
9394	Quad4	2576	1991	1970	2577	
9395	Quad4	2575	2012	1991	2576	
9396	Quad4	2574	2033	2012	2575	
9397	Quad4	2573	2054	2033	2574	
9398	Quad4	2572	2075	2054	2573	
9399	Quad4	2571	2096	2075	2572	
9400	Quad4	2570	2117	2096	2571	
9401	Quad4	2569	2138	2117	2570	
9402	Quad4	2568	2159	2138	2569	
9403	Quad4	2567	2180	2159	2568	
9404	Quad4	2566	2201	2180	2567	
9405	Quad4	2565	2222	2201	2566	
9406	Quad4	2564	2243	2222	2565	
9407	Quad4	2563	2264	2243	2564	
9408	Quad4	2562	2285	2264	2563	
9409	Quad4	2561	2306	2285	2562	
9410	Quad4	2560	2327	2306	2561	
9411	Quad4	2559	2348	2327	2560	
9412	Quad4	2558	2369	2348	2559	
9413	Quad4	2557	2390	2369	2558	
9414	Quad4	2556	2411	2390	2557	
9415	Quad4	2555	2432	2411	2556	
9416	Quad4	2554	2453	2432	2555	
9417	Quad4	2553	2474	2453	2554	
9418	Quad4	2552	2495	2474	2553	
9419	Quad4	2551	2516	2495	2552	
9420	Quad4	2550	17	2516	2551	
9421	Quad4	38	39	18	17	
9422	Quad4	59	60	39	38	
9423	Quad4	80	81	60	59	
9424	Quad4	101	102	81	80	
9425	Quad4	122	123	102	101	
9426	Quad4	143	144	123	122	
9427	Quad4	164	165	144	143	
9428	Quad4	185	186	165	164	
9429	Quad4	206	207	186	185	
9430	Quad4	227	228	207	206	
9431	Quad4	248	249	228	227	
9432	Quad4	269	270	249	248	
9433	Quad4	290	291	270	269	
9434	Quad4	311	312	291	290	
9435	Quad4	332	333	312	311	
9436	Quad4	353	354	333	332	
9437	Quad4	374	375	354	353	
9438	Quad4	395	396	375	374	
9439	Quad4	416	417	396	395	
9440	Quad4	437	438	417	416	
9441	Quad4	458	459	438	437	
9442	Quad4	479	480	459	458	
9443	Quad4	500	501	480	479	
9444	Quad4	521	522	501	500	
9445	Quad4	542	543	522	521	
9446	Quad4	563	564	543	542	
9447	Quad4	584	585	564	563	
9448	Quad4	605	606	585	584	
9449	Quad4	626	627	606	605	
9450	Quad4	647	648	627	626	
9451	Quad4	668	669	648	647	
9452	Quad4	689	690	669	668	
9453	Quad4	710	711	690	689	
9454	Quad4	731	732	711	710	
9455	Quad4	752	753	732	731	
9456	Quad4	773	774	753	752	
9457	Quad4	794	795	774	773	
9458	Quad4	815	816	795	794	
9459	Quad4	836	837	816	815	
9460	Quad4	857	858	837	836	
9461	Quad4	878	879	858	857	
9462	Quad4	899	900	879	878	
9463	Quad4	920	921	900	899	
9464	Quad4	941	942	921	920	
9465	Quad4	962	963	942	941	
9466	Quad4	983	984	963	962	
9467	Quad4	1004	1005	984	983	
9468	Quad4	1025	1026	1005	1004	
9469	Quad4	1046	1047	1026	1025	
9470	Quad4	1067	1068	1047	1046	
9471	Quad4	1088	1089	1068	1067	
9472	Quad4	1109	1110	1089	1088	
9473	Quad4	1130	1131	1110	1109	
9474	Quad4	1151	1152	1131	1130	
9475	Quad4	1172	1173	1152	1151	
9476	Quad4	1193	1194	1173	1172	
9477	Quad4	1214	1215	1194	1193	
9478	Quad4	1235	1236	1215	1214	
9479	Quad4	1256	1257	1236	1235	
9480	Quad4	1277	1278	1257	1256	
9481	Quad4	1298	1299	1278	1277	
9482	Quad4	1319	1320	1299	1298	
9483	Quad4	1340	1341	1320	1319	
9484	Quad4	1361	1362	1341	1340	
9485	Quad4	1382	1383	1362	1361	
9486	Quad4	1403	1404	1383	1382	
9487	Quad4	1424	1425	1404	1403	
9488	Quad4	1445	1446	1425	1424	
9489	Quad4	1466	1467	1446	1445	
9490	Quad4	1487	1488	1467	1466	
9491	Quad4	1508	1509	1488	1487	
9492	Quad4	1529	1530	1509	1508	
9493	Quad4	1550	1551	1530	1529	
9494	Quad4	1571	1572	1551	1550	
9495	Quad4	1592	1593	1572	1571	
9496	Quad4	1613	1614	1593	1592	
9497	Quad4	1634	1635	1614	1613	
9498	Quad4	1655	1656	1635	1634	
9499	Quad4	1676	1677	1656	1655	
9500	Quad4	1697	1698	1677	1676	
9501	Quad4	1718	1719	1698	1697	
9502	Quad4	1739	1740	1719	1718	
9503	Quad4	1760	1761	1740	1739	
9504	Quad4	1781	1782	1761	1760	
9505	Quad4	1802	1803	1782	1781	
9506	Quad4	1823	1824	1803	1802	
9507	Quad4	1844	1845	1824	1823	
9508	Quad4	1865	1866	1845	1844	
9509	Quad4	1886	1887	1866	1865	
9510	Quad4	1907	1908	1887	1886	
9511	Quad4	1928	1929	1908	1907	
9512	Quad4	1949	1950	1929	1928	
9513	Quad4	1970	1971	1950	1949	
9514	Quad4	1991	1992	1971	1970	
9515	Quad4	2012	2013	1992	1991	
9516	Quad4	2033	2034	2013	2012	
9517	Quad4	2054	2055	2034	2033	
9518	Quad4	2075	2076	2055	2054	
9519	Quad4	2096	2097	2076	2075	
9520	Quad4	2117	2118	2097	2096	
9521	Quad4	2138	2139	2118	2117	
9522	Quad4	2159	2160	2139	2138	
9523	Quad4	2180	2181	2160	2159	
9524	Quad4	2201	2202	2181	2180	
9525	Quad4	2222	2223	2202	2201	
9526	Quad4	2243	2244	2223	2222	
9527	Quad4	2264	2265	2244	2243	
9528	Quad4	2285	2286	2265	2264	
9529	Quad4	2306	2307	2286	2285	
9530	Quad4	2327	2328	2307	2306	
9531	Quad4	2348	2349	2328	2327	
9532	Quad4	2369	2370	2349	2348	
9533	Quad4	2390	2391	2370	2369	
9534	Quad4	2411	2412	2391	2390	
9535	Quad4	2432	2433	2412	2411	
9536	Quad4	2453	2454	2433	2432	
9537	Quad4	2474	2475	2454	2453	
9538	Quad4	2495	2496	2475	2474	
9539	Quad4	2516	2517	2496	2495	
9540	Quad4	17	18	2517	2516	
9541	Quad4	39	40	19	18	
9542	Quad4	60	61	40	39	
9543	Quad4	81	82	61	60	
9544	Quad4	102	103	82	81	
9545	Quad4	123	124	103	102	
9546	Quad4	144	145	124	123	
9547	Quad4	165	166	145	144	
9548	Quad4	186	187	166	165	
9549	Quad4	207	208	187	186	
9550	Quad4	228	229	208	207	
9551	Quad4	249	250	229	228	
9552	Quad4	270	271	250	249	
9553	Quad4	291	292	271	270	
9554	Quad4	312	313	292	291	
9555	Quad4	333	334	313	312	
9556	Quad4	354	355	334	333	
9557	Quad4	375	376	355	354	
9558	Quad4	396	397	376	375	
9559	Quad4	417	418	397	396	
9560	Quad4	438	439	418	417	
9561	Quad4	459	460	439	438	
9562	Quad4	480	481	460	459	
9563	Quad4	501	502	481	480	
9564	Quad4	522	523	502	501	
9565	Quad4	543	544	523	522	
9566	Quad4	564	565	544	543	
9567	Quad4	585	586	565	564	
9568	Quad4	606	607	586	585	
9569	Quad4	627	628	607	606	
9570	Quad4	648	649	628	627	
9571	Quad4	669	670	649	648	
9572	Quad4	690	691	670	669	
9573	Quad4	711	712	691	690	
9574	Quad4	732	733	712	711	
9575	Quad4	753	754	733	732	
9576	Quad4	774	775	754	753	
9577	Quad4	795	796	775	774	
9578	Quad4	816	817	796	795	
9579	Quad4	837	838	817	816	
9580	Quad4	858	859	838	837	
9581	Quad4	879	880	859	858	
9582	Quad4	900	901	880	879	
9583	Quad4	921	922	901	900	
9584	Quad4	942	943	922	921	
9585	Quad4	963	964	943	942	
9586	Quad4	984	985	964	963	
9587	Quad4	1005	1006	985	984	
9588	Quad4	1026	1027	1006	1005	
9589	Quad4	1047	1048	1027	1026	
9590	Quad4	1068	1069	1048	1047	
9591	Quad4	1089	1090	1069	1068	
9592	Quad4	1110	1111	1090	1089	
9593	Quad4	1131	1132	1111	1110	
9594	Quad4	1152	1153	1132	1131	
9595	Quad4	1173	1174	1153	1152	
9596	Quad4	1194	1195	1174	1173	
9597	Quad4	1215	1216	1195	1194	
9598	Quad4	1236	1237	1216	1215	
9599	Quad4	1257	1258	1237	1236	
9600	Quad4	1278	1279	1258	1257	
9601	Quad4	1299	1300	1279	1278	
9602	Quad4	1320	1321	1300	1299	
9603	Quad4	1341	1342	1321	1320	
9604	Quad4	1362	1363	1342	1341	
9605	Quad4	1383	1384	1363	1362	
9606	Quad4	1404	1405	1384	1383	
9607	Quad4	1425	1426	1405	1404	
9608	Quad4	1446	1447	1426	1425	
9609	Quad4	1467	1468	1447	1446	
9610	Quad4	1488	1489	1468	1467	
9611	Quad4	1509	1510	1489	1488	
9612	Quad4	1530	1531	1510	1509	
9613	Quad4	1551	1552	1531	1530	
9614	Quad4	1572	1573	1552	1551	
9615	Quad4	1593	1594	1573	1572	
9616	Quad4	1614	1615	1594	1593	
9617	Quad4	1635	1636	1615	1614	
9618	Quad4	1656	1657	1636	1635	
9619	Quad4	1677	1678	1657	1656	
9620	Quad4	1698	1699	1678	1677	
9621	Quad4	1719	1720	1699	1698	
9622	Quad4	1740	1741	1720	1719	
9623	Quad4	1761	1762	1741	1740	
9624	Quad4	1782	1783	1762	1761	
9625	Quad4	1803	1804	1783	1782	
9626	Quad4	1824	1825	1804	1803	
9627	Quad4	1845	1846	1825	1824	
9628	Quad4	1866	1867	1846	1845	
9629	Quad4	1887	1888	1867	1866	
9630	Quad4	1908	1909	1888	1887	
9631	Quad4	1929	1930	1909	1908	
9632	Quad4	1950	1951	1930	1929	
9633	Quad4	1971	1972	1951	1950	
9634	Quad4	1992	1993	1972	1971	
9635	Quad4	2013	2014	1993	1992	
9636	Quad4	2034	2035	2014	2013	
9637	Quad4	2055	2056	2035	2034	
9638	Quad4	2076	2077	2056	2055	
9639	Quad4	2097	2098	2077	2076	
9640	Quad4	2118	2119	2098	2097	
9641	Quad4	2139	2140	2119	2118	
9642	Quad4	2160	2161	2140	2139	
9643	Quad4	2181	2182	2161	2160	
9644	Quad4	2202	2203	2182	2181	
9645	Quad4	2223	2224	2203	2202	
9646	Quad4	2244	2245	2224	2223	
9647	Quad4	2265	2266	2245	2244	
9648	Quad4	2286	2287	2266	2265	
9649	Quad4	2307	2308	2287	2286	
9650	Quad4	2328	2329	2308	2307	
9651	Quad4	2349	2350	2329	2328	
9652	Quad4	2370	2371	2350	2349	
9653	Quad4	2391	2392	2371	2370	
9654	Quad4	2412	2413	2392	2391	
9655	Quad4	2433	2434	2413	2412	
9656	Quad4	2454	2455	2434	2433	
9657	Quad4	2475	2476	2455	2454	
9658	Quad4	2496	2497	2476	2475	
9659	Quad4	2517	2518	2497	2496	
9660	Quad4	18	19	2518	2517	
9661	Quad4	40	41	20	19	
9662	Quad4	61	62	41	40	
9663	Quad4	82	83	62	61	
9664	Quad4	103	104	83	82	
9665	Quad4	124	125	104	103	
9666	Quad4	145	146	125	124	
9667	Quad4	166	167	146	145	
9668	Quad4	187	188	167	166	
9669	Quad4	208	209	188	187	
9670	Quad4	229	230	209	208	
9671	Quad4	250	251	230	229	
9672	Quad4	271	272	251	250	
9673	Quad4	292	293	272	271	
9674	Quad4	313	314	293	292	
9675	Quad4	334	335	314	313	
9676	Quad4	355	356	335	334	
9677	Quad4	376	377	356	355	
9678	Quad4	397	398	377	376	
9679	Quad4	418	419	398	397	
9680	Quad4	439	440	419	418	
9681	Quad4	460	461	440	439	
9682	Quad4	481	482	461	460	
9683	Quad4	502	503	482	481	
9684	Quad4	523	524	503	502	
9685	Quad4	544	545	524	523	
9686	Quad4	565	566	545	544	
9687	Quad4	586	587	566	565	
9688	Quad4	607	608	587	586	
9689	Quad4	628	629	608	607	
9690	Quad4	649	650	629	628	
9691	Quad4	670	671	650	649	
9692	Quad4	691	692	671	670	
9693	Quad4	712	713	692	691	
9694	Quad4	733	734	713	712	
9695	Quad4	754	755	734	733	
9696	Quad4	775	776	755	754	
9697	Quad4	796	797	776	775	
9698	Quad4	817	818	797	796	
9699	Quad4	838	839	818	817	
9700	Quad4	859	860	839	838	
9701	Quad4	880	881	860	859	
9702	Quad4	901	902	881	880	
9703	Quad4	922	923	902	901	
9704	Quad4	943	944	923	922	
9705	Quad4	964	965	944	943	
9706	Quad4	985	986	965	964	
9707	Quad4	1006	1007	986	985	
9708	Quad4	1027	1028	1007	1006	
9709	Quad4	1048	1049	1028	1027	
9710	Quad4	1069	1070	1049	1048	
9711	Quad4	1090	1091	1070	1069	
9712	Quad4	1111	1112	1091	1090	
9713	Quad4	1132	1133	1112	1111	
9714	Quad4	1153	1154	1133	1132	
9715	Quad4	1174	1175	1154	1153	
9716	Quad4	1195	1196	1175	1174	
9717	Quad4	1216	1217	1196	1195	
9718	Quad4	1237	1238	1217	1216	
9719	Quad4	1258	1259	1238	1237	
9720	Quad4	1279	1280	1259	1258	
9721	Quad4	1300	1301	1280	1279	
9722	Quad4	1321	1322	1301	1300	
9723	Quad4	1342	1343	1322	1321	
9724	Quad4	1363	1364	1343	1342	
9725	Quad4	1384	1385	1364	1363	
9726	Quad4	1405	1406	1385	1384	
9727	Quad4	1426	1427	1406	1405	
9728	Quad4	1447	1448	1427	1426	
9729	Quad4	1468	1469	1448	1447	
9730	Quad4	1489	1490	1469	1468	
9731	Quad4	1510	1511	1490	1489	
9732	Quad4	1531	1532	1511	1510	
9733	Quad4	1552	1553	1532	1531	
9734	Quad4	1573	1574	1553	1552	
9735	Quad4	1594	1595	1574	1573	
9736	Quad4	1615	1616	1595	1594	
9737	Quad4	1636	1637	1616	1615	
9738	Quad4	1657	1658	1637	1636	
9739	Quad4	1678	1679	1658	1657	
9740	Quad4	1699	1700	1679	1678	
9741	Quad4	1720	1721	1700	1699	
9742	Quad4	1741	1742	1721	1720	
9743	Quad4	1762	1763	1742	1741	
9744	Quad4	1783	1784	1763	1762	
9745	Quad4	1804	1805	1784	1783	
9746	Quad4	1825	1826	1805	1804	
9747	Quad4	1846	1847	1826	1825	
9748	Quad4	1867	1868	1847	1846	
9749	Quad4	1888	1889	1868	1867	
9750	Quad4	1909	1910	1889	1888	
9751	Quad4	1930	1931	1910	1909	
9752	Quad4	1951	1952	1931	1930	
9753	Quad4	1972	1973	1952	1951	
9754	Quad4	1993	1994	1973	1972	
9755	Quad4	2014	2015	1994	1993	
9756	Quad4	2035	2036	2015	2014	
9757	Quad4	2056	2057	2036	2035	
9758	Quad4	2077	2078	2057	2056	
9759	Quad4	2098	2099	2078	2077	
9760	Quad4	2119	2120	2099	2098	
9761	Quad4	2140	2141	2120	2119	
9762	Quad4	2161	2162	2141	2140	
9763	Quad4	2182	2183	2162	2161	
9764	Quad4	2203	2204	2183	2182	
9765	Quad4	2224	2225	2204	2203	
9766	Quad4	2245	2246	2225	2224	
9767	Quad4	2266	2267	2246	2245	
9768	Quad4	2287	2288	2267	2266	
9769	Quad4	2308	2309	2288	2287	
9770	Quad4	2329	2330	2309	2308	
9771	Quad4	2350	2351	2330	2329	
9772	Quad4	2371	2372	2351	2350	
9773	Quad4	2392	2393	2372	2371	
9774	Quad4	2413	2414	2393	2392	
9775	Quad4	2434	2435	2414	2413	
9776	Quad4	2455	2456	2435	2434	
9777	Quad4	2476	2477	2456	2455	
9778	Quad4	2497	2498	2477	2476	
9779	Quad4	2518	2519	2498	2497	
9780	Quad4	19	20	2519	2518	
9781	Quad4	41	42	21	20	
9782	Quad4	62	63	42	41	
9783	Quad4	83	84	63	62	
9784	Quad4	104	105	84	83	
9785	Quad4	125	126	105	104	
9786	Quad4	146	147	126	125	
9787	Quad4	167	168	147	146	
9788	Quad4	188	189	168	167	
9789	Quad4	209	210	189	188	
9790	Quad4	230	231	210	209	
9791	Quad4	251	252	231	230	
9792	Quad4	272	273	252	251	
9793	Quad4	293	294	273	272	
9794	Quad4	314	315	294	293	
9795	Quad4	335	336	315	314	
9796	Quad4	356	357	336	335	
9797	Quad4	377	378	357	356	
9798	Quad4	398	399	378	377	
9799	Quad4	419	420	399	398	
9800	Quad4	440	441	420	419	
9801	Quad4	461	462	441	440	
9802	Quad4	482	483	462	461	
9803	Quad4	503	504	483	482	
9804	Quad4	524	525	504	503	
9805	Quad4	545	546	525	524	
9806	Quad4	566	567	546	545	
9807	Quad4	587	588	567	566	
9808	Quad4	608	609	588	587	
9809	Quad4	629	630	609	608	
9810	Quad4	650	651	630	629	
9811	Quad4	671	672	651	650	
9812	Quad4	692	693	672	671	
9813	Quad4	713	714	693	692	
9814	Quad4	734	735	714	713	
9815	Quad4	755	756	735	734	
9816	Quad4	776	777	756	755	
9817	Quad4	797	798	777	776	
9818	Quad4	818	819	798	797	
9819	Quad4	839	840	819	818	
9820	Quad4	860	861	840	839	
9821	Quad4	881	882	861	860	
9822	Quad4	902	903	882	881	
9823	Quad4	923	924	903	902	
9824	Quad4	944	945	924	923	
9825	Quad4	965	966	945	944	
9826	Quad4	986	987	966	965	
9827	Quad4	1007	1008	987	986	
9828	Quad4	1028	1029	1008	1007	
9829	Quad4	1049	1050	1029	1028	
9830	Quad4	1070	1071	1050	1049	
9831	Quad4	1091	1092	1071	1070	
9832	Quad4	1112	1113	1092	1091	
9833	Quad4	1133	1134	1113	1112	
9834	Quad4	1154	1155	1134	1133	
9835	Quad4	1175	1176	1155	1154	
9836	Quad4	1196	1197	1176	1175	
9837	Quad4	1217	1218	1197	1196	
9838	Quad4	1238	1239	1218	1217	
9839	Quad4	1259	1260	1239	1238	
9840	Quad4	1280	1281	1260	1259	
9841	Quad4	1301	1302	1281	1280	
9842	Quad4	1322	1323	1302	1301	
9843	Quad4	1343	1344	1323	1322	
9844	Quad4	1364	1365	1344	1343	
9845	Quad4	1385	1386	1365	1364	
9846	Quad4	1406	1407	1386	1385	
9847	Quad4	1427	1428	1407	1406	
9848	Quad4	1448	1449	1428	1427	
9849	Quad4	1469	1470	1449	1448	
9850	Quad4	1490	1491	1470	1469	
9851	Quad4	1511	1512	1491	1490	
9852	Quad4	1532	1533	1512	1511	
9853	Quad4	1553	1554	1533	1532	
9854	Quad4	1574	1575	1554	1553	
9855	Quad4	1595	1596	1575	1574	
9856	Quad4	1616	1617	1596	1595	
9857	Quad4	1637	1638	1617	1616	
9858	Quad4	1658	1659	1638	1637	
9859	Quad4	1679	1680	1659	1658	
9860	Quad4	1700	1701	1680	1679	
9861	Quad4	1721	1722	1701	1700	
9862	Quad4	1742	1743	1722	1721	
9863	Quad4	1763	1764	1743	1742	
9864	Quad4	1784	1785	1764	1763	
9865	Quad4	1805	1806	1785	1784	
9866	Quad4	1826	1827	1806	1805	
9867	Quad4	1847	1848	1827	1826	
9868	Quad4	1868	1869	1848	1847	
9869	Quad4	1889	1890	1869	1868	
9870	Quad4	1910	1911	1890	1889	
9871	Quad4	1931	1932	1911	1910	
9872	Quad4	1952	1953	1932	1931	
9873	Quad4	1973	1974	1953	1952	
9874	Quad4	1994	1995	1974	1973	
9875	Quad4	2015	2016	1995	1994	
9876	Quad4	2036	2037	2016	2015	
9877	Quad4	2057	2058	2037	2036	
9878	Quad4	2078	2079	2058	2057	
9879	Quad4	2099	2100	2079	2078	
9880	Quad4	2120	2121	2100	2099	
9881	Quad4	2141	2142	2121	2120	
9882	Quad4	2162	2163	2142	2141	
9883	Quad4	2183	2184	2163	2162	
9884	Quad4	2204	2205	2184	2183	
9885	Quad4	2225	2226	2205	2204	
9886	Quad4	2246	2247	2226	2225	
9887	Quad4	2267	2268	2247	2246	
9888	Quad4	2288	2289	2268	2267	
9889	Quad4	2309	2310	2289	2288	
9890	Quad4	2330	2331	2310	2309	
9891	Quad4	2351	2352	2331	2330	
9892	Quad4	2372	2373	2352	2351	
9893	Quad4	2393	2394	2373	2372	
9894	Quad4	2414	2415	2394	2393	
9895	Quad4	2435	2436	2415	2414	
9896	Quad4	2456	2457	2436	2435	
9897	Quad4	2477	2478	2457	2456	
9898	Quad4	2498	2499	2478	2477	
9899	Quad4	2519	2520	2499	2498	
9900	Quad4	20	21	2520	2519	
9901	Quad4	42	43	22	21	
9902	Quad4	63	64	43	42	
9903	Quad4	84	85	64	63	
9904	Quad4	105	106	85	84	
9905	Quad4	126	127	106	105	
9906	Quad4	147	148	127	126	
9907	Quad4	168	169	148	147	
9908	Quad4	189	190	169	168	
9909	Quad4	210	211	190	189	
9910	Quad4	231	232	211	210	
9911	Quad4	252	253	232	231	
9912	Quad4	273	274	253	252	
9913	Quad4	294	295	274	273	
9914	Quad4	315	316	295	294	
9915	Quad4	336	337	316	315	
9916	Quad4	357	358	337	336	
9917	Quad4	378	379	358	357	
9918	Quad4	399	400	379	378	
9919	Quad4	420	421	400	399	
9920	Quad4	441	442	421	420	
9921	Quad4	462	463	442	441	
9922	Quad4	483	484	463	462	
9923	Quad4	504	505	484	483	
9924	Quad4	525	526	505	504	
9925	Quad4	546	547	526	525	
9926	Quad4	567	568	547	546	
9927	Quad4	588	589	568	567	
9928	Quad4	609	610	589	588	
9929	Quad4	630	631	610	609	
9930	Quad4	651	652	631	630	
9931	Quad4	672	673	652	651	
9932	Quad4	693	694	673	672	
9933	Quad4	714	715	694	693	
9934	Quad4	735	736	715	714	
9935	Quad4	756	757	736	735	
9936	Quad4	777	778	757	756	
9937	Quad4	798	799	778	777	
9938	Quad4	819	820	799	798	
9939	Quad4	840	841	820	819	
9940	Quad4	861	862	841	840	
9941	Quad4	882	883	862	861	
9942	Quad4	903	904	883	882	
9943	Quad4	924	925	904	903	
9944	Quad4	945	946	925	924	
9945	Quad4	966	967	946	945	
9946	Quad4	987	988	967	966	
9947	Quad4	1008	1009	988	987	
9948	Quad4	1029	1030	1009	1008	
9949	Quad4	1050	1051	1030	1029	
9950	Quad4	1071	1072	1051	1050	
9951	Quad4	1092	1093	1072	1071	
9952	Quad4	1113	1114	1093	1092	
9953	Quad4	1134	1135	1114	1113	
9954	Quad4	1155	1156	1135	1134	
9955	Quad4	1176	1177	1156	1155	
9956	Quad4	1197	1198	1177	1176	
9957	Quad4	1218	1219	1198	1197	
9958	Quad4	1239	1240	1219	1218	
9959	Quad4	1260	1261	1240	1239	
9960	Quad4	1281	1282	1261	1260	
9961	Quad4	1302	1303	1282	1281	
9962	Quad4	1323	1324	1303	1302	
9963	Quad4	1344	1345	1324	1323	
9964	Quad4	1365	1366	1345	1344	
9965	Quad4	1386	1387	1366	1365	
9966	Quad4	1407	1408	1387	1386	
9967	Quad4	1428	1429	1408	1407	
9968	Quad4	1449	1450	1429	1428	
9969	Quad4	1470	1471	1450	1449	
9970	Quad4	1491	1492	1471	1470	
9971	Quad4	1512	1513	1492	1491	
9972	Quad4	1533	1534	1513	1512	
9973	Quad4	1554	1555	1534	1533	
9974	Quad4	1575	1576	1555	1554	
9975	Quad4	1596	1597	1576	1575	
9976	Quad4	1617	1618	1597	1596	
9977	Quad4	1638	1639	1618	1617	
9978	Quad4	1659	1660	1639	1638	
9979	Quad4	1680	1681	1660	1659	
9980	Quad4	1701	1702	1681	1680	
9981	Quad4	1722	1723	1702	1701	
9982	Quad4	1743	1744	1723	1722	
9983	Quad4	1764	1765	1744	1743	
9984	Quad4	1785	1786	1765	1764	
9985	Quad4	1806	1807	1786	1785	
9986	Quad4	1827	1828	1807	1806	
9987	Quad4	1848	1849	1828	1827	
9988	Quad4	1869	1870	1849	1848	
9989	Quad4	1890	1891	1870	1869	
9990	Quad4	1911	1912	1891	1890	
9991	Quad4	1932	1933	1912	1911	
9992	Quad4	1953	1954	1933	1932	
9993	Quad4	1974	1975	1954	1953	
9994	Quad4	1995	1996	1975	1974	
9995	Quad4	2016	2017	1996	1995	
9996	Quad4	2037	2038	2017	2016	
9997	Quad4	2058	2059	2038	2037	
9998	Quad4	2079	2080	2059	2058	
9999	Quad4	2100	2101	2080	2079	
10000	Quad4	2121	2122	2101	2100	
10001	Quad4	2142	2143	2122	2121	
10002	Quad4	2163	2164	2143	2142	
10003	Quad4	2184	2185	2164	2163	
10004	Quad4	2205	2206	2185	2184	
10005	Quad4	2226	2227	2206	2205	
10006	Quad4	2247	2248	2227	2226	
10007	Quad4	2268	2269	2248	2247	
10008	Quad4	2289	2290	2269	2268	
10009	Quad4	2310	2311	2290	2289	
10010	Quad4	2331	2332	2311	2310	
10011	Quad4	2352	2353	2332	2331	
10012	Quad4	2373	2374	2353	2352	
10013	Quad4	2394	2395	2374	2373	
10014	Quad4	2415	2416	2395	2394	
10015	Quad4	2436	2437	2416	2415	
10016	Quad4	2457	2458	2437	2436	
10017	Quad4	2478	2479	2458	2457	
10018	Quad4	2499	2500	2479	2478	
10019	Quad4	2520	2521	2500	2499	
10020	Quad4	21	22	2521	2520	
10021	Quad4	43	44	23	22	
10022	Quad4	64	65	44	43	
10023	Quad4	85	86	65	64	
10024	Quad4	106	107	86	85	
10025	Quad4	127	128	107	106	
10026	Quad4	148	149	128	127	
10027	Quad4	169	170	149	148	
10028	Quad4	190	191	170	169	
10029	Quad4	211	212	191	190	
10030	Quad4	232	233	212	211	
10031	Quad4	253	254	233	232	
10032	Quad4	274	275	254	253	
10033	Quad4	295	296	275	274	
10034	Quad4	316	317	296	295	
10035	Quad4	337	338	317	316	
10036	Quad4	358	359	338	337	
10037	Quad4	379	380	359	358	
10038	Quad4	400	401	380	379	
10039	Quad4	421	422	401	400	
10040	Quad4	442	443	422	421	
10041	Quad4	463	464	443	442	
10042	Quad4	484	485	464	463	
10043	Quad4	505	506	485	484	
10044	Quad4	526	527	506	505	
10045	Quad4	547	548	527	526	
10046	Quad4	568	569	548	547	
10047	Quad4	589	590	569	568	
10048	Quad4	610	611	590	589	
10049	Quad4	631	632	611	610	
10050	Quad4	652	653	632	631	
10051	Quad4	673	674	653	652	
10052	Quad4	694	695	674	673	
10053	Quad4	715	716	695	694	
10054	Quad4	736	737	716	715	
10055	Quad4	757	758	737	736	
10056	Quad4	778	779	758	757	
10057	Quad4	799	800	779	778	
10058	Quad4	820	821	800	799	
10059	Quad4	841	842	821	820	
10060	Quad4	862	863	842	841	
10061	Quad4	883	884	863	862	
10062	Quad4	904	905	884	883	
10063	Quad4	925	926	905	904	
10064	Quad4	946	947	926	925	
10065	Quad4	967	968	947	946	
10066	Quad4	988	989	968	967	
10067	Quad4	1009	1010	989	988	
10068	Quad4	1030	1031	1010	1009	
10069	Quad4	1051	1052	1031	1030	
10070	Quad4	1072	1073	1052	1051	
10071	Quad4	1093	1094	1073	1072	
10072	Quad4	1114	1115	1094	1093	
10073	Quad4	1135	1136	1115	1114	
10074	Quad4	1156	1157	1136	1135	
10075	Quad4	1177	1178	1157	1156	
10076	Quad4	1198	1199	1178	1177	
10077	Quad4	1219	1220	1199	1198	
10078	Quad4	1240	1241	1220	1219	
10079	Quad4	1261	1262	1241	1240	
10080	Quad4	1282	1283	1262	1261	
10081	Quad4	1303	1304	1283	1282	
10082	Quad4	1324	1325	1304	1303	
10083	Quad4	1345	1346	1325	1324	
10084	Quad4	1366	1367	1346	1345	
10085	Quad4	1387	1388	1367	1366	
10086	Quad4	1408	1409	1388	1387	
10087	Quad4	1429	1430	1409	1408	
10088	Quad4	1450	1451	1430	1429	
10089	Quad4	1471	1472	1451	1450	
10090	Quad4	1492	1493	1472	1471	
10091	Quad4	1513	1514	1493	1492	
10092	Quad4	1534	1535	1514	1513	
10093	Quad4	1555	1556	1535	1534	
10094	Quad4	1576	1577	1556	1555	
10095	Quad4	1597	1598	1577	1576	
10096	Quad4	1618	1619	1598	1597	
10097	Quad4	1639	1640	1619	1618	
10098	Quad4	1660	1661	1640	1639	
10099	Quad4	1681	1682	1661	1660	
10100	Quad4	1702	1703	1682	1681	
10101	Quad4	1723	1724	1703	1702	
10102	Quad4	1744	1745	1724	1723	
10103	Quad4	1765	1766	1745	1744	
10104	Quad4	1786	1787	1766	1765	
10105	Quad4	1807	1808	1787	1786	
10106	Quad4	1828	1829	1808	1807	
10107	Quad4	1849	1850	1829	1828	
10108	Quad4	1870	1871	1850	1849	
10109	Quad4	1891	1892	1871	1870	
10110	Quad4	1912	1913	1892	1891	
10111	Quad4	1933	1934	1913	1912	
10112	Quad4	1954	1955	1934	1933	
10113	Quad4	1975	1976	1955	1954	
10114	Quad4	1996	1997	1976	1975	
10115	Quad4	2017	2018	1997	1996	
10116	Quad4	2038	2039	2018	2017	
10117	Quad4	2059	2060	2039	2038	
10118	Quad4	2080	2081	2060	2059	
10119	Quad4	2101	2102	2081	2080	
10120	Quad4	2122	2123	2102	2101	
10121	Quad4	2143	2144	2123	2122	
10122	Quad4	2164	2165	2144	2143	
10123	Quad4	2185	2186	2165	2164	
10124	Quad4	2206	2207	2186	2185	
10125	Quad4	2227	2228	2207	2206	
10126	Quad4	2248	2249	2228	2227	
10127	Quad4	2269	2270	2249	2248	
10128	Quad4	2290	2291	2270	2269	
10129	Quad4	2311	2312	2291	2290	
10130	Quad4	2332	2333	2312	2311	
10131	Quad4	2353	2354	2333	2332	
10132	Quad4	2374	2375	2354	2353	
10133	Quad4	2395	2396	2375	2374	
10134	Quad4	2416	2417	2396	2395	
10135	Quad4	2437	2438	2417	2416	
10136	Quad4	2458	2459	2438	2437	
10137	Quad4	2479	2480	2459	2458	
10138	Quad4	2500	2501	2480	2479	
10139	Quad4	2521	2522	2501	2500	
10140	Quad4	22	23	2522	2521	
10141	Quad4	44	45	24	23	
10142	Quad4	65	66	45	44	
10143	Quad4	86	87	66	65	
10144	Quad4	107	108	87	86	
10145	Quad4	128	129	108	107	
10146	Quad4	149	150	129	128	
10147	Quad4	170	171	150	149	
10148	Quad4	191	192	171	170	
10149	Quad4	212	213	192	191	
10150	Quad4	233	234	213	212	
10151	Quad4	254	255	234	233	
10152	Quad4	275	276	255	254	
10153	Quad4	296	297	276	275	
10154	Quad4	317	318	297	296	
10155	Quad4	338	339	318	317	
10156	Quad4	359	360	339	338	
10157	Quad4	380	381	360	359	
10158	Quad4	401	402	381	380	
10159	Quad4	422	423	402	401	
10160	Quad4	443	444	423	422	
10161	Quad4	464	465	444	443	
10162	Quad4	485	486	465	464	
10163	Quad4	506	507	486	485	
10164	Quad4	527	528	507	506	
10165	Quad4	548	549	528	527	
10166	Quad4	569	570	549	548	
10167	Quad4	590	591	570	569	
10168	Quad4	611	612	591	590	
10169	Quad4	632	633	612	611	
10170	Quad4	653	654	633	632	
10171	Quad4	674	675	654	653	
10172	Quad4	695	696	675	674	
10173	Quad4	716	717	696	695	
10174	Quad4	737	738	717	716	
10175	Quad4	758	759	738	737	
10176	Quad4	779	780	759	758	
10177	Quad4	800	801	780	779	
10178	Quad4	821	822	801	800	
10179	Quad4	842	843	822	821	
10180	Quad4	863	864	843	842	
10181	Quad4	884	885	864	863	
10182	Quad4	905	906	885	884	
10183	Quad4	926	927	906	905	
10184	Quad4	947	948	927	926	
10185	Quad4	968	969	948	947	
10186	Quad4	989	990	969	968	
10187	Quad4	1010	1011	990	989	
10188	Quad4	1031	1032	1011	1010	
10189	Quad4	1052	1053	1032	1031	
10190	Quad4	1073	1074	1053	1052	
10191	Quad4	1094	1095	1074	1073	
10192	Quad4	1115	1116	1095	1094	
10193	Quad4	1136	1137	1116	1115	
10194	Quad4	1157	1158	1137	1136	
10195	Quad4	1178	1179	1158	1157	
10196	Quad4	1199	1200	1179	1178	
10197	Quad4	1220	1221	1200	1199	
10198	Quad4	1241	1242	1221	1220	
10199	Quad4	1262	1263	1242	1241	
10200	Quad4	1283	1284	1263	1262	
10201	Quad4	1304	1305	1284	1283	
10202	Quad4	1325	1326	1305	1304	
10203	Quad4	1346	1347	1326	1325	
10204	Quad4	1367	1368	1347	1346	
10205	Quad4	1388	1389	1368	1367	
10206	Quad4	1409	1410	1389	1388	
10207	Quad4	1430	1431	1410	1409	
10208	Quad4	1451	1452	1431	1430	
10209	Quad4	1472	1473	1452	1451	
10210	Quad4	1493	1494	1473	1472	
10211	Quad4	1514	1515	1494	1493	
10212	Quad4	1535	1536	1515	1514	
10213	Quad4	1556	1557	1536	1535	
10214	Quad4	1577	1578	1557	1556	
10215	Quad4	1598	1599	1578	1577	
10216	Quad4	1619	1620	1599	1598	
10217	Quad4	1640	1641	1620	1619	
10218	Quad4	1661	1662	1641	1640	
10219	Quad4	1682	1683	1662	1661	
10220	Quad4	1703	1704	1683	1682	
10221	Quad4	1724	1725	1704	1703	
10222	Quad4	1745	1746	1725	1724	
10223	Quad4	1766	1767	1746	1745	
10224	Quad4	1787	1788	1767	1766	
10225	Quad4	1808	1809	1788	1787	
10226	Quad4	1829	1830	1809	1808	
10227	Quad4	1850	1851	1830	1829	
10228	Quad4	1871	1872	1851	1850	
10229	Quad4	1892	1893	1872	1871	
10230	Quad4	1913	1914	1893	1892	
10231	Quad4	1934	1935	1914	1913	
10232	Quad4	1955	1956	1935	1934	
10233	Quad4	1976	1977	1956	1955	
10234	Quad4	1997	1998	1977	1976	
10235	Quad4	2018	2019	1998	1997	
10236	Quad4	2039	2040	2019	2018	
10237	Quad4	2060	2061	2040	2039	
10238	Quad4	2081	2082	2061	2060	
10239	Quad4	2102	2103	2082	2081	
10240	Quad4	2123	2124	2103	2102	
10241	Quad4	2144	2145	2124	2123	
10242	Quad4	2165	2166	2145	2144	
10243	Quad4	2186	2187	2166	2165	
10244	Quad4	2207	2208	2187	2186	
10245	Quad4	2228	2229	2208	2207	
10246	Quad4	2249	2250	2229	2228	
10247	Quad4	2270	2271	2250	2249	
10248	Quad4	2291	2292	2271	2270	
10249	Quad4	2312	2313	2292	2291	
10250	Quad4	2333	2334	2313	2312	
10251	Quad4	2354	2355	2334	2333	
10252	Quad4	2375	2376	2355	2354	
10253	Quad4	2396	2397	2376	2375	
10254	Quad4	2417	2418	2397	2396	
10255	Quad4	2438	2439	2418	2417	
10256	Quad4	2459	2460	2439	2438	
10257	Quad4	2480	2481	2460	2459	
10258	Quad4	2501	2502	2481	2480	
10259	Quad4	2522	2523	2502	2501	
10260	Quad4	23	24	2523	2522	
10261	Quad4	45	46	25	24	
10262	Quad4	66	67	46	45	
10263	Quad4	87	88	67	66	
10264	Quad4	108	109	88	87	
10265	Quad4	129	130	109	108	
10266	Quad4	150	151	130	129	
10267	Quad4	171	172	151	150	
10268	Quad4	192	193	172	171	
10269	Quad4	213	214	193	192	
10270	Quad4	234	235	214	213	
10271	Quad4	255	256	235	234	
10272	Quad4	276	277	256	255	
10273	Quad4	297	298	277	276	
10274	Quad4	318	319	298	297	
10275	Quad4	339	340	319	318	
10276	Quad4	360	361	340	339	
10277	Quad4	381	382	361	360	
10278	Quad4	402	403	382	381	
10279	Quad4	423	424	403	402	
10280	Quad4	444	445	424	423	
10281	Quad4	465	466	445	444	
10282	Quad4	486	487	466	465	
10283	Quad4	507	508	487	486	
10284	Quad4	528	529	508	507	
10285	Quad4	549	550	529	528	
10286	Quad4	570	571	550	549	
10287	Quad4	591	592	571	570	
10288	Quad4	612	613	592	591	
10289	Quad4	633	634	613	612	
10290	Quad4	654	655	634	633	
10291	Quad4	675	676	655	654	
10292	Quad4	696	697	676	675	
10293	Quad4	717	718	697	696	
10294	Quad4	738	739	718	717	
10295	Quad4	759	760	739	738	
10296	Quad4	780	781	760	759	
10297	Quad4	801	802	781	780	
10298	Quad4	822	823	802	801	
10299	Quad4	843	844	823	822	
10300	Quad4	864	865	844	843	
10301	Quad4	885	886	865	864	
10302	Quad4	906	907	886	885	
10303	Quad4	927	928	907	906	
10304	Quad4	948	949	928	927	
10305	Quad4	969	970	949	948	
10306	Quad4	990	991	970	969	
10307	Quad4	1011	1012	991	990	
10308	Quad4	1032	1033	1012	1011	
10309	Quad4	1053	1054	1033	1032	
10310	Quad4	1074	1075	1054	1053	
10311	Quad4	1095	1096	1075	1074	
10312	Quad4	1116	1117	1096	1095	
10313	Quad4	1137	1138	1117	1116	
10314	Quad4	1158	1159	1138	1137	
10315	Quad4	1179	1180	1159	1158	
10316	Quad4	1200	1201	1180	1179	
10317	Quad4	1221	1222	1201	1200	
10318	Quad4	1242	1243	1222	1221	
10319	Quad4	1263	1264	1243	1242	
10320	Quad4	1284	1285	1264	1263	
10321	Quad4	1305	1306	1285	1284	
10322	Quad4	1326	1327	1306	1305	
10323	Quad4	1347	1348	1327	1326	
10324	Quad4	1368	1369	1348	1347	
10325	Quad4	1389	1390	1369	1368	
10326	Quad4	1410	1411	1390	1389	
10327	Quad4	1431	1432	1411	1410	
10328	Quad4	1452	1453	1432	1431	
10329	Quad4	1473	1474	1453	1452	
10330	Quad4	1494	1495	1474	1473	
10331	Quad4	1515	1516	1495	1494	
10332	Quad4	1536	1537	1516	1515	
10333	Quad4	1557	1558	1537	1536	
10334	Quad4	1578	1579	1558	1557	
10335	Quad4	1599	1600	1579	1578	
10336	Quad4	1620	1621	1600	1599	
10337	Quad4	1641	1642	1621	1620	
10338	Quad4	1662	1663	1642	1641	
10339	Quad4	1683	1684	1663	1662	
10340	Quad4	1704	1705	1684	1683	
10341	Quad4	1725	1726	1705	1704	
10342	Quad4	1746	1747	1726	1725	
10343	Quad4	1767	1768	1747	1746	
10344	Quad4	1788	1789	1768	1767	
10345	Quad4	1809	1810	1789	1788	
10346	Quad4	1830	1831	1810	1809	
10347	Quad4	1851	1852	1831	1830	
10348	Quad4	1872	1873	1852	1851	
10349	Quad4	1893	1894	1873	1872	
10350	Quad4	1914	1915	1894	1893	
10351	Quad4	1935	1936	1915	1914	
10352	Quad4	1956	1957	1936	1935	
10353	Quad4	1977	1978	1957	1956	
10354	Quad4	1998	1999	1978	1977	
10355	Quad4	2019	2020	1999	1998	
10356	Quad4	2040	2041	2020	2019	
10357	Quad4	2061	2062	2041	2040	
10358	Quad4	2082	2083	2062	2061	
10359	Quad4	2103	2104	2083	2082	
10360	Quad4	2124	2125	2104	2103	
10361	Quad4	2145	2146	2125	2124	
10362	Quad4	2166	2167	2146	2145	
10363	Quad4	2187	2188	2167	2166	
10364	Quad4	2208	2209	2188	2187	
10365	Quad4	2229	2230	2209	2208	
10366	Quad4	2250	2251	2230	2229	
10367	Quad4	2271	2272	2251	2250	
10368	Quad4	2292	2293	2272	2271	
10369	Quad4	2313	2314	2293	2292	
10370	Quad4	2334	2335	2314	2313	
10371	Quad4	2355	2356	2335	2334	
10372	Quad4	2376	2377	2356	2355	
10373	Quad4	2397	2398	2377	2376	
10374	Quad4	2418	2419	2398	2397	
10375	Quad4	2439	2440	2419	2418	
10376	Quad4	2460	2461	2440	2439	
10377	Quad4	2481	2482	2461	2460	
10378	Quad4	2502	2503	2482	2481	
10379	Quad4	2523	2524	2503	2502	
10380	Quad4	24	25	2524	2523	
10381	Quad4	46	47	26	25	
10382	Quad4	67	68	47	46	
10383	Quad4	88	89	68	67	
10384	Quad4	109	110	89	88	
10385	Quad4	130	131	110	109	
10386	Quad4	151	152	131	130	
10387	Quad4	172	173	152	151	
10388	Quad4	193	194	173	172	
10389	Quad4	214	215	194	193	
10390	Quad4	235	236	215	214	
10391	Quad4	256	257	236	235	
10392	Quad4	277	278	257	256	
10393	Quad4	298	299	278	277	
10394	Quad4	319	320	299	298	
10395	Quad4	340	341	320	319	
10396	Quad4	361	362	341	340	
10397	Quad4	382	383	362	361	
10398	Quad4	403	404	383	382	
10399	Quad4	424	425	404	403	
10400	Quad4	445	446	425	424	
10401	Quad4	466	467	446	445	
10402	Quad4	487	488	467	466	
10403	Quad4	508	509	488	487	
10404	Quad4	529	530	509	508	
10405	Quad4	550	551	530	529	
10406	Quad4	571	572	551	550	
10407	Quad4	592	593	572	571	
10408	Quad4	613	614	593	592	
10409	Quad4	634	635	614	613	
10410	Quad4	655	656	635	634	
10411	Quad4	676	677	656	655	
10412	Quad4	697	698	677	676	
10413	Quad4	718	719	698	697	
10414	Quad4	739	740	719	718	
10415	Quad4	760	761	740	739	
10416	Quad4	781	782	761	760	
10417	Quad4	802	803	782	781	
10418	Quad4	823	824	803	802	
10419	Quad4	844	845	824	823	
10420	Quad4	865	866	845	844	
10421	Quad4	886	887	866	865	
10422	Quad4	907	908	887	886	
10423	Quad4	928	929	908	907	
10424	Quad4	949	950	929	928	
10425	Quad4	970	971	950	949	
10426	Quad4	991	992	971	970	
10427	Quad4	1012	1013	992	991	
10428	Quad4	1033	1034	1013	1012	
10429	Quad4	1054	1055	1034	1033	
10430	Quad4	1075	1076	1055	1054	
10431	Quad4	1096	1097	1076	1075	
10432	Quad4	1117	1118	1097	1096	
10433	Quad4	1138	1139	1118	1117	
10434	Quad4	1159	1160	1139	1138	
10435	Quad4	1180	1181	1160	1159	
10436	Quad4	1201	1202	1181	1180	
10437	Quad4	1222	1223	1202	1201	
10438	Quad4	1243	1244	1223	1222	
10439	Quad4	1264	1265	1244	1243	
10440	Quad4	1285	1286	1265	1264	
10441	Quad4	1306	1307	1286	1285	
10442	Quad4	1327	1328	1307	1306	
10443	Quad4	1348	1349	1328	1327	
10444	Quad4	1369	1370	1349	1348	
10445	Quad4	1390	1391	1370	1369	
10446	Quad4	1411	1412	1391	1390	
10447	Quad4	1432	1433	1412	1411	
10448	Quad4	1453	1454	1433	1432	
10449	Quad4	1474	1475	1454	1453	
10450	Quad4	1495	1496	1475	1474	
10451	Quad4	1516	1517	1496	1495	
10452	Quad4	1537	1538	1517	1516	
10453	Quad4	1558	1559	1538	1537	
10454	Quad4	1579	1580	1559	1558	
10455	Quad4	1600	1601	1580	1579	
10456	Quad4	1621	1622	1601	1600	
10457	Quad4	1642	1643	1622	1621	
10458	Quad4	1663	1664	1643	1642	
10459	Quad4	1684	1685	1664	1663	
10460	Quad4	1705	1706	1685	1684	
10461	Quad4	1726	1727	1706	1705	
10462	Quad4	1747	1748	1727	1726	
10463	Quad4	1768	1769	1748	1747	
10464	Quad4	1789	1790	1769	1768	
10465	Quad4	1810	1811	1790	1789	
10466	Quad4	1831	1832	1811	1810	
10467	Quad4	1852	1853	1832	1831	
10468	Quad4	1873	1874	1853	1852	
10469	Quad4	1894	1895	1874	1873	
10470	Quad4	1915	1916	1895	1894	
10471	Quad4	1936	1937	1916	1915	
10472	Quad4	1957	1958	1937	1936	
10473	Quad4	1978	1979	1958	1957	
10474	Quad4	1999	2000	1979	1978	
10475	Quad4	2020	2021	2000	1999	
10476	Quad4	2041	2042	2021	2020	
10477	Quad4	2062	2063	2042	2041	
10478	Quad4	2083	2084	2063	2062	
10479	Quad4	2104	2105	2084	2083	
10480	Quad4	2125	2126	2105	2104	
10481	Quad4	2146	2147	2126	2125	
10482	Quad4	2167	2168	2147	2146	
10483	Quad4	2188	2189	2168	2167	
10484	Quad4	2209	2210	2189	2188	
10485	Quad4	2230	2231	2210	2209	
10486	Quad4	2251	2252	2231	2230	
10487	Quad4	2272	2273	2252	2251	
10488	Quad4	2293	2294	2273	2272	
10489	Quad4	2314	2315	2294	2293	
10490	Quad4	2335	2336	2315	2314	
10491	Quad4	2356	2357	2336	2335	
10492	Quad4	2377	2378	2357	2356	
10493	Quad4	2398	2399	2378	2377	
10494	Quad4	2419	2420	2399	2398	
10495	Quad4	2440	2441	2420	2419	
10496	Quad4	2461	2462	2441	2440	
10497	Quad4	2482	2483	2462	2461	
10498	Quad4	2503	2504	2483	2482	
10499	Quad4	2524	2525	2504	2503	
10500	Quad4	25	26	2525	2524	
10501	Quad4	47	48	27	26	
10502	Quad4	68	69	48	47	
10503	Quad4	89	90	69	68	
10504	Quad4	110	111	90	89	
10505	Quad4	131	132	111	110	
10506	Quad4	152	153	132	131	
10507	Quad4	173	174	153	152	
10508	Quad4	194	195	174	173	
10509	Quad4	215	216	195	194	
10510	Quad4	236	237	216	215	
10511	Quad4	257	258	237	236	
10512	Quad4	278	279	258	257	
10513	Quad4	299	300	279	278	
10514	Quad4	320	321	300	299	
10515	Quad4	341	342	321	320	
10516	Quad4	362	363	342	341	
10517	Quad4	383	384	363	362	
10518	Quad4	404	405	384	383	
10519	Quad4	425	426	405	404	
10520	Quad4	446	447	426	425	
10521	Quad4	467	468	447	446	
10522	Quad4	488	489	468	467	
10523	Quad4	509	510	489	488	
10524	Quad4	530	531	510	509	
10525	Quad4	551	552	531	530	
10526	Quad4	572	573	552	551	
10527	Quad4	593	594	573	572	
10528	Quad4	614	615	594	593	
10529	Quad4	635	636	615	614	
10530	Quad4	656	657	636	635	
10531	Quad4	677	678	657	656	
10532	Quad4	698	699	678	677	
10533	Quad4	719	720	699	698	
10534	Quad4	740	741	720	719	
10535	Quad4	761	762	741	740	
10536	Quad4	782	783	762	761	
10537	Quad4	803	804	783	782	
10538	Quad4	824	825	804	803	
10539	Quad4	845	846	825	824	
10540	Quad4	866	867	846	845	
10541	Quad4	887	888	867	866	
10542	Quad4	908	909	888	887	
10543	Quad4	929	930	909	908	
10544	Quad4	950	951	930	929	
10545	Quad4	971	972	951	950	
10546	Quad4	992	993	972	971	
10547	Quad4	1013	1014	993	992	
10548	Quad4	1034	1035	1014	1013	
10549	Quad4	1055	1056	1035	1034	
10550	Quad4	1076	1077	1056	1055	
10551	Quad4	1097	1098	1077	1076	
10552	Quad4	1118	1119	1098	1097	
10553	Quad4	1139	1140	1119	1118	
10554	Quad4	1160	1161	1140	1139	
10555	Quad4	1181	1182	1161	1160	
10556	Quad4	1202	1203	1182	1181	
10557	Quad4	1223	1224	1203	1202	
10558	Quad4	1244	1245	1224	1223	
10559	Quad4	1265	1266	1245	1244	
10560	Quad4	1286	1287	1266	1265	
10561	Quad4	1307	1308	1287	1286	
10562	Quad4	1328	1329	1308	1307	
10563	Quad4	1349	1350	1329	1328	
10564	Quad4	1370	1371	1350	1349	
10565	Quad4	1391	1392	1371	1370	
10566	Quad4	1412	1413	1392	1391	
10567	Quad4	1433	1434	1413	1412	
10568	Quad4	1454	1455	1434	1433	
10569	Quad4	1475	1476	1455	1454	
10570	Quad4	1496	1497	1476	1475	
10571	Quad4	1517	1518	1497	1496	
10572	Quad4	1538	1539	1518	1517	
10573	Quad4	1559	1560	1539	1538	
10574	Quad4	1580	1581	1560	1559	
10575	Quad4	1601	1602	1581	1580	
10576	Quad4	1622	1623	1602	1601	
10577	Quad4	1643	1644	1623	1622	
10578	Quad4	1664	1665	1644	1643	
10579	Quad4	1685	1686	1665	1664	
10580	Quad4	1706	1707	1686	1685	
10581	Quad4	1727	1728	1707	1706	
10582	Quad4	1748	1749	1728	1727	
10583	Quad4	1769	1770	1749	1748	
10584	Quad4	1790	1791	1770	1769	
10585	Quad4	1811	1812	1791	1790	
10586	Quad4	1832	1833	1812	1811	
10587	Quad4	1853	1854	1833	1832	
10588	Quad4	1874	1875	1854	1853	
10589	Quad4	1895	1896	1875	1874	
10590	Quad4	1916	1917	1896	1895	
10591	Quad4	1937	1938	1917	1916	
10592	Quad4	1958	1959	1938	1937	
10593	Quad4	1979	1980	1959	1958	
10594	Quad4	2000	2001	1980	1979	
10595	Quad4	2021	2022	2001	2000	
10596	Quad4	2042	2043	2022	2021	
10597	Quad4	2063	2064	2043	2042	
10598	Quad4	2084	2085	2064	2063	
10599	Quad4	2105	2106	2085	2084	
10600	Quad4	2126	2127	2106	2105	
10601	Quad4	2147	2148	2127	2126	
10602	Quad4	2168	2169	2148	2147	
10603	Quad4	2189	2190	2169	2168	
10604	Quad4	2210	2211	2190	2189	
10605	Quad4	2231	2232	2211	2210	
10606	Quad4	2252	2253	2232	2231	
10607	Quad4	2273	2274	2253	2252	
10608	Quad4	2294	2295	2274	2273	
10609	Quad4	2315	2316	2295	2294	
10610	Quad4	2336	2337	2316	2315	
10611	Quad4	2357	2358	2337	2336	
10612	Quad4	2378	2379	2358	2357	
10613	Quad4	2399	2400	2379	2378	
10614	Quad4	2420	2421	2400	2399	
10615	Quad4	2441	2442	2421	2420	
10616	Quad4	2462	2463	2442	2441	
10617	Quad4	2483	2484	2463	2462	
10618	Quad4	2504	2505	2484	2483	
10619	Quad4	2525	2526	2505	2504	
10620	Quad4	26	27	2526	2525	
10621	Quad4	48	49	28	27	
10622	Quad4	69	70	49	48	
10623	Quad4	90	91	70	69	
10624	Quad4	111	112	91	90	
10625	Quad4	132	133	112	111	
10626	Quad4	153	154	133	132	
10627	Quad4	174	175	154	153	
10628	Quad4	195	196	175	174	
10629	Quad4	216	217	196	195	
10630	Quad4	237	238	217	216	
10631	Quad4	258	259	238	237	
10632	Quad4	279	280	259	258	
10633	Quad4	300	301	280	279	
10634	Quad4	321	322	301	300	
10635	Quad4	342	343	322	321	
10636	Quad4	363	364	343	342	
10637	Quad4	384	385	364	363	
10638	Quad4	405	406	385	384	
10639	Quad4	426	427	406	405	
10640	Quad4	447	448	427	426	
10641	Quad4	468	469	448	447	
10642	Quad4	489	490	469	468	
10643	Quad4	510	511	490	489	
10644	Quad4	531	532	511	510	
10645	Quad4	552	553	532	531	
10646	Quad4	573	574	553	552	
10647	Quad4	594	595	574	573	
10648	Quad4	615	616	595	594	
10649	Quad4	636	637	616	615	
10650	Quad4	657	658	637	636	
10651	Quad4	678	679	658	657	
10652	Quad4	699	700	679	678	
10653	Quad4	720	721	700	699	
10654	Quad4	741	742	721	720	
10655	Quad4	762	763	742	741	
10656	Quad4	783	784	763	762	
10657	Quad4	804	805	784	783	
10658	Quad4	825	826	805	804	
10659	Quad4	846	847	826	825	
10660	Quad4	867	868	847	846	
10661	Quad4	888	889	868	867	
10662	Quad4	909	910	889	888	
10663	Quad4	930	931	910	909	
10664	Quad4	951	952	931	930	
10665	Quad4	972	973	952	951	
10666	Quad4	993	994	973	972	
10667	Quad4	1014	1015	994	993	
10668	Quad4	1035	1036	1015	1014	
10669	Quad4	1056	1057	1036	1035	
10670	Quad4	1077	1078	1057	1056	
10671	Quad4	1098	1099	1078	1077	
10672	Quad4	1119	1120	1099	1098	
10673	Quad4	1140	1141	1120	1119	
10674	Quad4	1161	1162	1141	1140	
10675	Quad4	1182	1183	1162	1161	
10676	Quad4	1203	1204	1183	1182	
10677	Quad4	1224	1225	1204	1203	
10678	Quad4	1245	1246	1225	1224	
10679	Quad4	1266	1267	1246	1245	
10680	Quad4	1287	1288	1267	1266	
10681	Quad4	1308	1309	1288	1287	
10682	Quad4	1329	1330	1309	1308	
10683	Quad4	1350	1351	1330	1329	
10684	Quad4	1371	1372	1351	1350	
10685	Quad4	1392	1393	1372	1371	
10686	Quad4	1413	1414	1393	1392	
10687	Quad4	1434	1435	1414	1413	
10688	Quad4	1455	1456	1435	1434	
10689	Quad4	1476	1477	1456	1455	
10690	Quad4	1497	1498	1477	1476	
10691	Quad4	1518	1519	1498	1497	
10692	Quad4	1539	1540	1519	1518	
10693	Quad4	1560	1561	1540	1539	
10694	Quad4	1581	1582	1561	1560	
10695	Quad4	1602	1603	1582	1581	
10696	Quad4	1623	1624	1603	1602	
10697	Quad4	1644	1645	1624	1623	
10698	Quad4	1665	1666	1645	1644	
10699	Quad4	1686	1687	1666	1665	
10700	Quad4	1707	1708	1687	1686	
10701	Quad4	1728	1729	1708	1707	
10702	Quad4	1749	1750	1729	1728	
10703	Quad4	1770	1771	1750	1749	
10704	Quad4	1791	1792	1771	1770	
10705	Quad4	1812	1813	1792	1791	
10706	Quad4	1833	1834	1813	1812	
10707	Quad4	1854	1855	1834	1833	
10708	Quad4	1875	1876	1855	1854	
10709	Quad4	1896	1897	1876	1875	
10710	Quad4	1917	1918	1897	1896	
10711	Quad4	1938	1939	1918	1917	
10712	Quad4	1959	1960	1939	1938	
10713	Quad4	1980	1981	1960	1959	
10714	Quad4	2001	2002	1981	1980	
10715	Quad4	2022	2023	2002	2001	
10716	Quad4	2043	2044	2023	2022	
10717	Quad4	2064	2065	2044	2043	
10718	Quad4	2085	2086	2065	2064	
10719	Quad4	2106	2107	2086	2085	
10720	Quad4	2127	2128	2107	2106	
10721	Quad4	2148	2149	2128	2127	
10722	Quad4	2169	2170	2149	2148	
10723	Quad4	2190	2191	2170	2169	
10724	Quad4	2211	2212	2191	2190	
10725	Quad4	2232	2233	2212	2211	
10726	Quad4	2253	2254	2233	2232	
10727	Quad4	2274	2275	2254	2253	
10728	Quad4	2295	2296	2275	2274	
10729	Quad4	2316	2317	2296	2295	
10730	Quad4	2337	2338	2317	2316	
10731	Quad4	2358	2359	2338	2337	
10732	Quad4	2379	2380	2359	2358	
10733	Quad4	2400	2401	2380	2379	
10734	Quad4	2421	2422	2401	2400	
10735	Quad4	2442	2443	2422	2421	
10736	Quad4	2463	2464	2443	2442	
10737	Quad4	2484	2485	2464	2463	
10738	Quad4	2505	2506	2485	2484	
10739	Quad4	2526	2527	2506	2505	
10740	Quad4	27	28	2527	2526	
10741	Quad4	49	50	29	28	
10742	Quad4	70	71	50	49	
10743	Quad4	91	92	71	70	
10744	Quad4	112	113	92	91	
10745	Quad4	133	134	113	112	
10746	Quad4	154	155	134	133	
10747	Quad4	175	176	155	154	
10748	Quad4	196	197	176	175	
10749	Quad4	217	218	197	196	
10750	Quad4	238	239	218	217	
10751	Quad4	259	260	239	238	
10752	Quad4	280	281	260	259	
10753	Quad4	301	302	281	280	
10754	Quad4	322	323	302	301	
10755	Quad4	343	344	323	322	
10756	Quad4	364	365	344	343	
10757	Quad4	385	386	365	364	
10758	Quad4	406	407	386	385	
10759	Quad4	427	428	407	406	
10760	Quad4	448	449	428	427	
10761	Quad4	469	470	449	448	
10762	Quad4	490	491	470	469	
10763	Quad4	511	512	491	490	
10764	Quad4	532	533	512	511	
10765	Quad4	553	554	533	532	
10766	Quad4	574	575	554	553	
10767	Quad4	595	596	575	574	
10768	Quad4	616	617	596	595	
10769	Quad4	637	638	617	616	
10770	Quad4	658	659	638	637	
10771	Quad4	679	680	659	658	
10772	Quad4	700	701	680	679	
10773	Quad4	721	722	701	700	
10774	Quad4	742	743	722	721	
10775	Quad4	763	764	743	742	
10776	Quad4	784	785	764	763	
10777	Quad4	805	806	785	784	
10778	Quad4	826	827	806	805	
10779	Quad4	847	848	827	826	
10780	Quad4	868	869	848	847	
10781	Quad4	889	890	869	868	
10782	Quad4	910	911	890	889	
10783	Quad4	931	932	911	910	
10784	Quad4	952	953	932	931	
10785	Quad4	973	974	953	952	
10786	Quad4	994	995	974	973	
10787	Quad4	1015	1016	995	994	
10788	Quad4	1036	1037	1016	1015	
10789	Quad4	1057	1058	1037	1036	
10790	Quad4	1078	1079	1058	1057	
10791	Quad4	1099	1100	1079	1078	
10792	Quad4	1120	1121	1100	1099	
10793	Quad4	1141	1142	1121	1120	
10794	Quad4	1162	1163	1142	1141	
10795	Quad4	1183	1184	1163	1162	
10796	Quad4	1204	1205	1184	1183	
10797	Quad4	1225	1226	1205	1204	
10798	Quad4	1246	1247	1226	1225	
10799	Quad4	1267	1268	1247	1246	
10800	Quad4	1288	1289	1268	1267	
10801	Quad4	1309	1310	1289	1288	
10802	Quad4	1330	1331	1310	1309	
10803	Quad4	1351	1352	1331	1330	
10804	Quad4	1372	1373	1352	1351	
10805	Quad4	1393	1394	1373	1372	
10806	Quad4	1414	1415	1394	1393	
10807	Quad4	1435	1436	1415	1414	
10808	Quad4	1456	1457	1436	1435	
10809	Quad4	1477	1478	1457	1456	
10810	Quad4	1498	1499	1478	1477	
10811	Quad4	1519	1520	1499	1498	
10812	Quad4	1540	1541	1520	1519	
10813	Quad4	1561	1562	1541	1540	
10814	Quad4	1582	1583	1562	1561	
10815	Quad4	1603	1604	1583	1582	
10816	Quad4	1624	1625	1604	1603	
10817	Quad4	1645	1646	1625	1624	
10818	Quad4	1666	1667	1646	1645	
10819	Quad4	1687	1688	1667	1666	
10820	Quad4	1708	1709	1688	1687	
10821	Quad4	1729	1730	1709	1708	
10822	Quad4	1750	1751	1730	1729	
10823	Quad4	1771	1772	1751	1750	
10824	Quad4	1792	1793	1772	1771	
10825	Quad4	1813	1814	1793	1792	
10826	Quad4	1834	1835	1814	1813	
10827	Quad4	1855	1856	1835	1834	
10828	Quad4	1876	1877	1856	1855	
10829	Quad4	1897	1898	1877	1876	
10830	Quad4	1918	1919	1898	1897	
10831	Quad4	1939	1940	1919	1918	
10832	Quad4	1960	1961	1940	1939	
10833	Quad4	1981	1982	1961	1960	
10834	Quad4	2002	2003	1982	1981	
10835	Quad4	2023	2024	2003	2002	
10836	Quad4	2044	2045	2024	2023	
10837	Quad4	2065	2066	2045	2044	
10838	Quad4	2086	2087	2066	2065	
10839	Quad4	2107	2108	2087	2086	
10840	Quad4	2128	2129	2108	2107	
10841	Quad4	2149	2150	2129	2128	
10842	Quad4	2170	2171	2150	2149	
10843	Quad4	2191	2192	2171	2170	
10844	Quad4	2212	2213	2192	2191	
10845	Quad4	2233	2234	2213	2212	
10846	Quad4	2254	2255	2234	2233	
10847	Quad4	2275	2276	2255	2254	
10848	Quad4	2296	2297	2276	2275	
10849	Quad4	2317	2318	2297	2296	
10850	Quad4	2338	2339	2318	2317	
10851	Quad4	2359	2360	2339	2338	
10852	Quad4	2380	2381	2360	2359	
10853	Quad4	2401	2402	2381	2380	
10854	Quad4	2422	2423	2402	2401	
10855	Quad4	2443	2444	2423	2422	
10856	Quad4	2464	2465	2444	2443	
10857	Quad4	2485	2486	2465	2464	
10858	Quad4	2506	2507	2486	2485	
10859	Quad4	2527	2528	2507	2506	
10860	Quad4	28	29	2528	2527	
10861	Quad4	50	51	30	29	
10862	Quad4	71	72	51	50	
10863	Quad4	92	93	72	71	
10864	Quad4	113	114	93	92	
10865	Quad4	134	135	114	113	
10866	Quad4	155	156	135	134	
10867	Quad4	176	177	156	155	
10868	Quad4	197	198	177	176	
10869	Quad4	218	219	198	197	
10870	Quad4	239	240	219	218	
10871	Quad4	260	261	240	239	
10872	Quad4	281	282	261	260	
10873	Quad4	302	303	282	281	
10874	Quad4	323	324	303	302	
10875	Quad4	344	345	324	323	
10876	Quad4	365	366	345	344	
10877	Quad4	386	387	366	365	
10878	Quad4	407	408	387	386	
10879	Quad4	428	429	408	407	
10880	Quad4	449	450	429	428	
10881	Quad4	470	471	450	449	
10882	Quad4	491	492	471	470	
10883	Quad4	512	513	492	491	
10884	Quad4	533	534	513	512	
10885	Quad4	554	555	534	533	
10886	Quad4	575	576	555	554	
10887	Quad4	596	597	576	575	
10888	Quad4	617	618	597	596	
10889	Quad4	638	639	618	617	
10890	Quad4	659	660	639	638	
10891	Quad4	680	681	660	659	
10892	Quad4	701	702	681	680	
10893	Quad4	722	723	702	701	
10894	Quad4	743	744	723	722	
10895	Quad4	764	765	744	743	
10896	Quad4	785	786	765	764	
10897	Quad4	806	807	786	785	
10898	Quad4	827	828	807	806	
10899	Quad4	848	849	828	827	
10900	Quad4	869	870	849	848	
10901	Quad4	890	891	870	869	
10902	Quad4	911	912	891	890	
10903	Quad4	932	933	912	911	
10904	Quad4	953	954	933	932	
10905	Quad4	974	975	954	953	
10906	Quad4	995	996	975	974	
10907	Quad4	1016	1017	996	995	
10908	Quad4	1037	1038	1017	1016	
10909	Quad4	1058	1059	1038	1037	
10910	Quad4	1079	1080	1059	1058	
10911	Quad4	1100	1101	1080	1079	
10912	Quad4	1121	1122	1101	1100	
10913	Quad4	1142	1143	1122	1121	
10914	Quad4	1163	1164	1143	1142	
10915	Quad4	1184	1185	1164	1163	
10916	Quad4	1205	1206	1185	1184	
10917	Quad4	1226	1227	1206	1205	
10918	Quad4	1247	1248	1227	1226	
10919	Quad4	1268	1269	1248	1247	
10920	Quad4	1289	1290	1269	1268	
10921	Quad4	1310	1311	1290	1289	
10922	Quad4	1331	1332	1311	1310	
10923	Quad4	1352	1353	1332	1331	
10924	Quad4	1373	1374	1353	1352	
10925	Quad4	1394	1395	1374	1373	
10926	Quad4	1415	1416	1395	1394	
10927	Quad4	1436	1437	1416	1415	
10928	Quad4	1457	1458	1437	1436	
10929	Quad4	1478	1479	1458	1457	
10930	Quad4	1499	1500	1479	1478	
10931	Quad4	1520	1521	1500	1499	
10932	Quad4	1541	1542	1521	1520	
10933	Quad4	1562	1563	1542	1541	
10934	Quad4	1583	1584	1563	1562	
10935	Quad4	1604	1605	1584	1583	
10936	Quad4	1625	1626	1605	1604	
10937	Quad4	1646	1647	1626	1625	
10938	Quad4	1667	1668	1647	1646	
10939	Quad4	1688	1689	1668	1667	
10940	Quad4	1709	1710	1689	1688	
10941	Quad4	1730	1731	1710	1709	
10942	Quad4	1751	1752	1731	1730	
10943	Quad4	1772	1773	1752	1751	
10944	Quad4	1793	1794	1773	1772	
10945	Quad4	1814	1815	1794	1793	
10946	Quad4	1835	1836	1815	1814	
10947	Quad4	1856	1857	1836	1835	
10948	Quad4	1877	1878	1857	1856	
10949	Quad4	1898	1899	1878	1877	
10950	Quad4	1919	1920	1899	1898	
10951	Quad4	1940	1941	1920	1919	
10952	Quad4	1961	1962	1941	1940	
10953	Quad4	1982	1983	1962	1961	
10954	Quad4	2003	2004	1983	1982	
10955	Quad4	2024	2025	2004	2003	
10956	Quad4	2045	2046	2025	2024	
10957	Quad4	2066	2067	2046	2045	
10958	Quad4	2087	2088	2067	2066	
10959	Quad4	2108	2109	2088	2087	
10960	Quad4	2129	2130	2109	2108	
10961	Quad4	2150	2151	2130	2129	
10962	Quad4	2171	2172	2151	2150	
10963	Quad4	2192	2193	2172	2171	
10964	Quad4	2213	2214	2193	2192	
10965	Quad4	2234	2235	2214	2213	
10966	Quad4	2255	2256	2235	2234	
10967	Quad4	2276	2277	2256	2255	
10968	Quad4	2297	2298	2277	2276	
10969	Quad4	2318	2319	2298	2297	
10970	Quad4	2339	2340	2319	2318	
10971	Quad4	2360	2361	2340	2339	
10972	Quad4	2381	2382	2361	2360	
10973	Quad4	2402	2403	2382	2381	
10974	Quad4	2423	2424	2403	2402	
10975	Quad4	2444	2445	2424	2423	
10976	Quad4	2465	2466	2445	2444	
10977	Quad4	2486	2487	2466	2465	
10978	Quad4	2507	2508	2487	2486	
10979	Quad4	2528	2529	2508	2507	
10980	Quad4	29	30	2529	2528	
10981	Quad4	51	52	31	30	
10982	Quad4	72	73	52	51	
10983	Quad4	93	94	73	72	
10984	Quad4	114	115	94	93	
10985	Quad4	135	136	115	114	
10986	Quad4	156	157	136	135	
10987	Quad4	177	178	157	156	
10988	Quad4	198	199	178	177	
10989	Quad4	219	220	199	198	
10990	Quad4	240	241	220	219	
10991	Quad4	261	262	241	240	
10992	Quad4	282	283	262	261	
10993	Quad4	303	304	283	282	
10994	Quad4	324	325	304	303	
10995	Quad4	345	346	325	324	
10996	Quad4	366	367	346	345	
10997	Quad4	387	388	367	366	
10998	Quad4	408	409	388	387	
10999	Quad4	429	430	409	408	
11000	Quad4	450	451	430	429	
11001	Quad4	471	472	451	450	
11002	Quad4	492	493	472	471	
11003	Quad4	513	514	493	492	
11004	Quad4	534	535	514	513	
11005	Quad4	555	556	535	534	
11006	Quad4	576	577	556	555	
11007	Quad4	597	598	577	576	
11008	Quad4	618	619	598	597	
11009	Quad4	639	640	619	618	
11010	Quad4	660	661	640	639	
11011	Quad4	681	682	661	660	
11012	Quad4	702	703	682	681	
11013	Quad4	723	724	703	702	
11014	Quad4	744	745	724	723	
11015	Quad4	765	766	745	744	
11016	Quad4	786	787	766	765	
11017	Quad4	807	808	787	786	
11018	Quad4	828	829	808	807	
11019	Quad4	849	850	829	828	
11020	Quad4	870	871	850	849	
11021	Quad4	891	892	871	870	
11022	Quad4	912	913	892	891	
11023	Quad4	933	934	913	912	
11024	Quad4	954	955	934	933	
11025	Quad4	975	976	955	954	
11026	Quad4	996	997	976	975	
11027	Quad4	1017	1018	997	996	
11028	Quad4	1038	1039	1018	1017	
11029	Quad4	1059	1060	1039	1038	
11030	Quad4	1080	1081	1060	1059	
11031	Quad4	1101	1102	1081	1080	
11032	Quad4	1122	1123	1102	1101	
11033	Quad4	1143	1144	1123	1122	
11034	Quad4	1164	1165	1144	1143	
11035	Quad4	1185	1186	1165	1164	
11036	Quad4	1206	1207	1186	1185	
11037	Quad4	1227	1228	1207	1206	
11038	Quad4	1248	1249	1228	1227	
11039	Quad4	1269	1270	1249	1248	
11040	Quad4	1290	1291	1270	1269	
11041	Quad4	1311	1312	1291	1290	
11042	Quad4	1332	1333	1312	1311	
11043	Quad4	1353	1354	1333	1332	
11044	Quad4	1374	1375	1354	1353	
11045	Quad4	1395	1396	1375	1374	
11046	Quad4	1416	1417	1396	1395	
11047	Quad4	1437	1438	1417	1416	
11048	Quad4	1458	1459	1438	1437	
11049	Quad4	1479	1480	1459	1458	
11050	Quad4	1500	1501	1480	1479	
11051	Quad4	1521	1522	1501	1500	
11052	Quad4	1542	1543	1522	1521	
11053	Quad4	1563	1564	1543	1542	
11054	Quad4	1584	1585	1564	1563	
11055	Quad4	1605	1606	1585	1584	
11056	Quad4	1626	1627	1606	1605	
11057	Quad4	1647	1648	1627	1626	
11058	Quad4	1668	1669	1648	1647	
11059	Quad4	1689	1690	1669	1668	
11060	Quad4	1710	1711	1690	1689	
11061	Quad4	1731	1732	1711	1710	
11062	Quad4	1752	1753	1732	1731	
11063	Quad4	1773	1774	1753	1752	
11064	Quad4	1794	1795	1774	1773	
11065	Quad4	1815	1816	1795	1794	
11066	Quad4	1836	1837	1816	1815	
11067	Quad4	1857	1858	1837	1836	
11068	Quad4	1878	1879	1858	1857	
11069	Quad4	1899	1900	1879	1878	
11070	Quad4	1920	1921	1900	1899	
11071	Quad4	1941	1942	1921	1920	
11072	Quad4	1962	1963	1942	1941	
11073	Quad4	1983	1984	1963	1962	
11074	Quad4	2004	2005	1984	1983	
11075	Quad4	2025	2026	2005	2004	
11076	Quad4	2046	2047	2026	2025	
11077	Quad4	2067	2068	2047	2046	
11078	Quad4	2088	2089	2068	2067	
11079	Quad4	2109	2110	2089	2088	
11080	Quad4	2130	2131	2110	2109	
11081	Quad4	2151	2152	2131	2130	
11082	Quad4	2172	2173	2152	2151	
11083	Quad4	2193	2194	2173	2172	
11084	Quad4	2214	2215	2194	2193	
11085	Quad4	2235	2236	2215	2214	
11086	Quad4	2256	2257	2236	2235	
11087	Quad4	2277	2278	2257	2256	
11088	Quad4	2298	2299	2278	2277	
11089	Quad4	2319	2320	2299	2298	
11090	Quad4	2340	2341	2320	2319	
11091	Quad4	2361	2362	2341	2340	
11092	Quad4	2382	2383	2362	2361	
11093	Quad4	2403	2404	2383	2382	
11094	Quad4	2424	2425	2404	2403	
11095	Quad4	2445	2446	2425	2424	
11096	Quad4	2466	2467	2446	2445	
11097	Quad4	2487	2488	2467	2466	
11098	Quad4	2508	2509	2488	2487	
11099	Quad4	2529	2530	2509	2508	
11100	Quad4	30	31	2530	2529	
11101	Quad4	52	53	32	31	
11102	Quad4	73	74	53	52	
11103	Quad4	94	95	74	73	
11104	Quad4	115	116	95	94	
11105	Quad4	136	137	116	115	
11106	Quad4	157	158	137	136	
11107	Quad4	178	179	158	157	
11108	Quad4	199	200	179	178	
11109	Quad4	220	221	200	199	
11110	Quad4	241	242	221	220	
11111	Quad4	262	263	242	241	
11112	Quad4	283	284	263	262	
11113	Quad4	304	305	284	283	
11114	Quad4	325	326	305	304	
11115	Quad4	346	347	326	325	
11116	Quad4	367	368	347	346	
11117	Quad4	388	389	368	367	
11118	Quad4	409	410	389	388	
11119	Quad4	430	431	410	409	
11120	Quad4	451	452	431	430	
11121	Quad4	472	473	452	451	
11122	Quad4	493	494	473	472	
11123	Quad4	514	515	494	493	
11124	Quad4	535	536	515	514	
11125	Quad4	556	557	536	535	
11126	Quad4	577	578	557	556	
11127	Quad4	598	599	578	577	
11128	Quad4	619	620	599	598	
11129	Quad4	640	641	620	619	
11130	Quad4	661	662	641	640	
11131	Quad4	682	683	662	661	
11132	Quad4	703	704	683	682	
11133	Quad4	724	725	704	703	
11134	Quad4	745	746	725	724	
11135	Quad4	766	767	746	745	
11136	Quad4	787	788	767	766	
11137	Quad4	808	809	788	787	
11138	Quad4	829	830	809	808	
11139	Quad4	850	851	830	829	
11140	Quad4	871	872	851	850	
11141	Quad4	892	893	872	871	
11142	Quad4	913	914	893	892	
11143	Quad4	934	935	914	913	
11144	Quad4	955	956	935	934	
11145	Quad4	976	977	956	955	
11146	Quad4	997	998	977	976	
11147	Quad4	1018	1019	998	997	
11148	Quad4	1039	1040	1019	1018	
11149	Quad4	1060	1061	1040	1039	
11150	Quad4	1081	1082	1061	1060	
11151	Quad4	1102	1103	1082	1081	
11152	Quad4	1123	1124	1103	1102	
11153	Quad4	1144	1145	1124	1123	
11154	Quad4	1165	1166	1145	1144	
11155	Quad4	1186	1187	1166	1165	
11156	Quad4	1207	1208	1187	1186	
11157	Quad4	1228	1229	1208	1207	
11158	Quad4	1249	1250	1229	1228	
11159	Quad4	1270	1271	1250	1249	
11160	Quad4	1291	1292	1271	1270	
11161	Quad4	1312	1313	1292	1291	
11162	Quad4	1333	1334	1313	1312	
11163	Quad4	1354	1355	1334	1333	
11164	Quad4	1375	1376	1355	1354	
11165	Quad4	1396	1397	1376	1375	
11166	Quad4	1417	1418	1397	1396	
11167	Quad4	1438	1439	1418	1417	
11168	Quad4	1459	1460	1439	1438	
11169	Quad4	1480	1481	1460	1459	
11170	Quad4	1501	1502	1481	1480	
11171	Quad4	1522	1523	1502	1501	
11172	Quad4	1543	1544	1523	1522	
11173	Quad4	1564	1565	1544	1543	
11174	Quad4	1585	1586	1565	1564	
11175	Quad4	1606	1607	1586	1585	
11176	Quad4	1627	1628	1607	1606	
11177	Quad4	1648	1649	1628	1627	
11178	Quad4	1669	1670	1649	1648	
11179	Quad4	1690	1691	1670	1669	
11180	Quad4	1711	1712	1691	1690	
11181	Quad4	1732	1733	1712	1711	
11182	Quad4	1753	1754	1733	1732	
11183	Quad4	1774	1775	1754	1753	
11184	Quad4	1795	1796	1775	1774	
11185	Quad4	1816	1817	1796	1795	
11186	Quad4	1837	1838	1817	1816	
11187	Quad4	1858	1859	1838	1837	
11188	Quad4	1879	1880	1859	1858	
11189	Quad4	1900	1901	1880	1879	
11190	Quad4	1921	1922	1901	1900	
11191	Quad4	1942	1943	1922	1921	
11192	Quad4	1963	1964	1943	1942	
11193	Quad4	1984	1985	1964	1963	
11194	Quad4	2005	2006	1985	1984	
11195	Quad4	2026	2027	2006	2005	
11196	Quad4	2047	2048	2027	2026	
11197	Quad4	2068	2069	2048	2047	
11198	Quad4	2089	2090	2069	2068	
11199	Quad4	2110	2111	2090	2089	
11200	Quad4	2131	2132	2111	2110	
11201	Quad4	2152	2153	2132	2131	
11202	Quad4	2173	2174	2153	2152	
11203	Quad4	2194	2195	2174	2173	
11204	Quad4	2215	2216	2195	2194	
11205	Quad4	2236	2237	2216	2215	
11206	Quad4	2257	2258	2237	2236	
11207	Quad4	2278	2279	2258	2257	
11208	Quad4	2299	2300	2279	2278	
11209	Quad4	2320	2321	2300	2299	
11210	Quad4	2341	2342	2321	2320	
11211	Quad4	2362	2363	2342	2341	
11212	Quad4	2383	2384	2363	2362	
11213	Quad4	2404	2405	2384	2383	
11214	Quad4	2425	2426	2405	2404	
11215	Quad4	2446	2447	2426	2425	
11216	Quad4	2467	2468	2447	2446	
11217	Quad4	2488	2489	2468	2467	
11218	Quad4	2509	2510	2489	2488	
11219	Quad4	2530	2531	2510	2509	
11220	Quad4	31	32	2531	2530	
11221	Quad4	53	54	33	32	
11222	Quad4	74	75	54	53	
11223	Quad4	95	96	75	74	
11224	Quad4	116	117	96	95	
11225	Quad4	137	138	117	116	
11226	Quad4	158	159	138	137	
11227	Quad4	179	180	159	158	
11228	Quad4	200	201	180	179	
11229	Quad4	221	222	201	200	
11230	Quad4	242	243	222	221	
11231	Quad4	263	264	243	242	
11232	Quad4	284	285	264	263	
11233	Quad4	305	306	285	284	
11234	Quad4	326	327	306	305	
11235	Quad4	347	348	327	326	
11236	Quad4	368	369	348	347	
11237	Quad4	389	390	369	368	
11238	Quad4	410	411	390	389	
11239	Quad4	431	432	411	410	
11240	Quad4	452	453	432	431	
11241	Quad4	473	474	453	452	
11242	Quad4	494	495	474	473	
11243	Quad4	515	516	495	494	
11244	Quad4	536	537	516	515	
11245	Quad4	557	558	537	536	
11246	Quad4	578	579	558	557	
11247	Quad4	599	600	579	578	
11248	Quad4	620	621	600	599	
11249	Quad4	641	642	621	620	
11250	Quad4	662	663	642	641	
11251	Quad4	683	684	663	662	
11252	Quad4	704	705	684	683	
11253	Quad4	725	726	705	704	
11254	Quad4	746	747	726	725	
11255	Quad4	767	768	747	746	
11256	Quad4	788	789	768	767	
11257	Quad4	809	810	789	788	
11258	Quad4	830	831	810	809	
11259	Quad4	851	852	831	830	
11260	Quad4	872	873	852	851	
11261	Quad4	893	894	873	872	
11262	Quad4	914	915	894	893	
11263	Quad4	935	936	915	914	
11264	Quad4	956	957	936	935	
11265	Quad4	977	978	957	956	
11266	Quad4	998	999	978	977	
11267	Quad4	1019	1020	999	998	
11268	Quad4	1040	1041	1020	1019	
11269	Quad4	1061	1062	1041	1040	
11270	Quad4	1082	1083	1062	1061	
11271	Quad4	1103	1104	1083	1082	
11272	Quad4	1124	1125	1104	1103	
11273	Quad4	1145	1146	1125	1124	
11274	Quad4	1166	1167	1146	1145	
11275	Quad4	1187	1188	1167	1166	
11276	Quad4	1208	1209	1188	1187	
11277	Quad4	1229	1230	1209	1208	
11278	Quad4	1250	1251	1230	1229	
11279	Quad4	1271	1272	1251	1250	
11280	Quad4	1292	1293	1272	1271	
11281	Quad4	1313	1314	1293	1292	
11282	Quad4	1334	1335	1314	1313	
11283	Quad4	1355	1356	1335	1334	
11284	Quad4	1376	1377	1356	1355	
11285	Quad4	1397	1398	1377	1376	
11286	Quad4	1418	1419	1398	1397	
11287	Quad4	1439	1440	1419	1418	
11288	Quad4	1460	1461	1440	1439	
11289	Quad4	1481	1482	1461	1460	
11290	Quad4	1502	1503	1482	1481	
11291	Quad4	1523	1524	1503	1502	
11292	Quad4	1544	1545	1524	1523	
11293	Quad4	1565	1566	1545	1544	
11294	Quad4	1586	1587	1566	1565	
11295	Quad4	1607	1608	1587	1586	
11296	Quad4	1628	1629	1608	1607	
11297	Quad4	1649	1650	1629	1628	
11298	Quad4	1670	1671	1650	1649	
11299	Quad4	1691	1692	1671	1670	
11300	Quad4	1712	1713	1692	1691	
11301	Quad4	1733	1734	1713	1712	
11302	Quad4	1754	1755	1734	1733	
11303	Quad4	1775	1776	1755	1754	
11304	Quad4	1796	1797	1776	1775	
11305	Quad4	1817	1818	1797	1796	
11306	Quad4	1838	1839	1818	1817	
11307	Quad4	1859	1860	1839	1838	
11308	Quad4	1880	1881	1860	1859	
11309	Quad4	1901	1902	1881	1880	
11310	Quad4	1922	1923	1902	1901	
11311	Quad4	1943	1944	1923	1922	
11312	Quad4	1964	1965	1944	1943	
11313	Quad4	1985	1986	1965	1964	
11314	Quad4	2006	2007	1986	1985	
11315	Quad4	2027	2028	2007	2006	
11316	Quad4	2048	2049	2028	2027	
11317	Quad4	2069	2070	2049	2048	
11318	Quad4	2090	2091	2070	2069	
11319	Quad4	2111	2112	2091	2090	
11320	Quad4	2132	2133	2112	2111	
11321	Quad4	2153	2154	2133	2132	
11322	Quad4	2174	2175	2154	2153	
11323	Quad4	2195	2196	2175	2174	
11324	Quad4	2216	2217	2196	2195	
11325	Quad4	2237	2238	2217	2216	
11326	Quad4	2258	2259	2238	2237	
11327	Quad4	2279	2280	2259	2258	
11328	Quad4	2300	2301	2280	2279	
11329	Quad4	2321	2322	2301	2300	
11330	Quad4	2342	2343	2322	2321	
11331	Quad4	2363	2364	2343	2342	
11332	Quad4	2384	2385	2364	2363	
11333	Quad4	2405	2406	2385	2384	
11334	Quad4	2426	2427	2406	2405	
11335	Quad4	2447	2448	2427	2426	
11336	Quad4	2468	2469	2448	2447	
11337	Quad4	2489	2490	2469	2468	
11338	Quad4	2510	2511	2490	2489	
11339	Quad4	2531	2532	2511	2510	
11340	Quad4	32	33	2532	2531	
11341	Quad4	54	55	34	33	
11342	Quad4	75	76	55	54	
11343	Quad4	96	97	76	75	
11344	Quad4	117	118	97	96	
11345	Quad4	138	139	118	117	
11346	Quad4	159	160	139	138	
11347	Quad4	180	181	160	159	
11348	Quad4	201	202	181	180	
11349	Quad4	222	223	202	201	
11350	Quad4	243	244	223	222	
11351	Quad4	264	265	244	243	
11352	Quad4	285	286	265	264	
11353	Quad4	306	307	286	285	
11354	Quad4	327	328	307	306	
11355	Quad4	348	349	328	327	
11356	Quad4	369	370	349	348	
11357	Quad4	390	391	370	369	
11358	Quad4	411	412	391	390	
11359	Quad4	432	433	412	411	
11360	Quad4	453	454	433	432	
11361	Quad4	474	475	454	453	
11362	Quad4	495	496	475	474	
11363	Quad4	516	517	496	495	
11364	Quad4	537	538	517	516	
11365	Quad4	558	559	538	537	
11366	Quad4	579	580	559	558	
11367	Quad4	600	601	580	579	
11368	Quad4	621	622	601	600	
11369	Quad4	642	643	622	621	
11370	Quad4	663	664	643	642	
11371	Quad4	684	685	664	663	
11372	Quad4	705	706	685	684	
11373	Quad4	726	727	706	705	
11374	Quad4	747	748	727	726	
11375	Quad4	768	769	748	747	
11376	Quad4	789	790	769	768	
11377	Quad4	810	811	790	789	
11378	Quad4	831	832	811	810	
11379	Quad4	852	853	832	831	
11380	Quad4	873	874	853	852	
11381	Quad4	894	895	874	873	
11382	Quad4	915	916	895	894	
11383	Quad4	936	937	916	915	
11384	Quad4	957	958	937	936	
11385	Quad4	978	979	958	957	
11386	Quad4	999	1000	979	978	
11387	Quad4	1020	1021	1000	999	
11388	Quad4	1041	1042	1021	1020	
11389	Quad4	1062	1063	1042	1041	
11390	Quad4	1083	1084	1063	1062	
11391	Quad4	1104	1105	1084	1083	
11392	Quad4	1125	1126	1105	1104	
11393	Quad4	1146	1147	1126	1125	
11394	Quad4	1167	1168	1147	1146	
11395	Quad4	1188	1189	1168	1167	
11396	Quad4	1209	1210	1189	1188	
11397	Quad4	1230	1231	1210	1209	
11398	Quad4	1251	1252	1231	1230	
11399	Quad4	1272	1273	1252	1251	
11400	Quad4	1293	1294	1273	1272	
11401	Quad4	1314	1315	1294	1293	
11402	Quad4	1335	1336	1315	1314	
11403	Quad4	1356	1357	1336	1335	
11404	Quad4	1377	1378	1357	1356	
11405	Quad4	1398	1399	1378	1377	
11406	Quad4	1419	1420	1399	1398	
11407	Quad4	1440	1441	1420	1419	
11408	Quad4	1461	1462	1441	1440	
11409	Quad4	1482	1483	1462	1461	
11410	Quad4	1503	1504	1483	1482	
11411	Quad4	1524	1525	1504	1503	
11412	Quad4	1545	1546	1525	1524	
11413	Quad4	1566	1567	1546	1545	
11414	Quad4	1587	1588	1567	1566	
11415	Quad4	1608	1609	1588	1587	
11416	Quad4	1629	1630	1609	1608	
11417	Quad4	1650	1651	1630	1629	
11418	Quad4	1671	1672	1651	1650	
11419	Quad4	1692	1693	1672	1671	
11420	Quad4	1713	1714	1693	1692	
11421	Quad4	1734	1735	1714	1713	
11422	Quad4	1755	1756	1735	1734	
11423	Quad4	1776	1777	1756	1755	
11424	Quad4	1797	1798	1777	1776	
11425	Quad4	1818	1819	1798	1797	
11426	Quad4	1839	1840	1819	1818	
11427	Quad4	1860	1861	1840	1839	
11428	Quad4	1881	1882	1861	1860	
11429	Quad4	1902	1903	1882	1881	
11430	Quad4	1923	1924	1903	1902	
11431	Quad4	1944	1945	1924	1923	
11432	Quad4	1965	1966	1945	1944	
11433	Quad4	1986	1987	1966	1965	
11434	Quad4	2007	2008	1987	1986	
11435	Quad4	2028	2029	2008	2007	
11436	Quad4	2049	2050	2029	2028	
11437	Quad4	2070	2071	2050	2049	
11438	Quad4	2091	2092	2071	2070	
11439	Quad4	2112	2113	2092	2091	
11440	Quad4	2133	2134	2113	2112	
11441	Quad4	2154	2155	2134	2133	
11442	Quad4	2175	2176	2155	2154	
11443	Quad4	2196	2197	2176	2175	
11444	Quad4	2217	2218	2197	2196	
11445	Quad4	2238	2239	2218	2217	
11446	Quad4	2259	2260	2239	2238	
11447	Quad4	2280	2281	2260	2259	
11448	Quad4	2301	2302	2281	2280	
11449	Quad4	2322	2323	2302	2301	
11450	Quad4	2343	2344	2323	2322	
11451	Quad4	2364	2365	2344	2343	
11452	Quad4	2385	2386	2365	2364	
11453	Quad4	2406	2407	2386	2385	
11454	Quad4	2427	2428	2407	2406	
11455	Quad4	2448	2449	2428	2427	
11456	Quad4	2469	2470	2449	2448	
11457	Quad4	2490	2491	2470	2469	
11458	Quad4	2511	2512	2491	2490	
11459	Quad4	2532	2533	2512	2511	
11460	Quad4	33	34	2533	2532	
11461	Quad4	55	56	35	34	
11462	Quad4	76	77	56	55	
11463	Quad4	97	98	77	76	
11464	Quad4	118	119	98	97	
11465	Quad4	139	140	119	118	
11466	Quad4	160	161	140	139	
11467	Quad4	181	182	161	160	
11468	Quad4	202	203	182	181	
11469	Quad4	223	224	203	202	
11470	Quad4	244	245	224	223	
11471	Quad4	265	266	245	244	
11472	Quad4	286	287	266	265	
11473	Quad4	307	308	287	286	
11474	Quad4	328	329	308	307	
11475	Quad4	349	350	329	328	
11476	Quad4	370	371	350	349	
11477	Quad4	391	392	371	370	
11478	Quad4	412	413	392	391	
11479	Quad4	433	434	413	412	
11480	Quad4	454	455	434	433	
11481	Quad4	475	476	455	454	
11482	Quad4	496	497	476	475	
11483	Quad4	517	518	497	496	
11484	Quad4	538	539	518	517	
11485	Quad4	559	560	539	538	
11486	Quad4	580	581	560	559	
11487	Quad4	601	602	581	580	
11488	Quad4	622	623	602	601	
11489	Quad4	643	644	623	622	
11490	Quad4	664	665	644	643	
11491	Quad4	685	686	665	664	
11492	Quad4	706	707	686	685	
11493	Quad4	727	728	707	706	
11494	Quad4	748	749	728	727	
11495	Quad4	769	770	749	748	
11496	Quad4	790	791	770	769	
11497	Quad4	811	812	791	790	
11498	Quad4	832	833	812	811	
11499	Quad4	853	854	833	832	
11500	Quad4	874	875	854	853	
11501	Quad4	895	896	875	874	
11502	Quad4	916	917	896	895	
11503	Quad4	937	938	917	916	
11504	Quad4	958	959	938	937	
11505	Quad4	979	980	959	958	
11506	Quad4	1000	1001	980	979	
11507	Quad4	1021	1022	1001	1000	
11508	Quad4	1042	1043	1022	1021	
11509	Quad4	1063	1064	1043	1042	
11510	Quad4	1084	1085	1064	1063	
11511	Quad4	1105	1106	1085	1084	
11512	Quad4	1126	1127	1106	1105	
11513	Quad4	1147	1148	1127	1126	
11514	Quad4	1168	1169	1148	1147	
11515	Quad4	1189	1190	1169	1168	
11516	Quad4	1210	1211	1190	1189	
11517	Quad4	1231	1232	1211	1210	
11518	Quad4	1252	1253	1232	1231	
11519	Quad4	1273	1274	1253	1252	
11520	Quad4	1294	1295	1274	1273	
11521	Quad4	1315	1316	1295	1294	
11522	Quad4	1336	1337	1316	1315	
11523	Quad4	1357	1358	1337	1336	
11524	Quad4	1378	1379	1358	1357	
11525	Quad4	1399	1400	1379	1378	
11526	Quad4	1420	1421	1400	1399	
11527	Quad4	1441	1442	1421	1420	
11528	Quad4	1462	1463	1442	1441	
11529	Quad4	1483	1484	1463	1462	
11530	Quad4	1504	1505	1484	1483	
11531	Quad4	1525	1526	1505	1504	
11532	Quad4	1546	1547	1526	1525	
11533	Quad4	1567	1568	1547	1546	
11534	Quad4	1588	1589	1568	1567	
11535	Quad4	1609	1610	1589	1588	
11536	Quad4	1630	1631	1610	1609	
11537	Quad4	1651	1652	1631	1630	
11538	Quad4	1672	1673	1652	1651	
11539	Quad4	1693	1694	1673	1672	
11540	Quad4	1714	1715	1694	1693	
11541	Quad4	1735	1736	1715	1714	
11542	Quad4	1756	1757	1736	1735	
11543	Quad4	1777	1778	1757	1756	
11544	Quad4	1798	1799	1778	1777	
11545	Quad4	1819	1820	1799	1798	
11546	Quad4	1840	1841	1820	1819	
11547	Quad4	1861	1862	1841	1840	
11548	Quad4	1882	1883	1862	1861	
11549	Quad4	1903	1904	1883	1882	
11550	Quad4	1924	1925	1904	1903	
11551	Quad4	1945	1946	1925	1924	
11552	Quad4	1966	1967	1946	1945	
11553	Quad4	1987	1988	1967	1966	
11554	Quad4	2008	2009	1988	1987	
11555	Quad4	2029	2030	2009	2008	
11556	Quad4	2050	2051	2030	2029	
11557	Quad4	2071	2072	2051	2050	
11558	Quad4	2092	2093	2072	2071	
11559	Quad4	2113	2114	2093	2092	
11560	Quad4	2134	2135	2114	2113	
11561	Quad4	2155	2156	2135	2134	
11562	Quad4	2176	2177	2156	2155	
11563	Quad4	2197	2198	2177	2176	
11564	Quad4	2218	2219	2198	2197	
11565	Quad4	2239	2240	2219	2218	
11566	Quad4	2260	2261	2240	2239	
11567	Quad4	2281	2282	2261	2260	
11568	Quad4	2302	2303	2282	2281	
11569	Quad4	2323	2324	2303	2302	
11570	Quad4	2344	2345	2324	2323	
11571	Quad4	2365	2366	2345	2344	
11572	Quad4	2386	2387	2366	2365	
11573	Quad4	2407	2408	2387	2386	
11574	Quad4	2428	2429	2408	2407	
11575	Quad4	2449	2450	2429	2428	
11576	Quad4	2470	2471	2450	2449	
11577	Quad4	2491	2492	2471	2470	
11578	Quad4	2512	2513	2492	2491	
11579	Quad4	2533	2534	2513	2512	
11580	Quad4	34	35	2534	2533	
11581	Quad4	56	57	36	35	
11582	Quad4	77	78	57	56	
11583	Quad4	98	99	78	77	
11584	Quad4	119	120	99	98	
11585	Quad4	140	141	120	119	
11586	Quad4	161	162	141	140	
11587	Quad4	182	183	162	161	
11588	Quad4	203	204	183	182	
11589	Quad4	224	225	204	203	
11590	Quad4	245	246	225	224	
11591	Quad4	266	267	246	245	
11592	Quad4	287	288	267	266	
11593	Quad4	308	309	288	287	
11594	Quad4	329	330	309	308	
11595	Quad4	350	351	330	329	
11596	Quad4	371	372	351	350	
11597	Quad4	392	393	372	371	
11598	Quad4	413	414	393	392	
11599	Quad4	434	435	414	413	
11600	Quad4	455	456	435	434	
11601	Quad4	476	477	456	455	
11602	Quad4	497	498	477	476	
11603	Quad4	518	519	498	497	
11604	Quad4	539	540	519	518	
11605	Quad4	560	561	540	539	
11606	Quad4	581	582	561	560	
11607	Quad4	602	603	582	581	
11608	Quad4	623	624	603	602	
11609	Quad4	644	645	624	623	
11610	Quad4	665	666	645	644	
11611	Quad4	686	687	666	665	
11612	Quad4	707	708	687	686	
11613	Quad4	728	729	708	707	
11614	Quad4	749	750	729	728	
11615	Quad4	770	771	750	749	
11616	Quad4	791	792	771	770	
11617	Quad4	812	813	792	791	
11618	Quad4	833	834	813	812	
11619	Quad4	854	855	834	833	
11620	Quad4	875	876	855	854	
11621	Quad4	896	897	876	875	
11622	Quad4	917	918	897	896	
11623	Quad4	938	939	918	917	
11624	Quad4	959	960	939	938	
11625	Quad4	980	981	960	959	
11626	Quad4	1001	1002	981	980	
11627	Quad4	1022	1023	1002	1001	
11628	Quad4	1043	1044	1023	1022	
11629	Quad4	1064	1065	1044	1043	
11630	Quad4	1085	1086	1065	1064	
11631	Quad4	1106	1107	1086	1085	
11632	Quad4	1127	1128	1107	1106	
11633	Quad4	1148	1149	1128	1127	
11634	Quad4	1169	1170	1149	1148	
11635	Quad4	1190	1191	1170	1169	
11636	Quad4	1211	1212	1191	1190	
11637	Quad4	1232	1233	1212	1211	
11638	Quad4	1253	1254	1233	1232	
11639	Quad4	1274	1275	1254	1253	
11640	Quad4	1295	1296	1275	1274	
11641	Quad4	1316	1317	1296	1295	
11642	Quad4	1337	1338	1317	1316	
11643	Quad4	1358	1359	1338	1337	
11644	Quad4	1379	1380	1359	1358	
11645	Quad4	1400	1401	1380	1379	
11646	Quad4	1421	1422	1401	1400	
11647	Quad4	1442	1443	1422	1421	
11648	Quad4	1463	1464	1443	1442	
11649	Quad4	1484	1485	1464	1463	
11650	Quad4	1505	1506	1485	1484	
11651	Quad4	1526	1527	1506	1505	
11652	Quad4	1547	1548	1527	1526	
11653	Quad4	1568	1569	1548	1547	
11654	Quad4	1589	1590	1569	1568	
11655	Quad4	1610	1611	1590	1589	
11656	Quad4	1631	1632	1611	1610	
11657	Quad4	1652	1653	1632	1631	
11658	Quad4	1673	1674	1653	1652	
11659	Quad4	1694	1695	1674	1673	
11660	Quad4	1715	1716	1695	1694	
11661	Quad4	1736	1737	1716	1715	
11662	Quad4	1757	1758	1737	1736	
11663	Quad4	1778	1779	1758	1757	
11664	Quad4	1799	1800	1779	1778	
11665	Quad4	1820	1821	1800	1799	
11666	Quad4	1841	1842	1821	1820	
11667	Quad4	1862	1863	1842	1841	
11668	Quad4	1883	1884	1863	1862	
11669	Quad4	1904	1905	1884	1883	
11670	Quad4	1925	1926	1905	1904	
11671	Quad4	1946	1947	1926	1925	
11672	Quad4	1967	1968	1947	1946	
11673	Quad4	1988	1989	1968	1967	
11674	Quad4	2009	2010	1989	1988	
11675	Quad4	2030	2031	2010	2009	
11676	Quad4	2051	2052	2031	2030	
11677	Quad4	2072	2073	2052	2051	
11678	Quad4	2093	2094	2073	2072	
11679	Quad4	2114	2115	2094	2093	
11680	Quad4	2135	2136	2115	2114	
11681	Quad4	2156	2157	2136	2135	
11682	Quad4	2177	2178	2157	2156	
11683	Quad4	2198	2199	2178	2177	
11684	Quad4	2219	2220	2199	2198	
11685	Quad4	2240	2241	2220	2219	
11686	Quad4	2261	2262	2241	2240	
11687	Quad4	2282	2283	2262	2261	
11688	Quad4	2303	2304	2283	2282	
11689	Quad4	2324	2325	2304	2303	
11690	Quad4	2345	2346	2325	2324	
11691	Quad4	2366	2367	2346	2345	
11692	Quad4	2387	2388	2367	2366	
11693	Quad4	2408	2409	2388	2387	
11694	Quad4	2429	2430	2409	2408	
11695	Quad4	2450	2451	2430	2429	
11696	Quad4	2471	2472	2451	2450	
11697	Quad4	2492	2493	2472	2471	
11698	Quad4	2513	2514	2493	2492	
11699	Quad4	2534	2535	2514	2513	
11700	Quad4	35	36	2535	2534	
11701	Quad4	57	58	37	36	
11702	Quad4	78	79	58	57	
11703	Quad4	99	100	79	78	
11704	Quad4	120	121	100	99	
11705	Quad4	141	142	121	120	
11706	Quad4	162	163	142	141	
11707	Quad4	183	184	163	162	
11708	Quad4	204	205	184	183	
11709	Quad4	225	226	205	204	
11710	Quad4	246	247	226	225	
11711	Quad4	267	268	247	246	
11712	Quad4	288	289	268	267	
11713	Quad4	309	310	289	288	
11714	Quad4	330	331	310	309	
11715	Quad4	351	352	331	330	
11716	Quad4	372	373	352	351	
11717	Quad4	393	394	373	372	
11718	Quad4	414	415	394	393	
11719	Quad4	435	436	415	414	
11720	Quad4	456	457	436	435	
11721	Quad4	477	478	457	456	
11722	Quad4	498	499	478	477	
11723	Quad4	519	520	499	498	
11724	Quad4	540	541	520	519	
11725	Quad4	561	562	541	540	
11726	Quad4	582	583	562	561	
11727	Quad4	603	604	583	582	
11728	Quad4	624	625	604	603	
11729	Quad4	645	646	625	624	
11730	Quad4	666	667	646	645	
11731	Quad4	687	688	667	666	
11732	Quad4	708	709	688	687	
11733	Quad4	729	730	709	708	
11734	Quad4	750	751	730	729	
11735	Quad4	771	772	751	750	
11736	Quad4	792	793	772	771	
11737	Quad4	813	814	793	792	
11738	Quad4	834	835	814	813	
11739	Quad4	855	856	835	834	
11740	Quad4	876	877	856	855	
11741	Quad4	897	898	877	876	
11742	Quad4	918	919	898	897	
11743	Quad4	939	940	919	918	
11744	Quad4	960	961	940	939	
11745	Quad4	981	982	961	960	
11746	Quad4	1002	1003	982	981	
11747	Quad4	1023	1024	1003	1002	
11748	Quad4	1044	1045	1024	1023	
11749	Quad4	1065	1066	1045	1044	
11750	Quad4	1086	1087	1066	1065	
11751	Quad4	1107	1108	1087	1086	
11752	Quad4	1128	1129	1108	1107	
11753	Quad4	1149	1150	1129	1128	
11754	Quad4	1170	1171	1150	1149	
11755	Quad4	1191	1192	1171	1170	
11756	Quad4	1212	1213	1192	1191	
11757	Quad4	1233	1234	1213	1212	
11758	Quad4	1254	1255	1234	1233	
11759	Quad4	1275	1276	1255	1254	
11760	Quad4	1296	1297	1276	1275	
11761	Quad4	1317	1318	1297	1296	
11762	Quad4	1338	1339	1318	1317	
11763	Quad4	1359	1360	1339	1338	
11764	Quad4	1380	1381	1360	1359	
11765	Quad4	1401	1402	1381	1380	
11766	Quad4	1422	1423	1402	1401	
11767	Quad4	1443	1444	1423	1422	
11768	Quad4	1464	1465	1444	1443	
11769	Quad4	1485	1486	1465	1464	
11770	Quad4	1506	1507	1486	1485	
11771	Quad4	1527	1528	1507	1506	
11772	Quad4	1548	1549	1528	1527	
11773	Quad4	1569	1570	1549	1548	
11774	Quad4	1590	1591	1570	1569	
11775	Quad4	1611	1612	1591	1590	
11776	Quad4	1632	1633	1612	1611	
11777	Quad4	1653	1654	1633	1632	
11778	Quad4	1674	1675	1654	1653	
11779	Quad4	1695	1696	1675	1674	
11780	Quad4	1716	1717	1696	1695	
11781	Quad4	1737	1738	1717	1716	
11782	Quad4	1758	1759	1738	1737	
11783	Quad4	1779	1780	1759	1758	
11784	Quad4	1800	1801	1780	1779	
11785	Quad4	1821	1822	1801	1800	
11786	Quad4	1842	1843	1822	1821	
11787	Quad4	1863	1864	1843	1842	
11788	Quad4	1884	1885	1864	1863	
11789	Quad4	1905	1906	1885	1884	
11790	Quad4	1926	1927	1906	1905	
11791	Quad4	1947	1948	1927	1926	
11792	Quad4	1968	1969	1948	1947	
11793	Quad4	1989	1990	1969	1968	
11794	Quad4	2010	2011	1990	1989	
11795	Quad4	2031	2032	2011	2010	
11796	Quad4	2052	2053	2032	2031	
11797	Quad4	2073	2074	2053	2052	
11798	Quad4	2094	2095	2074	2073	
11799	Quad4	2115	2116	2095	2094	
11800	Quad4	2136	2137	2116	2115	
11801	Quad4	2157	2158	2137	2136	
11802	Quad4	2178	2179	2158	2157	
11803	Quad4	2199	2200	2179	2178	
11804	Quad4	2220	2221	2200	2199	
11805	Quad4	2241	2242	2221	2220	
11806	Quad4	2262	2263	2242	2241	
11807	Quad4	2283	2284	2263	2262	
11808	Quad4	2304	2305	2284	2283	
11809	Quad4	2325	2326	2305	2304	
11810	Quad4	2346	2347	2326	2325	
11811	Quad4	2367	2368	2347	2346	
11812	Quad4	2388	2389	2368	2367	
11813	Quad4	2409	2410	2389	2388	
11814	Quad4	2430	2431	2410	2409	
11815	Quad4	2451	2452	2431	2430	
11816	Quad4	2472	2473	2452	2451	
11817	Quad4	2493	2494	2473	2472	
11818	Quad4	2514	2515	2494	2493	
11819	Quad4	2535	2536	2515	2514	
11820	Quad4	36	37	2536	2535	
11821	Quad4	58	2772	2	37	
11822	Quad4	79	2771	2772	58	
11823	Quad4	100	2770	2771	79	
11824	Quad4	121	2769	2770	100	
11825	Quad4	142	2768	2769	121	
11826	Quad4	163	2767	2768	142	
11827	Quad4	184	2766	2767	163	
11828	Quad4	205	2765	2766	184	
11829	Quad4	226	2764	2765	205	
11830	Quad4	247	2763	2764	226	
11831	Quad4	268	2762	2763	247	
11832	Quad4	289	2761	2762	268	
11833	Quad4	310	2760	2761	289	
11834	Quad4	331	2759	2760	310	
11835	Quad4	352	2758	2759	331	
11836	Quad4	373	2757	2758	352	
11837	Quad4	394	2756	2757	373	
11838	Quad4	415	2755	2756	394	
11839	Quad4	436	2754	2755	415	
11840	Quad4	457	2753	2754	436	
11841	Quad4	478	2752	2753	457	
11842	Quad4	499	2751	2752	478	
11843	Quad4	520	2750	2751	499	
11844	Quad4	541	2749	2750	520	
11845	Quad4	562	2748	2749	541	
11846	Quad4	583	2747	2748	562	
11847	Quad4	604	2746	2747	583	
11848	Quad4	625	2745	2746	604	
11849	Quad4	646	2744	2745	625	
11850	Quad4	667	6	2744	646	
11851	Quad4	688	2686	6	667	
11852	Quad4	709	2687	2686	688	
11853	Quad4	730	2688	2687	709	
11854	Quad4	751	2689	2688	730	
11855	Quad4	772	2690	2689	751	
11856	Quad4	793	2691	2690	772	
11857	Quad4	814	2692	2691	793	
11858	Quad4	835	2693	2692	814	
11859	Quad4	856	2694	2693	835	
11860	Quad4	877	2695	2694	856	
11861	Quad4	898	2696	2695	877	
11862	Quad4	919	2697	2696	898	
11863	Quad4	940	2698	2697	919	
11864	Quad4	961	2699	2698	940	
11865	Quad4	982	2700	2699	961	
11866	Quad4	1003	2701	2700	982	
11867	Quad4	1024	2702	2701	1003	
11868	Quad4	1045	2703	2702	1024	
11869	Quad4	1066	2704	2703	1045	
11870	Quad4	1087	2705	2704	1066	
11871	Quad4	1108	2706	2705	1087	
11872	Quad4	1129	2707	2706	1108	
11873	Quad4	1150	2708	2707	1129	
11874	Quad4	1171	2709	2708	1150	
11875	Quad4	1192	2710	2709	1171	
11876	Quad4	1213	2711	2710	1192	
11877	Quad4	1234	2712	2711	1213	
11878	Quad4	1255	2713	2712	1234	
11879	Quad4	1276	2714	2713	1255	
11880	Quad4	1297	5	2714	1276	
11881	Quad4	1318	2715	5	1297	
11882	Quad4	1339	2716	2715	1318	
11883	Quad4	1360	2717	2716	1339	
11884	Quad4	1381	2718	2717	1360	
11885	Quad4	1402	2719	2718	1381	
11886	Quad4	1423	2720	2719	1402	
11887	Quad4	1444	2721	2720	1423	
11888	Quad4	1465	2722	2721	1444	
11889	Quad4	1486	2723	2722	1465	
11890	Quad4	1507	2724	2723	1486	
11891	Quad4	1528	2725	2724	1507	
11892	Quad4	1549	2726	2725	1528	
11893	Quad4	1570	2727	2726	1549	
11894	Quad4	1591	2728	2727	1570	
11895	Quad4	1612	2729	2728	1591	
11896	Quad4	1633	2730	2729	1612	
11897	Quad4	1654	2731	2730	1633	
11898	Quad4	1675	2732	2731	1654	
11899	Quad4	1696	2733	2732	1675	
11900	Quad4	1717	2734	2733	1696	
11901	Quad4	1738	2735	2734	1717	
11902	Quad4	1759	2736	2735	1738	
11903	Quad4	1780	2737	2736	1759	
11904	Quad4	1801	2738	2737	1780	
11905	Quad4	1822	2739	2738	1801	
11906	Quad4	1843	2740	2739	1822	
11907	Quad4	1864	2741	2740	1843	
11908	Quad4	1885	2742	2741	1864	
11909	Quad4	1906	2743	2742	1885	
11910	Quad4	1927	4	2743	1906	
11911	Quad4	1948	2685	4	1927	
11912	Quad4	1969	2684	2685	1948	
11913	Quad4	1990	2683	2684	1969	
11914	Quad4	2011	2682	2683	1990	
11915	Quad4	2032	2681	2682	2011	
11916	Quad4	2053	2680	2681	2032	
11917	Quad4	2074	2679	2680	2053	
11918	Quad4	2095	2678	2679	2074	
11919	Quad4	2116	2677	2678	2095	
11920	Quad4	2137	2676	2677	2116	
11921	Quad4	2158	2675	2676	2137	
11922	Quad4	2179	2674	2675	2158	
11923	Quad4	2200	2673	2674	2179	
11924	Quad4	2221	2672	2673	2200	
11925	Quad4	2242	2671	2672	2221	
11926	Quad4	2263	2670	2671	2242	
11927	Quad4	2284	2669	2670	2263	
11928	Quad4	2305	2668	2669	2284	
11929	Quad4	2326	2667	2668	2305	
11930	Quad4	2347	2666	2667	2326	
11931	Quad4	2368	2665	2666	2347	
11932	Quad4	2389	2664	2665	2368	
11933	Quad4	2410	2663	2664	2389	
11934	Quad4	2431	2662	2663	2410	
11935	Quad4	2452	2661	2662	2431	
11936	Quad4	2473	2660	2661	2452	
11937	Quad4	2494	2659	2660	2473	
11938	Quad4	2515	2658	2659	2494	
11939	Quad4	2536	2657	2658	2515	
11940	Quad4	37	2	2657	2536	
11941	Quad4	6490	7419	9818	2	
11942	Quad4	6489	7438	7419	6490	
11943	Quad4	6488	7457	7438	6489	
11944	Quad4	6487	7476	7457	6488	
11945	Quad4	6486	7495	7476	6487	
11946	Quad4	6485	7514	7495	6486	
11947	Quad4	6484	7533	7514	6485	
11948	Quad4	6483	7552	7533	6484	
11949	Quad4	6482	7571	7552	6483	
11950	Quad4	6481	7590	7571	6482	
11951	Quad4	6480	7609	7590	6481	
11952	Quad4	6479	7628	7609	6480	
11953	Quad4	6478	7647	7628	6479	
11954	Quad4	6477	7666	7647	6478	
11955	Quad4	6476	7685	7666	6477	
11956	Quad4	6475	7704	7685	6476	
11957	Quad4	6474	7723	7704	6475	
11958	Quad4	6473	7742	7723	6474	
11959	Quad4	6472	7761	7742	6473	
11960	Quad4	6471	7780	7761	6472	
11961	Quad4	6470	7799	7780	6471	
11962	Quad4	6469	7818	7799	6470	
11963	Quad4	6468	7837	7818	6469	
11964	Quad4	6467	7856	7837	6468	
11965	Quad4	6466	7875	7856	6467	
11966	Quad4	6465	7894	7875	6466	
11967	Quad4	6464	7913	7894	6465	
11968	Quad4	6463	7932	7913	6464	
11969	Quad4	6462	7951	7932	6463	
11970	Quad4	6461	7970	7951	6462	
11971	Quad4	6460	7989	7970	6461	
11972	Quad4	6459	8008	7989	6460	
11973	Quad4	6458	8027	8008	6459	
11974	Quad4	6457	8046	8027	6458	
11975	Quad4	6456	8065	8046	6457	
11976	Quad4	6455	8084	8065	6456	
11977	Quad4	6454	8103	8084	6455	
11978	Quad4	6453	8122	8103	6454	
11979	Quad4	6452	8141	8122	6453	
11980	Quad4	6451	8160	8141	6452	
11981	Quad4	6450	8179	8160	6451	
11982	Quad4	6449	8198	8179	6450	
11983	Quad4	6448	8217	8198	6449	
11984	Quad4	6447	8236	8217	6448	
11985	Quad4	6446	8255	8236	6447	
11986	Quad4	6445	8274	8255	6446	
11987	Quad4	6444	8293	8274	6445	
11988	Quad4	6443	8312	8293	6444	
11989	Quad4	6442	8331	8312	6443	
11990	Quad4	6441	8350	8331	6442	
11991	Quad4	6440	8369	8350	6441	
11992	Quad4	6439	8388	8369	6440	
11993	Quad4	6438	8407	8388	6439	
11994	Quad4	6437	8426	8407	6438	
11995	Quad4	6436	8445	8426	6437	
11996	Quad4	6435	8464	8445	6436	
11997	Quad4	6434	8483	8464	6435	
11998	Quad4	6433	8502	8483	6434	
11999	Quad4	6432	8521	8502	6433	
12000	Quad4	6431	8540	8521	6432	
12001	Quad4	6430	8559	8540	6431	
12002	Quad4	6429	8578	8559	6430	
12003	Quad4	6428	8597	8578	6429	
12004	Quad4	6427	8616	8597	6428	
12005	Quad4	6426	8635	8616	6427	
12006	Quad4	6425	8654	8635	6426	
12007	Quad4	6424	8673	8654	6425	
12008	Quad4	6423	8692	8673	6424	
12009	Quad4	6422	8711	8692	6423	
12010	Quad4	6421	8730	8711	6422	
12011	Quad4	6420	8749	8730	6421	
12012	Quad4	6419	8768	8749	6420	
12013	Quad4	6418	8787	8768	6419	
12014	Quad4	6417	8806	8787	6418	
12015	Quad4	6416	8825	8806	6417	
12016	Quad4	6415	8844	8825	6416	
12017	Quad4	6414	8863	8844	6415	
12018	Quad4	6413	8882	8863	6414	
12019	Quad4	6412	8901	8882	6413	
12020	Quad4	6411	8920	8901	6412	
12021	Quad4	6410	8939	8920	6411	
12022	Quad4	6409	8958	8939	6410	
12023	Quad4	6408	8977	8958	6409	
12024	Quad4	6407	8996	8977	6408	
12025	Quad4	6406	9015	8996	6407	
12026	Quad4	6405	9034	9015	6406	
12027	Quad4	6404	9053	9034	6405	
12028	Quad4	6403	9072	9053	6404	
12029	Quad4	6402	9091	9072	6403	
12030	Quad4	6401	9110	9091	6402	
12031	Quad4	6400	9129	9110	6401	
12032	Quad4	6399	9148	9129	6400	
12033	Quad4	6398	9167	9148	6399	
12034	Quad4	6397	9186	9167	6398	
12035	Quad4	6396	9205	9186	6397	
12036	Quad4	6395	9224	9205	6396	
12037	Quad4	6394	9243	9224	6395	
12038	Quad4	6393	9262	9243	6394	
12039	Quad4	6392	9281	9262	6393	
12040	Quad4	6391	9300	9281	6392	
12041	Quad4	6390	9319	9300	6391	
12042	Quad4	6389	9338	9319	6390	
12043	Quad4	6388	9357	9338	6389	
12044	Quad4	6387	9376	9357	6388	
12045	Quad4	6386	9395	9376	6387	
12046	Quad4	6385	9414	9395	6386	
12047	Quad4	6384	9433	9414	6385	
12048	Quad4	6383	9452	9433	6384	
12049	Quad4	6382	9471	9452	6383	
12050	Quad4	6381	9490	9471	6382	
12051	Quad4	6380	9509	9490	6381	
12052	Quad4	6379	9528	9509	6380	
12053	Quad4	6378	9547	9528	6379	
12054	Quad4	6377	9566	9547	6378	
12055	Quad4	6376	9585	9566	6377	
12056	Quad4	6375	9604	9585	6376	
12057	Quad4	6374	9623	9604	6375	
12058	Quad4	6373	9642	9623	6374	
12059	Quad4	6372	9661	9642	6373	
12060	Quad4	15	9817	9661	6372	
12061	Quad4	7419	7420	9819	9818	
12062	Quad4	7438	7439	7420	7419	
12063	Quad4	7457	7458	7439	7438	
12064	Quad4	7476	7477	7458	7457	
12065	Quad4	7495	7496	7477	7476	
12066	Quad4	7514	7515	7496	7495	
12067	Quad4	7533	7534	7515	7514	
12068	Quad4	7552	7553	7534	7533	
12069	Quad4	7571	7572	7553	7552	
12070	Quad4	7590	7591	7572	7571	
12071	Quad4	7609	7610	7591	7590	
12072	Quad4	7628	7629	7610	7609	
12073	Quad4	7647	7648	7629	7628	
12074	Quad4	7666	7667	7648	7647	
12075	Quad4	7685	7686	7667	7666	
12076	Quad4	7704	7705	7686	7685	
12077	Quad4	7723	7724	7705	7704	
12078	Quad4	7742	7743	7724	7723	
12079	Quad4	7761	7762	7743	7742	
12080	Quad4	7780	7781	7762	7761	
12081	Quad4	7799	7800	7781	7780	
12082	Quad4	7818	7819	7800	7799	
12083	Quad4	7837	7838	7819	7818	
12084	Quad4	7856	7857	7838	7837	
12085	Quad4	7875	7876	7857	7856	
12086	Quad4	7894	7895	7876	7875	
12087	Quad4	7913	7914	7895	7894	
12088	Quad4	7932	7933	7914	7913	
12089	Quad4	7951	7952	7933	7932	
12090	Quad4	7970	7971	7952	7951	
12091	Quad4	7989	7990	7971	7970	
12092	Quad4	8008	8009	7990	7989	
12093	Quad4	8027	8028	8009	8008	
12094	Quad4	8046	8047	8028	8027	
12095	Quad4	8065	8066	8047	8046	
12096	Quad4	8084	8085	8066	8065	
12097	Quad4	8103	8104	8085	8084	
12098	Quad4	8122	8123	8104	8103	
12099	Quad4	8141	8142	8123	8122	
12100	Quad4	8160	8161	8142	8141	
12101	Quad4	8179	8180	8161	8160	
12102	Quad4	8198	8199	8180	8179	
12103	Quad4	8217	8218	8199	8198	
12104	Quad4	8236	8237	8218	8217	
12105	Quad4	8255	8256	8237	8236	
12106	Quad4	8274	8275	8256	8255	
12107	Quad4	8293	8294	8275	8274	
12108	Quad4	8312	8313	8294	8293	
12109	Quad4	8331	8332	8313	8312	
12110	Quad4	8350	8351	8332	8331	
12111	Quad4	8369	8370	8351	8350	
12112	Quad4	8388	8389	8370	8369	
12113	Quad4	8407	8408	8389	8388	
12114	Quad4	8426	8427	8408	8407	
12115	Quad4	8445	8446	8427	8426	
12116	Quad4	8464	8465	8446	8445	
12117	Quad4	8483	8484	8465	8464	
12118	Quad4	8502	8503	8484	8483	
12119	Quad4	8521	8522	8503	8502	
12120	Quad4	8540	8541	8522	8521	
12121	Quad4	8559	8560	8541	8540	
12122	Quad4	8578	8579	8560	8559	
12123	Quad4	8597	8598	8579	8578	
12124	Quad4	8616	8617	8598	8597	
12125	Quad4	8635	8636	8617	8616	
12126	Quad4	8654	8655	8636	8635	
12127	Quad4	8673	8674	8655	8654	
12128	Quad4	8692	8693	8674	8673	
12129	Quad4	8711	8712	8693	8692	
12130	Quad4	8730	8731	8712	8711	
12131	Quad4	8749	8750	8731	8730	
12132	Quad4	8768	8769	8750	8749	
12133	Quad4	8787	8788	8769	8768	
12134	Quad4	8806	8807	8788	8787	
12135	Quad4	8825	8826	8807	8806	
12136	Quad4	8844	8845	8826	8825	
12137	Quad4	8863	8864	8845	8844	
12138	Quad4	8882	8883	8864	8863	
12139	Quad4	8901	8902	8883	8882	
12140	Quad4	8920	8921	8902	8901	
12141	Quad4	8939	8940	8921	8920	
12142	Quad4	8958	8959	8940	8939	
12143	Quad4	8977	8978	8959	8958	
12144	Quad4	8996	8997	8978	8977	
12145	Quad4	9015	9016	8997	8996	
12146	Quad4	9034	9035	9016	9015	
12147	Quad4	9053	9054	9035	9034	
12148	Quad4	9072	9073	9054	9053	
12149	Quad4	9091	9092	9073	9072	
12150	Quad4	9110	9111	9092	9091	
12151	Quad4	9129	9130	9111	9110	
12152	Quad4	9148	9149	9130	9129	
12153	Quad4	9167	9168	9149	9148	
12154	Quad4	9186	9187	9168	9167	
12155	Quad4	9205	9206	9187	9186	
12156	Quad4	9224	9225	9206	9205	
12157	Quad4	9243	9244	9225	9224	
12158	Quad4	9262	9263	9244	9243	
12159	Quad4	9281	9282	9263	9262	
12160	Quad4	9300	9301	9282	9281	
12161	Quad4	9319	9320	9301	9300	
12162	Quad4	9338	9339	9320	9319	
12163	Quad4	9357	9358	9339	9338	
12164	Quad4	9376	9377	9358	9357	
12165	Quad4	9395	9396	9377	9376	
12166	Quad4	9414	9415	9396	9395	
12167	Quad4	9433	9434	9415	9414	
12168	Quad4	9452	9453	9434	9433	
12169	Quad4	9471	9472	9453	9452	
12170	Quad4	9490	9491	9472	9471	
12171	Quad4	9509	9510	9491	9490	
12172	Quad4	9528	9529	9510	9509	
12173	Quad4	9547	9548	9529	9528	
12174	Quad4	9566	9567	9548	9547	
12175	Quad4	9585	9586	9567	9566	
12176	Quad4	9604	9605	9586	9585	
12177	Quad4	9623	9624	9605	9604	
12178	Quad4	9642	9643	9624	9623	
12179	Quad4	9661	9662	9643	9642	
12180	Quad4	9817	9816	9662	9661	
12181	Quad4	7420	7421	9820	9819	
12182	Quad4	7439	7440	7421	7420	
12183	Quad4	7458	7459	7440	7439	
12184	Quad4	7477	7478	7459	7458	
12185	Quad4	7496	7497	7478	7477	
12186	Quad4	7515	7516	7497	7496	
12187	Quad4	7534	7535	7516	7515	
12188	Quad4	7553	7554	7535	7534	
12189	Quad4	7572	7573	7554	7553	
12190	Quad4	7591	7592	7573	7572	
12191	Quad4	7610	7611	7592	7591	
12192	Quad4	7629	7630	7611	7610	
12193	Quad4	7648	7649	7630	7629	
12194	Quad4	7667	7668	7649	7648	
12195	Quad4	7686	7687	7668	7667	
12196	Quad4	7705	7706	7687	7686	
12197	Quad4	7724	7725	7706	7705	
12198	Quad4	7743	7744	7725	7724	
12199	Quad4	7762	7763	7744	7743	
12200	Quad4	7781	7782	7763	7762	
12201	Quad4	7800	7801	7782	7781	
12202	Quad4	7819	7820	7801	7800	
12203	Quad4	7838	7839	7820	7819	
12204	Quad4	7857	7858	7839	7838	
12205	Quad4	7876	7877	7858	7857	
12206	Quad4	7895	7896	7877	7876	
12207	Quad4	7914	7915	7896	7895	
12208	Quad4	7933	7934	7915	7914	
12209	Quad4	7952	7953	7934	7933	
12210	Quad4	7971	7972	7953	7952	
12211	Quad4	7990	7991	7972	7971	
12212	Quad4	8009	8010	7991	7990	
12213	Quad4	8028	8029	8010	8009	
12214	Quad4	8047	8048	8029	8028	
12215	Quad4	8066	8067	8048	8047	
12216	Quad4	8085	8086	8067	8066	
12217	Quad4	8104	8105	8086	8085	
12218	Quad4	8123	8124	8105	8104	
12219	Quad4	8142	8143	8124	8123	
12220	Quad4	8161	8162	8143	8142	
12221	Quad4	8180	8181	8162	8161	
12222	Quad4	8199	8200	8181	8180	
12223	Quad4	8218	8219	8200	8199	
12224	Quad4	8237	8238	8219	8218	
12225	Quad4	8256	8257	8238	8237	
12226	Quad4	8275	8276	8257	8256	
12227	Quad4	8294	8295	8276	8275	
12228	Quad4	8313	8314	8295	8294	
12229	Quad4	8332	8333	8314	8313	
12230	Quad4	8351	8352	8333	8332	
12231	Quad4	8370	8371	8352	8351	
12232	Quad4	8389	8390	8371	8370	
12233	Quad4	8408	8409	8390	8389	
12234	Quad4	8427	8428	8409	8408	
12235	Quad4	8446	8447	8428	8427	
12236	Quad4	8465	8466	8447	8446	
12237	Quad4	8484	8485	8466	8465	
12238	Quad4	8503	8504	8485	8484	
12239	Quad4	8522	8523	8504	8503	
12240	Quad4	8541	8542	8523	8522	
12241	Quad4	8560	8561	8542	8541	
12242	Quad4	8579	8580	8561	8560	
12243	Quad4	8598	8599	8580	8579	
12244	Quad4	8617	8618	8599	8598	
12245	Quad4	8636	8637	8618	8617	
12246	Quad4	8655	8656	8637	8636	
12247	Quad4	8674	8675	8656	8655	
12248	Quad4	8693	8694	8675	8674	
12249	Quad4	8712	8713	8694	8693	
12250	Quad4	8731	8732	8713	8712	
12251	Quad4	8750	8751	8732	8731	
12252	Quad4	8769	8770	8751	8750	
12253	Quad4	8788	8789	8770	8769	
12254	Quad4	8807	8808	8789	8788	
12255	Quad4	8826	8827	8808	8807	
12256	Quad4	8845	8846	8827	8826	
12257	Quad4	8864	8865	8846	8845	
12258	Quad4	8883	8884	8865	8864	
12259	Quad4	8902	8903	8884	8883	
12260	Quad4	8921	8922	8903	8902	
12261	Quad4	8940	8941	8922	8921	
12262	Quad4	8959	8960	8941	8940	
12263	Quad4	8978	8979	8960	8959	
12264	Quad4	8997	8998	8979	8978	
12265	Quad4	9016	9017	8998	8997	
12266	Quad4	9035	9036	9017	9016	
12267	Quad4	9054	9055	9036	9035	
12268	Quad4	9073	9074	9055	9054	
12269	Quad4	9092	9093	9074	9073	
12270	Quad4	9111	9112	9093	9092	
12271	Quad4	9130	9131	9112	9111	
12272	Quad4	9149	9150	9131	9130	
12273	Quad4	9168	9169	9150	9149	
12274	Quad4	9187	9188	9169	9168	
12275	Quad4	9206	9207	9188	9187	
12276	Quad4	9225	9226	9207	9206	
12277	Quad4	9244	9245	9226	9225	
12278	Quad4	9263	9264	9245	9244	
12279	Quad4	9282	9283	9264	9263	
12280	Quad4	9301	9302	9283	9282	
12281	Quad4	9320	9321	9302	9301	
12282	Quad4	9339	9340	9321	9320	
12283	Quad4	9358	9359	9340	9339	
12284	Quad4	9377	9378	9359	9358	
12285	Quad4	9396	9397	9378	9377	
12286	Quad4	9415	9416	9397	9396	
12287	Quad4	9434	9435	9416	9415	
12288	Quad4	9453	9454	9435	9434	
12289	Quad4	9472	9473	9454	9453	
12290	Quad4	9491	9492	9473	9472	
12291	Quad4	9510	9511	9492	9491	
12292	Quad4	9529	9530	9511	9510	
12293	Quad4	9548	9549	9530	9529	
12294	Quad4	9567	9568	9549	9548	
12295	Quad4	9586	9587	9568	9567	
12296	Quad4	9605	9606	9587	9586	
12297	Quad4	9624	9625	9606	9605	
12298	Quad4	9643	9644	9625	9624	
12299	Quad4	9662	9663	9644	9643	
12300	Quad4	9816	9815	9663	9662	
12301	Quad4	7421	7422	9821	9820	
12302	Quad4	7440	7441	7422	7421	
12303	Quad4	7459	7460	7441	7440	
12304	Quad4	7478	7479	7460	7459	
12305	Quad4	7497	7498	7479	7478	
12306	Quad4	7516	7517	7498	7497	
12307	Quad4	7535	7536	7517	7516	
12308	Quad4	7554	7555	7536	7535	
12309	Quad4	7573	7574	7555	7554	
12310	Quad4	7592	7593	7574	7573	
12311	Quad4	7611	7612	7593	7592	
12312	Quad4	7630	7631	7612	7611	
12313	Quad4	7649	7650	7631	7630	
12314	Quad4	7668	7669	7650	7649	
12315	Quad4	7687	7688	7669	7668	
12316	Quad4	7706	7707	7688	7687	
12317	Quad4	7725	7726	7707	7706	
12318	Quad4	7744	7745	7726	7725	
12319	Quad4	7763	7764	7745	7744	
12320	Quad4	7782	7783	7764	7763	
12321	Quad4	7801	7802	7783	7782	
12322	Quad4	7820	7821	7802	7801	
12323	Quad4	7839	7840	7821	7820	
12324	Quad4	7858	7859	7840	7839	
12325	Quad4	7877	7878	7859	7858	
12326	Quad4	7896	7897	7878	7877	
12327	Quad4	7915	7916	7897	7896	
12328	Quad4	7934	7935	7916	7915	
12329	Quad4	7953	7954	7935	7934	
12330	Quad4	7972	7973	7954	7953	
12331	Quad4	7991	7992	7973	7972	
12332	Quad4	8010	8011	7992	7991	
12333	Quad4	8029	8030	8011	8010	
12334	Quad4	8048	8049	8030	8029	
12335	Quad4	8067	8068	8049	8048	
12336	Quad4	8086	8087	8068	8067	
12337	Quad4	8105	8106	8087	8086	
12338	Quad4	8124	8125	8106	8105	
12339	Quad4	8143	8144	8125	8124	
12340	Quad4	8162	8163	8144	8143	
12341	Quad4	8181	8182	8163	8162	
12342	Quad4	8200	8201	8182	8181	
12343	Quad4	8219	8220	8201	8200	
12344	Quad4	8238	8239	8220	8219	
12345	Quad4	8257	8258	8239	8238	
12346	Quad4	8276	8277	8258	8257	
12347	Quad4	8295	8296	8277	8276	
12348	Quad4	8314	8315	8296	8295	
12349	Quad4	8333	8334	8315	8314	
12350	Quad4	8352	8353	8334	8333	
12351	Quad4	8371	8372	8353	8352	
12352	Quad4	8390	8391	8372	8371	
12353	Quad4	8409	8410	8391	8390	
12354	Quad4	8428	8429	8410	8409	
12355	Quad4	8447	8448	8429	8428	
12356	Quad4	8466	8467	8448	8447	
12357	Quad4	8485	8486	8467	8466	
12358	Quad4	8504	8505	8486	8485	
12359	Quad4	8523	8524	8505	8504	
12360	Quad4	8542	8543	8524	8523	
12361	Quad4	8561	8562	8543	8542	
12362	Quad4	8580	8581	8562	8561	
12363	Quad4	8599	8600	8581	8580	
12364	Quad4	8618	8619	8600	8599	
12365	Quad4	8637	8638	8619	8618	
12366	Quad4	8656	8657	8638	8637	
12367	Quad4	8675	8676	8657	8656	
12368	Quad4	8694	8695	8676	8675	
12369	Quad4	8713	8714	8695	8694	
12370	Quad4	8732	8733	8714	8713	
12371	Quad4	8751	8752	8733	8732	
12372	Quad4	8770	8771	8752	8751	
12373	Quad4	8789	8790	8771	8770	
12374	Quad4	8808	8809	8790	8789	
12375	Quad4	8827	8828	8809	8808	
12376	Quad4	8846	8847	8828	8827	
12377	Quad4	8865	8866	8847	8846	
12378	Quad4	8884	8885	8866	8865	
12379	Quad4	8903	8904	8885	8884	
12380	Quad4	8922	8923	8904	8903	
12381	Quad4	8941	8942	8923	8922	
12382	Quad4	8960	8961	8942	8941	
12383	Quad4	8979	8980	8961	8960	
12384	Quad4	8998	8999	8980	8979	
12385	Quad4	9017	9018	8999	8998	
12386	Quad4	9036	9037	9018	9017	
12387	Quad4	9055	9056	9037	9036	
12388	Quad4	9074	9075	9056	9055	
12389	Quad4	9093	9094	9075	9074	
12390	Quad4	9112	9113	9094	9093	
12391	Quad4	9131	9132	9113	9112	
12392	Quad4	9150	9151	9132	9131	
12393	Quad4	9169	9170	9151	9150	
12394	Quad4	9188	9189	9170	9169	
12395	Quad4	9207	9208	9189	9188	
12396	Quad4	9226	9227	9208	9207	
12397	Quad4	9245	9246	9227	9226	
12398	Quad4	9264	9265	9246	9245	
12399	Quad4	9283	9284	9265	9264	
12400	Quad4	9302	9303	9284	9283	
12401	Quad4	9321	9322	9303	9302	
12402	Quad4	9340	9341	9322	9321	
12403	Quad4	9359	9360	9341	9340	
12404	Quad4	9378	9379	9360	9359	
12405	Quad4	9397	9398	9379	9378	
12406	Quad4	9416	9417	9398	9397	
12407	Quad4	9435	9436	9417	9416	
12408	Quad4	9454	9455	9436	9435	
12409	Quad4	9473	9474	9455	9454	
12410	Quad4	9492	9493	9474	9473	
12411	Quad4	9511	9512	9493	9492	
12412	Quad4	9530	9531	9512	9511	
12413	Quad4	9549	9550	9531	9530	
12414	Quad4	9568	9569	9550	9549	
12415	Quad4	9587	9588	9569	9568	
12416	Quad4	9606	9607	9588	9587	
12417	Quad4	9625	9626	9607	9606	
12418	Quad4	9644	9645	9626	9625	
12419	Quad4	9663	9664	9645	9644	
12420	Quad4	9815	9814	9664	9663	
12421	Quad4	7422	7423	9822	9821	
12422	Quad4	7441	7442	7423	7422	
12423	Quad4	7460	7461	7442	7441	
12424	Quad4	7479	7480	7461	7460	
12425	Quad4	7498	7499	7480	7479	
12426	Quad4	7517	7518	7499	7498	
12427	Quad4	7536	7537	7518	7517	
12428	Quad4	7555	7556	7537	7536	
12429	Quad4	7574	7575	7556	7555	
12430	Quad4	7593	7594	7575	7574	
12431	Quad4	7612	7613	7594	7593	
12432	Quad4	7631	7632	7613	7612	
12433	Quad4	7650	7651	7632	7631	
12434	Quad4	7669	7670	7651	7650	
12435	Quad4	7688	7689	7670	7669	
12436	Quad4	7707	7708	7689	7688	
12437	Quad4	7726	7727	7708	7707	
12438	Quad4	7745	7746	7727	7726	
12439	Quad4	7764	7765	7746	7745	
12440	Quad4	7783	7784	7765	7764	
12441	Quad4	7802	7803	7784	7783	
12442	Quad4	7821	7822	7803	7802	
12443	Quad4	7840	7841	7822	7821	
12444	Quad4	7859	7860	7841	7840	
12445	Quad4	7878	7879	7860	7859	
12446	Quad4	7897	7898	7879	7878	
12447	Quad4	7916	7917	7898	7897	
12448	Quad4	7935	7936	7917	7916	
12449	Quad4	7954	7955	7936	7935	
12450	Quad4	7973	7974	7955	7954	
12451	Quad4	7992	7993	7974	7973	
12452	Quad4	8011	8012	7993	7992	
12453	Quad4	8030	8031	8012	8011	
12454	Quad4	8049	8050	8031	8030	
12455	Quad4	8068	8069	8050	8049	
12456	Quad4	8087	8088	8069	8068	
12457	Quad4	8106	8107	8088	8087	
12458	Quad4	8125	8126	8107	8106	
12459	Quad4	8144	8145	8126	8125	
12460	Quad4	8163	8164	8145	8144	
12461	Quad4	8182	8183	8164	8163	
12462	Quad4	8201	8202	8183	8182	
12463	Quad4	8220	8221	8202	8201	
12464	Quad4	8239	8240	8221	8220	
12465	Quad4	8258	8259	8240	8239	
12466	Quad4	8277	8278	8259	8258	
12467	Quad4	8296	8297	8278	8277	
12468	Quad4	8315	8316	8297	8296	
12469	Quad4	8334	8335	8316	8315	
12470	Quad4	8353	8354	8335	8334	
12471	Quad4	8372	8373	8354	8353	
12472	Quad4	8391	8392	8373	8372	
12473	Quad4	8410	8411	8392	8391	
12474	Quad4	8429	8430	8411	8410	
12475	Quad4	8448	8449	8430	8429	
12476	Quad4	8467	8468	8449	8448	
12477	Quad4	8486	8487	8468	8467	
12478	Quad4	8505	8506	8487	8486	
12479	Quad4	8524	8525	8506	8505	
12480	Quad4	8543	8544	8525	8524	
12481	Quad4	8562	8563	8544	8543	
12482	Quad4	8581	8582	8563	8562	
12483	Quad4	8600	8601	8582	8581	
12484	Quad4	8619	8620	8601	8600	
12485	Quad4	8638	8639	8620	8619	
12486	Quad4	8657	8658	8639	8638	
12487	Quad4	8676	8677	8658	8657	
12488	Quad4	8695	8696	8677	8676	
12489	Quad4	8714	8715	8696	8695	
12490	Quad4	8733	8734	8715	8714	
12491	Quad4	8752	8753	8734	8733	
12492	Quad4	8771	8772	8753	8752	
12493	Quad4	8790	8791	8772	8771	
12494	Quad4	8809	8810	8791	8790	
12495	Quad4	8828	8829	8810	8809	
12496	Quad4	8847	8848	8829	8828	
12497	Quad4	8866	8867	8848	8847	
12498	Quad4	8885	8886	8867	8866	
12499	Quad4	8904	8905	8886	8885	
12500	Quad4	8923	8924	8905	8904	
12501	Quad4	8942	8943	8924	8923	
12502	Quad4	8961	8962	8943	8942	
12503	Quad4	8980	8981	8962	8961	
12504	Quad4	8999	9000	8981	8980	
12505	Quad4	9018	9019	9000	8999	
12506	Quad4	9037	9038	9019	9018	
12507	Quad4	9056	9057	9038	9037	
12508	Quad4	9075	9076	9057	9056	
12509	Quad4	9094	9095	9076	9075	
12510	Quad4	9113	9114	9095	9094	
12511	Quad4	9132	9133	9114	9113	
12512	Quad4	9151	9152	9133	9132	
12513	Quad4	9170	9171	9152	9151	
12514	Quad4	9189	9190	9171	9170	
12515	Quad4	9208	9209	9190	9189	
12516	Quad4	9227	9228	9209	9208	
12517	Quad4	9246	9247	9228	9227	
12518	Quad4	9265	9266	9247	9246	
12519	Quad4	9284	9285	9266	9265	
12520	Quad4	9303	9304	9285	9284	
12521	Quad4	9322	9323	9304	9303	
12522	Quad4	9341	9342	9323	9322	
12523	Quad4	9360	9361	9342	9341	
12524	Quad4	9379	9380	9361	9360	
12525	Quad4	9398	9399	9380	9379	
12526	Quad4	9417	9418	9399	9398	
12527	Quad4	9436	9437	9418	9417	
12528	Quad4	9455	9456	9437	9436	
12529	Quad4	9474	9475	9456	9455	
12530	Quad4	9493	9494	9475	9474	
12531	Quad4	9512	9513	9494	9493	
12532	Quad4	9531	9532	9513	9512	
12533	Quad4	9550	9551	9532	9531	
12534	Quad4	9569	9570	9551	9550	
12535	Quad4	9588	9589	9570	9569	
12536	Quad4	9607	9608	9589	9588	
12537	Quad4	9626	9627	9608	9607	
12538	Quad4	9645	9646	9627	9626	
12539	Quad4	9664	9665	9646	9645	
12540	Quad4	9814	9813	9665	9664	
12541	Quad4	7423	7424	9823	9822	
12542	Quad4	7442	7443	7424	7423	
12543	Quad4	7461	7462	7443	7442	
12544	Quad4	7480	7481	7462	7461	
12545	Quad4	7499	7500	7481	7480	
12546	Quad4	7518	7519	7500	7499	
12547	Quad4	7537	7538	7519	7518	
12548	Quad4	7556	7557	7538	7537	
12549	Quad4	7575	7576	7557	7556	
12550	Quad4	7594	7595	7576	7575	
12551	Quad4	7613	7614	7595	7594	
12552	Quad4	7632	7633	7614	7613	
12553	Quad4	7651	7652	7633	7632	
12554	Quad4	7670	7671	7652	7651	
12555	Quad4	7689	7690	7671	7670	
12556	Quad4	7708	7709	7690	7689	
12557	Quad4	7727	7728	7709	7708	
12558	Quad4	7746	7747	7728	7727	
12559	Quad4	7765	7766	7747	7746	
12560	Quad4	7784	7785	7766	7765	
12561	Quad4	7803	7804	7785	7784	
12562	Quad4	7822	7823	7804	7803	
12563	Quad4	7841	7842	7823	7822	
12564	Quad4	7860	7861	7842	7841	
12565	Quad4	7879	7880	7861	7860	
12566	Quad4	7898	7899	7880	7879	
12567	Quad4	7917	7918	7899	7898	
12568	Quad4	7936	7937	7918	7917	
12569	Quad4	7955	7956	7937	7936	
12570	Quad4	7974	7975	7956	7955	
12571	Quad4	7993	7994	7975	7974	
12572	Quad4	8012	8013	7994	7993	
12573	Quad4	8031	8032	8013	8012	
12574	Quad4	8050	8051	8032	8031	
12575	Quad4	8069	8070	8051	8050	
12576	Quad4	8088	8089	8070	8069	
12577	Quad4	8107	8108	8089	8088	
12578	Quad4	8126	8127	8108	8107	
12579	Quad4	8145	8146	8127	8126	
12580	Quad4	8164	8165	8146	8145	
12581	Quad4	8183	8184	8165	8164	
12582	Quad4	8202	8203	8184	8183	
12583	Quad4	8221	8222	8203	8202	
12584	Quad4	8240	8241	8222	8221	
12585	Quad4	8259	8260	8241	8240	
12586	Quad4	8278	8279	8260	8259	
12587	Quad4	8297	8298	8279	8278	
12588	Quad4	8316	8317	8298	8297	
12589	Quad4	8335	8336	8317	8316	
12590	Quad4	8354	8355	8336	8335	
12591	Quad4	8373	8374	8355	8354	
12592	Quad4	8392	8393	8374	8373	
12593	Quad4	8411	8412	8393	8392	
12594	Quad4	8430	8431	8412	8411	
12595	Quad4	8449	8450	8431	8430	
12596	Quad4	8468	8469	8450	8449	
12597	Quad4	8487	8488	8469	8468	
12598	Quad4	8506	8507	8488	8487	
12599	Quad4	8525	8526	8507	8506	
12600	Quad4	8544	8545	8526	8525	
12601	Quad4	8563	8564	8545	8544	
12602	Quad4	8582	8583	8564	8563	
12603	Quad4	8601	8602	8583	8582	
12604	Quad4	8620	8621	8602	8601	
12605	Quad4	8639	8640	8621	8620	
12606	Quad4	8658	8659	8640	8639	
12607	Quad4	8677	8678	8659	8658	
12608	Quad4	8696	8697	8678	8677	
12609	Quad4	8715	8716	8697	8696	
12610	Quad4	8734	8735	8716	8715	
12611	Quad4	8753	8754	8735	8734	
12612	Quad4	8772	8773	8754	8753	
12613	Quad4	8791	8792	8773	8772	
12614	Quad4	8810	8811	8792	8791	
12615	Quad4	8829	8830	8811	8810	
12616	Quad4	8848	8849	8830	8829	
12617	Quad4	8867	8868	8849	8848	
12618	Quad4	8886	8887	8868	8867	
12619	Quad4	8905	8906	8887	8886	
12620	Quad4	8924	8925	8906	8905	
12621	Quad4	8943	8944	8925	8924	
12622	Quad4	8962	8963	8944	8943	
12623	Quad4	8981	8982	8963	8962	
12624	Quad4	9000	9001	8982	8981	
12625	Quad4	9019	9020	9001	9000	
12626	Quad4	9038	9039	9020	9019	
12627	Quad4	9057	9058	9039	9038	
12628	Quad4	9076	9077	9058	9057	
12629	Quad4	9095	9096	9077	9076	
12630	Quad4	9114	9115	9096	9095	
12631	Quad4	9133	9134	9115	9114	
12632	Quad4	9152	9153	9134	9133	
12633	Quad4	9171	9172	9153	9152	
12634	Quad4	9190	9191	9172	9171	
12635	Quad4	9209	9210	9191	9190	
12636	Quad4	9228	9229	9210	9209	
12637	Quad4	9247	9248	9229	9228	
12638	Quad4	9266	9267	9248	9247	
12639	Quad4	9285	9286	9267	9266	
12640	Quad4	9304	9305	9286	9285	
12641	Quad4	9323	9324	9305	9304	
12642	Quad4	9342	9343	9324	9323	
12643	Quad4	9361	9362	9343	9342	
12644	Quad4	9380	9381	9362	9361	
12645	Quad4	9399	9400	9381	9380	
12646	Quad4	9418	9419	9400	9399	
12647	Quad4	9437	9438	9419	9418	
12648	Quad4	9456	9457	9438	9437	
12649	Quad4	9475	9476	9457	9456	
12650	Quad4	9494	9495	9476	9475	
12651	Quad4	9513	9514	9495	9494	
12652	Quad4	9532	9533	9514	9513	
12653	Quad4	9551	9552	9533	9532	
12654	Quad4	9570	9571	9552	9551	
12655	Quad4	9589	9590	9571	9570	
12656	Quad4	9608	9609	9590	9589	
12657	Quad4	9627	9628	9609	9608	
12658	Quad4	9646	9647	9628	9627	
12659	Quad4	9665	9666	9647	9646	
12660	Quad4	9813	9812	9666	9665	
12661	Quad4	7424	7425	9824	9823	
12662	Quad4	7443	7444	7425	7424	
12663	Quad4	7462	7463	7444	7443	
12664	Quad4	7481	7482	7463	7462	
12665	Quad4	7500	7501	7482	7481	
12666	Quad4	7519	7520	7501	7500	
12667	Quad4	7538	7539	7520	7519	
12668	Quad4	7557	7558	7539	7538	
12669	Quad4	7576	7577	7558	7557	
12670	Quad4	7595	7596	7577	7576	
12671	Quad4	7614	7615	7596	7595	
12672	Quad4	7633	7634	7615	7614	
12673	Quad4	7652	7653	7634	7633	
12674	Quad4	7671	7672	7653	7652	
12675	Quad4	7690	7691	7672	7671	
12676	Quad4	7709	7710	7691	7690	
12677	Quad4	7728	7729	7710	7709	
12678	Quad4	7747	7748	7729	7728	
12679	Quad4	7766	7767	7748	7747	
12680	Quad4	7785	7786	7767	7766	
12681	Quad4	7804	7805	7786	7785	
12682	Quad4	7823	7824	7805	7804	
12683	Quad4	7842	7843	7824	7823	
12684	Quad4	7861	7862	7843	7842	
12685	Quad4	7880	7881	7862	7861	
12686	Quad4	7899	7900	7881	7880	
12687	Quad4	7918	7919	7900	7899	
12688	Quad4	7937	7938	7919	7918	
12689	Quad4	7956	7957	7938	7937	
12690	Quad4	7975	7976	7957	7956	
12691	Quad4	7994	7995	7976	7975	
12692	Quad4	8013	8014	7995	7994	
12693	Quad4	8032	8033	8014	8013	
12694	Quad4	8051	8052	8033	8032	
12695	Quad4	8070	8071	8052	8051	
12696	Quad4	8089	8090	8071	8070	
12697	Quad4	8108	8109	8090	8089	
12698	Quad4	8127	8128	8109	8108	
12699	Quad4	8146	8147	8128	8127	
12700	Quad4	8165	8166	8147	8146	
12701	Quad4	8184	8185	8166	8165	
12702	Quad4	8203	8204	8185	8184	
12703	Quad4	8222	8223	8204	8203	
12704	Quad4	8241	8242	8223	8222	
12705	Quad4	8260	8261	8242	8241	
12706	Quad4	8279	8280	8261	8260	
12707	Quad4	8298	8299	8280	8279	
12708	Quad4	8317	8318	8299	8298	
12709	Quad4	8336	8337	8318	8317	
12710	Quad4	8355	8356	8337	8336	
12711	Quad4	8374	8375	8356	8355	
12712	Quad4	8393	8394	8375	8374	
12713	Quad4	8412	8413	8394	8393	
12714	Quad4	8431	8432	8413	8412	
12715	Quad4	8450	8451	8432	8431	
12716	Quad4	8469	8470	8451	8450	
12717	Quad4	8488	8489	8470	8469	
12718	Quad4	8507	8508	8489	8488	
12719	Quad4	8526	8527	8508	8507	
12720	Quad4	8545	8546	8527	8526	
12721	Quad4	8564	8565	8546	8545	
12722	Quad4	8583	8584	8565	8564	
12723	Quad4	8602	8603	8584	8583	
12724	Quad4	8621	8622	8603	8602	
12725	Quad4	8640	8641	8622	8621	
12726	Quad4	8659	8660	8641	8640	
12727	Quad4	8678	8679	8660	8659	
12728	Quad4	8697	8698	8679	8678	
12729	Quad4	8716	8717	8698	8697	
12730	Quad4	8735	8736	8717	8716	
12731	Quad4	8754	8755	8736	8735	
12732	Quad4	8773	8774	8755	8754	
12733	Quad4	8792	8793	8774	8773	
12734	Quad4	8811	8812	8793	8792	
12735	Quad4	8830	8831	8812	8811	
12736	Quad4	8849	8850	8831	8830	
12737	Quad4	8868	8869	8850	8849	
12738	Quad4	8887	8888	8869	8868	
12739	Quad4	8906	8907	8888	8887	
12740	Quad4	8925	8926	8907	8906	
12741	Quad4	8944	8945	8926	8925	
12742	Quad4	8963	8964	8945	8944	
12743	Quad4	8982	8983	8964	8963	
12744	Quad4	9001	9002	8983	8982	
12745	Quad4	9020	9021	9002	9001	
12746	Quad4	9039	9040	9021	9020	
12747	Quad4	9058	9059	9040	9039	
12748	Quad4	9077	9078	9059	9058	
12749	Quad4	9096	9097	9078	9077	
12750	Quad4	9115	9116	9097	9096	
12751	Quad4	9134	9135	9116	9115	
12752	Quad4	9153	9154	9135	9134	
12753	Quad4	9172	9173	9154	9153	
12754	Quad4	9191	9192	9173	9172	
12755	Quad4	9210	9211	9192	9191	
12756	Quad4	9229	9230	9211	9210	
12757	Quad4	9248	9249	9230	9229	
12758	Quad4	9267	9268	9249	9248	
12759	Quad4	9286	9287	9268	9267	
12760	Quad4	9305	9306	9287	9286	
12761	Quad4	9324	9325	9306	9305	
12762	Quad4	9343	9344	9325	9324	
12763	Quad4	9362	9363	9344	9343	
12764	Quad4	9381	9382	9363	9362	
12765	Quad4	9400	9401	9382	9381	
12766	Quad4	9419	9420	9401	9400	
12767	Quad4	9438	9439	9420	9419	
12768	Quad4	9457	9458	9439	9438	
12769	Quad4	9476	9477	9458	9457	
12770	Quad4	9495	9496	9477	9476	
12771	Quad4	9514	9515	9496	9495	
12772	Quad4	9533	9534	9515	9514	
12773	Quad4	9552	9553	9534	9533	
12774	Quad4	9571	9572	9553	9552	
12775	Quad4	9590	9591	9572	9571	
12776	Quad4	9609	9610	9591	9590	
12777	Quad4	9628	9629	9610	9609	
12778	Quad4	9647	9648	9629	9628	
12779	Quad4	9666	9667	9648	9647	
12780	Quad4	9812	9811	9667	9666	
12781	Quad4	7425	7426	9825	9824	
12782	Quad4	7444	7445	7426	7425	
12783	Quad4	7463	7464	7445	7444	
12784	Quad4	7482	7483	7464	7463	
12785	Quad4	7501	7502	7483	7482	
12786	Quad4	7520	7521	7502	7501	
12787	Quad4	7539	7540	7521	7520	
12788	Quad4	7558	7559	7540	7539	
12789	Quad4	7577	7578	7559	7558	
12790	Quad4	7596	7597	7578	7577	
12791	Quad4	7615	7616	7597	7596	
12792	Quad4	7634	7635	7616	7615	
12793	Quad4	7653	7654	7635	7634	
12794	Quad4	7672	7673	7654	7653	
12795	Quad4	7691	7692	7673	7672	
12796	Quad4	7710	7711	7692	7691	
12797	Quad4	7729	7730	7711	7710	
12798	Quad4	7748	7749	7730	7729	
12799	Quad4	7767	7768	7749	7748	
12800	Quad4	7786	7787	7768	7767	
12801	Quad4	7805	7806	7787	7786	
12802	Quad4	7824	7825	7806	7805	
12803	Quad4	7843	7844	7825	7824	
12804	Quad4	7862	7863	7844	7843	
12805	Quad4	7881	7882	7863	7862	
12806	Quad4	7900	7901	7882	7881	
12807	Quad4	7919	7920	7901	7900	
12808	Quad4	7938	7939	7920	7919	
12809	Quad4	7957	7958	7939	7938	
12810	Quad4	7976	7977	7958	7957	
12811	Quad4	7995	7996	7977	7976	
12812	Quad4	8014	8015	7996	7995	
12813	Quad4	8033	8034	8015	8014	
12814	Quad4	8052	8053	8034	8033	
12815	Quad4	8071	8072	8053	8052	
12816	Quad4	8090	8091	8072	8071	
12817	Quad4	8109	8110	8091	8090	
12818	Quad4	8128	8129	8110	8109	
12819	Quad4	8147	8148	8129	8128	
12820	Quad4	8166	8167	8148	8147	
12821	Quad4	8185	8186	8167	8166	
12822	Quad4	8204	8205	8186	8185	
12823	Quad4	8223	8224	8205	8204	
12824	Quad4	8242	8243	8224	8223	
12825	Quad4	8261	8262	8243	8242	
12826	Quad4	8280	8281	8262	8261	
12827	Quad4	8299	8300	8281	8280	
12828	Quad4	8318	8319	8300	8299	
12829	Quad4	8337	8338	8319	8318	
12830	Quad4	8356	8357	8338	8337	
12831	Quad4	8375	8376	8357	8356	
12832	Quad4	8394	8395	8376	8375	
12833	Quad4	8413	8414	8395	8394	
12834	Quad4	8432	8433	8414	8413	
12835	Quad4	8451	8452	8433	8432	
12836	Quad4	8470	8471	8452	8451	
12837	Quad4	8489	8490	8471	8470	
12838	Quad4	8508	8509	8490	8489	
12839	Quad4	8527	8528	8509	8508	
12840	Quad4	8546	8547	8528	8527	
12841	Quad4	8565	8566	8547	8546	
12842	Quad4	8584	8585	8566	8565	
12843	Quad4	8603	8604	8585	8584	
12844	Quad4	8622	8623	8604	8603	
12845	Quad4	8641	8642	8623	8622	
12846	Quad4	8660	8661	8642	8641	
12847	Quad4	8679	8680	8661	8660	
12848	Quad4	8698	8699	8680	8679	
12849	Quad4	8717	8718	8699	8698	
12850	Quad4	8736	8737	8718	8717	
12851	Quad4	8755	8756	8737	8736	
12852	Quad4	8774	8775	8756	8755	
12853	Quad4	8793	8794	8775	8774	
12854	Quad4	8812	8813	8794	8793	
12855	Quad4	8831	8832	8813	8812	
12856	Quad4	8850	8851	8832	8831	
12857	Quad4	8869	8870	8851	8850	
12858	Quad4	8888	8889	8870	8869	
12859	Quad4	8907	8908	8889	8888	
12860	Quad4	8926	8927	8908	8907	
12861	Quad4	8945	8946	8927	8926	
12862	Quad4	8964	8965	8946	8945	
12863	Quad4	8983	8984	8965	8964	
12864	Quad4	9002	9003	8984	8983	
12865	Quad4	9021	9022	9003	9002	
12866	Quad4	9040	9041	9022	9021	
12867	Quad4	9059	9060	9041	9040	
12868	Quad4	9078	9079	9060	9059	
12869	Quad4	9097	9098	9079	9078	
12870	Quad4	9116	9117	9098	9097	
12871	Quad4	9135	9136	9117	9116	
12872	Quad4	9154	9155	9136	9135	
12873	Quad4	9173	9174	9155	9154	
12874	Quad4	9192	9193	9174	9173	
12875	Quad4	9211	9212	9193	9192	
12876	Quad4	9230	9231	9212	9211	
12877	Quad4	9249	9250	9231	9230	
12878	Quad4	9268	9269	9250	9249	
12879	Quad4	9287	9288	9269	9268	
12880	Quad4	9306	9307	9288	9287	
12881	Quad4	9325	9326	9307	9306	
12882	Quad4	9344	9345	9326	9325	
12883	Quad4	9363	9364	9345	9344	
12884	Quad4	9382	9383	9364	9363	
12885	Quad4	9401	9402	9383	9382	
12886	Quad4	9420	9421	9402	9401	
12887	Quad4	9439	9440	9421	9420	
12888	Quad4	9458	9459	9440	9439	
12889	Quad4	9477	9478	9459	9458	
12890	Quad4	9496	9497	9478	9477	
12891	Quad4	9515	9516	9497	9496	
12892	Quad4	9534	9535	9516	9515	
12893	Quad4	9553	9554	9535	9534	
12894	Quad4	9572	9573	9554	9553	
12895	Quad4	9591	9592	9573	9572	
12896	Quad4	9610	9611	9592	9591	
12897	Quad4	9629	9630	9611	9610	
12898	Quad4	9648	9649	9630	9629	
12899	Quad4	9667	9668	9649	9648	
12900	Quad4	9811	9810	9668	9667	
12901	Quad4	7426	7427	9826	9825	
12902	Quad4	7445	7446	7427	7426	
12903	Quad4	7464	7465	7446	7445	
12904	Quad4	7483	7484	7465	7464	
12905	Quad4	7502	7503	7484	7483	
12906	Quad4	7521	7522	7503	7502	
12907	Quad4	7540	7541	7522	7521	
12908	Quad4	7559	7560	7541	7540	
12909	Quad4	7578	7579	7560	7559	
12910	Quad4	7597	7598	7579	7578	
12911	Quad4	7616	7617	7598	7597	
12912	Quad4	7635	7636	7617	7616	
12913	Quad4	7654	7655	7636	7635	
12914	Quad4	7673	7674	7655	7654	
12915	Quad4	7692	7693	7674	7673	
12916	Quad4	7711	7712	7693	7692	
12917	Quad4	7730	7731	7712	7711	
12918	Quad4	7749	7750	7731	7730	
12919	Quad4	7768	7769	7750	7749	
12920	Quad4	7787	7788	7769	7768	
12921	Quad4	7806	7807	7788	7787	
12922	Quad4	7825	7826	7807	7806	
12923	Quad4	7844	7845	7826	7825	
12924	Quad4	7863	7864	7845	7844	
12925	Quad4	7882	7883	7864	7863	
12926	Quad4	7901	7902	7883	7882	
12927	Quad4	7920	7921	7902	7901	
12928	Quad4	7939	7940	7921	7920	
12929	Quad4	7958	7959	7940	7939	
12930	Quad4	7977	7978	7959	7958	
12931	Quad4	7996	7997	7978	7977	
12932	Quad4	8015	8016	7997	7996	
12933	Quad4	8034	8035	8016	8015	
12934	Quad4	8053	8054	8035	8034	
12935	Quad4	8072	8073	8054	8053	
12936	Quad4	8091	8092	8073	8072	
12937	Quad4	8110	8111	8092	8091	
12938	Quad4	8129	8130	8111	8110	
12939	Quad4	8148	8149	8130	8129	
12940	Quad4	8167	8168	8149	8148	
12941	Quad4	8186	8187	8168	8167	
12942	Quad4	8205	8206	8187	8186	
12943	Quad4	8224	8225	8206	8205	
12944	Quad4	8243	8244	8225	8224	
12945	Quad4	8262	8263	8244	8243	
12946	Quad4	8281	8282	8263	8262	
12947	Quad4	8300	8301	8282	8281	
12948	Quad4	8319	8320	8301	8300	
12949	Quad4	8338	8339	8320	8319	
12950	Quad4	8357	8358	8339	8338	
12951	Quad4	8376	8377	8358	8357	
12952	Quad4	8395	8396	8377	8376	
12953	Quad4	8414	8415	8396	8395	
12954	Quad4	8433	8434	8415	8414	
12955	Quad4	8452	8453	8434	8433	
12956	Quad4	8471	8472	8453	8452	
12957	Quad4	8490	8491	8472	8471	
12958	Quad4	8509	8510	8491	8490	
12959	Quad4	8528	8529	8510	8509	
12960	Quad4	8547	8548	8529	8528	
12961	Quad4	8566	8567	8548	8547	
12962	Quad4	8585	8586	8567	8566	
12963	Quad4	8604	8605	8586	8585	
12964	Quad4	8623	8624	8605	8604	
12965	Quad4	8642	8643	8624	8623	
12966	Quad4	8661	8662	8643	8642	
12967	Quad4	8680	8681	8662	8661	
12968	Quad4	8699	8700	8681	8680	
12969	Quad4	8718	8719	8700	8699	
12970	Quad4	8737	8738	8719	8718	
12971	Quad4	8756	8757	8738	8737	
12972	Quad4	8775	8776	8757	8756	
12973	Quad4	8794	8795	8776	8775	
12974	Quad4	8813	8814	8795	8794	
12975	Quad4	8832	8833	8814	8813	
12976	Quad4	8851	8852	8833	8832	
12977	Quad4	8870	8871	8852	8851	
12978	Quad4	8889	8890	8871	8870	
12979	Quad4	8908	8909	8890	8889	
12980	Quad4	8927	8928	8909	8908	
12981	Quad4	8946	8947	8928	8927	
12982	Quad4	8965	8966	8947	8946	
12983	Quad4	8984	8985	8966	8965	
12984	Quad4	9003	9004	8985	8984	
12985	Quad4	9022	9023	9004	9003	
12986	Quad4	9041	9042	9023	9022	
12987	Quad4	9060	9061	9042	9041	
12988	Quad4	9079	9080	9061	9060	
12989	Quad4	9098	9099	9080	9079	
12990	Quad4	9117	9118	9099	9098	
12991	Quad4	9136	9137	9118	9117	
12992	Quad4	9155	9156	9137	9136	
12993	Quad4	9174	9175	9156	9155	
12994	Quad4	9193	9194	9175	9174	
12995	Quad4	9212	9213	9194	9193	
12996	Quad4	9231	9232	9213	9212	
12997	Quad4	9250	9251	9232	9231	
12998	Quad4	9269	9270	9251	9250	
12999	Quad4	9288	9289	9270	9269	
13000	Quad4	9307	9308	9289	9288	
13001	Quad4	9326	9327	9308	9307	
13002	Quad4	9345	9346	9327	9326	
13003	Quad4	9364	9365	9346	9345	
13004	Quad4	9383	9384	9365	9364	
13005	Quad4	9402	9403	9384	9383	
13006	Quad4	9421	9422	9403	9402	
13007	Quad4	9440	9441	9422	9421	
13008	Quad4	9459	9460	9441	9440	
13009	Quad4	9478	9479	9460	9459	
13010	Quad4	9497	9498	9479	9478	
13011	Quad4	9516	9517	9498	9497	
13012	Quad4	9535	9536	9517	9516	
13013	Quad4	9554	9555	9536	9535	
13014	Quad4	9573	9574	9555	9554	
13015	Quad4	9592	9593	9574	9573	
13016	Quad4	9611	9612	9593	9592	
13017	Quad4	9630	9631	9612	9611	
13018	Quad4	9649	9650	9631	9630	
13019	Quad4	9668	9669	9650	9649	
13020	Quad4	9810	9809	9669	9668	
13021	Quad4	7427	7428	9827	9826	
13022	Quad4	7446	7447	7428	7427	
13023	Quad4	7465	7466	7447	7446	
13024	Quad4	7484	7485	7466	7465	
13025	Quad4	7503	7504	7485	7484	
13026	Quad4	7522	7523	7504	7503	
13027	Quad4	7541	7542	7523	7522	
13028	Quad4	7560	7561	7542	7541	
13029	Quad4	7579	7580	7561	7560	
13030	Quad4	7598	7599	7580	7579	
13031	Quad4	7617	7618	7599	7598	
13032	Quad4	7636	7637	7618	7617	
13033	Quad4	7655	7656	7637	7636	
13034	Quad4	7674	7675	7656	7655	
13035	Quad4	7693	7694	7675	7674	
13036	Quad4	7712	7713	7694	7693	
13037	Quad4	7731	7732	7713	7712	
13038	Quad4	7750	7751	7732	7731	
13039	Quad4	7769	7770	7751	7750	
13040	Quad4	7788	7789	7770	7769	
13041	Quad4	7807	7808	7789	7788	
13042	Quad4	7826	7827	7808	7807	
13043	Quad4	7845	7846	7827	7826	
13044	Quad4	7864	7865	7846	7845	
13045	Quad4	7883	7884	7865	7864	
13046	Quad4	7902	7903	7884	7883	
13047	Quad4	7921	7922	7903	7902	
13048	Quad4	7940	7941	7922	7921	
13049	Quad4	7959	7960	7941	7940	
13050	Quad4	7978	7979	7960	7959	
13051	Quad4	7997	7998	7979	7978	
13052	Quad4	8016	8017	7998	7997	
13053	Quad4	8035	8036	8017	8016	
13054	Quad4	8054	8055	8036	8035	
13055	Quad4	8073	8074	8055	8054	
13056	Quad4	8092	8093	8074	8073	
13057	Quad4	8111	8112	8093	8092	
13058	Quad4	8130	8131	8112	8111	
13059	Quad4	8149	8150	8131	8130	
13060	Quad4	8168	8169	8150	8149	
13061	Quad4	8187	8188	8169	8168	
13062	Quad4	8206	8207	8188	8187	
13063	Quad4	8225	8226	8207	8206	
13064	Quad4	8244	8245	8226	8225	
13065	Quad4	8263	8264	8245	8244	
13066	Quad4	8282	8283	8264	8263	
13067	Quad4	8301	8302	8283	8282	
13068	Quad4	8320	8321	8302	8301	
13069	Quad4	8339	8340	8321	8320	
13070	Quad4	8358	8359	8340	8339	
13071	Quad4	8377	8378	8359	8358	
13072	Quad4	8396	8397	8378	8377	
13073	Quad4	8415	8416	8397	8396	
13074	Quad4	8434	8435	8416	8415	
13075	Quad4	8453	8454	8435	8434	
13076	Quad4	8472	8473	8454	8453	
13077	Quad4	8491	8492	8473	8472	
13078	Quad4	8510	8511	8492	8491	
13079	Quad4	8529	8530	8511	8510	
13080	Quad4	8548	8549	8530	8529	
13081	Quad4	8567	8568	8549	8548	
13082	Quad4	8586	8587	8568	8567	
13083	Quad4	8605	8606	8587	8586	
13084	Quad4	8624	8625	8606	8605	
13085	Quad4	8643	8644	8625	8624	
13086	Quad4	8662	8663	8644	8643	
13087	Quad4	8681	8682	8663	8662	
13088	Quad4	8700	8701	8682	8681	
13089	Quad4	8719	8720	8701	8700	
13090	Quad4	8738	8739	8720	8719	
13091	Quad4	8757	8758	8739	8738	
13092	Quad4	8776	8777	8758	8757	
13093	Quad4	8795	8796	8777	8776	
13094	Quad4	8814	8815	8796	8795	
13095	Quad4	8833	8834	8815	8814	
13096	Quad4	8852	8853	8834	8833	
13097	Quad4	8871	8872	8853	8852	
13098	Quad4	8890	8891	8872	8871	
13099	Quad4	8909	8910	8891	8890	
13100	Quad4	8928	8929	8910	8909	
13101	Quad4	8947	8948	8929	8928	
13102	Quad4	8966	8967	8948	8947	
13103	Quad4	8985	8986	8967	8966	
13104	Quad4	9004	9005	8986	8985	
13105	Quad4	9023	9024	9005	9004	
13106	Quad4	9042	9043	9024	9023	
13107	Quad4	9061	9062	9043	9042	
13108	Quad4	9080	9081	9062	9061	
13109	Quad4	9099	9100	9081	9080	
13110	Quad4	9118	9119	9100	9099	
13111	Quad4	9137	9138	9119	9118	
13112	Quad4	9156	9157	9138	9137	
13113	Quad4	9175	9176	9157	9156	
13114	Quad4	9194	9195	9176	9175	
13115	Quad4	9213	9214	9195	9194	
13116	Quad4	9232	9233	9214	9213	
13117	Quad4	9251	9252	9233	9232	
13118	Quad4	9270	9271	9252	9251	
13119	Quad4	9289	9290	9271	9270	
13120	Quad4	9308	9309	9290	9289	
13121	Quad4	9327	9328	9309	9308	
13122	Quad4	9346	9347	9328	9327	
13123	Quad4	9365	9366	9347	9346	
13124	Quad4	9384	9385	9366	9365	
13125	Quad4	9403	9404	9385	9384	
13126	Quad4	9422	9423	9404	9403	
13127	Quad4	9441	9442	9423	9422	
13128	Quad4	9460	9461	9442	9441	
13129	Quad4	9479	9480	9461	9460	
13130	Quad4	9498	9499	9480	9479	
13131	Quad4	9517	9518	9499	9498	
13132	Quad4	9536	9537	9518	9517	
13133	Quad4	9555	9556	9537	9536	
13134	Quad4	9574	9575	9556	9555	
13135	Quad4	9593	9594	9575	9574	
13136	Quad4	9612	9613	9594	9593	
13137	Quad4	9631	9632	9613	9612	
13138	Quad4	9650	9651	9632	9631	
13139	Quad4	9669	9670	9651	9650	
13140	Quad4	9809	9808	9670	9669	
13141	Quad4	7428	7429	9828	9827	
13142	Quad4	7447	7448	7429	7428	
13143	Quad4	7466	7467	7448	7447	
13144	Quad4	7485	7486	7467	7466	
13145	Quad4	7504	7505	7486	7485	
13146	Quad4	7523	7524	7505	7504	
13147	Quad4	7542	7543	7524	7523	
13148	Quad4	7561	7562	7543	7542	
13149	Quad4	7580	7581	7562	7561	
13150	Quad4	7599	7600	7581	7580	
13151	Quad4	7618	7619	7600	7599	
13152	Quad4	7637	7638	7619	7618	
13153	Quad4	7656	7657	7638	7637	
13154	Quad4	7675	7676	7657	7656	
13155	Quad4	7694	7695	7676	7675	
13156	Quad4	7713	7714	7695	7694	
13157	Quad4	7732	7733	7714	7713	
13158	Quad4	7751	7752	7733	7732	
13159	Quad4	7770	7771	7752	7751	
13160	Quad4	7789	7790	7771	7770	
13161	Quad4	7808	7809	7790	7789	
13162	Quad4	7827	7828	7809	7808	
13163	Quad4	7846	7847	7828	7827	
13164	Quad4	7865	7866	7847	7846	
13165	Quad4	7884	7885	7866	7865	
13166	Quad4	7903	7904	7885	7884	
13167	Quad4	7922	7923	7904	7903	
13168	Quad4	7941	7942	7923	7922	
13169	Quad4	7960	7961	7942	7941	
13170	Quad4	7979	7980	7961	7960	
13171	Quad4	7998	7999	7980	7979	
13172	Quad4	8017	8018	7999	7998	
13173	Quad4	8036	8037	8018	8017	
13174	Quad4	8055	8056	8037	8036	
13175	Quad4	8074	8075	8056	8055	
13176	Quad4	8093	8094	8075	8074	
13177	Quad4	8112	8113	8094	8093	
13178	Quad4	8131	8132	8113	8112	
13179	Quad4	8150	8151	8132	8131	
13180	Quad4	8169	8170	8151	8150	
13181	Quad4	8188	8189	8170	8169	
13182	Quad4	8207	8208	8189	8188	
13183	Quad4	8226	8227	8208	8207	
13184	Quad4	8245	8246	8227	8226	
13185	Quad4	8264	8265	8246	8245	
13186	Quad4	8283	8284	8265	8264	
13187	Quad4	8302	8303	8284	8283	
13188	Quad4	8321	8322	8303	8302	
13189	Quad4	8340	8341	8322	8321	
13190	Quad4	8359	8360	8341	8340	
13191	Quad4	8378	8379	8360	8359	
13192	Quad4	8397	8398	8379	8378	
13193	Quad4	8416	8417	8398	8397	
13194	Quad4	8435	8436	8417	8416	
13195	Quad4	8454	8455	8436	8435	
13196	Quad4	8473	8474	8455	8454	
13197	Quad4	8492	8493	8474	8473	
13198	Quad4	8511	8512	8493	8492	
13199	Quad4	8530	8531	8512	8511	
13200	Quad4	8549	8550	8531	8530	
13201	Quad4	8568	8569	8550	8549	
13202	Quad4	8587	8588	8569	8568	
13203	Quad4	8606	8607	8588	8587	
13204	Quad4	8625	8626	8607	8606	
13205	Quad4	8644	8645	8626	8625	
13206	Quad4	8663	8664	8645	8644	
13207	Quad4	8682	8683	8664	8663	
13208	Quad4	8701	8702	8683	8682	
13209	Quad4	8720	8721	8702	8701	
13210	Quad4	8739	8740	8721	8720	
13211	Quad4	8758	8759	8740	8739	
13212	Quad4	8777	8778	8759	8758	
13213	Quad4	8796	8797	8778	8777	
13214	Quad4	8815	8816	8797	8796	
13215	Quad4	8834	8835	8816	8815	
13216	Quad4	8853	8854	8835	8834	
13217	Quad4	8872	8873	8854	8853	
13218	Quad4	8891	8892	8873	8872	
13219	Quad4	8910	8911	8892	8891	
13220	Quad4	8929	8930	8911	8910	
13221	Quad4	8948	8949	8930	8929	
13222	Quad4	8967	8968	8949	8948	
13223	Quad4	8986	8987	8968	8967	
13224	Quad4	9005	9006	8987	8986	
13225	Quad4	9024	9025	9006	9005	
13226	Quad4	9043	9044	9025	9024	
13227	Quad4	9062	9063	9044	9043	
13228	Quad4	9081	9082	9063	9062	
13229	Quad4	9100	9101	9082	9081	
13230	Quad4	9119	9120	9101	9100	
13231	Quad4	9138	9139	9120	9119	
13232	Quad4	9157	9158	9139	9138	
13233	Quad4	9176	9177	9158	9157	
13234	Quad4	9195	9196	9177	9176	
13235	Quad4	9214	9215	9196	9195	
13236	Quad4	9233	9234	9215	9214	
13237	Quad4	9252	9253	9234	9233	
13238	Quad4	9271	9272	9253	9252	
13239	Quad4	9290	9291	9272	9271	
13240	Quad4	9309	9310	9291	9290	
13241	Quad4	9328	9329	9310	9309	
13242	Quad4	9347	9348	9329	9328	
13243	Quad4	9366	9367	9348	9347	
13244	Quad4	9385	9386	9367	9366	
13245	Quad4	9404	9405	9386	9385	
13246	Quad4	9423	9424	9405	9404	
13247	Quad4	9442	9443	9424	9423	
13248	Quad4	9461	9462	9443	9442	
13249	Quad4	9480	9481	9462	9461	
13250	Quad4	9499	9500	9481	9480	
13251	Quad4	9518	9519	9500	9499	
13252	Quad4	9537	9538	9519	9518	
13253	Quad4	9556	9557	9538	9537	
13254	Quad4	9575	9576	9557	9556	
13255	Quad4	9594	9595	9576	9575	
13256	Quad4	9613	9614	9595	9594	
13257	Quad4	9632	9633	9614	9613	
13258	Quad4	9651	9652	9633	9632	
13259	Quad4	9670	9671	9652	9651	
13260	Quad4	9808	9807	9671	9670	
13261	Quad4	7429	7430	9829	9828	
13262	Quad4	7448	7449	7430	7429	
13263	Quad4	7467	7468	7449	7448	
13264	Quad4	7486	7487	7468	7467	
13265	Quad4	7505	7506	7487	7486	
13266	Quad4	7524	7525	7506	7505	
13267	Quad4	7543	7544	7525	7524	
13268	Quad4	7562	7563	7544	7543	
13269	Quad4	7581	7582	7563	7562	
13270	Quad4	7600	7601	7582	7581	
13271	Quad4	7619	7620	7601	7600	
13272	Quad4	7638	7639	7620	7619	
13273	Quad4	7657	7658	7639	7638	
13274	Quad4	7676	7677	7658	7657	
13275	Quad4	7695	7696	7677	7676	
13276	Quad4	7714	7715	7696	7695	
13277	Quad4	7733	7734	7715	7714	
13278	Quad4	7752	7753	7734	7733	
13279	Quad4	7771	7772	7753	7752	
13280	Quad4	7790	7791	7772	7771	
13281	Quad4	7809	7810	7791	7790	
13282	Quad4	7828	7829	7810	7809	
13283	Quad4	7847	7848	7829	7828	
13284	Quad4	7866	7867	7848	7847	
13285	Quad4	7885	7886	7867	7866	
13286	Quad4	7904	7905	7886	7885	
13287	Quad4	7923	7924	7905	7904	
13288	Quad4	7942	7943	7924	7923	
13289	Quad4	7961	7962	7943	7942	
13290	Quad4	7980	7981	7962	7961	
13291	Quad4	7999	8000	7981	7980	
13292	Quad4	8018	8019	8000	7999	
13293	Quad4	8037	8038	8019	8018	
13294	Quad4	8056	8057	8038	8037	
13295	Quad4	8075	8076	8057	8056	
13296	Quad4	8094	8095	8076	8075	
13297	Quad4	8113	8114	8095	8094	
13298	Quad4	8132	8133	8114	8113	
13299	Quad4	8151	8152	8133	8132	
13300	Quad4	8170	8171	8152	8151	
13301	Quad4	8189	8190	8171	8170	
13302	Quad4	8208	8209	8190	8189	
13303	Quad4	8227	8228	8209	8208	
13304	Quad4	8246	8247	8228	8227	
13305	Quad4	8265	8266	8247	8246	
13306	Quad4	8284	8285	8266	8265	
13307	Quad4	8303	8304	8285	8284	
13308	Quad4	8322	8323	8304	8303	
13309	Quad4	8341	8342	8323	8322	
13310	Quad4	8360	8361	8342	8341	
13311	Quad4	8379	8380	8361	8360	
13312	Quad4	8398	8399	8380	8379	
13313	Quad4	8417	8418	8399	8398	
13314	Quad4	8436	8437	8418	8417	
13315	Quad4	8455	8456	8437	8436	
13316	Quad4	8474	8475	8456	8455	
13317	Quad4	8493	8494	8475	8474	
13318	Quad4	8512	8513	8494	8493	
13319	Quad4	8531	8532	8513	8512	
13320	Quad4	8550	8551	8532	8531	
13321	Quad4	8569	8570	8551	8550	
13322	Quad4	8588	8589	8570	8569	
13323	Quad4	8607	8608	8589	8588	
13324	Quad4	8626	8627	8608	8607	
13325	Quad4	8645	8646	8627	8626	
13326	Quad4	8664	8665	8646	8645	
13327	Quad4	8683	8684	8665	8664	
13328	Quad4	8702	8703	8684	8683	
13329	Quad4	8721	8722	8703	8702	
13330	Quad4	8740	8741	8722	8721	
13331	Quad4	8759	8760	8741	8740	
13332	Quad4	8778	8779	8760	8759	
13333	Quad4	8797	8798	8779	8778	
13334	Quad4	8816	8817	8798	8797	
13335	Quad4	8835	8836	8817	8816	
13336	Quad4	8854	8855	8836	8835	
13337	Quad4	8873	8874	8855	8854	
13338	Quad4	8892	8893	8874	8873	
13339	Quad4	8911	8912	8893	8892	
13340	Quad4	8930	8931	8912	8911	
13341	Quad4	8949	8950	8931	8930	
13342	Quad4	8968	8969	8950	8949	
13343	Quad4	8987	8988	8969	8968	
13344	Quad4	9006	9007	8988	8987	
13345	Quad4	9025	9026	9007	9006	
13346	Quad4	9044	9045	9026	9025	
13347	Quad4	9063	9064	9045	9044	
13348	Quad4	9082	9083	9064	9063	
13349	Quad4	9101	9102	9083	9082	
13350	Quad4	9120	9121	9102	9101	
13351	Quad4	9139	9140	9121	9120	
13352	Quad4	9158	9159	9140	9139	
13353	Quad4	9177	9178	9159	9158	
13354	Quad4	9196	9197	9178	9177	
13355	Quad4	9215	9216	9197	9196	
13356	Quad4	9234	9235	9216	9215	
13357	Quad4	9253	9254	9235	9234	
13358	Quad4	9272	9273	9254	9253	
13359	Quad4	9291	9292	9273	9272	
13360	Quad4	9310	9311	9292	9291	
13361	Quad4	9329	9330	9311	9310	
13362	Quad4	9348	9349	9330	9329	
13363	Quad4	9367	9368	9349	9348	
13364	Quad4	9386	9387	9368	9367	
13365	Quad4	9405	9406	9387	9386	
13366	Quad4	9424	9425	9406	9405	
13367	Quad4	9443	9444	9425	9424	
13368	Quad4	9462	9463	9444	9443	
13369	Quad4	9481	9482	9463	9462	
13370	Quad4	9500	9501	9482	9481	
13371	Quad4	9519	9520	9501	9500	
13372	Quad4	9538	9539	9520	9519	
13373	Quad4	9557	9558	9539	9538	
13374	Quad4	9576	9577	9558	9557	
13375	Quad4	9595	9596	9577	9576	
13376	Quad4	9614	9615	9596	9595	
13377	Quad4	9633	9634	9615	9614	
13378	Quad4	9652	9653	9634	9633	
13379	Quad4	9671	9672	9653	9652	
13380	Quad4	9807	9806	9672	9671	
13381	Quad4	7430	7431	9830	9829	
13382	Quad4	7449	7450	7431	7430	
13383	Quad4	7468	7469	7450	7449	
13384	Quad4	7487	7488	7469	7468	
13385	Quad4	7506	7507	7488	7487	
13386	Quad4	7525	7526	7507	7506	
13387	Quad4	7544	7545	7526	7525	
13388	Quad4	7563	7564	7545	7544	
13389	Quad4	7582	7583	7564	7563	
13390	Quad4	7601	7602	7583	7582	
13391	Quad4	7620	7621	7602	7601	
13392	Quad4	7639	7640	7621	7620	
13393	Quad4	7658	7659	7640	7639	
13394	Quad4	7677	7678	7659	7658	
13395	Quad4	7696	7697	7678	7677	
13396	Quad4	7715	7716	7697	7696	
13397	Quad4	7734	7735	7716	7715	
13398	Quad4	7753	7754	7735	7734	
13399	Quad4	7772	7773	7754	7753	
13400	Quad4	7791	7792	7773	7772	
13401	Quad4	7810	7811	7792	7791	
13402	Quad4	7829	7830	7811	7810	
13403	Quad4	7848	7849	7830	7829	
13404	Quad4	7867	7868	7849	7848	
13405	Quad4	7886	7887	7868	7867	
13406	Quad4	7905	7906	7887	7886	
13407	Quad4	7924	7925	7906	7905	
13408	Quad4	7943	7944	7925	7924	
13409	Quad4	7962	7963	7944	7943	
13410	Quad4	7981	7982	7963	7962	
13411	Quad4	8000	8001	7982	7981	
13412	Quad4	8019	8020	8001	8000	
13413	Quad4	8038	8039	8020	8019	
13414	Quad4	8057	8058	8039	8038	
13415	Quad4	8076	8077	8058	8057	
13416	Quad4	8095	8096	8077	8076	
13417	Quad4	8114	8115	8096	8095	
13418	Quad4	8133	8134	8115	8114	
13419	Quad4	8152	8153	8134	8133	
13420	Quad4	8171	8172	8153	8152	
13421	Quad4	8190	8191	8172	8171	
13422	Quad4	8209	8210	8191	8190	
13423	Quad4	8228	8229	8210	8209	
13424	Quad4	8247	8248	8229	8228	
13425	Quad4	8266	8267	8248	8247	
13426	Quad4	8285	8286	8267	8266	
13427	Quad4	8304	8305	8286	8285	
13428	Quad4	8323	8324	8305	8304	
13429	Quad4	8342	8343	8324	8323	
13430	Quad4	8361	8362	8343	8342	
13431	Quad4	8380	8381	8362	8361	
13432	Quad4	8399	8400	8381	8380	
13433	Quad4	8418	8419	8400	8399	
13434	Quad4	8437	8438	8419	8418	
13435	Quad4	8456	8457	8438	8437	
13436	Quad4	8475	8476	8457	8456	
13437	Quad4	8494	8495	8476	8475	
13438	Quad4	8513	8514	8495	8494	
13439	Quad4	8532	8533	8514	8513	
13440	Quad4	8551	8552	8533	8532	
13441	Quad4	8570	8571	8552	8551	
13442	Quad4	8589	8590	8571	8570	
13443	Quad4	8608	8609	8590	8589	
13444	Quad4	8627	8628	8609	8608	
13445	Quad4	8646	8647	8628	8627	
13446	Quad4	8665	8666	8647	8646	
13447	Quad4	8684	8685	8666	8665	
13448	Quad4	8703	8704	8685	8684	
13449	Quad4	8722	8723	8704	8703	
13450	Quad4	8741	8742	8723	8722	
13451	Quad4	8760	8761	8742	8741	
13452	Quad4	8779	8780	8761	8760	
13453	Quad4	8798	8799	8780	8779	
13454	Quad4	8817	8818	8799	8798	
13455	Quad4	8836	8837	8818	8817	
13456	Quad4	8855	8856	8837	8836	
13457	Quad4	8874	8875	8856	8855	
13458	Quad4	8893	8894	8875	8874	
13459	Quad4	8912	8913	8894	8893	
13460	Quad4	8931	8932	8913	8912	
13461	Quad4	8950	8951	8932	8931	
13462	Quad4	8969	8970	8951	8950	
13463	Quad4	8988	8989	8970	8969	
13464	Quad4	9007	9008	8989	8988	
13465	Quad4	9026	9027	9008	9007	
13466	Quad4	9045	9046	9027	9026	
13467	Quad4	9064	9065	9046	9045	
13468	Quad4	9083	9084	9065	9064	
13469	Quad4	9102	9103	9084	9083	
13470	Quad4	9121	9122	9103	9102	
13471	Quad4	9140	9141	9122	9121	
13472	Quad4	9159	9160	9141	9140	
13473	Quad4	9178	9179	9160	9159	
13474	Quad4	9197	9198	9179	9178	
13475	Quad4	9216	9217	9198	9197	
13476	Quad4	9235	9236	9217	9216	
13477	Quad4	9254	9255	9236	9235	
13478	Quad4	9273	9274	9255	9254	
13479	Quad4	9292	9293	9274	9273	
13480	Quad4	9311	9312	9293	9292	
13481	Quad4	9330	9331	9312	9311	
13482	Quad4	9349	9350	9331	9330	
13483	Quad4	9368	9369	9350	9349	
13484	Quad4	9387	9388	9369	9368	
13485	Quad4	9406	9407	9388	9387	
13486	Quad4	9425	9426	9407	9406	
13487	Quad4	9444	9445	9426	9425	
13488	Quad4	9463	9464	9445	9444	
13489	Quad4	9482	9483	9464	9463	
13490	Quad4	9501	9502	9483	9482	
13491	Quad4	9520	9521	9502	9501	
13492	Quad4	9539	9540	9521	9520	
13493	Quad4	9558	9559	9540	9539	
13494	Quad4	9577	9578	9559	9558	
13495	Quad4	9596	9597	9578	9577	
13496	Quad4	9615	9616	9597	9596	
13497	Quad4	9634	9635	9616	9615	
13498	Quad4	9653	9654	9635	9634	
13499	Quad4	9672	9673	9654	9653	
13500	Quad4	9806	9805	9673	9672	
13501	Quad4	7431	7432	9831	9830	
13502	Quad4	7450	7451	7432	7431	
13503	Quad4	7469	7470	7451	7450	
13504	Quad4	7488	7489	7470	7469	
13505	Quad4	7507	7508	7489	7488	
13506	Quad4	7526	7527	7508	7507	
13507	Quad4	7545	7546	7527	7526	
13508	Quad4	7564	7565	7546	7545	
13509	Quad4	7583	7584	7565	7564	
13510	Quad4	7602	7603	7584	7583	
13511	Quad4	7621	7622	7603	7602	
13512	Quad4	7640	7641	7622	7621	
13513	Quad4	7659	7660	7641	7640	
13514	Quad4	7678	7679	7660	7659	
13515	Quad4	7697	7698	7679	7678	
13516	Quad4	7716	7717	7698	7697	
13517	Quad4	7735	7736	7717	7716	
13518	Quad4	7754	7755	7736	7735	
13519	Quad4	7773	7774	7755	7754	
13520	Quad4	7792	7793	7774	7773	
13521	Quad4	7811	7812	7793	7792	
13522	Quad4	7830	7831	7812	7811	
13523	Quad4	7849	7850	7831	7830	
13524	Quad4	7868	7869	7850	7849	
13525	Quad4	7887	7888	7869	7868	
13526	Quad4	7906	7907	7888	7887	
13527	Quad4	7925	7926	7907	7906	
13528	Quad4	7944	7945	7926	7925	
13529	Quad4	7963	7964	7945	7944	
13530	Quad4	7982	7983	7964	7963	
13531	Quad4	8001	8002	7983	7982	
13532	Quad4	8020	8021	8002	8001	
13533	Quad4	8039	8040	8021	8020	
13534	Quad4	8058	8059	8040	8039	
13535	Quad4	8077	8078	8059	8058	
13536	Quad4	8096	8097	8078	8077	
13537	Quad4	8115	8116	8097	8096	
13538	Quad4	8134	8135	8116	8115	
13539	Quad4	8153	8154	8135	8134	
13540	Quad4	8172	8173	8154	8153	
13541	Quad4	8191	8192	8173	8172	
13542	Quad4	8210	8211	8192	8191	
13543	Quad4	8229	8230	8211	8210	
13544	Quad4	8248	8249	8230	8229	
13545	Quad4	8267	8268	8249	8248	
13546	Quad4	8286	8287	8268	8267	
13547	Quad4	8305	8306	8287	8286	
13548	Quad4	8324	8325	8306	8305	
13549	Quad4	8343	8344	8325	8324	
13550	Quad4	8362	8363	8344	8343	
13551	Quad4	8381	8382	8363	8362	
13552	Quad4	8400	8401	8382	8381	
13553	Quad4	8419	8420	8401	8400	
13554	Quad4	8438	8439	8420	8419	
13555	Quad4	8457	8458	8439	8438	
13556	Quad4	8476	8477	8458	8457	
13557	Quad4	8495	8496	8477	8476	
13558	Quad4	8514	8515	8496	8495	
13559	Quad4	8533	8534	8515	8514	
13560	Quad4	8552	8553	8534	8533	
13561	Quad4	8571	8572	8553	8552	
13562	Quad4	8590	8591	8572	8571	
13563	Quad4	8609	8610	8591	8590	
13564	Quad4	8628	8629	8610	8609	
13565	Quad4	8647	8648	8629	8628	
13566	Quad4	8666	8667	8648	8647	
13567	Quad4	8685	8686	8667	8666	
13568	Quad4	8704	8705	8686	8685	
13569	Quad4	8723	8724	8705	8704	
13570	Quad4	8742	8743	8724	8723	
13571	Quad4	8761	8762	8743	8742	
13572	Quad4	8780	8781	8762	8761	
13573	Quad4	8799	8800	8781	8780	
13574	Quad4	8818	8819	8800	8799	
13575	Quad4	8837	8838	8819	8818	
13576	Quad4	8856	8857	8838	8837	
13577	Quad4	8875	8876	8857	8856	
13578	Quad4	8894	8895	8876	8875	
13579	Quad4	8913	8914	8895	8894	
13580	Quad4	8932	8933	8914	8913	
13581	Quad4	8951	8952	8933	8932	
13582	Quad4	8970	8971	8952	8951	
13583	Quad4	8989	8990	8971	8970	
13584	Quad4	9008	9009	8990	8989	
13585	Quad4	9027	9028	9009	9008	
13586	Quad4	9046	9047	9028	9027	
13587	Quad4	9065	9066	9047	9046	
13588	Quad4	9084	9085	9066	9065	
13589	Quad4	9103	9104	9085	9084	
13590	Quad4	9122	9123	9104	9103	
13591	Quad4	9141	9142	9123	9122	
13592	Quad4	9160	9161	9142	9141	
13593	Quad4	9179	9180	9161	9160	
13594	Quad4	9198	9199	9180	9179	
13595	Quad4	9217	9218	9199	9198	
13596	Quad4	9236	9237	9218	9217	
13597	Quad4	9255	9256	9237	9236	
13598	Quad4	9274	9275	9256	9255	
13599	Quad4	9293	9294	9275	9274	
13600	Quad4	9312	9313	9294	9293	
13601	Quad4	9331	9332	9313	9312	
13602	Quad4	9350	9351	9332	9331	
13603	Quad4	9369	9370	9351	9350	
13604	Quad4	9388	9389	9370	9369	
13605	Quad4	9407	9408	9389	9388	
13606	Quad4	9426	9427	9408	9407	
13607	Quad4	9445	9446	9427	9426	
13608	Quad4	9464	9465	9446	9445	
13609	Quad4	9483	9484	9465	9464	
13610	Quad4	9502	9503	9484	9483	
13611	Quad4	9521	9522	9503	9502	
13612	Quad4	9540	9541	9522	9521	
13613	Quad4	9559	9560	9541	9540	
13614	Quad4	9578	9579	9560	9559	
13615	Quad4	9597	9598	9579	9578	
13616	Quad4	9616	9617	9598	9597	
13617	Quad4	9635	9636	9617	9616	
13618	Quad4	9654	9655	9636	9635	
13619	Quad4	9673	9674	9655	9654	
13620	Quad4	9805	9804	9674	9673	
13621	Quad4	7432	7433	9832	9831	
13622	Quad4	7451	7452	7433	7432	
13623	Quad4	7470	7471	7452	7451	
13624	Quad4	7489	7490	7471	7470	
13625	Quad4	7508	7509	7490	7489	
13626	Quad4	7527	7528	7509	7508	
13627	Quad4	7546	7547	7528	7527	
13628	Quad4	7565	7566	7547	7546	
13629	Quad4	7584	7585	7566	7565	
13630	Quad4	7603	7604	7585	7584	
13631	Quad4	7622	7623	7604	7603	
13632	Quad4	7641	7642	7623	7622	
13633	Quad4	7660	7661	7642	7641	
13634	Quad4	7679	7680	7661	7660	
13635	Quad4	7698	7699	7680	7679	
13636	Quad4	7717	7718	7699	7698	
13637	Quad4	7736	7737	7718	7717	
13638	Quad4	7755	7756	7737	7736	
13639	Quad4	7774	7775	7756	7755	
13640	Quad4	7793	7794	7775	7774	
13641	Quad4	7812	7813	7794	7793	
13642	Quad4	7831	7832	7813	7812	
13643	Quad4	7850	7851	7832	7831	
13644	Quad4	7869	7870	7851	7850	
13645	Quad4	7888	7889	7870	7869	
13646	Quad4	7907	7908	7889	7888	
13647	Quad4	7926	7927	7908	7907	
13648	Quad4	7945	7946	7927	7926	
13649	Quad4	7964	7965	7946	7945	
13650	Quad4	7983	7984	7965	7964	
13651	Quad4	8002	8003	7984	7983	
13652	Quad4	8021	8022	8003	8002	
13653	Quad4	8040	8041	8022	8021	
13654	Quad4	8059	8060	8041	8040	
13655	Quad4	8078	8079	8060	8059	
13656	Quad4	8097	8098	8079	8078	
13657	Quad4	8116	8117	8098	8097	
13658	Quad4	8135	8136	8117	8116	
13659	Quad4	8154	8155	8136	8135	
13660	Quad4	8173	8174	8155	8154	
13661	Quad4	8192	8193	8174	8173	
13662	Quad4	8211	8212	8193	8192	
13663	Quad4	8230	8231	8212	8211	
13664	Quad4	8249	8250	8231	8230	
13665	Quad4	8268	8269	8250	8249	
13666	Quad4	8287	8288	8269	8268	
13667	Quad4	8306	8307	8288	8287	
13668	Quad4	8325	8326	8307	8306	
13669	Quad4	8344	8345	8326	8325	
13670	Quad4	8363	8364	8345	8344	
13671	Quad4	8382	8383	8364	8363	
13672	Quad4	8401	8402	8383	8382	
13673	Quad4	8420	8421	8402	8401	
13674	Quad4	8439	8440	8421	8420	
13675	Quad4	8458	8459	8440	8439	
13676	Quad4	8477	8478	8459	8458	
13677	Quad4	8496	8497	8478	8477	
13678	Quad4	8515	8516	8497	8496	
13679	Quad4	8534	8535	8516	8515	
13680	Quad4	8553	8554	8535	8534	
13681	Quad4	8572	8573	8554	8553	
13682	Quad4	8591	8592	8573	8572	
13683	Quad4	8610	8611	8592	8591	
13684	Quad4	8629	8630	8611	8610	
13685	Quad4	8648	8649	8630	8629	
13686	Quad4	8667	8668	8649	8648	
13687	Quad4	8686	8687	8668	8667	
13688	Quad4	8705	8706	8687	8686	
13689	Quad4	8724	8725	8706	8705	
13690	Quad4	8743	8744	8725	8724	
13691	Quad4	8762	8763	8744	8743	
13692	Quad4	8781	8782	8763	8762	
13693	Quad4	8800	8801	8782	8781	
13694	Quad4	8819	8820	8801	8800	
13695	Quad4	8838	8839	8820	8819	
13696	Quad4	8857	8858	8839	8838	
13697	Quad4	8876	8877	8858	8857	
13698	Quad4	8895	8896	8877	8876	
13699	Quad4	8914	8915	8896	8895	
13700	Quad4	8933	8934	8915	8914	
13701	Quad4	8952	8953	8934	8933	
13702	Quad4	8971	8972	8953	8952	
13703	Quad4	8990	8991	8972	8971	
13704	Quad4	9009	9010	8991	8990	
13705	Quad4	9028	9029	9010	9009	
13706	Quad4	9047	9048	9029	9028	
13707	Quad4	9066	9067	9048	9047	
13708	Quad4	9085	9086	9067	9066	
13709	Quad4	9104	9105	9086	9085	
13710	Quad4	9123	9124	9105	9104	
13711	Quad4	9142	9143	9124	9123	
13712	Quad4	9161	9162	9143	9142	
13713	Quad4	9180	9181	9162	9161	
13714	Quad4	9199	9200	9181	9180	
13715	Quad4	9218	9219	9200	9199	
13716	Quad4	9237	9238	9219	9218	
13717	Quad4	9256	9257	9238	9237	
13718	Quad4	9275	9276	9257	9256	
13719	Quad4	9294	9295	9276	9275	
13720	Quad4	9313	9314	9295	9294	
13721	Quad4	9332	9333	9314	9313	
13722	Quad4	9351	9352	9333	9332	
13723	Quad4	9370	9371	9352	9351	
13724	Quad4	9389	9390	9371	9370	
13725	Quad4	9408	9409	9390	9389	
13726	Quad4	9427	9428	9409	9408	
13727	Quad4	9446	9447	9428	9427	
13728	Quad4	9465	9466	9447	9446	
13729	Quad4	9484	9485	9466	9465	
13730	Quad4	9503	9504	9485	9484	
13731	Quad4	9522	9523	9504	9503	
13732	Quad4	9541	9542	9523	9522	
13733	Quad4	9560	9561	9542	9541	
13734	Quad4	9579	9580	9561	9560	
13735	Quad4	9598	9599	9580	9579	
13736	Quad4	9617	9618	9599	9598	
13737	Quad4	9636	9637	9618	9617	
13738	Quad4	9655	9656	9637	9636	
13739	Quad4	9674	9675	9656	9655	
13740	Quad4	9804	9803	9675	9674	
13741	Quad4	7433	7434	9833	9832	
13742	Quad4	7452	7453	7434	7433	
13743	Quad4	7471	7472	7453	7452	
13744	Quad4	7490	7491	7472	7471	
13745	Quad4	7509	7510	7491	7490	
13746	Quad4	7528	7529	7510	7509	
13747	Quad4	7547	7548	7529	7528	
13748	Quad4	7566	7567	7548	7547	
13749	Quad4	7585	7586	7567	7566	
13750	Quad4	7604	7605	7586	7585	
13751	Quad4	7623	7624	7605	7604	
13752	Quad4	7642	7643	7624	7623	
13753	Quad4	7661	7662	7643	7642	
13754	Quad4	7680	7681	7662	7661	
13755	Quad4	7699	7700	7681	7680	
13756	Quad4	7718	7719	7700	7699	
13757	Quad4	7737	7738	7719	7718	
13758	Quad4	7756	7757	7738	7737	
13759	Quad4	7775	7776	7757	7756	
13760	Quad4	7794	7795	7776	7775	
13761	Quad4	7813	7814	7795	7794	
13762	Quad4	7832	7833	7814	7813	
13763	Quad4	7851	7852	7833	7832	
13764	Quad4	7870	7871	7852	7851	
13765	Quad4	7889	7890	7871	7870	
13766	Quad4	7908	7909	7890	7889	
13767	Quad4	7927	7928	7909	7908	
13768	Quad4	7946	7947	7928	7927	
13769	Quad4	7965	7966	7947	7946	
13770	Quad4	7984	7985	7966	7965	
13771	Quad4	8003	8004	7985	7984	
13772	Quad4	8022	8023	8004	8003	
13773	Quad4	8041	8042	8023	8022	
13774	Quad4	8060	8061	8042	8041	
13775	Quad4	8079	8080	8061	8060	
13776	Quad4	8098	8099	8080	8079	
13777	Quad4	8117	8118	8099	8098	
13778	Quad4	8136	8137	8118	8117	
13779	Quad4	8155	8156	8137	8136	
13780	Quad4	8174	8175	8156	8155	
13781	Quad4	8193	8194	8175	8174	
13782	Quad4	8212	8213	8194	8193	
13783	Quad4	8231	8232	8213	8212	
13784	Quad4	8250	8251	8232	8231	
13785	Quad4	8269	8270	8251	8250	
13786	Quad4	8288	8289	8270	8269	
13787	Quad4	8307	8308	8289	8288	
13788	Quad4	8326	8327	8308	8307	
13789	Quad4	8345	8346	8327	8326	
13790	Quad4	8364	8365	8346	8345	
13791	Quad4	8383	8384	8365	8364	
13792	Quad4	8402	8403	8384	8383	
13793	Quad4	8421	8422	8403	8402	
13794	Quad4	8440	8441	8422	8421	
13795	Quad4	8459	8460	8441	8440	
13796	Quad4	8478	8479	8460	8459	
13797	Quad4	8497	8498	8479	8478	
13798	Quad4	8516	8517	8498	8497	
13799	Quad4	8535	8536	8517	8516	
13800	Quad4	8554	8555	8536	8535	
13801	Quad4	8573	8574	8555	8554	
13802	Quad4	8592	8593	8574	8573	
13803	Quad4	8611	8612	8593	8592	
13804	Quad4	8630	8631	8612	8611	
13805	Quad4	8649	8650	8631	8630	
13806	Quad4	8668	8669	8650	8649	
13807	Quad4	8687	8688	8669	8668	
13808	Quad4	8706	8707	8688	8687	
13809	Quad4	8725	8726	8707	8706	
13810	Quad4	8744	8745	8726	8725	
13811	Quad4	8763	8764	8745	8744	
13812	Quad4	8782	8783	8764	8763	
13813	Quad4	8801	8802	8783	8782	
13814	Quad4	8820	8821	8802	8801	
13815	Quad4	8839	8840	8821	8820	
13816	Quad4	8858	8859	8840	8839	
13817	Quad4	8877	8878	8859	8858	
13818	Quad4	8896	8897	8878	8877	
13819	Quad4	8915	8916	8897	8896	
13820	Quad4	8934	8935	8916	8915	
13821	Quad4	8953	8954	8935	8934	
13822	Quad4	8972	8973	8954	8953	
13823	Quad4	8991	8992	8973	8972	
13824	Quad4	9010	9011	8992	8991	
13825	Quad4	9029	9030	9011	9010	
13826	Quad4	9048	9049	9030	9029	
13827	Quad4	9067	9068	9049	9048	
13828	Quad4	9086	9087	9068	9067	
13829	Quad4	9105	9106	9087	9086	
13830	Quad4	9124	9125	9106	9105	
13831	Quad4	9143	9144	9125	9124	
13832	Quad4	9162	9163	9144	9143	
13833	Quad4	9181	9182	9163	9162	
13834	Quad4	9200	9201	9182	9181	
13835	Quad4	9219	9220	9201	9200	
13836	Quad4	9238	9239	9220	9219	
13837	Quad4	9257	9258	9239	9238	
13838	Quad4	9276	9277	9258	9257	
13839	Quad4	9295	9296	9277	9276	
13840	Quad4	9314	9315	9296	9295	
13841	Quad4	9333	9334	9315	9314	
13842	Quad4	9352	9353	9334	9333	
13843	Quad4	9371	9372	9353	9352	
13844	Quad4	9390	9391	9372	9371	
13845	Quad4	9409	9410	9391	9390	
13846	Quad4	9428	9429	9410	9409	
13847	Quad4	9447	9448	9429	9428	
13848	Quad4	9466	9467	9448	9447	
13849	Quad4	9485	9486	9467	9466	
13850	Quad4	9504	9505	9486	9485	
13851	Quad4	9523	9524	9505	9504	
13852	Quad4	9542	9543	9524	9523	
13853	Quad4	9561	9562	9543	9542	
13854	Quad4	9580	9581	9562	9561	
13855	Quad4	9599	9600	9581	9580	
13856	Quad4	9618	9619	9600	9599	
13857	Quad4	9637	9638	9619	9618	
13858	Quad4	9656	9657	9638	9637	
13859	Quad4	9675	9676	9657	9656	
13860	Quad4	9803	9802	9676	9675	
13861	Quad4	7434	7435	9834	9833	
13862	Quad4	7453	7454	7435	7434	
13863	Quad4	7472	7473	7454	7453	
13864	Quad4	7491	7492	7473	7472	
13865	Quad4	7510	7511	7492	7491	
13866	Quad4	7529	7530	7511	7510	
13867	Quad4	7548	7549	7530	7529	
13868	Quad4	7567	7568	7549	7548	
13869	Quad4	7586	7587	7568	7567	
13870	Quad4	7605	7606	7587	7586	
13871	Quad4	7624	7625	7606	7605	
13872	Quad4	7643	7644	7625	7624	
13873	Quad4	7662	7663	7644	7643	
13874	Quad4	7681	7682	7663	7662	
13875	Quad4	7700	7701	7682	7681	
13876	Quad4	7719	7720	7701	7700	
13877	Quad4	7738	7739	7720	7719	
13878	Quad4	7757	7758	7739	7738	
13879	Quad4	7776	7777	7758	7757	
13880	Quad4	7795	7796	7777	7776	
13881	Quad4	7814	7815	7796	7795	
13882	Quad4	7833	7834	7815	7814	
13883	Quad4	7852	7853	7834	7833	
13884	Quad4	7871	7872	7853	7852	
13885	Quad4	7890	7891	7872	7871	
13886	Quad4	7909	7910	7891	7890	
13887	Quad4	7928	7929	7910	7909	
13888	Quad4	7947	7948	7929	7928	
13889	Quad4	7966	7967	7948	7947	
13890	Quad4	7985	7986	7967	7966	
13891	Quad4	8004	8005	7986	7985	
13892	Quad4	8023	8024	8005	8004	
13893	Quad4	8042	8043	8024	8023	
13894	Quad4	8061	8062	8043	8042	
13895	Quad4	8080	8081	8062	8061	
13896	Quad4	8099	8100	8081	8080	
13897	Quad4	8118	8119	8100	8099	
13898	Quad4	8137	8138	8119	8118	
13899	Quad4	8156	8157	8138	8137	
13900	Quad4	8175	8176	8157	8156	
13901	Quad4	8194	8195	8176	8175	
13902	Quad4	8213	8214	8195	8194	
13903	Quad4	8232	8233	8214	8213	
13904	Quad4	8251	8252	8233	8232	
13905	Quad4	8270	8271	8252	8251	
13906	Quad4	8289	8290	8271	8270	
13907	Quad4	8308	8309	8290	8289	
13908	Quad4	8327	8328	8309	8308	
13909	Quad4	8346	8347	8328	8327	
13910	Quad4	8365	8366	8347	8346	
13911	Quad4	8384	8385	8366	8365	
13912	Quad4	8403	8404	8385	8384	
13913	Quad4	8422	8423	8404	8403	
13914	Quad4	8441	8442	8423	8422	
13915	Quad4	8460	8461	8442	8441	
13916	Quad4	8479	8480	8461	8460	
13917	Quad4	8498	8499	8480	8479	
13918	Quad4	8517	8518	8499	8498	
13919	Quad4	8536	8537	8518	8517	
13920	Quad4	8555	8556	8537	8536	
13921	Quad4	8574	8575	8556	8555	
13922	Quad4	8593	8594	8575	8574	
13923	Quad4	8612	8613	8594	8593	
13924	Quad4	8631	8632	8613	8612	
13925	Quad4	8650	8651	8632	8631	
13926	Quad4	8669	8670	8651	8650	
13927	Quad4	8688	8689	8670	8669	
13928	Quad4	8707	8708	8689	8688	
13929	Quad4	8726	8727	8708	8707	
13930	Quad4	8745	8746	8727	8726	
13931	Quad4	8764	8765	8746	8745	
13932	Quad4	8783	8784	8765	8764	
13933	Quad4	8802	8803	8784	8783	
13934	Quad4	8821	8822	8803	8802	
13935	Quad4	8840	8841	8822	8821	
13936	Quad4	8859	8860	8841	8840	
13937	Quad4	8878	8879	8860	8859	
13938	Quad4	8897	8898	8879	8878	
13939	Quad4	8916	8917	8898	8897	
13940	Quad4	8935	8936	8917	8916	
13941	Quad4	8954	8955	8936	8935	
13942	Quad4	8973	8974	8955	8954	
13943	Quad4	8992	8993	8974	8973	
13944	Quad4	9011	9012	8993	8992	
13945	Quad4	9030	9031	9012	9011	
13946	Quad4	9049	9050	9031	9030	
13947	Quad4	9068	9069	9050	9049	
13948	Quad4	9087	9088	9069	9068	
13949	Quad4	9106	9107	9088	9087	
13950	Quad4	9125	9126	9107	9106	
13951	Quad4	9144	9145	9126	9125	
13952	Quad4	9163	9164	9145	9144	
13953	Quad4	9182	9183	9164	9163	
13954	Quad4	9201	9202	9183	9182	
13955	Quad4	9220	9221	9202	9201	
13956	Quad4	9239	9240	9221	9220	
13957	Quad4	9258	9259	9240	9239	
13958	Quad4	9277	9278	9259	9258	
13959	Quad4	9296	9297	9278	9277	
13960	Quad4	9315	9316	9297	9296	
13961	Quad4	9334	9335	9316	9315	
13962	Quad4	9353	9354	9335	9334	
13963	Quad4	9372	9373	9354	9353	
13964	Quad4	9391	9392	9373	9372	
13965	Quad4	9410	9411	9392	9391	
13966	Quad4	9429	9430	9411	9410	
13967	Quad4	9448	9449	9430	9429	
13968	Quad4	9467	9468	9449	9448	
13969	Quad4	9486	9487	9468	9467	
13970	Quad4	9505	9506	9487	9486	
13971	Quad4	9524	9525	9506	9505	
13972	Quad4	9543	9544	9525	9524	
13973	Quad4	9562	9563	9544	9543	
13974	Quad4	9581	9582	9563	9562	
13975	Quad4	9600	9601	9582	9581	
13976	Quad4	9619	9620	9601	9600	
13977	Quad4	9638	9639	9620	9619	
13978	Quad4	9657	9658	9639	9638	
13979	Quad4	9676	9677	9658	9657	
13980	Quad4	9802	9801	9677	9676	
13981	Quad4	7435	7436	9835	9834	
13982	Quad4	7454	7455	7436	7435	
13983	Quad4	7473	7474	7455	7454	
13984	Quad4	7492	7493	7474	7473	
13985	Quad4	7511	7512	7493	7492	
13986	Quad4	7530	7531	7512	7511	
13987	Quad4	7549	7550	7531	7530	
13988	Quad4	7568	7569	7550	7549	
13989	Quad4	7587	7588	7569	7568	
13990	Quad4	7606	7607	7588	7587	
13991	Quad4	7625	7626	7607	7606	
13992	Quad4	7644	7645	7626	7625	
13993	Quad4	7663	7664	7645	7644	
13994	Quad4	7682	7683	7664	7663	
13995	Quad4	7701	7702	7683	7682	
13996	Quad4	7720	7721	7702	7701	
13997	Quad4	7739	7740	7721	7720	
13998	Quad4	7758	7759	7740	7739	
13999	Quad4	7777	7778	7759	7758	
14000	Quad4	7796	7797	7778	7777	
14001	Quad4	7815	7816	7797	7796	
14002	Quad4	7834	7835	7816	7815	
14003	Quad4	7853	7854	7835	7834	
14004	Quad4	7872	7873	7854	7853	
14005	Quad4	7891	7892	7873	7872	
14006	Quad4	7910	7911	7892	7891	
14007	Quad4	7929	7930	7911	7910	
14008	Quad4	7948	7949	7930	7929	
14009	Quad4	7967	7968	7949	7948	
14010	Quad4	7986	7987	7968	7967	
14011	Quad4	8005	8006	7987	7986	
14012	Quad4	8024	8025	8006	8005	
14013	Quad4	8043	8044	8025	8024	
14014	Quad4	8062	8063	8044	8043	
14015	Quad4	8081	8082	8063	8062	
14016	Quad4	8100	8101	8082	8081	
14017	Quad4	8119	8120	8101	8100	
14018	Quad4	8138	8139	8120	8119	
14019	Quad4	8157	8158	8139	8138	
14020	Quad4	8176	8177	8158	8157	
14021	Quad4	8195	8196	8177	8176	
14022	Quad4	8214	8215	8196	8195	
14023	Quad4	8233	8234	8215	8214	
14024	Quad4	8252	8253	8234	8233	
14025	Quad4	8271	8272	8253	8252	
14026	Quad4	8290	8291	8272	8271	
14027	Quad4	8309	8310	8291	8290	
14028	Quad4	8328	8329	8310	8309	
14029	Quad4	8347	8348	8329	8328	
14030	Quad4	8366	8367	8348	8347	
14031	Quad4	8385	8386	8367	8366	
14032	Quad4	8404	8405	8386	8385	
14033	Quad4	8423	8424	8405	8404	
14034	Quad4	8442	8443	8424	8423	
14035	Quad4	8461	8462	8443	8442	
14036	Quad4	8480	8481	8462	8461	
14037	Quad4	8499	8500	8481	8480	
14038	Quad4	8518	8519	8500	8499	
14039	Quad4	8537	8538	8519	8518	
14040	Quad4	8556	8557	8538	8537	
14041	Quad4	8575	8576	8557	8556	
14042	Quad4	8594	8595	8576	8575	
14043	Quad4	8613	8614	8595	8594	
14044	Quad4	8632	8633	8614	8613	
14045	Quad4	8651	8652	8633	8632	
14046	Quad4	8670	8671	8652	8651	
14047	Quad4	8689	8690	8671	8670	
14048	Quad4	8708	8709	8690	8689	
14049	Quad4	8727	8728	8709	8708	
14050	Quad4	8746	8747	8728	8727	
14051	Quad4	8765	8766	8747	8746	
14052	Quad4	8784	8785	8766	8765	
14053	Quad4	8803	8804	8785	8784	
14054	Quad4	8822	8823	8804	8803	
14055	Quad4	8841	8842	8823	8822	
14056	Quad4	8860	8861	8842	8841	
14057	Quad4	8879	8880	8861	8860	
14058	Quad4	8898	8899	8880	8879	
14059	Quad4	8917	8918	8899	8898	
14060	Quad4	8936	8937	8918	8917	
14061	Quad4	8955	8956	8937	8936	
14062	Quad4	8974	8975	8956	8955	
14063	Quad4	8993	8994	8975	8974	
14064	Quad4	9012	9013	8994	8993	
14065	Quad4	9031	9032	9013	9012	
14066	Quad4	9050	9051	9032	9031	
14067	Quad4	9069	9070	9051	9050	
14068	Quad4	9088	9089	9070	9069	
14069	Quad4	9107	9108	9089	9088	
14070	Quad4	9126	9127	9108	9107	
14071	Quad4	9145	9146	9127	9126	
14072	Quad4	9164	9165	9146	9145	
14073	Quad4	9183	9184	9165	9164	
14074	Quad4	9202	9203	9184	9183	
14075	Quad4	9221	9222	9203	9202	
14076	Quad4	9240	9241	9222	9221	
14077	Quad4	9259	9260	9241	9240	
14078	Quad4	9278	9279	9260	9259	
14079	Quad4	9297	9298	9279	9278	
14080	Quad4	9316	9317	9298	9297	
14081	Quad4	9335	9336	9317	9316	
14082	Quad4	9354	9355	9336	9335	
14083	Quad4	9373	9374	9355	9354	
14084	Quad4	9392	9393	9374	9373	
14085	Quad4	9411	9412	9393	9392	
14086	Quad4	9430	9431	9412	9411	
14087	Quad4	9449	9450	9431	9430	
14088	Quad4	9468	9469	9450	9449	
14089	Quad4	9487	9488	9469	9468	
14090	Quad4	9506	9507	9488	9487	
14091	Quad4	9525	9526	9507	9506	
14092	Quad4	9544	9545	9526	9525	
14093	Quad4	9563	9564	9545	9544	
14094	Quad4	9582	9583	9564	9563	
14095	Quad4	9601	9602	9583	9582	
14096	Quad4	9620	9621	9602	9601	
14097	Quad4	9639	9640	9621	9620	
14098	Quad4	9658	9659	9640	9639	
14099	Quad4	9677	9678	9659	9658	
14100	Quad4	9801	9800	9678	9677	
14101	Quad4	7436	7437	9836	9835	
14102	Quad4	7455	7456	7437	7436	
14103	Quad4	7474	7475	7456	7455	
14104	Quad4	7493	7494	7475	7474	
14105	Quad4	7512	7513	7494	7493	
14106	Quad4	7531	7532	7513	7512	
14107	Quad4	7550	7551	7532	7531	
14108	Quad4	7569	7570	7551	7550	
14109	Quad4	7588	7589	7570	7569	
14110	Quad4	7607	7608	7589	7588	
14111	Quad4	7626	7627	7608	7607	
14112	Quad4	7645	7646	7627	7626	
14113	Quad4	7664	7665	7646	7645	
14114	Quad4	7683	7684	7665	7664	
14115	Quad4	7702	7703	7684	7683	
14116	Quad4	7721	7722	7703	7702	
14117	Quad4	7740	7741	7722	7721	
14118	Quad4	7759	7760	7741	7740	
14119	Quad4	7778	7779	7760	7759	
14120	Quad4	7797	7798	7779	7778	
14121	Quad4	7816	7817	7798	7797	
14122	Quad4	7835	7836	7817	7816	
14123	Quad4	7854	7855	7836	7835	
14124	Quad4	7873	7874	7855	7854	
14125	Quad4	7892	7893	7874	7873	
14126	Quad4	7911	7912	7893	7892	
14127	Quad4	7930	7931	7912	7911	
14128	Quad4	7949	7950	7931	7930	
14129	Quad4	7968	7969	7950	7949	
14130	Quad4	7987	7988	7969	7968	
14131	Quad4	8006	8007	7988	7987	
14132	Quad4	8025	8026	8007	8006	
14133	Quad4	8044	8045	8026	8025	
14134	Quad4	8063	8064	8045	8044	
14135	Quad4	8082	8083	8064	8063	
14136	Quad4	8101	8102	8083	8082	
14137	Quad4	8120	8121	8102	8101	
14138	Quad4	8139	8140	8121	8120	
14139	Quad4	8158	8159	8140	8139	
14140	Quad4	8177	8178	8159	8158	
14141	Quad4	8196	8197	8178	8177	
14142	Quad4	8215	8216	8197	8196	
14143	Quad4	8234	8235	8216	8215	
14144	Quad4	8253	8254	8235	8234	
14145	Quad4	8272	8273	8254	8253	
14146	Quad4	8291	8292	8273	8272	
14147	Quad4	8310	8311	8292	8291	
14148	Quad4	8329	8330	8311	8310	
14149	Quad4	8348	8349	8330	8329	
14150	Quad4	8367	8368	8349	8348	
14151	Quad4	8386	8387	8368	8367	
14152	Quad4	8405	8406	8387	8386	
14153	Quad4	8424	8425	8406	8405	
14154	Quad4	8443	8444	8425	8424	
14155	Quad4	8462	8463	8444	8443	
14156	Quad4	8481	8482	8463	8462	
14157	Quad4	8500	8501	8482	8481	
14158	Quad4	8519	8520	8501	8500	
14159	Quad4	8538	8539	8520	8519	
14160	Quad4	8557	8558	8539	8538	
14161	Quad4	8576	8577	8558	8557	
14162	Quad4	8595	8596	8577	8576	
14163	Quad4	8614	8615	8596	8595	
14164	Quad4	8633	8634	8615	8614	
14165	Quad4	8652	8653	8634	8633	
14166	Quad4	8671	8672	8653	8652	
14167	Quad4	8690	8691	8672	8671	
14168	Quad4	8709	8710	8691	8690	
14169	Quad4	8728	8729	8710	8709	
14170	Quad4	8747	8748	8729	8728	
14171	Quad4	8766	8767	8748	8747	
14172	Quad4	8785	8786	8767	8766	
14173	Quad4	8804	8805	8786	8785	
14174	Quad4	8823	8824	8805	8804	
14175	Quad4	8842	8843	8824	8823	
14176	Quad4	8861	8862	8843	8842	
14177	Quad4	8880	8881	8862	8861	
14178	Quad4	8899	8900	8881	8880	
14179	Quad4	8918	8919	8900	8899	
14180	Quad4	8937	8938	8919	8918	
14181	Quad4	8956	8957	8938	8937	
14182	Quad4	8975	8976	8957	8956	
14183	Quad4	8994	8995	8976	8975	
14184	Quad4	9013	9014	8995	8994	
14185	Quad4	9032	9033	9014	9013	
14186	Quad4	9051	9052	9033	9032	
14187	Quad4	9070	9071	9052	9051	
14188	Quad4	9089	9090	9071	9070	
14189	Quad4	9108	9109	9090	9089	
14190	Quad4	9127	9128	9109	9108	
14191	Quad4	9146	9147	9128	9127	
14192	Quad4	9165	9166	9147	9146	
14193	Quad4	9184	9185	9166	9165	
14194	Quad4	9203	9204	9185	9184	
14195	Quad4	9222	9223	9204	9203	
14196	Quad4	9241	9242	9223	9222	
14197	Quad4	9260	9261	9242	9241	
14198	Quad4	9279	9280	9261	9260	
14199	Quad4	9298	9299	9280	9279	
14200	Quad4	9317	9318	9299	9298	
14201	Quad4	9336	9337	9318	9317	
14202	Quad4	9355	9356	9337	9336	
14203	Quad4	9374	9375	9356	9355	
14204	Quad4	9393	9394	9375	9374	
14205	Quad4	9412	9413	9394	9393	
14206	Quad4	9431	9432	9413	9412	
14207	Quad4	9450	9451	9432	9431	
14208	Quad4	9469	9470	9451	9450	
14209	Quad4	9488	9489	9470	9469	
14210	Quad4	9507	9508	9489	9488	
14211	Quad4	9526	9527	9508	9507	
14212	Quad4	9545	9546	9527	9526	
14213	Quad4	9564	9565	9546	9545	
14214	Quad4	9583	9584	9565	9564	
14215	Quad4	9602	9603	9584	9583	
14216	Quad4	9621	9622	9603	9602	
14217	Quad4	9640	9641	9622	9621	
14218	Quad4	9659	9660	9641	9640	
14219	Quad4	9678	9679	9660	9659	
14220	Quad4	9800	9799	9679	9678	
14221	Quad4	7437	9680	1	9836	
14222	Quad4	7456	9681	9680	7437	
14223	Quad4	7475	9682	9681	7456	
14224	Quad4	7494	9683	9682	7475	
14225	Quad4	7513	9684	9683	7494	
14226	Quad4	7532	9685	9684	7513	
14227	Quad4	7551	9686	9685	7532	
14228	Quad4	7570	9687	9686	7551	
14229	Quad4	7589	9688	9687	7570	
14230	Quad4	7608	9689	9688	7589	
14231	Quad4	7627	9690	9689	7608	
14232	Quad4	7646	9691	9690	7627	
14233	Quad4	7665	9692	9691	7646	
14234	Quad4	7684	9693	9692	7665	
14235	Quad4	7703	9694	9693	7684	
14236	Quad4	7722	9695	9694	7703	
14237	Quad4	7741	9696	9695	7722	
14238	Quad4	7760	9697	9696	7741	
14239	Quad4	7779	9698	9697	7760	
14240	Quad4	7798	9699	9698	7779	
14241	Quad4	7817	9700	9699	7798	
14242	Quad4	7836	9701	9700	7817	
14243	Quad4	7855	9702	9701	7836	
14244	Quad4	7874	9703	9702	7855	
14245	Quad4	7893	9704	9703	7874	
14246	Quad4	7912	9705	9704	7893	
14247	Quad4	7931	9706	9705	7912	
14248	Quad4	7950	9707	9706	7931	
14249	Quad4	7969	9708	9707	7950	
14250	Quad4	7988	9709	9708	7969	
14251	Quad4	8007	9710	9709	7988	
14252	Quad4	8026	9711	9710	8007	
14253	Quad4	8045	9712	9711	8026	
14254	Quad4	8064	9713	9712	8045	
14255	Quad4	8083	9714	9713	8064	
14256	Quad4	8102	9715	9714	8083	
14257	Quad4	8121	9716	9715	8102	
14258	Quad4	8140	9717	9716	8121	
14259	Quad4	8159	9718	9717	8140	
14260	Quad4	8178	9719	9718	8159	
14261	Quad4	8197	9720	9719	8178	
14262	Quad4	8216	9721	9720	8197	
14263	Quad4	8235	9722	9721	8216	
14264	Quad4	8254	9723	9722	8235	
14265	Quad4	8273	9724	9723	8254	
14266	Quad4	8292	9725	9724	8273	
14267	Quad4	8311	9726	9725	8292	
14268	Quad4	8330	9727	9726	8311	
14269	Quad4	8349	9728	9727	8330	
14270	Quad4	8368	9729	9728	8349	
14271	Quad4	8387	9730	9729	8368	
14272	Quad4	8406	9731	9730	8387	
14273	Quad4	8425	9732	9731	8406	
14274	Quad4	8444	9733	9732	8425	
14275	Quad4	8463	9734	9733	8444	
14276	Quad4	8482	9735	9734	8463	
14277	Quad4	8501	9736	9735	8482	
14278	Quad4	8520	9737	9736	8501	
14279	Quad4	8539	9738	9737	8520	
14280	Quad4	8558	9739	9738	8539	
14281	Quad4	8577	9740	9739	8558	
14282	Quad4	8596	9741	9740	8577	
14283	Quad4	8615	9742	9741	8596	
14284	Quad4	8634	9743	9742	8615	
14285	Quad4	8653	9744	9743	8634	
14286	Quad4	8672	9745	9744	8653	
14287	Quad4	8691	9746	9745	8672	
14288	Quad4	8710	9747	9746	8691	
14289	Quad4	8729	9748	9747	8710	
14290	Quad4	8748	9749	9748	8729	
14291	Quad4	8767	9750	9749	8748	
14292	Quad4	8786	9751	9750	8767	
14293	Quad4	8805	9752	9751	8786	
14294	Quad4	8824	9753	9752	8805	
14295	Quad4	8843	9754	9753	8824	
14296	Quad4	8862	9755	9754	8843	
14297	Quad4	8881	9756	9755	8862	
14298	Quad4	8900	9757	9756	8881	
14299	Quad4	8919	9758	9757	8900	
14300	Quad4	8938	9759	9758	8919	
14301	Quad4	8957	9760	9759	8938	
14302	Quad4	8976	9761	9760	8957	
14303	Quad4	8995	9762	9761	8976	
14304	Quad4	9014	9763	9762	8995	
14305	Quad4	9033	9764	9763	9014	
14306	Quad4	9052	9765	9764	9033	
14307	Quad4	9071	9766	9765	9052	
14308	Quad4	9090	9767	9766	9071	
14309	Quad4	9109	9768	9767	9090	
14310	Quad4	9128	9769	9768	9109	
14311	Quad4	9147	9770	9769	9128	
14312	Quad4	9166	9771	9770	9147	
14313	Quad4	9185	9772	9771	9166	
14314	Quad4	9204	9773	9772	9185	
14315	Quad4	9223	9774	9773	9204	
14316	Quad4	9242	9775	9774	9223	
14317	Quad4	9261	9776	9775	9242	
14318	Quad4	9280	9777	9776	9261	
14319	Quad4	9299	9778	9777	9280	
14320	Quad4	9318	9779	9778	9299	
14321	Quad4	9337	9780	9779	9318	
14322	Quad4	9356	9781	9780	9337	
14323	Quad4	9375	9782	9781	9356	
14324	Quad4	9394	9783	9782	9375	
14325	Quad4	9413	9784	9783	9394	
14326	Quad4	9432	9785	9784	9413	
14327	Quad4	9451	9786	9785	9432	
14328	Quad4	9470	9787	9786	9451	
14329	Quad4	9489	9788	9787	9470	
14330	Quad4	9508	9789	9788	9489	
14331	Quad4	9527	9790	9789	9508	
14332	Quad4	9546	9791	9790	9527	
14333	Quad4	9565	9792	9791	9546	
14334	Quad4	9584	9793	9792	9565	
14335	Quad4	9603	9794	9793	9584	
14336	Quad4	9622	9795	9794	9603	
14337	Quad4	9641	9796	9795	9622	
14338	Quad4	9660	9797	9796	9641	
14339	Quad4	9679	9798	9797	9660	
14340	Quad4	9799	16	9798	9679	
