Node Number	X Location (m)	Y Location (m)	Z Location (m)	
1	2.	8.	0.	
2	2.	2.	0.	
3	-2.	8.	0.	
4	-2.	2.	0.	
5	-2.	-2.	0.	
6	2.	-2.	0.	
7	-2.	-8.	0.	
8	2.	-8.	0.	
9	-10.	-2.	0.	
10	-10.	-8.	0.	
11	40.	-2.	0.	
12	40.	-8.	0.	
13	-10.	2.	0.	
14	-10.	8.	0.	
15	40.	2.	0.	
16	40.	8.	0.	
17	0.431	0.42576	0.	
18	0.50572	0.50072	0.	
19	0.58043	0.57569	0.	
20	0.65515	0.65065	0.	
21	0.72986	0.72561	0.	
22	0.80457	0.80058	0.	
23	0.87929	0.87554	0.	
24	0.954	0.95051	0.	
25	1.0287	1.0255	0.	
26	1.1034	1.1004	0.	
27	1.1781	1.1754	0.	
28	1.2529	1.2504	0.	
29	1.3276	1.3253	0.	
30	1.4023	1.4003	0.	
31	1.477	1.4753	0.	
32	1.5517	1.5502	0.	
33	1.6264	1.6252	0.	
34	1.7011	1.7001	0.	
35	1.7759	1.7751	0.	
36	1.8506	1.8501	0.	
37	1.9253	1.925	0.	
38	0.44767	0.40188	0.	
39	0.52159	0.47163	0.	
40	0.59551	0.54139	0.	
41	0.66943	0.61114	0.	
42	0.74335	0.68089	0.	
43	0.81727	0.75064	0.	
44	0.89119	0.82039	0.	
45	0.96511	0.89014	0.	
46	1.039	0.9599	0.	
47	1.113	1.0296	0.	
48	1.1869	1.0994	0.	
49	1.2608	1.1692	0.	
50	1.3347	1.2389	0.	
51	1.4086	1.3087	0.	
52	1.4826	1.3784	0.	
53	1.5565	1.4482	0.	
54	1.6304	1.5179	0.	
55	1.7043	1.5877	0.	
56	1.7782	1.6574	0.	
57	1.8522	1.7272	0.	
58	1.9261	1.7969	0.	
59	0.46386	0.37661	0.	
60	0.53701	0.44121	0.	
61	0.61016	0.50582	0.	
62	0.68331	0.57042	0.	
63	0.75646	0.63503	0.	
64	0.82961	0.69964	0.	
65	0.90276	0.76424	0.	
66	0.97591	0.82885	0.	
67	1.0491	0.89345	0.	
68	1.1222	0.95806	0.	
69	1.1954	1.0227	0.	
70	1.2685	1.0873	0.	
71	1.3417	1.1519	0.	
72	1.4148	1.2165	0.	
73	1.488	1.2811	0.	
74	1.5611	1.3457	0.	
75	1.6343	1.4103	0.	
76	1.7074	1.4749	0.	
77	1.7806	1.5395	0.	
78	1.8537	1.6041	0.	
79	1.9269	1.6687	0.	
80	0.47902	0.3505	0.	
81	0.55145	0.41	0.	
82	0.62388	0.4695	0.	
83	0.69631	0.529	0.	
84	0.76873	0.5885	0.	
85	0.84116	0.648	0.	
86	0.91359	0.7075	0.	
87	0.98602	0.767	0.	
88	1.0584	0.8265	0.	
89	1.1309	0.886	0.	
90	1.2033	0.9455	0.	
91	1.2757	1.005	0.	
92	1.3482	1.0645	0.	
93	1.4206	1.124	0.	
94	1.493	1.1835	0.	
95	1.5654	1.243	0.	
96	1.6379	1.3025	0.	
97	1.7103	1.362	0.	
98	1.7827	1.4215	0.	
99	1.8551	1.481	0.	
100	1.9276	1.5405	0.	
101	0.49311	0.32362	0.	
102	0.56487	0.37805	0.	
103	0.63662	0.43248	0.	
104	0.70838	0.48691	0.	
105	0.78014	0.54134	0.	
106	0.85189	0.59577	0.	
107	0.92365	0.6502	0.	
108	0.99541	0.70463	0.	
109	1.0672	0.75906	0.	
110	1.1389	0.81349	0.	
111	1.2107	0.86793	0.	
112	1.2824	0.92236	0.	
113	1.3542	0.97679	0.	
114	1.4259	1.0312	0.	
115	1.4977	1.0856	0.	
116	1.5695	1.1401	0.	
117	1.6412	1.1945	0.	
118	1.713	1.2489	0.	
119	1.7847	1.3034	0.	
120	1.8565	1.3578	0.	
121	1.9282	1.4122	0.	
122	0.50608	0.29602	0.	
123	0.57722	0.34542	0.	
124	0.64836	0.39481	0.	
125	0.7195	0.44421	0.	
126	0.79064	0.49361	0.	
127	0.86178	0.543	0.	
128	0.93292	0.5924	0.	
129	1.0041	0.64179	0.	
130	1.0752	0.69119	0.	
131	1.1463	0.74058	0.	
132	1.2175	0.78998	0.	
133	1.2886	0.83938	0.	
134	1.3597	0.88877	0.	
135	1.4309	0.93817	0.	
136	1.502	0.98756	0.	
137	1.5732	1.037	0.	
138	1.6443	1.0864	0.	
139	1.7154	1.1358	0.	
140	1.7866	1.1851	0.	
141	1.8577	1.2345	0.	
142	1.9289	1.2839	0.	
143	0.51842	0.26674	0.	
144	0.58897	0.31118	0.	
145	0.65952	0.35562	0.	
146	0.73007	0.40006	0.	
147	0.80062	0.4445	0.	
148	0.87117	0.48894	0.	
149	0.94173	0.53339	0.	
150	1.0123	0.57783	0.	
151	1.0828	0.62227	0.	
152	1.1534	0.66671	0.	
153	1.2239	0.71115	0.	
154	1.2945	0.75559	0.	
155	1.365	0.80003	0.	
156	1.4356	0.84447	0.	
157	1.5061	0.88891	0.	
158	1.5767	0.93335	0.	
159	1.6472	0.9778	0.	
160	1.7178	1.0222	0.	
161	1.7883	1.0667	0.	
162	1.8589	1.1111	0.	
163	1.9294	1.1556	0.	
164	0.52945	0.23681	0.	
165	0.59948	0.27633	0.	
166	0.66951	0.31585	0.	
167	0.73953	0.35536	0.	
168	0.80956	0.39488	0.	
169	0.87958	0.4344	0.	
170	0.94961	0.47391	0.	
171	1.0196	0.51343	0.	
172	1.0897	0.55295	0.	
173	1.1597	0.59246	0.	
174	1.2297	0.63198	0.	
175	1.2997	0.6715	0.	
176	1.3698	0.71102	0.	
177	1.4398	0.75053	0.	
178	1.5098	0.79005	0.	
179	1.5798	0.82957	0.	
180	1.6499	0.86908	0.	
181	1.7199	0.9086	0.	
182	1.7899	0.94812	0.	
183	1.8599	0.98763	0.	
184	1.93	1.0271	0.	
185	0.53916	0.20631	0.	
186	0.60872	0.24093	0.	
187	0.67829	0.27555	0.	
188	0.74785	0.31017	0.	
189	0.81742	0.34479	0.	
190	0.88698	0.37941	0.	
191	0.95654	0.41403	0.	
192	1.0261	0.44865	0.	
193	1.0957	0.48327	0.	
194	1.1652	0.51789	0.	
195	1.2348	0.55251	0.	
196	1.3044	0.58713	0.	
197	1.3739	0.62175	0.	
198	1.4435	0.65637	0.	
199	1.5131	0.69099	0.	
200	1.5826	0.72561	0.	
201	1.6522	0.76023	0.	
202	1.7217	0.79485	0.	
203	1.7913	0.82947	0.	
204	1.8609	0.86409	0.	
205	1.9304	0.89871	0.	
206	0.54751	0.17532	0.	
207	0.61667	0.20507	0.	
208	0.68584	0.23481	0.	
209	0.75501	0.26456	0.	
210	0.82417	0.29431	0.	
211	0.89334	0.32405	0.	
212	0.9625	0.3538	0.	
213	1.0317	0.38355	0.	
214	1.1008	0.41329	0.	
215	1.17	0.44304	0.	
216	1.2392	0.47279	0.	
217	1.3083	0.50253	0.	
218	1.3775	0.53228	0.	
219	1.4467	0.56203	0.	
220	1.5158	0.59177	0.	
221	1.585	0.62152	0.	
222	1.6542	0.65127	0.	
223	1.7233	0.68101	0.	
224	1.7925	0.71076	0.	
225	1.8617	0.74051	0.	
226	1.9308	0.77025	0.	
227	0.55447	0.1439	0.	
228	0.6233	0.16879	0.	
229	0.69214	0.19369	0.	
230	0.76097	0.21858	0.	
231	0.82981	0.24348	0.	
232	0.89864	0.26837	0.	
233	0.96748	0.29326	0.	
234	1.0363	0.31816	0.	
235	1.1051	0.34305	0.	
236	1.174	0.36794	0.	
237	1.2428	0.39284	0.	
238	1.3117	0.41773	0.	
239	1.3805	0.44262	0.	
240	1.4493	0.46752	0.	
241	1.5182	0.49241	0.	
242	1.587	0.51731	0.	
243	1.6558	0.5422	0.	
244	1.7247	0.56709	0.	
245	1.7935	0.59199	0.	
246	1.8623	0.61688	0.	
247	1.9312	0.64177	0.	
248	0.56002	0.11214	0.	
249	0.62859	0.13219	0.	
250	0.69716	0.15225	0.	
251	0.76573	0.17231	0.	
252	0.8343	0.19236	0.	
253	0.90287	0.21242	0.	
254	0.97144	0.23248	0.	
255	1.04	0.25254	0.	
256	1.1086	0.27259	0.	
257	1.1772	0.29265	0.	
258	1.2457	0.31271	0.	
259	1.3143	0.33276	0.	
260	1.3829	0.35282	0.	
261	1.4514	0.37288	0.	
262	1.52	0.39293	0.	
263	1.5886	0.41299	0.	
264	1.6571	0.43305	0.	
265	1.7257	0.45311	0.	
266	1.7943	0.47316	0.	
267	1.8629	0.49322	0.	
268	1.9314	0.51328	0.	
269	0.56414	8.0131e-002	0.	
270	0.63252	9.5363e-002	0.	
271	0.70089	0.11059	0.	
272	0.76927	0.12583	0.	
273	0.83764	0.14106	0.	
274	0.90601	0.15629	0.	
275	0.97439	0.17152	0.	
276	1.0428	0.18675	0.	
277	1.1111	0.20199	0.	
278	1.1795	0.21722	0.	
279	1.2479	0.23245	0.	
280	1.3163	0.24768	0.	
281	1.3846	0.26291	0.	
282	1.453	0.27815	0.	
283	1.5214	0.29338	0.	
284	1.5898	0.30861	0.	
285	1.6581	0.32384	0.	
286	1.7265	0.33907	0.	
287	1.7949	0.3543	0.	
288	1.8633	0.36954	0.	
289	1.9316	0.38477	0.	
290	0.56685	4.7746e-002	0.	
291	0.6351	5.8171e-002	0.	
292	0.70334	6.8596e-002	0.	
293	0.77159	7.9021e-002	0.	
294	0.83983	8.9446e-002	0.	
295	0.90808	9.987e-002	0.	
296	0.97632	0.1103	0.	
297	1.0446	0.12072	0.	
298	1.1128	0.13114	0.	
299	1.1811	0.14157	0.	
300	1.2493	0.15199	0.	
301	1.3175	0.16242	0.	
302	1.3858	0.17284	0.	
303	1.454	0.18327	0.	
304	1.5223	0.19369	0.	
305	1.5905	0.20412	0.	
306	1.6588	0.21454	0.	
307	1.727	0.22497	0.	
308	1.7953	0.23539	0.	
309	1.8635	0.24582	0.	
310	1.9318	0.25624	0.	
311	0.56809	1.5532e-002	0.	
312	0.63627	2.1141e-002	0.	
313	0.70446	2.6751e-002	0.	
314	0.77265	3.2361e-002	0.	
315	0.84083	3.797e-002	0.	
316	0.90902	4.358e-002	0.	
317	0.97721	4.9189e-002	0.	
318	1.0454	5.4799e-002	0.	
319	1.1136	6.0409e-002	0.	
320	1.1818	6.6018e-002	0.	
321	1.25	7.1628e-002	0.	
322	1.3181	7.7237e-002	0.	
323	1.3863	8.2847e-002	0.	
324	1.4545	8.8457e-002	0.	
325	1.5227	9.4066e-002	0.	
326	1.5909	9.9676e-002	0.	
327	1.6591	0.10529	0.	
328	1.7273	0.11089	0.	
329	1.7954	0.1165	0.	
330	1.8636	0.12211	0.	
331	1.9318	0.12772	0.	
332	0.56794	-1.5125e-002	0.	
333	0.63614	-1.4404e-002	0.	
334	0.70433	-1.3684e-002	0.	
335	0.77252	-1.2964e-002	0.	
336	0.84072	-1.2244e-002	0.	
337	0.90891	-1.1523e-002	0.	
338	0.9771	-1.0803e-002	0.	
339	1.0453	-1.0083e-002	0.	
340	1.1135	-9.3628e-003	0.	
341	1.1817	-8.6426e-003	0.	
342	1.2499	-7.9224e-003	0.	
343	1.3181	-7.2022e-003	0.	
344	1.3863	-6.482e-003	0.	
345	1.4545	-5.7617e-003	0.	
346	1.5226	-5.0415e-003	0.	
347	1.5908	-4.3213e-003	0.	
348	1.659	-3.6011e-003	0.	
349	1.7272	-2.8809e-003	0.	
350	1.7954	-2.1607e-003	0.	
351	1.8636	-1.4404e-003	0.	
352	1.9318	-7.2022e-004	0.	
353	0.56657	-4.5303e-002	0.	
354	0.63482	-4.9495e-002	0.	
355	0.70308	-5.3687e-002	0.	
356	0.77134	-5.7879e-002	0.	
357	0.8396	-6.2071e-002	0.	
358	0.90786	-6.6263e-002	0.	
359	0.97612	-7.0455e-002	0.	
360	1.0444	-7.4647e-002	0.	
361	1.1126	-7.8839e-002	0.	
362	1.1809	-8.3031e-002	0.	
363	1.2492	-8.7222e-002	0.	
364	1.3174	-9.1414e-002	0.	
365	1.3857	-9.5606e-002	0.	
366	1.4539	-9.9798e-002	0.	
367	1.5222	-0.10399	0.	
368	1.5904	-0.10818	0.	
369	1.6587	-0.11237	0.	
370	1.727	-0.11657	0.	
371	1.7952	-0.12076	0.	
372	1.8635	-0.12495	0.	
373	1.9317	-0.12914	0.	
374	0.56408	-7.4539e-002	0.	
375	0.63246	-8.3688e-002	0.	
376	0.70084	-9.2837e-002	0.	
377	0.76921	-0.10199	0.	
378	0.83759	-0.11113	0.	
379	0.90597	-0.12028	0.	
380	0.97434	-0.12943	0.	
381	1.0427	-0.13858	0.	
382	1.1111	-0.14773	0.	
383	1.1795	-0.15688	0.	
384	1.2479	-0.16603	0.	
385	1.3162	-0.17518	0.	
386	1.3846	-0.18433	0.	
387	1.453	-0.19348	0.	
388	1.5214	-0.20262	0.	
389	1.5897	-0.21177	0.	
390	1.6581	-0.22092	0.	
391	1.7265	-0.23007	0.	
392	1.7949	-0.23922	0.	
393	1.8632	-0.24837	0.	
394	1.9316	-0.25752	0.	
395	0.56059	-0.10297	0.	
396	0.62913	-0.11711	0.	
397	0.69768	-0.13126	0.	
398	0.76622	-0.1454	0.	
399	0.83476	-0.15955	0.	
400	0.90331	-0.17369	0.	
401	0.97185	-0.18784	0.	
402	1.0404	-0.20198	0.	
403	1.1089	-0.21612	0.	
404	1.1775	-0.23027	0.	
405	1.246	-0.24441	0.	
406	1.3146	-0.25856	0.	
407	1.3831	-0.2727	0.	
408	1.4517	-0.28685	0.	
409	1.5202	-0.30099	0.	
410	1.5887	-0.31513	0.	
411	1.6573	-0.32928	0.	
412	1.7258	-0.34342	0.	
413	1.7944	-0.35757	0.	
414	1.8629	-0.37171	0.	
415	1.9315	-0.38586	0.	
416	0.55612	-0.13087	0.	
417	0.62488	-0.15003	0.	
418	0.69363	-0.1692	0.	
419	0.76239	-0.18836	0.	
420	0.83114	-0.20753	0.	
421	0.8999	-0.22669	0.	
422	0.96866	-0.24586	0.	
423	1.0374	-0.26502	0.	
424	1.1062	-0.28419	0.	
425	1.1749	-0.30335	0.	
426	1.2437	-0.32252	0.	
427	1.3124	-0.34168	0.	
428	1.3812	-0.36085	0.	
429	1.45	-0.38001	0.	
430	1.5187	-0.39918	0.	
431	1.5875	-0.41834	0.	
432	1.6562	-0.43751	0.	
433	1.725	-0.45667	0.	
434	1.7937	-0.47584	0.	
435	1.8625	-0.495	0.	
436	1.9312	-0.51417	0.	
437	0.55082	-0.15786	0.	
438	0.61983	-0.18209	0.	
439	0.68884	-0.20632	0.	
440	0.75785	-0.23055	0.	
441	0.82685	-0.25478	0.	
442	0.89586	-0.27901	0.	
443	0.96487	-0.30324	0.	
444	1.0339	-0.32746	0.	
445	1.1029	-0.35169	0.	
446	1.1719	-0.37592	0.	
447	1.2409	-0.40015	0.	
448	1.3099	-0.42438	0.	
449	1.3789	-0.44861	0.	
450	1.4479	-0.47284	0.	
451	1.5169	-0.49707	0.	
452	1.5859	-0.52129	0.	
453	1.655	-0.54552	0.	
454	1.724	-0.56975	0.	
455	1.793	-0.59398	0.	
456	1.862	-0.61821	0.	
457	1.931	-0.64244	0.	
458	0.54458	-0.18461	0.	
459	0.61388	-0.21391	0.	
460	0.68319	-0.24322	0.	
461	0.75249	-0.27252	0.	
462	0.8218	-0.30182	0.	
463	0.89111	-0.33113	0.	
464	0.96041	-0.36043	0.	
465	1.0297	-0.38974	0.	
466	1.099	-0.41904	0.	
467	1.1683	-0.44835	0.	
468	1.2376	-0.47765	0.	
469	1.3069	-0.50696	0.	
470	1.3762	-0.53626	0.	
471	1.4456	-0.56556	0.	
472	1.5149	-0.59487	0.	
473	1.5842	-0.62417	0.	
474	1.6535	-0.65348	0.	
475	1.7228	-0.68278	0.	
476	1.7921	-0.71209	0.	
477	1.8614	-0.74139	0.	
478	1.9307	-0.7707	0.	
479	0.5374	-0.21105	0.	
480	0.60705	-0.24544	0.	
481	0.6767	-0.27984	0.	
482	0.74634	-0.31423	0.	
483	0.81599	-0.34863	0.	
484	0.88564	-0.38302	0.	
485	0.95529	-0.41741	0.	
486	1.0249	-0.45181	0.	
487	1.0946	-0.4862	0.	
488	1.1642	-0.5206	0.	
489	1.2339	-0.55499	0.	
490	1.3035	-0.58939	0.	
491	1.3732	-0.62378	0.	
492	1.4428	-0.65818	0.	
493	1.5125	-0.69257	0.	
494	1.5821	-0.72697	0.	
495	1.6518	-0.76136	0.	
496	1.7214	-0.79576	0.	
497	1.7911	-0.83015	0.	
498	1.8607	-0.86454	0.	
499	1.9304	-0.89894	0.	
500	0.52931	-0.23714	0.	
501	0.59935	-0.27664	0.	
502	0.66938	-0.31614	0.	
503	0.73941	-0.35565	0.	
504	0.80944	-0.39515	0.	
505	0.87948	-0.43465	0.	
506	0.94951	-0.47415	0.	
507	1.0195	-0.51365	0.	
508	1.0896	-0.55315	0.	
509	1.1596	-0.59265	0.	
510	1.2296	-0.63215	0.	
511	1.2997	-0.67165	0.	
512	1.3697	-0.71116	0.	
513	1.4397	-0.75066	0.	
514	1.5098	-0.79016	0.	
515	1.5798	-0.82966	0.	
516	1.6498	-0.86916	0.	
517	1.7199	-0.90866	0.	
518	1.7899	-0.94816	0.	
519	1.8599	-0.98766	0.	
520	1.93	-1.0272	0.	
521	0.52074	-0.26199	0.	
522	0.59118	-0.30666	0.	
523	0.66162	-0.35133	0.	
524	0.73206	-0.39599	0.	
525	0.8025	-0.44066	0.	
526	0.87294	-0.48533	0.	
527	0.94339	-0.53	0.	
528	1.0138	-0.57466	0.	
529	1.0843	-0.61933	0.	
530	1.1547	-0.664	0.	
531	1.2251	-0.70866	0.	
532	1.2956	-0.75333	0.	
533	1.366	-0.798	0.	
534	1.4365	-0.84266	0.	
535	1.5069	-0.88733	0.	
536	1.5774	-0.932	0.	
537	1.6478	-0.97667	0.	
538	1.7182	-1.0213	0.	
539	1.7887	-1.066	0.	
540	1.8591	-1.1107	0.	
541	1.9296	-1.1553	0.	
542	0.51136	-0.28646	0.	
543	0.58225	-0.33631	0.	
544	0.65314	-0.38616	0.	
545	0.72402	-0.43601	0.	
546	0.79491	-0.48586	0.	
547	0.8658	-0.53571	0.	
548	0.93669	-0.58556	0.	
549	1.0076	-0.63542	0.	
550	1.0785	-0.68527	0.	
551	1.1493	-0.73512	0.	
552	1.2202	-0.78497	0.	
553	1.2911	-0.83482	0.	
554	1.362	-0.88467	0.	
555	1.4329	-0.93452	0.	
556	1.5038	-0.98437	0.	
557	1.5747	-1.0342	0.	
558	1.6456	-1.0841	0.	
559	1.7164	-1.1339	0.	
560	1.7873	-1.1838	0.	
561	1.8582	-1.2336	0.	
562	1.9291	-1.2835	0.	
563	0.50119	-0.3105	0.	
564	0.57257	-0.36556	0.	
565	0.64394	-0.42061	0.	
566	0.71531	-0.47567	0.	
567	0.78668	-0.53072	0.	
568	0.85805	-0.58578	0.	
569	0.92942	-0.64083	0.	
570	1.0008	-0.69589	0.	
571	1.0722	-0.75094	0.	
572	1.1435	-0.806	0.	
573	1.2149	-0.86106	0.	
574	1.2863	-0.91611	0.	
575	1.3577	-0.97117	0.	
576	1.429	-1.0262	0.	
577	1.5004	-1.0813	0.	
578	1.5718	-1.1363	0.	
579	1.6431	-1.1914	0.	
580	1.7145	-1.2464	0.	
581	1.7859	-1.3015	0.	
582	1.8573	-1.3566	0.	
583	1.9286	-1.4116	0.	
584	0.49024	-0.33411	0.	
585	0.56214	-0.39439	0.	
586	0.63403	-0.45467	0.	
587	0.70592	-0.51495	0.	
588	0.77781	-0.57523	0.	
589	0.84971	-0.63551	0.	
590	0.9216	-0.6958	0.	
591	0.99349	-0.75608	0.	
592	1.0654	-0.81636	0.	
593	1.1373	-0.87664	0.	
594	1.2092	-0.93692	0.	
595	1.2811	-0.9972	0.	
596	1.353	-1.0575	0.	
597	1.4249	-1.1178	0.	
598	1.4967	-1.178	0.	
599	1.5686	-1.2383	0.	
600	1.6405	-1.2986	0.	
601	1.7124	-1.3589	0.	
602	1.7843	-1.4192	0.	
603	1.8562	-1.4794	0.	
604	1.9281	-1.5397	0.	
605	0.47839	-0.35745	0.	
606	0.55084	-0.42297	0.	
607	0.6233	-0.48848	0.	
608	0.69576	-0.554	0.	
609	0.76822	-0.61952	0.	
610	0.84067	-0.68504	0.	
611	0.91313	-0.75056	0.	
612	0.98559	-0.81608	0.	
613	1.058	-0.88159	0.	
614	1.1305	-0.94711	0.	
615	1.203	-1.0126	0.	
616	1.2754	-1.0781	0.	
617	1.3479	-1.1437	0.	
618	1.4203	-1.2092	0.	
619	1.4928	-1.2747	0.	
620	1.5653	-1.3402	0.	
621	1.6377	-1.4057	0.	
622	1.7102	-1.4713	0.	
623	1.7826	-1.5368	0.	
624	1.8551	-1.6023	0.	
625	1.9275	-1.6678	0.	
626	0.46541	-0.38072	0.	
627	0.53848	-0.45148	0.	
628	0.61156	-0.52224	0.	
629	0.68463	-0.593	0.	
630	0.75771	-0.66376	0.	
631	0.83079	-0.73452	0.	
632	0.90386	-0.80528	0.	
633	0.97694	-0.87604	0.	
634	1.05	-0.9468	0.	
635	1.1231	-1.0176	0.	
636	1.1962	-1.0883	0.	
637	1.2692	-1.1591	0.	
638	1.3423	-1.2298	0.	
639	1.4154	-1.3006	0.	
640	1.4885	-1.3714	0.	
641	1.5615	-1.4421	0.	
642	1.6346	-1.5129	0.	
643	1.7077	-1.5836	0.	
644	1.7808	-1.6544	0.	
645	1.8538	-1.7251	0.	
646	1.9269	-1.7959	0.	
647	0.45086	-0.40432	0.	
648	0.52462	-0.48031	0.	
649	0.59839	-0.55629	0.	
650	0.67216	-0.63228	0.	
651	0.74593	-0.70826	0.	
652	0.8197	-0.78424	0.	
653	0.89347	-0.86023	0.	
654	0.96724	-0.93621	0.	
655	1.041	-1.0122	0.	
656	1.1148	-1.0882	0.	
657	1.1885	-1.1642	0.	
658	1.2623	-1.2402	0.	
659	1.3361	-1.3161	0.	
660	1.4098	-1.3921	0.	
661	1.4836	-1.4681	0.	
662	1.5574	-1.5441	0.	
663	1.6312	-1.6201	0.	
664	1.7049	-1.6961	0.	
665	1.7787	-1.772	0.	
666	1.8525	-1.848	0.	
667	1.9262	-1.924	0.	
668	0.42915	-0.42144	0.	
669	0.4976	-0.49661	0.	
670	0.56605	-0.57178	0.	
671	0.63451	-0.64695	0.	
672	0.70296	-0.72212	0.	
673	0.77141	-0.79729	0.	
674	0.83987	-0.87246	0.	
675	0.90832	-0.94762	0.	
676	0.97677	-1.0228	0.	
677	1.0452	-1.098	0.	
678	1.1137	-1.1731	0.	
679	1.1821	-1.2483	0.	
680	1.2506	-1.3235	0.	
681	1.319	-1.3986	0.	
682	1.3875	-1.4738	0.	
683	1.4559	-1.549	0.	
684	1.5244	-1.6242	0.	
685	1.5929	-1.6993	0.	
686	1.6613	-1.7745	0.	
687	1.7298	-1.8497	0.	
688	1.7982	-1.9248	0.	
689	0.4059	-0.43845	0.	
690	0.46911	-0.51281	0.	
691	0.53232	-0.58717	0.	
692	0.59553	-0.66153	0.	
693	0.65875	-0.73589	0.	
694	0.72196	-0.81025	0.	
695	0.78517	-0.88461	0.	
696	0.84838	-0.95897	0.	
697	0.91159	-1.0333	0.	
698	0.9748	-1.1077	0.	
699	1.038	-1.182	0.	
700	1.1012	-1.2564	0.	
701	1.1644	-1.3308	0.	
702	1.2276	-1.4051	0.	
703	1.2909	-1.4795	0.	
704	1.3541	-1.5538	0.	
705	1.4173	-1.6282	0.	
706	1.4805	-1.7026	0.	
707	1.5437	-1.7769	0.	
708	1.6069	-1.8513	0.	
709	1.6701	-1.9256	0.	
710	0.38102	-0.45525	0.	
711	0.43907	-0.52881	0.	
712	0.49712	-0.60237	0.	
713	0.55516	-0.67593	0.	
714	0.61321	-0.74949	0.	
715	0.67126	-0.82305	0.	
716	0.7293	-0.89661	0.	
717	0.78735	-0.97017	0.	
718	0.8454	-1.0437	0.	
719	0.90344	-1.1173	0.	
720	0.96149	-1.1908	0.	
721	1.0195	-1.2644	0.	
722	1.0776	-1.338	0.	
723	1.1356	-1.4115	0.	
724	1.1937	-1.4851	0.	
725	1.2517	-1.5586	0.	
726	1.3098	-1.6322	0.	
727	1.3678	-1.7058	0.	
728	1.4259	-1.7793	0.	
729	1.4839	-1.8529	0.	
730	1.542	-1.9264	0.	
731	0.3553	-0.47102	0.	
732	0.40822	-0.54383	0.	
733	0.46114	-0.61663	0.	
734	0.51406	-0.68944	0.	
735	0.56699	-0.76225	0.	
736	0.61991	-0.83506	0.	
737	0.67283	-0.90787	0.	
738	0.72575	-0.98068	0.	
739	0.77868	-1.0535	0.	
740	0.8316	-1.1263	0.	
741	0.88452	-1.1991	0.	
742	0.93744	-1.2719	0.	
743	0.99037	-1.3447	0.	
744	1.0433	-1.4175	0.	
745	1.0962	-1.4903	0.	
746	1.1491	-1.5631	0.	
747	1.2021	-1.636	0.	
748	1.255	-1.7088	0.	
749	1.3079	-1.7816	0.	
750	1.3608	-1.8544	0.	
751	1.4137	-1.9272	0.	
752	0.32813	-0.48616	0.	
753	0.376	-0.55825	0.	
754	0.42386	-0.63033	0.	
755	0.47173	-0.70242	0.	
756	0.5196	-0.77451	0.	
757	0.56746	-0.8466	0.	
758	0.61533	-0.91868	0.	
759	0.6632	-0.99077	0.	
760	0.71106	-1.0629	0.	
761	0.75893	-1.1349	0.	
762	0.8068	-1.207	0.	
763	0.85466	-1.2791	0.	
764	0.90253	-1.3512	0.	
765	0.9504	-1.4233	0.	
766	0.99826	-1.4954	0.	
767	1.0461	-1.5675	0.	
768	1.094	-1.6396	0.	
769	1.1419	-1.7116	0.	
770	1.1897	-1.7837	0.	
771	1.2376	-1.8558	0.	
772	1.2855	-1.9279	0.	
773	0.30017	-0.50013	0.	
774	0.34302	-0.57155	0.	
775	0.38587	-0.64297	0.	
776	0.42872	-0.71439	0.	
777	0.47156	-0.78582	0.	
778	0.51441	-0.85724	0.	
779	0.55726	-0.92866	0.	
780	0.60011	-1.0001	0.	
781	0.64296	-1.0715	0.	
782	0.68581	-1.1429	0.	
783	0.72866	-1.2144	0.	
784	0.77151	-1.2858	0.	
785	0.81436	-1.3572	0.	
786	0.85721	-1.4286	0.	
787	0.90006	-1.5	0.	
788	0.94291	-1.5715	0.	
789	0.98575	-1.6429	0.	
790	1.0286	-1.7143	0.	
791	1.0715	-1.7857	0.	
792	1.1143	-1.8572	0.	
793	1.1572	-1.9286	0.	
794	0.27148	-0.51288	0.	
795	0.30935	-0.5837	0.	
796	0.34721	-0.65451	0.	
797	0.38508	-0.72533	0.	
798	0.42294	-0.79614	0.	
799	0.46081	-0.86696	0.	
800	0.49868	-0.93777	0.	
801	0.53654	-1.0086	0.	
802	0.57441	-1.0794	0.	
803	0.61227	-1.1502	0.	
804	0.65014	-1.221	0.	
805	0.68801	-1.2918	0.	
806	0.72587	-1.3627	0.	
807	0.76374	-1.4335	0.	
808	0.8016	-1.5043	0.	
809	0.83947	-1.5751	0.	
810	0.87734	-1.6459	0.	
811	0.9152	-1.7167	0.	
812	0.95307	-1.7876	0.	
813	0.99093	-1.8584	0.	
814	1.0288	-1.9292	0.	
815	0.24213	-0.52439	0.	
816	0.27505	-0.59466	0.	
817	0.30796	-0.66492	0.	
818	0.34087	-0.73519	0.	
819	0.37379	-0.80546	0.	
820	0.4067	-0.87573	0.	
821	0.43962	-0.94599	0.	
822	0.47253	-1.0163	0.	
823	0.50545	-1.0865	0.	
824	0.53836	-1.1568	0.	
825	0.57128	-1.2271	0.	
826	0.60419	-1.2973	0.	
827	0.6371	-1.3676	0.	
828	0.67002	-1.4379	0.	
829	0.70293	-1.5081	0.	
830	0.73585	-1.5784	0.	
831	0.76876	-1.6487	0.	
832	0.80168	-1.7189	0.	
833	0.83459	-1.7892	0.	
834	0.8675	-1.8595	0.	
835	0.90042	-1.9297	0.	
836	0.21219	-0.53461	0.	
837	0.24018	-0.60439	0.	
838	0.26817	-0.67417	0.	
839	0.29616	-0.74395	0.	
840	0.32416	-0.81373	0.	
841	0.35215	-0.88352	0.	
842	0.38014	-0.9533	0.	
843	0.40813	-1.0231	0.	
844	0.43612	-1.0929	0.	
845	0.46411	-1.1626	0.	
846	0.4921	-1.2324	0.	
847	0.52009	-1.3022	0.	
848	0.54808	-1.372	0.	
849	0.57607	-1.4418	0.	
850	0.60406	-1.5115	0.	
851	0.63205	-1.5813	0.	
852	0.66005	-1.6511	0.	
853	0.68804	-1.7209	0.	
854	0.71603	-1.7907	0.	
855	0.74402	-1.8604	0.	
856	0.77201	-1.9302	0.	
857	0.18173	-0.54352	0.	
858	0.20482	-0.61288	0.	
859	0.22792	-0.68223	0.	
860	0.25101	-0.75159	0.	
861	0.2741	-0.82095	0.	
862	0.29719	-0.8903	0.	
863	0.32028	-0.95966	0.	
864	0.34338	-1.029	0.	
865	0.36647	-1.0984	0.	
866	0.38956	-1.1677	0.	
867	0.41265	-1.2371	0.	
868	0.43574	-1.3064	0.	
869	0.45884	-1.3758	0.	
870	0.48193	-1.4452	0.	
871	0.50502	-1.5145	0.	
872	0.52811	-1.5839	0.	
873	0.55121	-1.6532	0.	
874	0.5743	-1.7226	0.	
875	0.59739	-1.7919	0.	
876	0.62048	-1.8613	0.	
877	0.64357	-1.9306	0.	
878	0.15006	-0.5513	0.	
879	0.16831	-0.62029	0.	
880	0.18656	-0.68927	0.	
881	0.20481	-0.75826	0.	
882	0.22306	-0.82724	0.	
883	0.24131	-0.89623	0.	
884	0.25957	-0.96521	0.	
885	0.27782	-1.0342	0.	
886	0.29607	-1.1032	0.	
887	0.31432	-1.1722	0.	
888	0.33257	-1.2412	0.	
889	0.35082	-1.3101	0.	
890	0.36907	-1.3791	0.	
891	0.38732	-1.4481	0.	
892	0.40558	-1.5171	0.	
893	0.42383	-1.5861	0.	
894	0.44208	-1.6551	0.	
895	0.46033	-1.7241	0.	
896	0.47858	-1.793	0.	
897	0.49683	-1.862	0.	
898	0.51508	-1.931	0.	
899	0.11799	-0.55763	0.	
900	0.13142	-0.62631	0.	
901	0.14485	-0.695	0.	
902	0.15828	-0.76368	0.	
903	0.17171	-0.83237	0.	
904	0.18514	-0.90105	0.	
905	0.19856	-0.96974	0.	
906	0.21199	-1.0384	0.	
907	0.22542	-1.1071	0.	
908	0.23885	-1.1758	0.	
909	0.25228	-1.2445	0.	
910	0.26571	-1.3132	0.	
911	0.27914	-1.3818	0.	
912	0.29257	-1.4505	0.	
913	0.306	-1.5192	0.	
914	0.31943	-1.5879	0.	
915	0.33285	-1.6566	0.	
916	0.34628	-1.7253	0.	
917	0.35971	-1.7939	0.	
918	0.37314	-1.8626	0.	
919	0.38657	-1.9313	0.	
920	8.561e-002	-0.56249	0.	
921	9.4231e-002	-0.63094	0.	
922	0.10285	-0.6994	0.	
923	0.11147	-0.76785	0.	
924	0.1201	-0.8363	0.	
925	0.12872	-0.90475	0.	
926	0.13734	-0.97321	0.	
927	0.14596	-1.0417	0.	
928	0.15458	-1.1101	0.	
929	0.16321	-1.1786	0.	
930	0.17183	-1.247	0.	
931	0.18045	-1.3155	0.	
932	0.18907	-1.3839	0.	
933	0.19769	-1.4524	0.	
934	0.20631	-1.5208	0.	
935	0.21494	-1.5893	0.	
936	0.22356	-1.6577	0.	
937	0.23218	-1.7262	0.	
938	0.2408	-1.7946	0.	
939	0.24942	-1.8631	0.	
940	0.25804	-1.9315	0.	
941	5.3056e-002	-0.56586	0.	
942	5.6878e-002	-0.63415	0.	
943	6.0701e-002	-0.70245	0.	
944	6.4524e-002	-0.77074	0.	
945	6.8347e-002	-0.83903	0.	
946	7.2169e-002	-0.90732	0.	
947	7.5992e-002	-0.97562	0.	
948	7.9815e-002	-1.0439	0.	
949	8.3638e-002	-1.1122	0.	
950	8.746e-002	-1.1805	0.	
951	9.1283e-002	-1.2488	0.	
952	9.5106e-002	-1.3171	0.	
953	9.8929e-002	-1.3854	0.	
954	0.10275	-1.4537	0.	
955	0.10657	-1.522	0.	
956	0.1104	-1.5902	0.	
957	0.11422	-1.6585	0.	
958	0.11804	-1.7268	0.	
959	0.12187	-1.7951	0.	
960	0.12569	-1.8634	0.	
961	0.12951	-1.9317	0.	
962	2.1323e-002	-0.56771	0.	
963	2.0307e-002	-0.63591	0.	
964	1.9292e-002	-0.70411	0.	
965	1.8277e-002	-0.77232	0.	
966	1.7261e-002	-0.84052	0.	
967	1.6246e-002	-0.90873	0.	
968	1.5231e-002	-0.97693	0.	
969	1.4215e-002	-1.0451	0.	
970	1.32e-002	-1.1133	0.	
971	1.2184e-002	-1.1815	0.	
972	1.1169e-002	-1.2498	0.	
973	1.0154e-002	-1.318	0.	
974	9.1383e-003	-1.3862	0.	
975	8.123e-003	-1.4544	0.	
976	7.1076e-003	-1.5226	0.	
977	6.0922e-003	-1.5908	0.	
978	5.0768e-003	-1.659	0.	
979	4.0615e-003	-1.7272	0.	
980	3.0461e-003	-1.7954	0.	
981	2.0307e-003	-1.8636	0.	
982	1.0154e-003	-1.9318	0.	
983	-9.7679e-003	-0.56817	0.	
984	-1.5652e-002	-0.63635	0.	
985	-2.1536e-002	-0.70453	0.	
986	-2.742e-002	-0.77271	0.	
987	-3.3304e-002	-0.8409	0.	
988	-3.9188e-002	-0.90908	0.	
989	-4.5072e-002	-0.97726	0.	
990	-5.0956e-002	-1.0454	0.	
991	-5.684e-002	-1.1136	0.	
992	-6.2725e-002	-1.1818	0.	
993	-6.8609e-002	-1.25	0.	
994	-7.4493e-002	-1.3182	0.	
995	-8.0377e-002	-1.3864	0.	
996	-8.6261e-002	-1.4545	0.	
997	-9.2145e-002	-1.5227	0.	
998	-9.8029e-002	-1.5909	0.	
999	-0.10391	-1.6591	0.	
1000	-0.1098	-1.7273	0.	
1001	-0.11568	-1.7955	0.	
1002	-0.12157	-1.8636	0.	
1003	-0.12745	-1.9318	0.	
1004	-4.0846e-002	-0.56732	0.	
1005	-5.16e-002	-0.63554	0.	
1006	-6.2353e-002	-0.70376	0.	
1007	-7.3106e-002	-0.77199	0.	
1008	-8.386e-002	-0.84021	0.	
1009	-9.4613e-002	-0.90843	0.	
1010	-0.10537	-0.97665	0.	
1011	-0.11612	-1.0449	0.	
1012	-0.12687	-1.1131	0.	
1013	-0.13763	-1.1813	0.	
1014	-0.14838	-1.2495	0.	
1015	-0.15913	-1.3178	0.	
1016	-0.16989	-1.386	0.	
1017	-0.18064	-1.4542	0.	
1018	-0.19139	-1.5224	0.	
1019	-0.20215	-1.5907	0.	
1020	-0.2129	-1.6589	0.	
1021	-0.22365	-1.7271	0.	
1022	-0.23441	-1.7953	0.	
1023	-0.24516	-1.8636	0.	
1024	-0.25591	-1.9318	0.	
1025	-7.1846e-002	-0.56516	0.	
1026	-8.7472e-002	-0.63348	0.	
1027	-0.1031	-0.70181	0.	
1028	-0.11872	-0.77013	0.	
1029	-0.13435	-0.83846	0.	
1030	-0.14998	-0.90678	0.	
1031	-0.1656	-0.97511	0.	
1032	-0.18123	-1.0434	0.	
1033	-0.19686	-1.1118	0.	
1034	-0.21248	-1.1801	0.	
1035	-0.22811	-1.2484	0.	
1036	-0.24374	-1.3167	0.	
1037	-0.25936	-1.3851	0.	
1038	-0.27499	-1.4534	0.	
1039	-0.29062	-1.5217	0.	
1040	-0.30624	-1.59	0.	
1041	-0.32187	-1.6584	0.	
1042	-0.33749	-1.7267	0.	
1043	-0.35312	-1.795	0.	
1044	-0.36875	-1.8633	0.	
1045	-0.38437	-1.9317	0.	
1046	-0.1027	-0.56169	0.	
1047	-0.1232	-0.63018	0.	
1048	-0.14371	-0.69867	0.	
1049	-0.16422	-0.76716	0.	
1050	-0.18472	-0.83565	0.	
1051	-0.20523	-0.90414	0.	
1052	-0.22574	-0.97264	0.	
1053	-0.24624	-1.0411	0.	
1054	-0.26675	-1.1096	0.	
1055	-0.28726	-1.1781	0.	
1056	-0.30776	-1.2466	0.	
1057	-0.32827	-1.3151	0.	
1058	-0.34878	-1.3836	0.	
1059	-0.36928	-1.4521	0.	
1060	-0.38979	-1.5206	0.	
1061	-0.41029	-1.5891	0.	
1062	-0.4308	-1.6575	0.	
1063	-0.45131	-1.726	0.	
1064	-0.47181	-1.7945	0.	
1065	-0.49232	-1.863	0.	
1066	-0.51283	-1.9315	0.	
1067	-0.13333	-0.55693	0.	
1068	-0.15873	-0.62565	0.	
1069	-0.18413	-0.69436	0.	
1070	-0.20952	-0.76308	0.	
1071	-0.23492	-0.8318	0.	
1072	-0.26032	-0.90052	0.	
1073	-0.28571	-0.96923	0.	
1074	-0.31111	-1.038	0.	
1075	-0.33651	-1.1067	0.	
1076	-0.3619	-1.1754	0.	
1077	-0.3873	-1.2441	0.	
1078	-0.4127	-1.3128	0.	
1079	-0.4381	-1.3815	0.	
1080	-0.46349	-1.4503	0.	
1081	-0.48889	-1.519	0.	
1082	-0.51429	-1.5877	0.	
1083	-0.53968	-1.6564	0.	
1084	-0.56508	-1.7251	0.	
1085	-0.59048	-1.7938	0.	
1086	-0.61587	-1.8626	0.	
1087	-0.64127	-1.9313	0.	
1088	-0.16369	-0.55089	0.	
1089	-0.19399	-0.61989	0.	
1090	-0.22429	-0.6889	0.	
1091	-0.25459	-0.7579	0.	
1092	-0.28489	-0.82691	0.	
1093	-0.31519	-0.89591	0.	
1094	-0.34549	-0.96492	0.	
1095	-0.37579	-1.0339	0.	
1096	-0.40609	-1.1029	0.	
1097	-0.43639	-1.1719	0.	
1098	-0.46669	-1.2409	0.	
1099	-0.49699	-1.3099	0.	
1100	-0.52729	-1.379	0.	
1101	-0.55759	-1.448	0.	
1102	-0.5879	-1.517	0.	
1103	-0.6182	-1.586	0.	
1104	-0.6485	-1.655	0.	
1105	-0.6788	-1.724	0.	
1106	-0.7091	-1.793	0.	
1107	-0.7394	-1.862	0.	
1108	-0.7697	-1.931	0.	
1109	-0.19369	-0.54358	0.	
1110	-0.22891	-0.61293	0.	
1111	-0.26413	-0.68228	0.	
1112	-0.29935	-0.75164	0.	
1113	-0.33457	-0.82099	0.	
1114	-0.36979	-0.89034	0.	
1115	-0.40502	-0.9597	0.	
1116	-0.44024	-1.0291	0.	
1117	-0.47546	-1.0984	0.	
1118	-0.51068	-1.1678	0.	
1119	-0.5459	-1.2371	0.	
1120	-0.58112	-1.3065	0.	
1121	-0.61634	-1.3758	0.	
1122	-0.65156	-1.4452	0.	
1123	-0.68678	-1.5145	0.	
1124	-0.72201	-1.5839	0.	
1125	-0.75723	-1.6532	0.	
1126	-0.79245	-1.7226	0.	
1127	-0.82767	-1.7919	0.	
1128	-0.86289	-1.8613	0.	
1129	-0.89811	-1.9306	0.	
1130	-0.22327	-0.53502	0.	
1131	-0.26344	-0.60478	0.	
1132	-0.3036	-0.67455	0.	
1133	-0.34376	-0.74431	0.	
1134	-0.38392	-0.81407	0.	
1135	-0.42408	-0.88383	0.	
1136	-0.46424	-0.95359	0.	
1137	-0.5044	-1.0233	0.	
1138	-0.54457	-1.0931	0.	
1139	-0.58473	-1.1629	0.	
1140	-0.62489	-1.2326	0.	
1141	-0.66505	-1.3024	0.	
1142	-0.70521	-1.3722	0.	
1143	-0.74537	-1.4419	0.	
1144	-0.78554	-1.5117	0.	
1145	-0.8257	-1.5814	0.	
1146	-0.86586	-1.6512	0.	
1147	-0.90602	-1.721	0.	
1148	-0.94618	-1.7907	0.	
1149	-0.98634	-1.8605	0.	
1150	-1.0265	-1.9302	0.	
1151	-0.25238	-0.52525	0.	
1152	-0.2975	-0.59548	0.	
1153	-0.34263	-0.6657	0.	
1154	-0.38775	-0.73593	0.	
1155	-0.43288	-0.80615	0.	
1156	-0.478	-0.87638	0.	
1157	-0.52313	-0.94661	0.	
1158	-0.56825	-1.0168	0.	
1159	-0.61338	-1.0871	0.	
1160	-0.6585	-1.1573	0.	
1161	-0.70363	-1.2275	0.	
1162	-0.74875	-1.2977	0.	
1163	-0.79388	-1.368	0.	
1164	-0.839	-1.4382	0.	
1165	-0.88413	-1.5084	0.	
1166	-0.92925	-1.5786	0.	
1167	-0.97438	-1.6489	0.	
1168	-1.0195	-1.7191	0.	
1169	-1.0646	-1.7893	0.	
1170	-1.1098	-1.8595	0.	
1171	-1.1549	-1.9298	0.	
1172	-0.28094	-0.51428	0.	
1173	-0.33105	-0.58503	0.	
1174	-0.38117	-0.65578	0.	
1175	-0.43128	-0.72652	0.	
1176	-0.4814	-0.79727	0.	
1177	-0.53151	-0.86802	0.	
1178	-0.58162	-0.93877	0.	
1179	-0.63174	-1.0095	0.	
1180	-0.68185	-1.0803	0.	
1181	-0.73197	-1.151	0.	
1182	-0.78208	-1.2218	0.	
1183	-0.83219	-1.2925	0.	
1184	-0.88231	-1.3633	0.	
1185	-0.93242	-1.434	0.	
1186	-0.98254	-1.5048	0.	
1187	-1.0326	-1.5755	0.	
1188	-1.0828	-1.6463	0.	
1189	-1.1329	-1.717	0.	
1190	-1.183	-1.7878	0.	
1191	-1.2331	-1.8585	0.	
1192	-1.2832	-1.9293	0.	
1193	-0.3089	-0.50214	0.	
1194	-0.36403	-0.57347	0.	
1195	-0.41916	-0.6448	0.	
1196	-0.47429	-0.71612	0.	
1197	-0.52942	-0.78745	0.	
1198	-0.58456	-0.85878	0.	
1199	-0.63969	-0.9301	0.	
1200	-0.69482	-1.0014	0.	
1201	-0.74995	-1.0728	0.	
1202	-0.80508	-1.1441	0.	
1203	-0.86022	-1.2154	0.	
1204	-0.91535	-1.2867	0.	
1205	-0.97048	-1.3581	0.	
1206	-1.0256	-1.4294	0.	
1207	-1.0807	-1.5007	0.	
1208	-1.1359	-1.572	0.	
1209	-1.191	-1.6434	0.	
1210	-1.2461	-1.7147	0.	
1211	-1.3013	-1.786	0.	
1212	-1.3564	-1.8573	0.	
1213	-1.4115	-1.9287	0.	
1214	-0.33618	-0.48888	0.	
1215	-0.39637	-0.56084	0.	
1216	-0.45655	-0.6328	0.	
1217	-0.51673	-0.70475	0.	
1218	-0.57691	-0.77671	0.	
1219	-0.63709	-0.84867	0.	
1220	-0.69727	-0.92063	0.	
1221	-0.75746	-0.99259	0.	
1222	-0.81764	-1.0645	0.	
1223	-0.87782	-1.1365	0.	
1224	-0.938	-1.2085	0.	
1225	-0.99818	-1.2804	0.	
1226	-1.0584	-1.3524	0.	
1227	-1.1185	-1.4243	0.	
1228	-1.1787	-1.4963	0.	
1229	-1.2389	-1.5683	0.	
1230	-1.2991	-1.6402	0.	
1231	-1.3593	-1.7122	0.	
1232	-1.4195	-1.7841	0.	
1233	-1.4796	-1.8561	0.	
1234	-1.5398	-1.928	0.	
1235	-0.36273	-0.47453	0.	
1236	-0.428	-0.54717	0.	
1237	-0.49326	-0.61982	0.	
1238	-0.55853	-0.69246	0.	
1239	-0.6238	-0.7651	0.	
1240	-0.68906	-0.83774	0.	
1241	-0.75433	-0.91038	0.	
1242	-0.8196	-0.98302	0.	
1243	-0.88486	-1.0557	0.	
1244	-0.95013	-1.1283	0.	
1245	-1.0154	-1.2009	0.	
1246	-1.0807	-1.2736	0.	
1247	-1.1459	-1.3462	0.	
1248	-1.2112	-1.4189	0.	
1249	-1.2765	-1.4915	0.	
1250	-1.3417	-1.5642	0.	
1251	-1.407	-1.6368	0.	
1252	-1.4723	-1.7094	0.	
1253	-1.5375	-1.7821	0.	
1254	-1.6028	-1.8547	0.	
1255	-1.6681	-1.9274	0.	
1256	-0.38791	-0.45961	0.	
1257	-0.45833	-0.53297	0.	
1258	-0.52874	-0.60632	0.	
1259	-0.59916	-0.67967	0.	
1260	-0.66958	-0.75302	0.	
1261	-0.73999	-0.82637	0.	
1262	-0.81041	-0.89972	0.	
1263	-0.88083	-0.97308	0.	
1264	-0.95125	-1.0464	0.	
1265	-1.0217	-1.1198	0.	
1266	-1.0921	-1.1931	0.	
1267	-1.1625	-1.2665	0.	
1268	-1.2329	-1.3398	0.	
1269	-1.3033	-1.4132	0.	
1270	-1.3737	-1.4865	0.	
1271	-1.4442	-1.5599	0.	
1272	-1.5146	-1.6332	0.	
1273	-1.585	-1.7066	0.	
1274	-1.6554	-1.7799	0.	
1275	-1.7258	-1.8533	0.	
1276	-1.7962	-1.9266	0.	
1277	-0.4121	-0.44393	0.	
1278	-0.48772	-0.51803	0.	
1279	-0.56333	-0.59213	0.	
1280	-0.63895	-0.66623	0.	
1281	-0.71456	-0.74032	0.	
1282	-0.79017	-0.81442	0.	
1283	-0.86579	-0.88852	0.	
1284	-0.9414	-0.96262	0.	
1285	-1.017	-1.0367	0.	
1286	-1.0926	-1.1108	0.	
1287	-1.1682	-1.1849	0.	
1288	-1.2439	-1.259	0.	
1289	-1.3195	-1.3331	0.	
1290	-1.3951	-1.4072	0.	
1291	-1.4707	-1.4813	0.	
1292	-1.5463	-1.5554	0.	
1293	-1.6219	-1.6295	0.	
1294	-1.6975	-1.7036	0.	
1295	-1.7732	-1.7777	0.	
1296	-1.8488	-1.8518	0.	
1297	-1.9244	-1.9259	0.	
1298	-0.42995	-0.42076	0.	
1299	-0.50472	-0.48962	0.	
1300	-0.57948	-0.55847	0.	
1301	-0.65425	-0.62732	0.	
1302	-0.72901	-0.69617	0.	
1303	-0.80377	-0.76503	0.	
1304	-0.87854	-0.83388	0.	
1305	-0.9533	-0.90273	0.	
1306	-1.0281	-0.97158	0.	
1307	-1.1028	-1.0404	0.	
1308	-1.1776	-1.1093	0.	
1309	-1.2524	-1.1781	0.	
1310	-1.3271	-1.247	0.	
1311	-1.4019	-1.3158	0.	
1312	-1.4767	-1.3847	0.	
1313	-1.5514	-1.4536	0.	
1314	-1.6262	-1.5224	0.	
1315	-1.7009	-1.5913	0.	
1316	-1.7757	-1.6601	0.	
1317	-1.8505	-1.729	0.	
1318	-1.9252	-1.7978	0.	
1319	-0.44689	-0.39669	0.	
1320	-0.52085	-0.46034	0.	
1321	-0.59481	-0.52399	0.	
1322	-0.66877	-0.58764	0.	
1323	-0.74272	-0.65129	0.	
1324	-0.81668	-0.71494	0.	
1325	-0.89064	-0.77859	0.	
1326	-0.9646	-0.84224	0.	
1327	-1.0386	-0.90589	0.	
1328	-1.1125	-0.96954	0.	
1329	-1.1865	-1.0332	0.	
1330	-1.2604	-1.0968	0.	
1331	-1.3344	-1.1605	0.	
1332	-1.4083	-1.2241	0.	
1333	-1.4823	-1.2878	0.	
1334	-1.5563	-1.3514	0.	
1335	-1.6302	-1.4151	0.	
1336	-1.7042	-1.4787	0.	
1337	-1.7781	-1.5424	0.	
1338	-1.8521	-1.606	0.	
1339	-1.926	-1.6697	0.	
1340	-0.46288	-0.37177	0.	
1341	-0.53607	-0.43026	0.	
1342	-0.60927	-0.48875	0.	
1343	-0.68247	-0.54723	0.	
1344	-0.75566	-0.60572	0.	
1345	-0.82886	-0.66421	0.	
1346	-0.90206	-0.7227	0.	
1347	-0.97525	-0.78118	0.	
1348	-1.0484	-0.83967	0.	
1349	-1.1216	-0.89816	0.	
1350	-1.1948	-0.95664	0.	
1351	-1.268	-1.0151	0.	
1352	-1.3412	-1.0736	0.	
1353	-1.4144	-1.1321	0.	
1354	-1.4876	-1.1906	0.	
1355	-1.5608	-1.2491	0.	
1356	-1.634	-1.3076	0.	
1357	-1.7072	-1.3661	0.	
1358	-1.7804	-1.4245	0.	
1359	-1.8536	-1.483	0.	
1360	-1.9268	-1.5415	0.	
1361	-0.47786	-0.34605	0.	
1362	-0.55035	-0.39941	0.	
1363	-0.62283	-0.45278	0.	
1364	-0.69531	-0.50614	0.	
1365	-0.76779	-0.5595	0.	
1366	-0.84028	-0.61286	0.	
1367	-0.91276	-0.66623	0.	
1368	-0.98524	-0.71959	0.	
1369	-1.0577	-0.77295	0.	
1370	-1.1302	-0.82631	0.	
1371	-1.2027	-0.87968	0.	
1372	-1.2752	-0.93304	0.	
1373	-1.3477	-0.9864	0.	
1374	-1.4201	-1.0398	0.	
1375	-1.4926	-1.0931	0.	
1376	-1.5651	-1.1465	0.	
1377	-1.6376	-1.1999	0.	
1378	-1.7101	-1.2532	0.	
1379	-1.7826	-1.3066	0.	
1380	-1.855	-1.3599	0.	
1381	-1.9275	-1.4133	0.	
1382	-0.49181	-0.31958	0.	
1383	-0.56363	-0.36785	0.	
1384	-0.63545	-0.41612	0.	
1385	-0.70727	-0.4644	0.	
1386	-0.77909	-0.51267	0.	
1387	-0.8509	-0.56095	0.	
1388	-0.92272	-0.60922	0.	
1389	-0.99454	-0.6575	0.	
1390	-1.0664	-0.70577	0.	
1391	-1.1382	-0.75404	0.	
1392	-1.21	-0.80232	0.	
1393	-1.2818	-0.85059	0.	
1394	-1.3536	-0.89887	0.	
1395	-1.4255	-0.94714	0.	
1396	-1.4973	-0.99541	0.	
1397	-1.5691	-1.0437	0.	
1398	-1.6409	-1.092	0.	
1399	-1.7127	-1.1402	0.	
1400	-1.7845	-1.1885	0.	
1401	-1.8564	-1.2368	0.	
1402	-1.9282	-1.2851	0.	
1403	-0.50469	-0.29241	0.	
1404	-0.57589	-0.33563	0.	
1405	-0.6471	-0.37885	0.	
1406	-0.7183	-0.42206	0.	
1407	-0.78951	-0.46528	0.	
1408	-0.86071	-0.5085	0.	
1409	-0.93192	-0.55172	0.	
1410	-1.0031	-0.59494	0.	
1411	-1.0743	-0.63816	0.	
1412	-1.1455	-0.68138	0.	
1413	-1.2167	-0.72459	0.	
1414	-1.2879	-0.76781	0.	
1415	-1.3592	-0.81103	0.	
1416	-1.4304	-0.85425	0.	
1417	-1.5016	-0.89747	0.	
1418	-1.5728	-0.94069	0.	
1419	-1.644	-0.98391	0.	
1420	-1.7152	-1.0271	0.	
1421	-1.7864	-1.0703	0.	
1422	-1.8576	-1.1136	0.	
1423	-1.9288	-1.1568	0.	
1424	-0.51644	-0.26462	0.	
1425	-0.58708	-0.30281	0.	
1426	-0.65773	-0.34101	0.	
1427	-0.72838	-0.3792	0.	
1428	-0.79902	-0.41739	0.	
1429	-0.86967	-0.45558	0.	
1430	-0.94031	-0.49378	0.	
1431	-1.011	-0.53197	0.	
1432	-1.0816	-0.57016	0.	
1433	-1.1523	-0.60835	0.	
1434	-1.2229	-0.64655	0.	
1435	-1.2935	-0.68474	0.	
1436	-1.3642	-0.72293	0.	
1437	-1.4348	-0.76112	0.	
1438	-1.5055	-0.79932	0.	
1439	-1.5761	-0.83751	0.	
1440	-1.6468	-0.8757	0.	
1441	-1.7174	-0.9139	0.	
1442	-1.7881	-0.95209	0.	
1443	-1.8587	-0.99028	0.	
1444	-1.9294	-1.0285	0.	
1445	-0.52766	-0.23489	0.	
1446	-0.59777	-0.26815	0.	
1447	-0.66788	-0.30141	0.	
1448	-0.73799	-0.33467	0.	
1449	-0.8081	-0.36793	0.	
1450	-0.87821	-0.40118	0.	
1451	-0.94833	-0.43444	0.	
1452	-1.0184	-0.4677	0.	
1453	-1.0885	-0.50096	0.	
1454	-1.1587	-0.53422	0.	
1455	-1.2288	-0.56748	0.	
1456	-1.2989	-0.60074	0.	
1457	-1.369	-0.634	0.	
1458	-1.4391	-0.66726	0.	
1459	-1.5092	-0.70052	0.	
1460	-1.5793	-0.73378	0.	
1461	-1.6494	-0.76704	0.	
1462	-1.7196	-0.8003	0.	
1463	-1.7897	-0.83356	0.	
1464	-1.8598	-0.86681	0.	
1465	-1.9299	-0.90007	0.	
1466	-0.53756	-0.20456	0.	
1467	-0.6072	-0.23291	0.	
1468	-0.67684	-0.26127	0.	
1469	-0.74648	-0.28962	0.	
1470	-0.81612	-0.31797	0.	
1471	-0.88576	-0.34633	0.	
1472	-0.9554	-0.37468	0.	
1473	-1.025	-0.40304	0.	
1474	-1.0947	-0.43139	0.	
1475	-1.1643	-0.45975	0.	
1476	-1.234	-0.4881	0.	
1477	-1.3036	-0.51646	0.	
1478	-1.3732	-0.54481	0.	
1479	-1.4429	-0.57316	0.	
1480	-1.5125	-0.60152	0.	
1481	-1.5822	-0.62987	0.	
1482	-1.6518	-0.65823	0.	
1483	-1.7214	-0.68658	0.	
1484	-1.7911	-0.71494	0.	
1485	-1.8607	-0.74329	0.	
1486	-1.9304	-0.77165	0.	
1487	-0.54614	-0.17368	0.	
1488	-0.61537	-0.19716	0.	
1489	-0.6846	-0.22063	0.	
1490	-0.75383	-0.24411	0.	
1491	-0.82306	-0.26759	0.	
1492	-0.89229	-0.29106	0.	
1493	-0.96153	-0.31454	0.	
1494	-1.0308	-0.33801	0.	
1495	-1.1	-0.36149	0.	
1496	-1.1692	-0.38496	0.	
1497	-1.2385	-0.40844	0.	
1498	-1.3077	-0.43191	0.	
1499	-1.3769	-0.45539	0.	
1500	-1.4461	-0.47886	0.	
1501	-1.5154	-0.50234	0.	
1502	-1.5846	-0.52581	0.	
1503	-1.6538	-0.54929	0.	
1504	-1.7231	-0.57277	0.	
1505	-1.7923	-0.59624	0.	
1506	-1.8615	-0.61972	0.	
1507	-1.9308	-0.64319	0.	
1508	-0.55333	-0.14238	0.	
1509	-0.62222	-0.16099	0.	
1510	-0.69111	-0.17961	0.	
1511	-0.76	-0.19823	0.	
1512	-0.82889	-0.21684	0.	
1513	-0.89778	-0.23546	0.	
1514	-0.96666	-0.25408	0.	
1515	-1.0356	-0.2727	0.	
1516	-1.1044	-0.29131	0.	
1517	-1.1733	-0.30993	0.	
1518	-1.2422	-0.32855	0.	
1519	-1.3111	-0.34716	0.	
1520	-1.38	-0.36578	0.	
1521	-1.4489	-0.3844	0.	
1522	-1.5178	-0.40301	0.	
1523	-1.5867	-0.42163	0.	
1524	-1.6556	-0.44025	0.	
1525	-1.7244	-0.45887	0.	
1526	-1.7933	-0.47748	0.	
1527	-1.8622	-0.4961	0.	
1528	-1.9311	-0.51472	0.	
1529	-0.55913	-0.11071	0.	
1530	-0.62774	-0.12449	0.	
1531	-0.69635	-0.13826	0.	
1532	-0.76497	-0.15204	0.	
1533	-0.83358	-0.16581	0.	
1534	-0.90219	-0.17959	0.	
1535	-0.9708	-0.19337	0.	
1536	-1.0394	-0.20714	0.	
1537	-1.108	-0.22092	0.	
1538	-1.1766	-0.23469	0.	
1539	-1.2453	-0.24847	0.	
1540	-1.3139	-0.26224	0.	
1541	-1.3825	-0.27602	0.	
1542	-1.4511	-0.2898	0.	
1543	-1.5197	-0.30357	0.	
1544	-1.5883	-0.31735	0.	
1545	-1.6569	-0.33112	0.	
1546	-1.7255	-0.3449	0.	
1547	-1.7942	-0.35867	0.	
1548	-1.8628	-0.37245	0.	
1549	-1.9314	-0.38622	0.	
1550	-0.56362	-7.7976e-002	0.	
1551	-0.63202	-8.6961e-002	0.	
1552	-0.70042	-9.5946e-002	0.	
1553	-0.76881	-0.10493	0.	
1554	-0.83721	-0.11392	0.	
1555	-0.90561	-0.1229	0.	
1556	-0.97401	-0.13189	0.	
1557	-1.0424	-0.14087	0.	
1558	-1.1108	-0.14986	0.	
1559	-1.1792	-0.15884	0.	
1560	-1.2476	-0.16783	0.	
1561	-1.316	-0.17681	0.	
1562	-1.3844	-0.1858	0.	
1563	-1.4528	-0.19478	0.	
1564	-1.5212	-0.20377	0.	
1565	-1.5896	-0.21275	0.	
1566	-1.658	-0.22174	0.	
1567	-1.7264	-0.23073	0.	
1568	-1.7948	-0.23971	0.	
1569	-1.8632	-0.2487	0.	
1570	-1.9316	-0.25768	0.	
1571	-0.56652	-4.5813e-002	0.	
1572	-0.63478	-4.9981e-002	0.	
1573	-0.70304	-5.4149e-002	0.	
1574	-0.77131	-5.8316e-002	0.	
1575	-0.83957	-6.2484e-002	0.	
1576	-0.90783	-6.6651e-002	0.	
1577	-0.97609	-7.0819e-002	0.	
1578	-1.0443	-7.4987e-002	0.	
1579	-1.1126	-7.9154e-002	0.	
1580	-1.1809	-8.3322e-002	0.	
1581	-1.2491	-8.7489e-002	0.	
1582	-1.3174	-9.1657e-002	0.	
1583	-1.3857	-9.5825e-002	0.	
1584	-1.4539	-9.9992e-002	0.	
1585	-1.5222	-0.10416	0.	
1586	-1.5904	-0.10833	0.	
1587	-1.6587	-0.1125	0.	
1588	-1.727	-0.11666	0.	
1589	-1.7952	-0.12083	0.	
1590	-1.8635	-0.125	0.	
1591	-1.9317	-0.12917	0.	
1592	-0.568	-1.3279e-002	0.	
1593	-0.63619	-1.2647e-002	0.	
1594	-0.70438	-1.2014e-002	0.	
1595	-0.77257	-1.1382e-002	0.	
1596	-0.84076	-1.075e-002	0.	
1597	-0.90895	-1.0117e-002	0.	
1598	-0.97714	-9.485e-003	0.	
1599	-1.0453	-8.8527e-003	0.	
1600	-1.1135	-8.2204e-003	0.	
1601	-1.1817	-7.588e-003	0.	
1602	-1.2499	-6.9557e-003	0.	
1603	-1.3181	-6.3234e-003	0.	
1604	-1.3863	-5.691e-003	0.	
1605	-1.4545	-5.0587e-003	0.	
1606	-1.5227	-4.4263e-003	0.	
1607	-1.5909	-3.794e-003	0.	
1608	-1.659	-3.1617e-003	0.	
1609	-1.7272	-2.5293e-003	0.	
1610	-1.7954	-1.897e-003	0.	
1611	-1.8636	-1.2647e-003	0.	
1612	-1.9318	-6.3234e-004	0.	
1613	-0.568	1.9273e-002	0.	
1614	-0.63619	2.4705e-002	0.	
1615	-0.70438	3.0136e-002	0.	
1616	-0.77257	3.5567e-002	0.	
1617	-0.84076	4.0999e-002	0.	
1618	-0.90895	4.643e-002	0.	
1619	-0.97714	5.1862e-002	0.	
1620	-1.0453	5.7293e-002	0.	
1621	-1.1135	6.2725e-002	0.	
1622	-1.1817	6.8156e-002	0.	
1623	-1.2499	7.3587e-002	0.	
1624	-1.3181	7.9019e-002	0.	
1625	-1.3863	8.445e-002	0.	
1626	-1.4545	8.9882e-002	0.	
1627	-1.5227	9.5313e-002	0.	
1628	-1.5909	0.10074	0.	
1629	-1.659	0.10618	0.	
1630	-1.7272	0.11161	0.	
1631	-1.7954	0.11704	0.	
1632	-1.8636	0.12247	0.	
1633	-1.9318	0.1279	0.	
1634	-0.5666	5.1004e-002	0.	
1635	-0.63485	6.1274e-002	0.	
1636	-0.70311	7.1543e-002	0.	
1637	-0.77137	8.1813e-002	0.	
1638	-0.83962	9.2083e-002	0.	
1639	-0.90788	0.10235	0.	
1640	-0.97614	0.11262	0.	
1641	-1.0444	0.12289	0.	
1642	-1.1127	0.13316	0.	
1643	-1.1809	0.14343	0.	
1644	-1.2492	0.1537	0.	
1645	-1.3174	0.16397	0.	
1646	-1.3857	0.17424	0.	
1647	-1.4539	0.18451	0.	
1648	-1.5222	0.19478	0.	
1649	-1.5905	0.20505	0.	
1650	-1.6587	0.21532	0.	
1651	-1.727	0.22559	0.	
1652	-1.7952	0.23586	0.	
1653	-1.8635	0.24613	0.	
1654	-1.9317	0.2564	0.	
1655	-0.56381	8.2634e-002	0.	
1656	-0.6322	9.7747e-002	0.	
1657	-0.70059	0.11286	0.	
1658	-0.76898	0.12797	0.	
1659	-0.83737	0.14308	0.	
1660	-0.90576	0.1582	0.	
1661	-0.97415	0.17331	0.	
1662	-1.0425	0.18842	0.	
1663	-1.1109	0.20354	0.	
1664	-1.1793	0.21865	0.	
1665	-1.2477	0.23376	0.	
1666	-1.3161	0.24887	0.	
1667	-1.3845	0.26399	0.	
1668	-1.4529	0.2791	0.	
1669	-1.5213	0.29421	0.	
1670	-1.5897	0.30932	0.	
1671	-1.658	0.32444	0.	
1672	-1.7264	0.33955	0.	
1673	-1.7948	0.35466	0.	
1674	-1.8632	0.36977	0.	
1675	-1.9316	0.38489	0.	
1676	-0.55965	0.11408	0.	
1677	-0.62824	0.13404	0.	
1678	-0.69683	0.15401	0.	
1679	-0.76542	0.17397	0.	
1680	-0.834	0.19394	0.	
1681	-0.90259	0.2139	0.	
1682	-0.97118	0.23386	0.	
1683	-1.0398	0.25383	0.	
1684	-1.1084	0.27379	0.	
1685	-1.1769	0.29376	0.	
1686	-1.2455	0.31372	0.	
1687	-1.3141	0.33369	0.	
1688	-1.3827	0.35365	0.	
1689	-1.4513	0.37362	0.	
1690	-1.5199	0.39358	0.	
1691	-1.5885	0.41355	0.	
1692	-1.6571	0.43351	0.	
1693	-1.7256	0.45347	0.	
1694	-1.7942	0.47344	0.	
1695	-1.8628	0.4934	0.	
1696	-1.9314	0.51337	0.	
1697	-0.55413	0.14526	0.	
1698	-0.62298	0.17009	0.	
1699	-0.69183	0.19492	0.	
1700	-0.76068	0.21975	0.	
1701	-0.82953	0.24457	0.	
1702	-0.89839	0.2694	0.	
1703	-0.96724	0.29423	0.	
1704	-1.0361	0.31906	0.	
1705	-1.1049	0.34389	0.	
1706	-1.1738	0.36872	0.	
1707	-1.2426	0.39355	0.	
1708	-1.3115	0.41838	0.	
1709	-1.3803	0.44321	0.	
1710	-1.4492	0.46804	0.	
1711	-1.518	0.49286	0.	
1712	-1.5869	0.51769	0.	
1713	-1.6557	0.54252	0.	
1714	-1.7246	0.56735	0.	
1715	-1.7934	0.59218	0.	
1716	-1.8623	0.61701	0.	
1717	-1.9311	0.64184	0.	
1718	-0.54727	0.17611	0.	
1719	-0.61644	0.20582	0.	
1720	-0.68562	0.23552	0.	
1721	-0.7548	0.26523	0.	
1722	-0.82398	0.29494	0.	
1723	-0.89315	0.32465	0.	
1724	-0.96233	0.35436	0.	
1725	-1.0315	0.38407	0.	
1726	-1.1007	0.41378	0.	
1727	-1.1699	0.44349	0.	
1728	-1.239	0.4732	0.	
1729	-1.3082	0.50291	0.	
1730	-1.3774	0.53262	0.	
1731	-1.4466	0.56233	0.	
1732	-1.5158	0.59204	0.	
1733	-1.5849	0.62174	0.	
1734	-1.6541	0.65145	0.	
1735	-1.7233	0.68116	0.	
1736	-1.7925	0.71087	0.	
1737	-1.8616	0.74058	0.	
1738	-1.9308	0.77029	0.	
1739	-0.53907	0.20655	0.	
1740	-0.60864	0.24116	0.	
1741	-0.67821	0.27577	0.	
1742	-0.74778	0.31038	0.	
1743	-0.81735	0.34498	0.	
1744	-0.88691	0.37959	0.	
1745	-0.95648	0.4142	0.	
1746	-1.026	0.44881	0.	
1747	-1.0956	0.48342	0.	
1748	-1.1652	0.51803	0.	
1749	-1.2348	0.55264	0.	
1750	-1.3043	0.58725	0.	
1751	-1.3739	0.62185	0.	
1752	-1.4435	0.65646	0.	
1753	-1.513	0.69107	0.	
1754	-1.5826	0.72568	0.	
1755	-1.6522	0.76029	0.	
1756	-1.7217	0.7949	0.	
1757	-1.7913	0.82951	0.	
1758	-1.8609	0.86412	0.	
1759	-1.9304	0.89872	0.	
1760	-0.52958	0.23651	0.	
1761	-0.5996	0.27605	0.	
1762	-0.66962	0.31558	0.	
1763	-0.73964	0.35511	0.	
1764	-0.80966	0.39464	0.	
1765	-0.87968	0.43417	0.	
1766	-0.9497	0.4737	0.	
1767	-1.0197	0.51323	0.	
1768	-1.0897	0.55276	0.	
1769	-1.1598	0.59229	0.	
1770	-1.2298	0.63182	0.	
1771	-1.2998	0.67136	0.	
1772	-1.3698	0.71089	0.	
1773	-1.4398	0.75042	0.	
1774	-1.5099	0.78995	0.	
1775	-1.5799	0.82948	0.	
1776	-1.6499	0.86901	0.	
1777	-1.7199	0.90854	0.	
1778	-1.7899	0.94807	0.	
1779	-1.86	0.9876	0.	
1780	-1.93	1.0271	0.	
1781	-0.51882	0.26593	0.	
1782	-0.58935	0.31041	0.	
1783	-0.65988	0.35489	0.	
1784	-0.73041	0.39937	0.	
1785	-0.80095	0.44385	0.	
1786	-0.87148	0.48833	0.	
1787	-0.94201	0.53281	0.	
1788	-1.0125	0.57729	0.	
1789	-1.0831	0.62177	0.	
1790	-1.1536	0.66625	0.	
1791	-1.2241	0.71073	0.	
1792	-1.2947	0.75521	0.	
1793	-1.3652	0.79969	0.	
1794	-1.4357	0.84417	0.	
1795	-1.5063	0.88864	0.	
1796	-1.5768	0.93312	0.	
1797	-1.6473	0.9776	0.	
1798	-1.7179	1.0221	0.	
1799	-1.7884	1.0666	0.	
1800	-1.8589	1.111	0.	
1801	-1.9295	1.1555	0.	
1802	-0.50681	0.29474	0.	
1803	-0.57791	0.3442	0.	
1804	-0.64902	0.39365	0.	
1805	-0.72012	0.44311	0.	
1806	-0.79122	0.49257	0.	
1807	-0.86233	0.54202	0.	
1808	-0.93343	0.59148	0.	
1809	-1.0045	0.64094	0.	
1810	-1.0756	0.69039	0.	
1811	-1.1467	0.73985	0.	
1812	-1.2179	0.78931	0.	
1813	-1.289	0.83876	0.	
1814	-1.3601	0.88822	0.	
1815	-1.4312	0.93768	0.	
1816	-1.5023	0.98714	0.	
1817	-1.5734	1.0366	0.	
1818	-1.6445	1.086	0.	
1819	-1.7156	1.1355	0.	
1820	-1.7867	1.185	0.	
1821	-1.8578	1.2344	0.	
1822	-1.9289	1.2839	0.	
1823	-0.49359	0.32286	0.	
1824	-0.56532	0.37733	0.	
1825	-0.63706	0.4318	0.	
1826	-0.70879	0.48626	0.	
1827	-0.78053	0.54073	0.	
1828	-0.85226	0.5952	0.	
1829	-0.92399	0.64966	0.	
1830	-0.99573	0.70413	0.	
1831	-1.0675	0.7586	0.	
1832	-1.1392	0.81306	0.	
1833	-1.2109	0.86753	0.	
1834	-1.2827	0.922	0.	
1835	-1.3544	0.97647	0.	
1836	-1.4261	1.0309	0.	
1837	-1.4979	1.0854	0.	
1838	-1.5696	1.1399	0.	
1839	-1.6413	1.1943	0.	
1840	-1.7131	1.2488	0.	
1841	-1.7848	1.3033	0.	
1842	-1.8565	1.3577	0.	
1843	-1.9283	1.4122	0.	
1844	-0.47923	0.35021	0.	
1845	-0.55164	0.40973	0.	
1846	-0.62406	0.46924	0.	
1847	-0.69648	0.52876	0.	
1848	-0.7689	0.58827	0.	
1849	-0.84132	0.64778	0.	
1850	-0.91373	0.7073	0.	
1851	-0.98615	0.76681	0.	
1852	-1.0586	0.82632	0.	
1853	-1.131	0.88584	0.	
1854	-1.2034	0.94535	0.	
1855	-1.2758	1.0049	0.	
1856	-1.3482	1.0644	0.	
1857	-1.4207	1.1239	0.	
1858	-1.4931	1.1834	0.	
1859	-1.5655	1.2429	0.	
1860	-1.6379	1.3024	0.	
1861	-1.7103	1.3619	0.	
1862	-1.7827	1.4215	0.	
1863	-1.8552	1.481	0.	
1864	-1.9276	1.5405	0.	
1865	-0.46424	0.37613	0.	
1866	-0.53737	0.44076	0.	
1867	-0.6105	0.50539	0.	
1868	-0.68363	0.57002	0.	
1869	-0.75676	0.63465	0.	
1870	-0.8299	0.69928	0.	
1871	-0.90303	0.76391	0.	
1872	-0.97616	0.82853	0.	
1873	-1.0493	0.89316	0.	
1874	-1.1224	0.95779	0.	
1875	-1.1956	1.0224	0.	
1876	-1.2687	1.087	0.	
1877	-1.3418	1.1517	0.	
1878	-1.4149	1.2163	0.	
1879	-1.4881	1.2809	0.	
1880	-1.5612	1.3456	0.	
1881	-1.6343	1.4102	0.	
1882	-1.7075	1.4748	0.	
1883	-1.7806	1.5394	0.	
1884	-1.8537	1.6041	0.	
1885	-1.9269	1.6687	0.	
1886	-0.44871	0.40071	0.	
1887	-0.52258	0.47051	0.	
1888	-0.59645	0.54032	0.	
1889	-0.67033	0.61013	0.	
1890	-0.7442	0.67994	0.	
1891	-0.81807	0.74974	0.	
1892	-0.89194	0.81955	0.	
1893	-0.96581	0.88936	0.	
1894	-1.0397	0.95917	0.	
1895	-1.1136	1.029	0.	
1896	-1.1874	1.0988	0.	
1897	-1.2613	1.1686	0.	
1898	-1.3352	1.2384	0.	
1899	-1.409	1.3082	0.	
1900	-1.4829	1.378	0.	
1901	-1.5568	1.4478	0.	
1902	-1.6306	1.5176	0.	
1903	-1.7045	1.5874	0.	
1904	-1.7784	1.6572	0.	
1905	-1.8523	1.7271	0.	
1906	-1.9261	1.7969	0.	
1907	-0.4327	0.42403	0.	
1908	-0.50733	0.49907	0.	
1909	-0.58197	0.57412	0.	
1910	-0.6566	0.64917	0.	
1911	-0.73123	0.72421	0.	
1912	-0.80587	0.79926	0.	
1913	-0.8805	0.87431	0.	
1914	-0.95513	0.94935	0.	
1915	-1.0298	1.0244	0.	
1916	-1.1044	1.0994	0.	
1917	-1.179	1.1745	0.	
1918	-1.2537	1.2495	0.	
1919	-1.3283	1.3246	0.	
1920	-1.4029	1.3996	0.	
1921	-1.4776	1.4747	0.	
1922	-1.5522	1.5497	0.	
1923	-1.6268	1.6248	0.	
1924	-1.7015	1.6998	0.	
1925	-1.7761	1.7749	0.	
1926	-1.8507	1.8499	0.	
1927	-1.9254	1.925	0.	
1928	-0.40978	0.44049	0.	
1929	-0.47916	0.51475	0.	
1930	-0.54853	0.58902	0.	
1931	-0.61791	0.66328	0.	
1932	-0.68728	0.73754	0.	
1933	-0.75666	0.8118	0.	
1934	-0.82603	0.88607	0.	
1935	-0.89541	0.96033	0.	
1936	-0.96478	1.0346	0.	
1937	-1.0342	1.1089	0.	
1938	-1.1035	1.1831	0.	
1939	-1.1729	1.2574	0.	
1940	-1.2423	1.3316	0.	
1941	-1.3117	1.4059	0.	
1942	-1.381	1.4802	0.	
1943	-1.4504	1.5544	0.	
1944	-1.5198	1.6287	0.	
1945	-1.5892	1.703	0.	
1946	-1.6585	1.7772	0.	
1947	-1.7279	1.8515	0.	
1948	-1.7973	1.9257	0.	
1949	-0.38609	0.45609	0.	
1950	-0.45024	0.52961	0.	
1951	-0.51439	0.60313	0.	
1952	-0.57855	0.67665	0.	
1953	-0.6427	0.75017	0.	
1954	-0.70686	0.82369	0.	
1955	-0.77101	0.89721	0.	
1956	-0.83517	0.97073	0.	
1957	-0.89932	1.0442	0.	
1958	-0.96348	1.1178	0.	
1959	-1.0276	1.1913	0.	
1960	-1.0918	1.2648	0.	
1961	-1.1559	1.3383	0.	
1962	-1.2201	1.4118	0.	
1963	-1.2843	1.4854	0.	
1964	-1.3484	1.5589	0.	
1965	-1.4126	1.6324	0.	
1966	-1.4767	1.7059	0.	
1967	-1.5409	1.7794	0.	
1968	-1.605	1.853	0.	
1969	-1.6692	1.9265	0.	
1970	-0.36107	0.47123	0.	
1971	-0.42007	0.54403	0.	
1972	-0.47906	0.61683	0.	
1973	-0.53806	0.68963	0.	
1974	-0.59706	0.76243	0.	
1975	-0.65605	0.83523	0.	
1976	-0.71505	0.90802	0.	
1977	-0.77405	0.98082	0.	
1978	-0.83304	1.0536	0.	
1979	-0.89204	1.1264	0.	
1980	-0.95104	1.1992	0.	
1981	-1.01	1.272	0.	
1982	-1.069	1.3448	0.	
1983	-1.128	1.4176	0.	
1984	-1.187	1.4904	0.	
1985	-1.246	1.5632	0.	
1986	-1.305	1.636	0.	
1987	-1.364	1.7088	0.	
1988	-1.423	1.7816	0.	
1989	-1.482	1.8544	0.	
1990	-1.541	1.9272	0.	
1991	-0.33468	0.48582	0.	
1992	-0.38859	0.55793	0.	
1993	-0.44249	0.63003	0.	
1994	-0.4964	0.70213	0.	
1995	-0.5503	0.77424	0.	
1996	-0.6042	0.84634	0.	
1997	-0.65811	0.91844	0.	
1998	-0.71201	0.99055	0.	
1999	-0.76592	1.0627	0.	
2000	-0.81982	1.1348	0.	
2001	-0.87372	1.2069	0.	
2002	-0.92763	1.279	0.	
2003	-0.98153	1.3511	0.	
2004	-1.0354	1.4232	0.	
2005	-1.0893	1.4953	0.	
2006	-1.1432	1.5674	0.	
2007	-1.1971	1.6395	0.	
2008	-1.2511	1.7116	0.	
2009	-1.305	1.7837	0.	
2010	-1.3589	1.8558	0.	
2011	-1.4128	1.9279	0.	
2012	-0.30756	0.49933	0.	
2013	-0.3564	0.57079	0.	
2014	-0.40525	0.64225	0.	
2015	-0.4541	0.71371	0.	
2016	-0.50294	0.78517	0.	
2017	-0.55179	0.85663	0.	
2018	-0.60064	0.92809	0.	
2019	-0.64948	0.99955	0.	
2020	-0.69833	1.071	0.	
2021	-0.74718	1.1425	0.	
2022	-0.79602	1.2139	0.	
2023	-0.84487	1.2854	0.	
2024	-0.89372	1.3569	0.	
2025	-0.94256	1.4283	0.	
2026	-0.99141	1.4998	0.	
2027	-1.0403	1.5712	0.	
2028	-1.0891	1.6427	0.	
2029	-1.1379	1.7142	0.	
2030	-1.1868	1.7856	0.	
2031	-1.2356	1.8571	0.	
2032	-1.2845	1.9285	0.	
2033	-0.27975	0.51171	0.	
2034	-0.32358	0.58258	0.	
2035	-0.3674	0.65345	0.	
2036	-0.41122	0.72432	0.	
2037	-0.45504	0.79519	0.	
2038	-0.49886	0.86606	0.	
2039	-0.54268	0.93693	0.	
2040	-0.5865	1.0078	0.	
2041	-0.63032	1.0787	0.	
2042	-0.67415	1.1495	0.	
2043	-0.71797	1.2204	0.	
2044	-0.76179	1.2913	0.	
2045	-0.80561	1.3622	0.	
2046	-0.84943	1.433	0.	
2047	-0.89325	1.5039	0.	
2048	-0.93707	1.5748	0.	
2049	-0.98089	1.6456	0.	
2050	-1.0247	1.7165	0.	
2051	-1.0685	1.7874	0.	
2052	-1.1124	1.8583	0.	
2053	-1.1562	1.9291	0.	
2054	-0.25133	0.52293	0.	
2055	-0.29016	0.59327	0.	
2056	-0.32898	0.6636	0.	
2057	-0.36781	0.73394	0.	
2058	-0.40663	0.80428	0.	
2059	-0.44546	0.87461	0.	
2060	-0.48428	0.94495	0.	
2061	-0.52311	1.0153	0.	
2062	-0.56193	1.0856	0.	
2063	-0.60076	1.156	0.	
2064	-0.63959	1.2263	0.	
2065	-0.67841	1.2966	0.	
2066	-0.71724	1.367	0.	
2067	-0.75606	1.4373	0.	
2068	-0.79489	1.5076	0.	
2069	-0.83371	1.578	0.	
2070	-0.87254	1.6483	0.	
2071	-0.91136	1.7187	0.	
2072	-0.95019	1.789	0.	
2073	-0.98902	1.8593	0.	
2074	-1.0278	1.9297	0.	
2075	-0.22235	0.53297	0.	
2076	-0.25621	0.60283	0.	
2077	-0.29006	0.67269	0.	
2078	-0.32392	0.74254	0.	
2079	-0.35778	0.8124	0.	
2080	-0.39163	0.88226	0.	
2081	-0.42549	0.95212	0.	
2082	-0.45934	1.022	0.	
2083	-0.4932	1.0918	0.	
2084	-0.52706	1.1617	0.	
2085	-0.56091	1.2316	0.	
2086	-0.59477	1.3014	0.	
2087	-0.62863	1.3713	0.	
2088	-0.66248	1.4411	0.	
2089	-0.69634	1.511	0.	
2090	-0.7302	1.5808	0.	
2091	-0.76405	1.6507	0.	
2092	-0.79791	1.7206	0.	
2093	-0.83176	1.7904	0.	
2094	-0.86562	1.8603	0.	
2095	-0.89948	1.9301	0.	
2096	-0.19287	0.54179	0.	
2097	-0.22178	0.61123	0.	
2098	-0.2507	0.68067	0.	
2099	-0.27961	0.75011	0.	
2100	-0.30852	0.81954	0.	
2101	-0.33743	0.88898	0.	
2102	-0.36634	0.95842	0.	
2103	-0.39525	1.0279	0.	
2104	-0.42416	1.0973	0.	
2105	-0.45307	1.1667	0.	
2106	-0.48198	1.2362	0.	
2107	-0.51089	1.3056	0.	
2108	-0.5398	1.3751	0.	
2109	-0.56871	1.4445	0.	
2110	-0.59762	1.5139	0.	
2111	-0.62654	1.5834	0.	
2112	-0.65545	1.6528	0.	
2113	-0.68436	1.7222	0.	
2114	-0.71327	1.7917	0.	
2115	-0.74218	1.8611	0.	
2116	-0.77109	1.9306	0.	
2117	-0.163	0.54936	0.	
2118	-0.18698	0.61844	0.	
2119	-0.21097	0.68752	0.	
2120	-0.23495	0.7566	0.	
2121	-0.25894	0.82568	0.	
2122	-0.28292	0.89475	0.	
2123	-0.3069	0.96383	0.	
2124	-0.33089	1.0329	0.	
2125	-0.35487	1.102	0.	
2126	-0.37886	1.1711	0.	
2127	-0.40284	1.2401	0.	
2128	-0.42682	1.3092	0.	
2129	-0.45081	1.3783	0.	
2130	-0.47479	1.4474	0.	
2131	-0.49878	1.5165	0.	
2132	-0.52276	1.5855	0.	
2133	-0.54675	1.6546	0.	
2134	-0.57073	1.7237	0.	
2135	-0.59471	1.7928	0.	
2136	-0.6187	1.8618	0.	
2137	-0.64268	1.9309	0.	
2138	-0.13206	0.55584	0.	
2139	-0.15117	0.62461	0.	
2140	-0.17028	0.69338	0.	
2141	-0.18939	0.76215	0.	
2142	-0.2085	0.83092	0.	
2143	-0.2276	0.89969	0.	
2144	-0.24671	0.96846	0.	
2145	-0.26582	1.0372	0.	
2146	-0.28493	1.106	0.	
2147	-0.30404	1.1748	0.	
2148	-0.32314	1.2435	0.	
2149	-0.34225	1.3123	0.	
2150	-0.36136	1.3811	0.	
2151	-0.38047	1.4498	0.	
2152	-0.39958	1.5186	0.	
2153	-0.41869	1.5874	0.	
2154	-0.43779	1.6562	0.	
2155	-0.4569	1.7249	0.	
2156	-0.47601	1.7937	0.	
2157	-0.49512	1.8625	0.	
2158	-0.51423	1.9312	0.	
2159	-0.10001	0.56111	0.	
2160	-0.1143	0.62963	0.	
2161	-0.12858	0.69815	0.	
2162	-0.14287	0.76667	0.	
2163	-0.15715	0.83519	0.	
2164	-0.17144	0.90371	0.	
2165	-0.18572	0.97222	0.	
2166	-0.20001	1.0407	0.	
2167	-0.21429	1.1093	0.	
2168	-0.22858	1.1778	0.	
2169	-0.24286	1.2463	0.	
2170	-0.25715	1.3148	0.	
2171	-0.27143	1.3833	0.	
2172	-0.28572	1.4519	0.	
2173	-0.3	1.5204	0.	
2174	-0.31429	1.5889	0.	
2175	-0.32857	1.6574	0.	
2176	-0.34286	1.7259	0.	
2177	-0.35714	1.7944	0.	
2178	-0.37143	1.863	0.	
2179	-0.38571	1.9315	0.	
2180	-6.7662e-002	0.56494	0.	
2181	-7.7138e-002	0.63328	0.	
2182	-8.6615e-002	0.70161	0.	
2183	-9.6091e-002	0.76995	0.	
2184	-0.10557	0.83828	0.	
2185	-0.11504	0.90662	0.	
2186	-0.12452	0.97496	0.	
2187	-0.134	1.0433	0.	
2188	-0.14347	1.1116	0.	
2189	-0.15295	1.18	0.	
2190	-0.16243	1.2483	0.	
2191	-0.1719	1.3166	0.	
2192	-0.18138	1.385	0.	
2193	-0.19086	1.4533	0.	
2194	-0.20033	1.5216	0.	
2195	-0.20981	1.59	0.	
2196	-0.21928	1.6583	0.	
2197	-0.22876	1.7267	0.	
2198	-0.23824	1.795	0.	
2199	-0.24771	1.8633	0.	
2200	-0.25719	1.9317	0.	
2201	-3.5139e-002	0.5673	0.	
2202	-3.9815e-002	0.63552	0.	
2203	-4.4491e-002	0.70374	0.	
2204	-4.9167e-002	0.77197	0.	
2205	-5.3843e-002	0.84019	0.	
2206	-5.8519e-002	0.90842	0.	
2207	-6.3195e-002	0.97664	0.	
2208	-6.787e-002	1.0449	0.	
2209	-7.2546e-002	1.1131	0.	
2210	-7.7222e-002	1.1813	0.	
2211	-8.1898e-002	1.2495	0.	
2212	-8.6574e-002	1.3178	0.	
2213	-9.125e-002	1.386	0.	
2214	-9.5926e-002	1.4542	0.	
2215	-0.1006	1.5224	0.	
2216	-0.10528	1.5907	0.	
2217	-0.10995	1.6589	0.	
2218	-0.11463	1.7271	0.	
2219	-0.11931	1.7953	0.	
2220	-0.12398	1.8636	0.	
2221	-0.12866	1.9318	0.	
2222	-3.3498e-003	0.56817	0.	
2223	-3.1903e-003	0.63635	0.	
2224	-3.0308e-003	0.70453	0.	
2225	-2.8713e-003	0.77272	0.	
2226	-2.7117e-003	0.8409	0.	
2227	-2.5522e-003	0.90908	0.	
2228	-2.3927e-003	0.97726	0.	
2229	-2.2332e-003	1.0454	0.	
2230	-2.0737e-003	1.1136	0.	
2231	-1.9142e-003	1.1818	0.	
2232	-1.7547e-003	1.25	0.	
2233	-1.5951e-003	1.3182	0.	
2234	-1.4356e-003	1.3864	0.	
2235	-1.2761e-003	1.4545	0.	
2236	-1.1166e-003	1.5227	0.	
2237	-9.5709e-004	1.5909	0.	
2238	-7.9757e-004	1.6591	0.	
2239	-6.3806e-004	1.7273	0.	
2240	-4.7854e-004	1.7955	0.	
2241	-3.1903e-004	1.8636	0.	
2242	-1.5951e-004	1.9318	0.	
2243	2.9245e-002	0.56762	0.	
2244	3.4201e-002	0.63583	0.	
2245	3.9158e-002	0.70404	0.	
2246	4.4114e-002	0.77224	0.	
2247	4.9071e-002	0.84045	0.	
2248	5.4028e-002	0.90866	0.	
2249	5.8984e-002	0.97687	0.	
2250	6.3941e-002	1.0451	0.	
2251	6.8897e-002	1.1133	0.	
2252	7.3854e-002	1.1815	0.	
2253	7.8811e-002	1.2497	0.	
2254	8.3767e-002	1.3179	0.	
2255	8.8724e-002	1.3861	0.	
2256	9.3681e-002	1.4543	0.	
2257	9.8637e-002	1.5225	0.	
2258	0.10359	1.5907	0.	
2259	0.10855	1.659	0.	
2260	0.11351	1.7272	0.	
2261	0.11846	1.7954	0.	
2262	0.12342	1.8636	0.	
2263	0.12838	1.9318	0.	
2264	6.1731e-002	0.5656	0.	
2265	7.149e-002	0.6339	0.	
2266	8.1249e-002	0.70221	0.	
2267	9.1008e-002	0.77051	0.	
2268	0.10077	0.83882	0.	
2269	0.11053	0.90712	0.	
2270	0.12028	0.97543	0.	
2271	0.13004	1.0437	0.	
2272	0.1398	1.112	0.	
2273	0.14956	1.1803	0.	
2274	0.15932	1.2486	0.	
2275	0.16908	1.317	0.	
2276	0.17884	1.3853	0.	
2277	0.1886	1.4536	0.	
2278	0.19835	1.5219	0.	
2279	0.20811	1.5902	0.	
2280	0.21787	1.6585	0.	
2281	0.22763	1.7268	0.	
2282	0.23739	1.7951	0.	
2283	0.24715	1.8634	0.	
2284	0.25691	1.9317	0.	
2285	9.4043e-002	0.56211	0.	
2286	0.10861	0.63059	0.	
2287	0.12318	0.69906	0.	
2288	0.13775	0.76753	0.	
2289	0.15232	0.836	0.	
2290	0.16689	0.90447	0.	
2291	0.18146	0.97294	0.	
2292	0.19603	1.0414	0.	
2293	0.2106	1.1099	0.	
2294	0.22517	1.1784	0.	
2295	0.23974	1.2468	0.	
2296	0.25431	1.3153	0.	
2297	0.26888	1.3838	0.	
2298	0.28344	1.4522	0.	
2299	0.29801	1.5207	0.	
2300	0.31258	1.5892	0.	
2301	0.32715	1.6576	0.	
2302	0.34172	1.7261	0.	
2303	0.35629	1.7946	0.	
2304	0.37086	1.8631	0.	
2305	0.38543	1.9315	0.	
2306	0.12537	0.55735	0.	
2307	0.14479	0.62604	0.	
2308	0.16422	0.69474	0.	
2309	0.18365	0.76344	0.	
2310	0.20308	0.83214	0.	
2311	0.2225	0.90083	0.	
2312	0.24193	0.96953	0.	
2313	0.26136	1.0382	0.	
2314	0.28078	1.1069	0.	
2315	0.30021	1.1756	0.	
2316	0.31964	1.2443	0.	
2317	0.33906	1.313	0.	
2318	0.35849	1.3817	0.	
2319	0.37792	1.4504	0.	
2320	0.39734	1.5191	0.	
2321	0.41677	1.5878	0.	
2322	0.4362	1.6565	0.	
2323	0.45563	1.7252	0.	
2324	0.47505	1.7939	0.	
2325	0.49448	1.8626	0.	
2326	0.51391	1.9313	0.	
2327	0.15641	0.55122	0.	
2328	0.18071	0.62021	0.	
2329	0.20501	0.6892	0.	
2330	0.2293	0.75819	0.	
2331	0.2536	0.82718	0.	
2332	0.2779	0.89617	0.	
2333	0.3022	0.96516	0.	
2334	0.3265	1.0341	0.	
2335	0.35079	1.1031	0.	
2336	0.37509	1.1721	0.	
2337	0.39939	1.2411	0.	
2338	0.42369	1.3101	0.	
2339	0.44798	1.3791	0.	
2340	0.47228	1.4481	0.	
2341	0.49658	1.5171	0.	
2342	0.52088	1.5861	0.	
2343	0.54518	1.6551	0.	
2344	0.56947	1.724	0.	
2345	0.59377	1.793	0.	
2346	0.61807	1.862	0.	
2347	0.64237	1.931	0.	
2348	0.18708	0.54376	0.	
2349	0.21627	0.6131	0.	
2350	0.24546	0.68245	0.	
2351	0.27464	0.75179	0.	
2352	0.30383	0.82114	0.	
2353	0.33302	0.89048	0.	
2354	0.3622	0.95983	0.	
2355	0.39139	1.0292	0.	
2356	0.42058	1.0985	0.	
2357	0.44976	1.1679	0.	
2358	0.47895	1.2372	0.	
2359	0.50814	1.3066	0.	
2360	0.53732	1.3759	0.	
2361	0.56651	1.4452	0.	
2362	0.59569	1.5146	0.	
2363	0.62488	1.5839	0.	
2364	0.65407	1.6533	0.	
2365	0.68325	1.7226	0.	
2366	0.71244	1.792	0.	
2367	0.74163	1.8613	0.	
2368	0.77081	1.9307	0.	
2369	0.21732	0.53498	0.	
2370	0.25142	0.60474	0.	
2371	0.28551	0.67451	0.	
2372	0.31961	0.74427	0.	
2373	0.35371	0.81403	0.	
2374	0.3878	0.88379	0.	
2375	0.4219	0.95356	0.	
2376	0.45599	1.0233	0.	
2377	0.49009	1.0931	0.	
2378	0.52418	1.1628	0.	
2379	0.55828	1.2326	0.	
2380	0.59238	1.3024	0.	
2381	0.62647	1.3721	0.	
2382	0.66057	1.4419	0.	
2383	0.69466	1.5117	0.	
2384	0.72876	1.5814	0.	
2385	0.76285	1.6512	0.	
2386	0.79695	1.7209	0.	
2387	0.83105	1.7907	0.	
2388	0.86514	1.8605	0.	
2389	0.89924	1.9302	0.	
2390	0.24705	0.52491	0.	
2391	0.28608	0.59516	0.	
2392	0.32511	0.6654	0.	
2393	0.36414	0.73564	0.	
2394	0.40317	0.80588	0.	
2395	0.4422	0.87612	0.	
2396	0.48123	0.94637	0.	
2397	0.52026	1.0166	0.	
2398	0.55929	1.0869	0.	
2399	0.59832	1.1571	0.	
2400	0.63735	1.2273	0.	
2401	0.67637	1.2976	0.	
2402	0.7154	1.3678	0.	
2403	0.75443	1.4381	0.	
2404	0.79346	1.5083	0.	
2405	0.83249	1.5785	0.	
2406	0.87152	1.6488	0.	
2407	0.91055	1.719	0.	
2408	0.94958	1.7893	0.	
2409	0.98861	1.8595	0.	
2410	1.0276	1.9298	0.	
2411	0.27621	0.51359	0.	
2412	0.3202	0.58437	0.	
2413	0.36419	0.65515	0.	
2414	0.40818	0.72593	0.	
2415	0.45217	0.79671	0.	
2416	0.49616	0.86749	0.	
2417	0.54015	0.93828	0.	
2418	0.58414	1.0091	0.	
2419	0.62813	1.0798	0.	
2420	0.67212	1.1506	0.	
2421	0.71611	1.2214	0.	
2422	0.7601	1.2922	0.	
2423	0.80409	1.363	0.	
2424	0.84808	1.4337	0.	
2425	0.89207	1.5045	0.	
2426	0.93606	1.5753	0.	
2427	0.98005	1.6461	0.	
2428	1.024	1.7169	0.	
2429	1.068	1.7877	0.	
2430	1.112	1.8584	0.	
2431	1.156	1.9292	0.	
2432	0.30472	0.50103	0.	
2433	0.3537	0.57241	0.	
2434	0.40268	0.64379	0.	
2435	0.45166	0.71517	0.	
2436	0.50064	0.78655	0.	
2437	0.54962	0.85793	0.	
2438	0.59861	0.92931	0.	
2439	0.64759	1.0007	0.	
2440	0.69657	1.0721	0.	
2441	0.74555	1.1434	0.	
2442	0.79453	1.2148	0.	
2443	0.84352	1.2862	0.	
2444	0.8925	1.3576	0.	
2445	0.94148	1.429	0.	
2446	0.99046	1.5003	0.	
2447	1.0394	1.5717	0.	
2448	1.0884	1.6431	0.	
2449	1.1374	1.7145	0.	
2450	1.1864	1.7859	0.	
2451	1.2354	1.8572	0.	
2452	1.2844	1.9286	0.	
2453	0.33249	0.4873	0.	
2454	0.3865	0.55933	0.	
2455	0.44051	0.63137	0.	
2456	0.49452	0.7034	0.	
2457	0.54853	0.77543	0.	
2458	0.60254	0.84747	0.	
2459	0.65654	0.9195	0.	
2460	0.71055	0.99153	0.	
2461	0.76456	1.0636	0.	
2462	0.81857	1.1356	0.	
2463	0.87258	1.2076	0.	
2464	0.92658	1.2797	0.	
2465	0.98059	1.3517	0.	
2466	1.0346	1.4237	0.	
2467	1.0886	1.4958	0.	
2468	1.1426	1.5678	0.	
2469	1.1966	1.6398	0.	
2470	1.2506	1.7119	0.	
2471	1.3046	1.7839	0.	
2472	1.3587	1.8559	0.	
2473	1.4127	1.928	0.	
2474	0.35887	0.47289	0.	
2475	0.41797	0.54561	0.	
2476	0.47707	0.61833	0.	
2477	0.53617	0.69105	0.	
2478	0.59528	0.76377	0.	
2479	0.65438	0.83649	0.	
2480	0.71348	0.90921	0.	
2481	0.77258	0.98193	0.	
2482	0.83168	1.0546	0.	
2483	0.89078	1.1274	0.	
2484	0.94988	1.2001	0.	
2485	1.009	1.2728	0.	
2486	1.0681	1.3455	0.	
2487	1.1272	1.4182	0.	
2488	1.1863	1.491	0.	
2489	1.2454	1.5637	0.	
2490	1.3045	1.6364	0.	
2491	1.3636	1.7091	0.	
2492	1.4227	1.7818	0.	
2493	1.4818	1.8546	0.	
2494	1.5409	1.9273	0.	
2495	0.3839	0.45792	0.	
2496	0.44816	0.53135	0.	
2497	0.51242	0.60478	0.	
2498	0.57668	0.67822	0.	
2499	0.64094	0.75165	0.	
2500	0.70519	0.82508	0.	
2501	0.76945	0.89851	0.	
2502	0.83371	0.97195	0.	
2503	0.89797	1.0454	0.	
2504	0.96223	1.1188	0.	
2505	1.0265	1.1922	0.	
2506	1.0907	1.2657	0.	
2507	1.155	1.3391	0.	
2508	1.2193	1.4125	0.	
2509	1.2835	1.486	0.	
2510	1.3478	1.5594	0.	
2511	1.412	1.6328	0.	
2512	1.4763	1.7063	0.	
2513	1.5406	1.7797	0.	
2514	1.6048	1.8531	0.	
2515	1.6691	1.9266	0.	
2516	0.40817	0.44198	0.	
2517	0.47762	0.51617	0.	
2518	0.54708	0.59036	0.	
2519	0.61653	0.66455	0.	
2520	0.68598	0.73875	0.	
2521	0.75543	0.81294	0.	
2522	0.82489	0.88713	0.	
2523	0.89434	0.96132	0.	
2524	0.96379	1.0355	0.	
2525	1.0332	1.1097	0.	
2526	1.1027	1.1839	0.	
2527	1.1721	1.2581	0.	
2528	1.2416	1.3323	0.	
2529	1.311	1.4065	0.	
2530	1.3805	1.4807	0.	
2531	1.45	1.5549	0.	
2532	1.5194	1.629	0.	
2533	1.5889	1.7032	0.	
2534	1.6583	1.7774	0.	
2535	1.7278	1.8516	0.	
2536	1.7972	1.9258	0.	
2537	0.49861	3.7322e-002	0.	
2538	0.49577	6.4899e-002	0.	
2539	0.49145	9.2079e-002	0.	
2540	0.48563	0.11901	0.	
2541	0.47834	0.14557	0.	
2542	0.4696	0.17169	0.	
2543	0.45943	0.1973	0.	
2544	0.44787	0.2223	0.	
2545	0.43494	0.24663	0.	
2546	0.42135	0.26918	0.	
2547	0.4066	0.291	0.	
2548	0.39071	0.312	0.	
2549	0.37375	0.33213	0.	
2550	0.35629	0.35079	0.	
2551	0.33872	0.36779	0.	
2552	0.31964	0.38449	0.	
2553	0.29977	0.40017	0.	
2554	0.27849	0.41527	0.	
2555	0.25573	0.42965	0.	
2556	0.23222	0.4428	0.	
2557	0.20802	0.45467	0.	
2558	0.18323	0.46522	0.	
2559	0.1579	0.47441	0.	
2560	0.13211	0.48223	0.	
2561	0.10594	0.48865	0.	
2562	7.9473e-002	0.49364	0.	
2563	5.1973e-002	0.49729	0.	
2564	2.4288e-002	0.49941	0.	
2565	-3.5093e-003	0.49999	0.	
2566	-3.0463e-002	0.49907	0.	
2567	-5.8185e-002	0.4966	0.	
2568	-8.5728e-002	0.4926	0.	
2569	-0.11296	0.48707	0.	
2570	-0.13901	0.48029	0.	
2571	-0.16396	0.47235	0.	
2572	-0.18849	0.46311	0.	
2573	-0.21251	0.45259	0.	
2574	-0.23593	0.44084	0.	
2575	-0.25871	0.42786	0.	
2576	-0.28078	0.41372	0.	
2577	-0.30208	0.39844	0.	
2578	-0.32193	0.38257	0.	
2579	-0.34041	0.36623	0.	
2580	-0.35807	0.34898	0.	
2581	-0.37484	0.3309	0.	
2582	-0.39111	0.31151	0.	
2583	-0.40681	0.2907	0.	
2584	-0.42186	0.2684	0.	
2585	-0.4357	0.24528	0.	
2586	-0.44828	0.22145	0.	
2587	-0.45956	0.19698	0.	
2588	-0.46951	0.17194	0.	
2589	-0.47809	0.1464	0.	
2590	-0.48528	0.12043	0.	
2591	-0.49106	9.4112e-002	0.	
2592	-0.49542	6.7521e-002	0.	
2593	-0.49834	4.0735e-002	0.	
2594	-0.49981	1.3842e-002	0.	
2595	-0.49981	-1.3911e-002	0.	
2596	-0.49826	-4.1646e-002	0.	
2597	-0.49522	-6.899e-002	0.	
2598	-0.49051	-9.6937e-002	0.	
2599	-0.48444	-0.12376	0.	
2600	-0.4769	-0.15021	0.	
2601	-0.46792	-0.1762	0.	
2602	-0.45754	-0.20163	0.	
2603	-0.44579	-0.22643	0.	
2604	-0.43348	-0.24919	0.	
2605	-0.41999	-0.2713	0.	
2606	-0.40538	-0.29269	0.	
2607	-0.38968	-0.31329	0.	
2608	-0.37294	-0.33305	0.	
2609	-0.35519	-0.35191	0.	
2610	-0.33649	-0.36983	0.	
2611	-0.31749	-0.38626	0.	
2612	-0.29746	-0.40189	0.	
2613	-0.276	-0.41692	0.	
2614	-0.25376	-0.43082	0.	
2615	-0.23083	-0.44353	0.	
2616	-0.20725	-0.45502	0.	
2617	-0.18311	-0.46526	0.	
2618	-0.15847	-0.47422	0.	
2619	-0.13338	-0.48188	0.	
2620	-0.10794	-0.48821	0.	
2621	-8.2191e-002	-0.4932	0.	
2622	-5.6219e-002	-0.49683	0.	
2623	-3.0093e-002	-0.49909	0.	
2624	-3.8838e-003	-0.49998	0.	
2625	2.2338e-002	-0.4995	0.	
2626	4.9233e-002	-0.49757	0.	
2627	7.6988e-002	-0.49404	0.	
2628	0.10456	-0.48894	0.	
2629	0.13181	-0.48231	0.	
2630	0.15864	-0.47417	0.	
2631	0.1842	-0.46483	0.	
2632	0.20922	-0.45412	0.	
2633	0.23361	-0.44207	0.	
2634	0.25732	-0.4287	0.	
2635	0.28026	-0.41407	0.	
2636	0.30237	-0.39821	0.	
2637	0.32298	-0.38169	0.	
2638	0.34269	-0.36409	0.	
2639	0.36069	-0.34627	0.	
2640	0.37709	-0.32834	0.	
2641	0.39233	-0.30996	0.	
2642	0.40593	-0.29193	0.	
2643	0.41835	-0.27383	0.	
2644	0.42982	-0.25544	0.	
2645	0.44047	-0.23661	0.	
2646	0.4503	-0.21733	0.	
2647	0.45928	-0.19764	0.	
2648	0.46775	-0.17665	0.	
2649	0.47527	-0.1553	0.	
2650	0.48181	-0.13363	0.	
2651	0.48736	-0.1117	0.	
2652	0.49205	-8.8825e-002	0.	
2653	0.49571	-6.539e-002	0.	
2654	0.49831	-4.1112e-002	0.	
2655	0.4999	9.9222e-003	0.	
2656	0.49975	-1.5845e-002	0.	
2657	1.8667	2.	0.	
2658	1.7333	2.	0.	
2659	1.6	2.	0.	
2660	1.4667	2.	0.	
2661	1.3333	2.	0.	
2662	1.2	2.	0.	
2663	1.0667	2.	0.	
2664	0.93333	2.	0.	
2665	0.8	2.	0.	
2666	0.66667	2.	0.	
2667	0.53333	2.	0.	
2668	0.4	2.	0.	
2669	0.26667	2.	0.	
2670	0.13333	2.	0.	
2671	-2.2204e-016	2.	0.	
2672	-0.13333	2.	0.	
2673	-0.26667	2.	0.	
2674	-0.4	2.	0.	
2675	-0.53333	2.	0.	
2676	-0.66667	2.	0.	
2677	-0.8	2.	0.	
2678	-0.93333	2.	0.	
2679	-1.0667	2.	0.	
2680	-1.2	2.	0.	
2681	-1.3333	2.	0.	
2682	-1.4667	2.	0.	
2683	-1.6	2.	0.	
2684	-1.7333	2.	0.	
2685	-1.8667	2.	0.	
2686	1.8667	-2.	0.	
2687	1.7333	-2.	0.	
2688	1.6	-2.	0.	
2689	1.4667	-2.	0.	
2690	1.3333	-2.	0.	
2691	1.2	-2.	0.	
2692	1.0667	-2.	0.	
2693	0.93333	-2.	0.	
2694	0.8	-2.	0.	
2695	0.66667	-2.	0.	
2696	0.53333	-2.	0.	
2697	0.4	-2.	0.	
2698	0.26667	-2.	0.	
2699	0.13333	-2.	0.	
2700	-2.2204e-016	-2.	0.	
2701	-0.13333	-2.	0.	
2702	-0.26667	-2.	0.	
2703	-0.4	-2.	0.	
2704	-0.53333	-2.	0.	
2705	-0.66667	-2.	0.	
2706	-0.8	-2.	0.	
2707	-0.93333	-2.	0.	
2708	-1.0667	-2.	0.	
2709	-1.2	-2.	0.	
2710	-1.3333	-2.	0.	
2711	-1.4667	-2.	0.	
2712	-1.6	-2.	0.	
2713	-1.7333	-2.	0.	
2714	-1.8667	-2.	0.	
2715	-2.	-1.8667	0.	
2716	-2.	-1.7333	0.	
2717	-2.	-1.6	0.	
2718	-2.	-1.4667	0.	
2719	-2.	-1.3333	0.	
2720	-2.	-1.2	0.	
2721	-2.	-1.0667	0.	
2722	-2.	-0.93333	0.	
2723	-2.	-0.8	0.	
2724	-2.	-0.66667	0.	
2725	-2.	-0.53333	0.	
2726	-2.	-0.4	0.	
2727	-2.	-0.26667	0.	
2728	-2.	-0.13333	0.	
2729	-2.	2.2204e-016	0.	
2730	-2.	0.13333	0.	
2731	-2.	0.26667	0.	
2732	-2.	0.4	0.	
2733	-2.	0.53333	0.	
2734	-2.	0.66667	0.	
2735	-2.	0.8	0.	
2736	-2.	0.93333	0.	
2737	-2.	1.0667	0.	
2738	-2.	1.2	0.	
2739	-2.	1.3333	0.	
2740	-2.	1.4667	0.	
2741	-2.	1.6	0.	
2742	-2.	1.7333	0.	
2743	-2.	1.8667	0.	
2744	2.	-1.8667	0.	
2745	2.	-1.7333	0.	
2746	2.	-1.6	0.	
2747	2.	-1.4667	0.	
2748	2.	-1.3333	0.	
2749	2.	-1.2	0.	
2750	2.	-1.0667	0.	
2751	2.	-0.93333	0.	
2752	2.	-0.8	0.	
2753	2.	-0.66667	0.	
2754	2.	-0.53333	0.	
2755	2.	-0.4	0.	
2756	2.	-0.26667	0.	
2757	2.	-0.13333	0.	
2758	2.	2.2204e-016	0.	
2759	2.	0.13333	0.	
2760	2.	0.26667	0.	
2761	2.	0.4	0.	
2762	2.	0.53333	0.	
2763	2.	0.66667	0.	
2764	2.	0.8	0.	
2765	2.	0.93333	0.	
2766	2.	1.0667	0.	
2767	2.	1.2	0.	
2768	2.	1.3333	0.	
2769	2.	1.4667	0.	
2770	2.	1.6	0.	
2771	2.	1.7333	0.	
2772	2.	1.8667	0.	
2773	39.683	1.8667	0.	
2774	39.683	1.7333	0.	
2775	39.683	1.6	0.	
2776	39.683	1.4667	0.	
2777	39.683	1.3333	0.	
2778	39.683	1.2	0.	
2779	39.683	1.0667	0.	
2780	39.683	0.93333	0.	
2781	39.683	0.8	0.	
2782	39.683	0.66667	0.	
2783	39.683	0.53333	0.	
2784	39.683	0.4	0.	
2785	39.683	0.26667	0.	
2786	39.683	0.13333	0.	
2787	39.683	2.2204e-016	0.	
2788	39.683	-0.13333	0.	
2789	39.683	-0.26667	0.	
2790	39.683	-0.4	0.	
2791	39.683	-0.53333	0.	
2792	39.683	-0.66667	0.	
2793	39.683	-0.8	0.	
2794	39.683	-0.93333	0.	
2795	39.683	-1.0667	0.	
2796	39.683	-1.2	0.	
2797	39.683	-1.3333	0.	
2798	39.683	-1.4667	0.	
2799	39.683	-1.6	0.	
2800	39.683	-1.7333	0.	
2801	39.683	-1.8667	0.	
2802	39.367	1.8667	0.	
2803	39.367	1.7333	0.	
2804	39.367	1.6	0.	
2805	39.367	1.4667	0.	
2806	39.367	1.3333	0.	
2807	39.367	1.2	0.	
2808	39.367	1.0667	0.	
2809	39.367	0.93333	0.	
2810	39.367	0.8	0.	
2811	39.367	0.66667	0.	
2812	39.367	0.53333	0.	
2813	39.367	0.4	0.	
2814	39.367	0.26667	0.	
2815	39.367	0.13333	0.	
2816	39.367	2.2204e-016	0.	
2817	39.367	-0.13333	0.	
2818	39.367	-0.26667	0.	
2819	39.367	-0.4	0.	
2820	39.367	-0.53333	0.	
2821	39.367	-0.66667	0.	
2822	39.367	-0.8	0.	
2823	39.367	-0.93333	0.	
2824	39.367	-1.0667	0.	
2825	39.367	-1.2	0.	
2826	39.367	-1.3333	0.	
2827	39.367	-1.4667	0.	
2828	39.367	-1.6	0.	
2829	39.367	-1.7333	0.	
2830	39.367	-1.8667	0.	
2831	39.05	1.8667	0.	
2832	39.05	1.7333	0.	
2833	39.05	1.6	0.	
2834	39.05	1.4667	0.	
2835	39.05	1.3333	0.	
2836	39.05	1.2	0.	
2837	39.05	1.0667	0.	
2838	39.05	0.93333	0.	
2839	39.05	0.8	0.	
2840	39.05	0.66667	0.	
2841	39.05	0.53333	0.	
2842	39.05	0.4	0.	
2843	39.05	0.26667	0.	
2844	39.05	0.13333	0.	
2845	39.05	2.2204e-016	0.	
2846	39.05	-0.13333	0.	
2847	39.05	-0.26667	0.	
2848	39.05	-0.4	0.	
2849	39.05	-0.53333	0.	
2850	39.05	-0.66667	0.	
2851	39.05	-0.8	0.	
2852	39.05	-0.93333	0.	
2853	39.05	-1.0667	0.	
2854	39.05	-1.2	0.	
2855	39.05	-1.3333	0.	
2856	39.05	-1.4667	0.	
2857	39.05	-1.6	0.	
2858	39.05	-1.7333	0.	
2859	39.05	-1.8667	0.	
2860	38.733	1.8667	0.	
2861	38.733	1.7333	0.	
2862	38.733	1.6	0.	
2863	38.733	1.4667	0.	
2864	38.733	1.3333	0.	
2865	38.733	1.2	0.	
2866	38.733	1.0667	0.	
2867	38.733	0.93333	0.	
2868	38.733	0.8	0.	
2869	38.733	0.66667	0.	
2870	38.733	0.53333	0.	
2871	38.733	0.4	0.	
2872	38.733	0.26667	0.	
2873	38.733	0.13333	0.	
2874	38.733	2.2204e-016	0.	
2875	38.733	-0.13333	0.	
2876	38.733	-0.26667	0.	
2877	38.733	-0.4	0.	
2878	38.733	-0.53333	0.	
2879	38.733	-0.66667	0.	
2880	38.733	-0.8	0.	
2881	38.733	-0.93333	0.	
2882	38.733	-1.0667	0.	
2883	38.733	-1.2	0.	
2884	38.733	-1.3333	0.	
2885	38.733	-1.4667	0.	
2886	38.733	-1.6	0.	
2887	38.733	-1.7333	0.	
2888	38.733	-1.8667	0.	
2889	38.417	1.8667	0.	
2890	38.417	1.7333	0.	
2891	38.417	1.6	0.	
2892	38.417	1.4667	0.	
2893	38.417	1.3333	0.	
2894	38.417	1.2	0.	
2895	38.417	1.0667	0.	
2896	38.417	0.93333	0.	
2897	38.417	0.8	0.	
2898	38.417	0.66667	0.	
2899	38.417	0.53333	0.	
2900	38.417	0.4	0.	
2901	38.417	0.26667	0.	
2902	38.417	0.13333	0.	
2903	38.417	2.2204e-016	0.	
2904	38.417	-0.13333	0.	
2905	38.417	-0.26667	0.	
2906	38.417	-0.4	0.	
2907	38.417	-0.53333	0.	
2908	38.417	-0.66667	0.	
2909	38.417	-0.8	0.	
2910	38.417	-0.93333	0.	
2911	38.417	-1.0667	0.	
2912	38.417	-1.2	0.	
2913	38.417	-1.3333	0.	
2914	38.417	-1.4667	0.	
2915	38.417	-1.6	0.	
2916	38.417	-1.7333	0.	
2917	38.417	-1.8667	0.	
2918	38.1	1.8667	0.	
2919	38.1	1.7333	0.	
2920	38.1	1.6	0.	
2921	38.1	1.4667	0.	
2922	38.1	1.3333	0.	
2923	38.1	1.2	0.	
2924	38.1	1.0667	0.	
2925	38.1	0.93333	0.	
2926	38.1	0.8	0.	
2927	38.1	0.66667	0.	
2928	38.1	0.53333	0.	
2929	38.1	0.4	0.	
2930	38.1	0.26667	0.	
2931	38.1	0.13333	0.	
2932	38.1	2.2204e-016	0.	
2933	38.1	-0.13333	0.	
2934	38.1	-0.26667	0.	
2935	38.1	-0.4	0.	
2936	38.1	-0.53333	0.	
2937	38.1	-0.66667	0.	
2938	38.1	-0.8	0.	
2939	38.1	-0.93333	0.	
2940	38.1	-1.0667	0.	
2941	38.1	-1.2	0.	
2942	38.1	-1.3333	0.	
2943	38.1	-1.4667	0.	
2944	38.1	-1.6	0.	
2945	38.1	-1.7333	0.	
2946	38.1	-1.8667	0.	
2947	37.783	1.8667	0.	
2948	37.783	1.7333	0.	
2949	37.783	1.6	0.	
2950	37.783	1.4667	0.	
2951	37.783	1.3333	0.	
2952	37.783	1.2	0.	
2953	37.783	1.0667	0.	
2954	37.783	0.93333	0.	
2955	37.783	0.8	0.	
2956	37.783	0.66667	0.	
2957	37.783	0.53333	0.	
2958	37.783	0.4	0.	
2959	37.783	0.26667	0.	
2960	37.783	0.13333	0.	
2961	37.783	2.2204e-016	0.	
2962	37.783	-0.13333	0.	
2963	37.783	-0.26667	0.	
2964	37.783	-0.4	0.	
2965	37.783	-0.53333	0.	
2966	37.783	-0.66667	0.	
2967	37.783	-0.8	0.	
2968	37.783	-0.93333	0.	
2969	37.783	-1.0667	0.	
2970	37.783	-1.2	0.	
2971	37.783	-1.3333	0.	
2972	37.783	-1.4667	0.	
2973	37.783	-1.6	0.	
2974	37.783	-1.7333	0.	
2975	37.783	-1.8667	0.	
2976	37.467	1.8667	0.	
2977	37.467	1.7333	0.	
2978	37.467	1.6	0.	
2979	37.467	1.4667	0.	
2980	37.467	1.3333	0.	
2981	37.467	1.2	0.	
2982	37.467	1.0667	0.	
2983	37.467	0.93333	0.	
2984	37.467	0.8	0.	
2985	37.467	0.66667	0.	
2986	37.467	0.53333	0.	
2987	37.467	0.4	0.	
2988	37.467	0.26667	0.	
2989	37.467	0.13333	0.	
2990	37.467	2.2204e-016	0.	
2991	37.467	-0.13333	0.	
2992	37.467	-0.26667	0.	
2993	37.467	-0.4	0.	
2994	37.467	-0.53333	0.	
2995	37.467	-0.66667	0.	
2996	37.467	-0.8	0.	
2997	37.467	-0.93333	0.	
2998	37.467	-1.0667	0.	
2999	37.467	-1.2	0.	
3000	37.467	-1.3333	0.	
3001	37.467	-1.4667	0.	
3002	37.467	-1.6	0.	
3003	37.467	-1.7333	0.	
3004	37.467	-1.8667	0.	
3005	37.15	1.8667	0.	
3006	37.15	1.7333	0.	
3007	37.15	1.6	0.	
3008	37.15	1.4667	0.	
3009	37.15	1.3333	0.	
3010	37.15	1.2	0.	
3011	37.15	1.0667	0.	
3012	37.15	0.93333	0.	
3013	37.15	0.8	0.	
3014	37.15	0.66667	0.	
3015	37.15	0.53333	0.	
3016	37.15	0.4	0.	
3017	37.15	0.26667	0.	
3018	37.15	0.13333	0.	
3019	37.15	2.2204e-016	0.	
3020	37.15	-0.13333	0.	
3021	37.15	-0.26667	0.	
3022	37.15	-0.4	0.	
3023	37.15	-0.53333	0.	
3024	37.15	-0.66667	0.	
3025	37.15	-0.8	0.	
3026	37.15	-0.93333	0.	
3027	37.15	-1.0667	0.	
3028	37.15	-1.2	0.	
3029	37.15	-1.3333	0.	
3030	37.15	-1.4667	0.	
3031	37.15	-1.6	0.	
3032	37.15	-1.7333	0.	
3033	37.15	-1.8667	0.	
3034	36.833	1.8667	0.	
3035	36.833	1.7333	0.	
3036	36.833	1.6	0.	
3037	36.833	1.4667	0.	
3038	36.833	1.3333	0.	
3039	36.833	1.2	0.	
3040	36.833	1.0667	0.	
3041	36.833	0.93333	0.	
3042	36.833	0.8	0.	
3043	36.833	0.66667	0.	
3044	36.833	0.53333	0.	
3045	36.833	0.4	0.	
3046	36.833	0.26667	0.	
3047	36.833	0.13333	0.	
3048	36.833	2.2204e-016	0.	
3049	36.833	-0.13333	0.	
3050	36.833	-0.26667	0.	
3051	36.833	-0.4	0.	
3052	36.833	-0.53333	0.	
3053	36.833	-0.66667	0.	
3054	36.833	-0.8	0.	
3055	36.833	-0.93333	0.	
3056	36.833	-1.0667	0.	
3057	36.833	-1.2	0.	
3058	36.833	-1.3333	0.	
3059	36.833	-1.4667	0.	
3060	36.833	-1.6	0.	
3061	36.833	-1.7333	0.	
3062	36.833	-1.8667	0.	
3063	36.517	1.8667	0.	
3064	36.517	1.7333	0.	
3065	36.517	1.6	0.	
3066	36.517	1.4667	0.	
3067	36.517	1.3333	0.	
3068	36.517	1.2	0.	
3069	36.517	1.0667	0.	
3070	36.517	0.93333	0.	
3071	36.517	0.8	0.	
3072	36.517	0.66667	0.	
3073	36.517	0.53333	0.	
3074	36.517	0.4	0.	
3075	36.517	0.26667	0.	
3076	36.517	0.13333	0.	
3077	36.517	2.2204e-016	0.	
3078	36.517	-0.13333	0.	
3079	36.517	-0.26667	0.	
3080	36.517	-0.4	0.	
3081	36.517	-0.53333	0.	
3082	36.517	-0.66667	0.	
3083	36.517	-0.8	0.	
3084	36.517	-0.93333	0.	
3085	36.517	-1.0667	0.	
3086	36.517	-1.2	0.	
3087	36.517	-1.3333	0.	
3088	36.517	-1.4667	0.	
3089	36.517	-1.6	0.	
3090	36.517	-1.7333	0.	
3091	36.517	-1.8667	0.	
3092	36.2	1.8667	0.	
3093	36.2	1.7333	0.	
3094	36.2	1.6	0.	
3095	36.2	1.4667	0.	
3096	36.2	1.3333	0.	
3097	36.2	1.2	0.	
3098	36.2	1.0667	0.	
3099	36.2	0.93333	0.	
3100	36.2	0.8	0.	
3101	36.2	0.66667	0.	
3102	36.2	0.53333	0.	
3103	36.2	0.4	0.	
3104	36.2	0.26667	0.	
3105	36.2	0.13333	0.	
3106	36.2	2.2204e-016	0.	
3107	36.2	-0.13333	0.	
3108	36.2	-0.26667	0.	
3109	36.2	-0.4	0.	
3110	36.2	-0.53333	0.	
3111	36.2	-0.66667	0.	
3112	36.2	-0.8	0.	
3113	36.2	-0.93333	0.	
3114	36.2	-1.0667	0.	
3115	36.2	-1.2	0.	
3116	36.2	-1.3333	0.	
3117	36.2	-1.4667	0.	
3118	36.2	-1.6	0.	
3119	36.2	-1.7333	0.	
3120	36.2	-1.8667	0.	
3121	35.883	1.8667	0.	
3122	35.883	1.7333	0.	
3123	35.883	1.6	0.	
3124	35.883	1.4667	0.	
3125	35.883	1.3333	0.	
3126	35.883	1.2	0.	
3127	35.883	1.0667	0.	
3128	35.883	0.93333	0.	
3129	35.883	0.8	0.	
3130	35.883	0.66667	0.	
3131	35.883	0.53333	0.	
3132	35.883	0.4	0.	
3133	35.883	0.26667	0.	
3134	35.883	0.13333	0.	
3135	35.883	2.2204e-016	0.	
3136	35.883	-0.13333	0.	
3137	35.883	-0.26667	0.	
3138	35.883	-0.4	0.	
3139	35.883	-0.53333	0.	
3140	35.883	-0.66667	0.	
3141	35.883	-0.8	0.	
3142	35.883	-0.93333	0.	
3143	35.883	-1.0667	0.	
3144	35.883	-1.2	0.	
3145	35.883	-1.3333	0.	
3146	35.883	-1.4667	0.	
3147	35.883	-1.6	0.	
3148	35.883	-1.7333	0.	
3149	35.883	-1.8667	0.	
3150	35.567	1.8667	0.	
3151	35.567	1.7333	0.	
3152	35.567	1.6	0.	
3153	35.567	1.4667	0.	
3154	35.567	1.3333	0.	
3155	35.567	1.2	0.	
3156	35.567	1.0667	0.	
3157	35.567	0.93333	0.	
3158	35.567	0.8	0.	
3159	35.567	0.66667	0.	
3160	35.567	0.53333	0.	
3161	35.567	0.4	0.	
3162	35.567	0.26667	0.	
3163	35.567	0.13333	0.	
3164	35.567	2.2204e-016	0.	
3165	35.567	-0.13333	0.	
3166	35.567	-0.26667	0.	
3167	35.567	-0.4	0.	
3168	35.567	-0.53333	0.	
3169	35.567	-0.66667	0.	
3170	35.567	-0.8	0.	
3171	35.567	-0.93333	0.	
3172	35.567	-1.0667	0.	
3173	35.567	-1.2	0.	
3174	35.567	-1.3333	0.	
3175	35.567	-1.4667	0.	
3176	35.567	-1.6	0.	
3177	35.567	-1.7333	0.	
3178	35.567	-1.8667	0.	
3179	35.25	1.8667	0.	
3180	35.25	1.7333	0.	
3181	35.25	1.6	0.	
3182	35.25	1.4667	0.	
3183	35.25	1.3333	0.	
3184	35.25	1.2	0.	
3185	35.25	1.0667	0.	
3186	35.25	0.93333	0.	
3187	35.25	0.8	0.	
3188	35.25	0.66667	0.	
3189	35.25	0.53333	0.	
3190	35.25	0.4	0.	
3191	35.25	0.26667	0.	
3192	35.25	0.13333	0.	
3193	35.25	2.2204e-016	0.	
3194	35.25	-0.13333	0.	
3195	35.25	-0.26667	0.	
3196	35.25	-0.4	0.	
3197	35.25	-0.53333	0.	
3198	35.25	-0.66667	0.	
3199	35.25	-0.8	0.	
3200	35.25	-0.93333	0.	
3201	35.25	-1.0667	0.	
3202	35.25	-1.2	0.	
3203	35.25	-1.3333	0.	
3204	35.25	-1.4667	0.	
3205	35.25	-1.6	0.	
3206	35.25	-1.7333	0.	
3207	35.25	-1.8667	0.	
3208	34.933	1.8667	0.	
3209	34.933	1.7333	0.	
3210	34.933	1.6	0.	
3211	34.933	1.4667	0.	
3212	34.933	1.3333	0.	
3213	34.933	1.2	0.	
3214	34.933	1.0667	0.	
3215	34.933	0.93333	0.	
3216	34.933	0.8	0.	
3217	34.933	0.66667	0.	
3218	34.933	0.53333	0.	
3219	34.933	0.4	0.	
3220	34.933	0.26667	0.	
3221	34.933	0.13333	0.	
3222	34.933	2.2204e-016	0.	
3223	34.933	-0.13333	0.	
3224	34.933	-0.26667	0.	
3225	34.933	-0.4	0.	
3226	34.933	-0.53333	0.	
3227	34.933	-0.66667	0.	
3228	34.933	-0.8	0.	
3229	34.933	-0.93333	0.	
3230	34.933	-1.0667	0.	
3231	34.933	-1.2	0.	
3232	34.933	-1.3333	0.	
3233	34.933	-1.4667	0.	
3234	34.933	-1.6	0.	
3235	34.933	-1.7333	0.	
3236	34.933	-1.8667	0.	
3237	34.617	1.8667	0.	
3238	34.617	1.7333	0.	
3239	34.617	1.6	0.	
3240	34.617	1.4667	0.	
3241	34.617	1.3333	0.	
3242	34.617	1.2	0.	
3243	34.617	1.0667	0.	
3244	34.617	0.93333	0.	
3245	34.617	0.8	0.	
3246	34.617	0.66667	0.	
3247	34.617	0.53333	0.	
3248	34.617	0.4	0.	
3249	34.617	0.26667	0.	
3250	34.617	0.13333	0.	
3251	34.617	2.2204e-016	0.	
3252	34.617	-0.13333	0.	
3253	34.617	-0.26667	0.	
3254	34.617	-0.4	0.	
3255	34.617	-0.53333	0.	
3256	34.617	-0.66667	0.	
3257	34.617	-0.8	0.	
3258	34.617	-0.93333	0.	
3259	34.617	-1.0667	0.	
3260	34.617	-1.2	0.	
3261	34.617	-1.3333	0.	
3262	34.617	-1.4667	0.	
3263	34.617	-1.6	0.	
3264	34.617	-1.7333	0.	
3265	34.617	-1.8667	0.	
3266	34.3	1.8667	0.	
3267	34.3	1.7333	0.	
3268	34.3	1.6	0.	
3269	34.3	1.4667	0.	
3270	34.3	1.3333	0.	
3271	34.3	1.2	0.	
3272	34.3	1.0667	0.	
3273	34.3	0.93333	0.	
3274	34.3	0.8	0.	
3275	34.3	0.66667	0.	
3276	34.3	0.53333	0.	
3277	34.3	0.4	0.	
3278	34.3	0.26667	0.	
3279	34.3	0.13333	0.	
3280	34.3	2.2204e-016	0.	
3281	34.3	-0.13333	0.	
3282	34.3	-0.26667	0.	
3283	34.3	-0.4	0.	
3284	34.3	-0.53333	0.	
3285	34.3	-0.66667	0.	
3286	34.3	-0.8	0.	
3287	34.3	-0.93333	0.	
3288	34.3	-1.0667	0.	
3289	34.3	-1.2	0.	
3290	34.3	-1.3333	0.	
3291	34.3	-1.4667	0.	
3292	34.3	-1.6	0.	
3293	34.3	-1.7333	0.	
3294	34.3	-1.8667	0.	
3295	33.983	1.8667	0.	
3296	33.983	1.7333	0.	
3297	33.983	1.6	0.	
3298	33.983	1.4667	0.	
3299	33.983	1.3333	0.	
3300	33.983	1.2	0.	
3301	33.983	1.0667	0.	
3302	33.983	0.93333	0.	
3303	33.983	0.8	0.	
3304	33.983	0.66667	0.	
3305	33.983	0.53333	0.	
3306	33.983	0.4	0.	
3307	33.983	0.26667	0.	
3308	33.983	0.13333	0.	
3309	33.983	2.2204e-016	0.	
3310	33.983	-0.13333	0.	
3311	33.983	-0.26667	0.	
3312	33.983	-0.4	0.	
3313	33.983	-0.53333	0.	
3314	33.983	-0.66667	0.	
3315	33.983	-0.8	0.	
3316	33.983	-0.93333	0.	
3317	33.983	-1.0667	0.	
3318	33.983	-1.2	0.	
3319	33.983	-1.3333	0.	
3320	33.983	-1.4667	0.	
3321	33.983	-1.6	0.	
3322	33.983	-1.7333	0.	
3323	33.983	-1.8667	0.	
3324	33.667	1.8667	0.	
3325	33.667	1.7333	0.	
3326	33.667	1.6	0.	
3327	33.667	1.4667	0.	
3328	33.667	1.3333	0.	
3329	33.667	1.2	0.	
3330	33.667	1.0667	0.	
3331	33.667	0.93333	0.	
3332	33.667	0.8	0.	
3333	33.667	0.66667	0.	
3334	33.667	0.53333	0.	
3335	33.667	0.4	0.	
3336	33.667	0.26667	0.	
3337	33.667	0.13333	0.	
3338	33.667	2.2204e-016	0.	
3339	33.667	-0.13333	0.	
3340	33.667	-0.26667	0.	
3341	33.667	-0.4	0.	
3342	33.667	-0.53333	0.	
3343	33.667	-0.66667	0.	
3344	33.667	-0.8	0.	
3345	33.667	-0.93333	0.	
3346	33.667	-1.0667	0.	
3347	33.667	-1.2	0.	
3348	33.667	-1.3333	0.	
3349	33.667	-1.4667	0.	
3350	33.667	-1.6	0.	
3351	33.667	-1.7333	0.	
3352	33.667	-1.8667	0.	
3353	33.35	1.8667	0.	
3354	33.35	1.7333	0.	
3355	33.35	1.6	0.	
3356	33.35	1.4667	0.	
3357	33.35	1.3333	0.	
3358	33.35	1.2	0.	
3359	33.35	1.0667	0.	
3360	33.35	0.93333	0.	
3361	33.35	0.8	0.	
3362	33.35	0.66667	0.	
3363	33.35	0.53333	0.	
3364	33.35	0.4	0.	
3365	33.35	0.26667	0.	
3366	33.35	0.13333	0.	
3367	33.35	2.2204e-016	0.	
3368	33.35	-0.13333	0.	
3369	33.35	-0.26667	0.	
3370	33.35	-0.4	0.	
3371	33.35	-0.53333	0.	
3372	33.35	-0.66667	0.	
3373	33.35	-0.8	0.	
3374	33.35	-0.93333	0.	
3375	33.35	-1.0667	0.	
3376	33.35	-1.2	0.	
3377	33.35	-1.3333	0.	
3378	33.35	-1.4667	0.	
3379	33.35	-1.6	0.	
3380	33.35	-1.7333	0.	
3381	33.35	-1.8667	0.	
3382	33.033	1.8667	0.	
3383	33.033	1.7333	0.	
3384	33.033	1.6	0.	
3385	33.033	1.4667	0.	
3386	33.033	1.3333	0.	
3387	33.033	1.2	0.	
3388	33.033	1.0667	0.	
3389	33.033	0.93333	0.	
3390	33.033	0.8	0.	
3391	33.033	0.66667	0.	
3392	33.033	0.53333	0.	
3393	33.033	0.4	0.	
3394	33.033	0.26667	0.	
3395	33.033	0.13333	0.	
3396	33.033	2.2204e-016	0.	
3397	33.033	-0.13333	0.	
3398	33.033	-0.26667	0.	
3399	33.033	-0.4	0.	
3400	33.033	-0.53333	0.	
3401	33.033	-0.66667	0.	
3402	33.033	-0.8	0.	
3403	33.033	-0.93333	0.	
3404	33.033	-1.0667	0.	
3405	33.033	-1.2	0.	
3406	33.033	-1.3333	0.	
3407	33.033	-1.4667	0.	
3408	33.033	-1.6	0.	
3409	33.033	-1.7333	0.	
3410	33.033	-1.8667	0.	
3411	32.717	1.8667	0.	
3412	32.717	1.7333	0.	
3413	32.717	1.6	0.	
3414	32.717	1.4667	0.	
3415	32.717	1.3333	0.	
3416	32.717	1.2	0.	
3417	32.717	1.0667	0.	
3418	32.717	0.93333	0.	
3419	32.717	0.8	0.	
3420	32.717	0.66667	0.	
3421	32.717	0.53333	0.	
3422	32.717	0.4	0.	
3423	32.717	0.26667	0.	
3424	32.717	0.13333	0.	
3425	32.717	2.2204e-016	0.	
3426	32.717	-0.13333	0.	
3427	32.717	-0.26667	0.	
3428	32.717	-0.4	0.	
3429	32.717	-0.53333	0.	
3430	32.717	-0.66667	0.	
3431	32.717	-0.8	0.	
3432	32.717	-0.93333	0.	
3433	32.717	-1.0667	0.	
3434	32.717	-1.2	0.	
3435	32.717	-1.3333	0.	
3436	32.717	-1.4667	0.	
3437	32.717	-1.6	0.	
3438	32.717	-1.7333	0.	
3439	32.717	-1.8667	0.	
3440	32.4	1.8667	0.	
3441	32.4	1.7333	0.	
3442	32.4	1.6	0.	
3443	32.4	1.4667	0.	
3444	32.4	1.3333	0.	
3445	32.4	1.2	0.	
3446	32.4	1.0667	0.	
3447	32.4	0.93333	0.	
3448	32.4	0.8	0.	
3449	32.4	0.66667	0.	
3450	32.4	0.53333	0.	
3451	32.4	0.4	0.	
3452	32.4	0.26667	0.	
3453	32.4	0.13333	0.	
3454	32.4	2.2204e-016	0.	
3455	32.4	-0.13333	0.	
3456	32.4	-0.26667	0.	
3457	32.4	-0.4	0.	
3458	32.4	-0.53333	0.	
3459	32.4	-0.66667	0.	
3460	32.4	-0.8	0.	
3461	32.4	-0.93333	0.	
3462	32.4	-1.0667	0.	
3463	32.4	-1.2	0.	
3464	32.4	-1.3333	0.	
3465	32.4	-1.4667	0.	
3466	32.4	-1.6	0.	
3467	32.4	-1.7333	0.	
3468	32.4	-1.8667	0.	
3469	32.083	1.8667	0.	
3470	32.083	1.7333	0.	
3471	32.083	1.6	0.	
3472	32.083	1.4667	0.	
3473	32.083	1.3333	0.	
3474	32.083	1.2	0.	
3475	32.083	1.0667	0.	
3476	32.083	0.93333	0.	
3477	32.083	0.8	0.	
3478	32.083	0.66667	0.	
3479	32.083	0.53333	0.	
3480	32.083	0.4	0.	
3481	32.083	0.26667	0.	
3482	32.083	0.13333	0.	
3483	32.083	2.2204e-016	0.	
3484	32.083	-0.13333	0.	
3485	32.083	-0.26667	0.	
3486	32.083	-0.4	0.	
3487	32.083	-0.53333	0.	
3488	32.083	-0.66667	0.	
3489	32.083	-0.8	0.	
3490	32.083	-0.93333	0.	
3491	32.083	-1.0667	0.	
3492	32.083	-1.2	0.	
3493	32.083	-1.3333	0.	
3494	32.083	-1.4667	0.	
3495	32.083	-1.6	0.	
3496	32.083	-1.7333	0.	
3497	32.083	-1.8667	0.	
3498	31.767	1.8667	0.	
3499	31.767	1.7333	0.	
3500	31.767	1.6	0.	
3501	31.767	1.4667	0.	
3502	31.767	1.3333	0.	
3503	31.767	1.2	0.	
3504	31.767	1.0667	0.	
3505	31.767	0.93333	0.	
3506	31.767	0.8	0.	
3507	31.767	0.66667	0.	
3508	31.767	0.53333	0.	
3509	31.767	0.4	0.	
3510	31.767	0.26667	0.	
3511	31.767	0.13333	0.	
3512	31.767	2.2204e-016	0.	
3513	31.767	-0.13333	0.	
3514	31.767	-0.26667	0.	
3515	31.767	-0.4	0.	
3516	31.767	-0.53333	0.	
3517	31.767	-0.66667	0.	
3518	31.767	-0.8	0.	
3519	31.767	-0.93333	0.	
3520	31.767	-1.0667	0.	
3521	31.767	-1.2	0.	
3522	31.767	-1.3333	0.	
3523	31.767	-1.4667	0.	
3524	31.767	-1.6	0.	
3525	31.767	-1.7333	0.	
3526	31.767	-1.8667	0.	
3527	31.45	1.8667	0.	
3528	31.45	1.7333	0.	
3529	31.45	1.6	0.	
3530	31.45	1.4667	0.	
3531	31.45	1.3333	0.	
3532	31.45	1.2	0.	
3533	31.45	1.0667	0.	
3534	31.45	0.93333	0.	
3535	31.45	0.8	0.	
3536	31.45	0.66667	0.	
3537	31.45	0.53333	0.	
3538	31.45	0.4	0.	
3539	31.45	0.26667	0.	
3540	31.45	0.13333	0.	
3541	31.45	2.2204e-016	0.	
3542	31.45	-0.13333	0.	
3543	31.45	-0.26667	0.	
3544	31.45	-0.4	0.	
3545	31.45	-0.53333	0.	
3546	31.45	-0.66667	0.	
3547	31.45	-0.8	0.	
3548	31.45	-0.93333	0.	
3549	31.45	-1.0667	0.	
3550	31.45	-1.2	0.	
3551	31.45	-1.3333	0.	
3552	31.45	-1.4667	0.	
3553	31.45	-1.6	0.	
3554	31.45	-1.7333	0.	
3555	31.45	-1.8667	0.	
3556	31.133	1.8667	0.	
3557	31.133	1.7333	0.	
3558	31.133	1.6	0.	
3559	31.133	1.4667	0.	
3560	31.133	1.3333	0.	
3561	31.133	1.2	0.	
3562	31.133	1.0667	0.	
3563	31.133	0.93333	0.	
3564	31.133	0.8	0.	
3565	31.133	0.66667	0.	
3566	31.133	0.53333	0.	
3567	31.133	0.4	0.	
3568	31.133	0.26667	0.	
3569	31.133	0.13333	0.	
3570	31.133	2.2204e-016	0.	
3571	31.133	-0.13333	0.	
3572	31.133	-0.26667	0.	
3573	31.133	-0.4	0.	
3574	31.133	-0.53333	0.	
3575	31.133	-0.66667	0.	
3576	31.133	-0.8	0.	
3577	31.133	-0.93333	0.	
3578	31.133	-1.0667	0.	
3579	31.133	-1.2	0.	
3580	31.133	-1.3333	0.	
3581	31.133	-1.4667	0.	
3582	31.133	-1.6	0.	
3583	31.133	-1.7333	0.	
3584	31.133	-1.8667	0.	
3585	30.817	1.8667	0.	
3586	30.817	1.7333	0.	
3587	30.817	1.6	0.	
3588	30.817	1.4667	0.	
3589	30.817	1.3333	0.	
3590	30.817	1.2	0.	
3591	30.817	1.0667	0.	
3592	30.817	0.93333	0.	
3593	30.817	0.8	0.	
3594	30.817	0.66667	0.	
3595	30.817	0.53333	0.	
3596	30.817	0.4	0.	
3597	30.817	0.26667	0.	
3598	30.817	0.13333	0.	
3599	30.817	2.2204e-016	0.	
3600	30.817	-0.13333	0.	
3601	30.817	-0.26667	0.	
3602	30.817	-0.4	0.	
3603	30.817	-0.53333	0.	
3604	30.817	-0.66667	0.	
3605	30.817	-0.8	0.	
3606	30.817	-0.93333	0.	
3607	30.817	-1.0667	0.	
3608	30.817	-1.2	0.	
3609	30.817	-1.3333	0.	
3610	30.817	-1.4667	0.	
3611	30.817	-1.6	0.	
3612	30.817	-1.7333	0.	
3613	30.817	-1.8667	0.	
3614	30.5	1.8667	0.	
3615	30.5	1.7333	0.	
3616	30.5	1.6	0.	
3617	30.5	1.4667	0.	
3618	30.5	1.3333	0.	
3619	30.5	1.2	0.	
3620	30.5	1.0667	0.	
3621	30.5	0.93333	0.	
3622	30.5	0.8	0.	
3623	30.5	0.66667	0.	
3624	30.5	0.53333	0.	
3625	30.5	0.4	0.	
3626	30.5	0.26667	0.	
3627	30.5	0.13333	0.	
3628	30.5	2.2204e-016	0.	
3629	30.5	-0.13333	0.	
3630	30.5	-0.26667	0.	
3631	30.5	-0.4	0.	
3632	30.5	-0.53333	0.	
3633	30.5	-0.66667	0.	
3634	30.5	-0.8	0.	
3635	30.5	-0.93333	0.	
3636	30.5	-1.0667	0.	
3637	30.5	-1.2	0.	
3638	30.5	-1.3333	0.	
3639	30.5	-1.4667	0.	
3640	30.5	-1.6	0.	
3641	30.5	-1.7333	0.	
3642	30.5	-1.8667	0.	
3643	30.183	1.8667	0.	
3644	30.183	1.7333	0.	
3645	30.183	1.6	0.	
3646	30.183	1.4667	0.	
3647	30.183	1.3333	0.	
3648	30.183	1.2	0.	
3649	30.183	1.0667	0.	
3650	30.183	0.93333	0.	
3651	30.183	0.8	0.	
3652	30.183	0.66667	0.	
3653	30.183	0.53333	0.	
3654	30.183	0.4	0.	
3655	30.183	0.26667	0.	
3656	30.183	0.13333	0.	
3657	30.183	2.2204e-016	0.	
3658	30.183	-0.13333	0.	
3659	30.183	-0.26667	0.	
3660	30.183	-0.4	0.	
3661	30.183	-0.53333	0.	
3662	30.183	-0.66667	0.	
3663	30.183	-0.8	0.	
3664	30.183	-0.93333	0.	
3665	30.183	-1.0667	0.	
3666	30.183	-1.2	0.	
3667	30.183	-1.3333	0.	
3668	30.183	-1.4667	0.	
3669	30.183	-1.6	0.	
3670	30.183	-1.7333	0.	
3671	30.183	-1.8667	0.	
3672	29.867	1.8667	0.	
3673	29.867	1.7333	0.	
3674	29.867	1.6	0.	
3675	29.867	1.4667	0.	
3676	29.867	1.3333	0.	
3677	29.867	1.2	0.	
3678	29.867	1.0667	0.	
3679	29.867	0.93333	0.	
3680	29.867	0.8	0.	
3681	29.867	0.66667	0.	
3682	29.867	0.53333	0.	
3683	29.867	0.4	0.	
3684	29.867	0.26667	0.	
3685	29.867	0.13333	0.	
3686	29.867	2.2204e-016	0.	
3687	29.867	-0.13333	0.	
3688	29.867	-0.26667	0.	
3689	29.867	-0.4	0.	
3690	29.867	-0.53333	0.	
3691	29.867	-0.66667	0.	
3692	29.867	-0.8	0.	
3693	29.867	-0.93333	0.	
3694	29.867	-1.0667	0.	
3695	29.867	-1.2	0.	
3696	29.867	-1.3333	0.	
3697	29.867	-1.4667	0.	
3698	29.867	-1.6	0.	
3699	29.867	-1.7333	0.	
3700	29.867	-1.8667	0.	
3701	29.55	1.8667	0.	
3702	29.55	1.7333	0.	
3703	29.55	1.6	0.	
3704	29.55	1.4667	0.	
3705	29.55	1.3333	0.	
3706	29.55	1.2	0.	
3707	29.55	1.0667	0.	
3708	29.55	0.93333	0.	
3709	29.55	0.8	0.	
3710	29.55	0.66667	0.	
3711	29.55	0.53333	0.	
3712	29.55	0.4	0.	
3713	29.55	0.26667	0.	
3714	29.55	0.13333	0.	
3715	29.55	2.2204e-016	0.	
3716	29.55	-0.13333	0.	
3717	29.55	-0.26667	0.	
3718	29.55	-0.4	0.	
3719	29.55	-0.53333	0.	
3720	29.55	-0.66667	0.	
3721	29.55	-0.8	0.	
3722	29.55	-0.93333	0.	
3723	29.55	-1.0667	0.	
3724	29.55	-1.2	0.	
3725	29.55	-1.3333	0.	
3726	29.55	-1.4667	0.	
3727	29.55	-1.6	0.	
3728	29.55	-1.7333	0.	
3729	29.55	-1.8667	0.	
3730	29.233	1.8667	0.	
3731	29.233	1.7333	0.	
3732	29.233	1.6	0.	
3733	29.233	1.4667	0.	
3734	29.233	1.3333	0.	
3735	29.233	1.2	0.	
3736	29.233	1.0667	0.	
3737	29.233	0.93333	0.	
3738	29.233	0.8	0.	
3739	29.233	0.66667	0.	
3740	29.233	0.53333	0.	
3741	29.233	0.4	0.	
3742	29.233	0.26667	0.	
3743	29.233	0.13333	0.	
3744	29.233	2.2204e-016	0.	
3745	29.233	-0.13333	0.	
3746	29.233	-0.26667	0.	
3747	29.233	-0.4	0.	
3748	29.233	-0.53333	0.	
3749	29.233	-0.66667	0.	
3750	29.233	-0.8	0.	
3751	29.233	-0.93333	0.	
3752	29.233	-1.0667	0.	
3753	29.233	-1.2	0.	
3754	29.233	-1.3333	0.	
3755	29.233	-1.4667	0.	
3756	29.233	-1.6	0.	
3757	29.233	-1.7333	0.	
3758	29.233	-1.8667	0.	
3759	28.917	1.8667	0.	
3760	28.917	1.7333	0.	
3761	28.917	1.6	0.	
3762	28.917	1.4667	0.	
3763	28.917	1.3333	0.	
3764	28.917	1.2	0.	
3765	28.917	1.0667	0.	
3766	28.917	0.93333	0.	
3767	28.917	0.8	0.	
3768	28.917	0.66667	0.	
3769	28.917	0.53333	0.	
3770	28.917	0.4	0.	
3771	28.917	0.26667	0.	
3772	28.917	0.13333	0.	
3773	28.917	2.2204e-016	0.	
3774	28.917	-0.13333	0.	
3775	28.917	-0.26667	0.	
3776	28.917	-0.4	0.	
3777	28.917	-0.53333	0.	
3778	28.917	-0.66667	0.	
3779	28.917	-0.8	0.	
3780	28.917	-0.93333	0.	
3781	28.917	-1.0667	0.	
3782	28.917	-1.2	0.	
3783	28.917	-1.3333	0.	
3784	28.917	-1.4667	0.	
3785	28.917	-1.6	0.	
3786	28.917	-1.7333	0.	
3787	28.917	-1.8667	0.	
3788	28.6	1.8667	0.	
3789	28.6	1.7333	0.	
3790	28.6	1.6	0.	
3791	28.6	1.4667	0.	
3792	28.6	1.3333	0.	
3793	28.6	1.2	0.	
3794	28.6	1.0667	0.	
3795	28.6	0.93333	0.	
3796	28.6	0.8	0.	
3797	28.6	0.66667	0.	
3798	28.6	0.53333	0.	
3799	28.6	0.4	0.	
3800	28.6	0.26667	0.	
3801	28.6	0.13333	0.	
3802	28.6	2.2204e-016	0.	
3803	28.6	-0.13333	0.	
3804	28.6	-0.26667	0.	
3805	28.6	-0.4	0.	
3806	28.6	-0.53333	0.	
3807	28.6	-0.66667	0.	
3808	28.6	-0.8	0.	
3809	28.6	-0.93333	0.	
3810	28.6	-1.0667	0.	
3811	28.6	-1.2	0.	
3812	28.6	-1.3333	0.	
3813	28.6	-1.4667	0.	
3814	28.6	-1.6	0.	
3815	28.6	-1.7333	0.	
3816	28.6	-1.8667	0.	
3817	28.283	1.8667	0.	
3818	28.283	1.7333	0.	
3819	28.283	1.6	0.	
3820	28.283	1.4667	0.	
3821	28.283	1.3333	0.	
3822	28.283	1.2	0.	
3823	28.283	1.0667	0.	
3824	28.283	0.93333	0.	
3825	28.283	0.8	0.	
3826	28.283	0.66667	0.	
3827	28.283	0.53333	0.	
3828	28.283	0.4	0.	
3829	28.283	0.26667	0.	
3830	28.283	0.13333	0.	
3831	28.283	2.2204e-016	0.	
3832	28.283	-0.13333	0.	
3833	28.283	-0.26667	0.	
3834	28.283	-0.4	0.	
3835	28.283	-0.53333	0.	
3836	28.283	-0.66667	0.	
3837	28.283	-0.8	0.	
3838	28.283	-0.93333	0.	
3839	28.283	-1.0667	0.	
3840	28.283	-1.2	0.	
3841	28.283	-1.3333	0.	
3842	28.283	-1.4667	0.	
3843	28.283	-1.6	0.	
3844	28.283	-1.7333	0.	
3845	28.283	-1.8667	0.	
3846	27.967	1.8667	0.	
3847	27.967	1.7333	0.	
3848	27.967	1.6	0.	
3849	27.967	1.4667	0.	
3850	27.967	1.3333	0.	
3851	27.967	1.2	0.	
3852	27.967	1.0667	0.	
3853	27.967	0.93333	0.	
3854	27.967	0.8	0.	
3855	27.967	0.66667	0.	
3856	27.967	0.53333	0.	
3857	27.967	0.4	0.	
3858	27.967	0.26667	0.	
3859	27.967	0.13333	0.	
3860	27.967	2.2204e-016	0.	
3861	27.967	-0.13333	0.	
3862	27.967	-0.26667	0.	
3863	27.967	-0.4	0.	
3864	27.967	-0.53333	0.	
3865	27.967	-0.66667	0.	
3866	27.967	-0.8	0.	
3867	27.967	-0.93333	0.	
3868	27.967	-1.0667	0.	
3869	27.967	-1.2	0.	
3870	27.967	-1.3333	0.	
3871	27.967	-1.4667	0.	
3872	27.967	-1.6	0.	
3873	27.967	-1.7333	0.	
3874	27.967	-1.8667	0.	
3875	27.65	1.8667	0.	
3876	27.65	1.7333	0.	
3877	27.65	1.6	0.	
3878	27.65	1.4667	0.	
3879	27.65	1.3333	0.	
3880	27.65	1.2	0.	
3881	27.65	1.0667	0.	
3882	27.65	0.93333	0.	
3883	27.65	0.8	0.	
3884	27.65	0.66667	0.	
3885	27.65	0.53333	0.	
3886	27.65	0.4	0.	
3887	27.65	0.26667	0.	
3888	27.65	0.13333	0.	
3889	27.65	2.2204e-016	0.	
3890	27.65	-0.13333	0.	
3891	27.65	-0.26667	0.	
3892	27.65	-0.4	0.	
3893	27.65	-0.53333	0.	
3894	27.65	-0.66667	0.	
3895	27.65	-0.8	0.	
3896	27.65	-0.93333	0.	
3897	27.65	-1.0667	0.	
3898	27.65	-1.2	0.	
3899	27.65	-1.3333	0.	
3900	27.65	-1.4667	0.	
3901	27.65	-1.6	0.	
3902	27.65	-1.7333	0.	
3903	27.65	-1.8667	0.	
3904	27.333	1.8667	0.	
3905	27.333	1.7333	0.	
3906	27.333	1.6	0.	
3907	27.333	1.4667	0.	
3908	27.333	1.3333	0.	
3909	27.333	1.2	0.	
3910	27.333	1.0667	0.	
3911	27.333	0.93333	0.	
3912	27.333	0.8	0.	
3913	27.333	0.66667	0.	
3914	27.333	0.53333	0.	
3915	27.333	0.4	0.	
3916	27.333	0.26667	0.	
3917	27.333	0.13333	0.	
3918	27.333	2.2204e-016	0.	
3919	27.333	-0.13333	0.	
3920	27.333	-0.26667	0.	
3921	27.333	-0.4	0.	
3922	27.333	-0.53333	0.	
3923	27.333	-0.66667	0.	
3924	27.333	-0.8	0.	
3925	27.333	-0.93333	0.	
3926	27.333	-1.0667	0.	
3927	27.333	-1.2	0.	
3928	27.333	-1.3333	0.	
3929	27.333	-1.4667	0.	
3930	27.333	-1.6	0.	
3931	27.333	-1.7333	0.	
3932	27.333	-1.8667	0.	
3933	27.017	1.8667	0.	
3934	27.017	1.7333	0.	
3935	27.017	1.6	0.	
3936	27.017	1.4667	0.	
3937	27.017	1.3333	0.	
3938	27.017	1.2	0.	
3939	27.017	1.0667	0.	
3940	27.017	0.93333	0.	
3941	27.017	0.8	0.	
3942	27.017	0.66667	0.	
3943	27.017	0.53333	0.	
3944	27.017	0.4	0.	
3945	27.017	0.26667	0.	
3946	27.017	0.13333	0.	
3947	27.017	2.2204e-016	0.	
3948	27.017	-0.13333	0.	
3949	27.017	-0.26667	0.	
3950	27.017	-0.4	0.	
3951	27.017	-0.53333	0.	
3952	27.017	-0.66667	0.	
3953	27.017	-0.8	0.	
3954	27.017	-0.93333	0.	
3955	27.017	-1.0667	0.	
3956	27.017	-1.2	0.	
3957	27.017	-1.3333	0.	
3958	27.017	-1.4667	0.	
3959	27.017	-1.6	0.	
3960	27.017	-1.7333	0.	
3961	27.017	-1.8667	0.	
3962	26.7	1.8667	0.	
3963	26.7	1.7333	0.	
3964	26.7	1.6	0.	
3965	26.7	1.4667	0.	
3966	26.7	1.3333	0.	
3967	26.7	1.2	0.	
3968	26.7	1.0667	0.	
3969	26.7	0.93333	0.	
3970	26.7	0.8	0.	
3971	26.7	0.66667	0.	
3972	26.7	0.53333	0.	
3973	26.7	0.4	0.	
3974	26.7	0.26667	0.	
3975	26.7	0.13333	0.	
3976	26.7	2.2204e-016	0.	
3977	26.7	-0.13333	0.	
3978	26.7	-0.26667	0.	
3979	26.7	-0.4	0.	
3980	26.7	-0.53333	0.	
3981	26.7	-0.66667	0.	
3982	26.7	-0.8	0.	
3983	26.7	-0.93333	0.	
3984	26.7	-1.0667	0.	
3985	26.7	-1.2	0.	
3986	26.7	-1.3333	0.	
3987	26.7	-1.4667	0.	
3988	26.7	-1.6	0.	
3989	26.7	-1.7333	0.	
3990	26.7	-1.8667	0.	
3991	26.383	1.8667	0.	
3992	26.383	1.7333	0.	
3993	26.383	1.6	0.	
3994	26.383	1.4667	0.	
3995	26.383	1.3333	0.	
3996	26.383	1.2	0.	
3997	26.383	1.0667	0.	
3998	26.383	0.93333	0.	
3999	26.383	0.8	0.	
4000	26.383	0.66667	0.	
4001	26.383	0.53333	0.	
4002	26.383	0.4	0.	
4003	26.383	0.26667	0.	
4004	26.383	0.13333	0.	
4005	26.383	2.2204e-016	0.	
4006	26.383	-0.13333	0.	
4007	26.383	-0.26667	0.	
4008	26.383	-0.4	0.	
4009	26.383	-0.53333	0.	
4010	26.383	-0.66667	0.	
4011	26.383	-0.8	0.	
4012	26.383	-0.93333	0.	
4013	26.383	-1.0667	0.	
4014	26.383	-1.2	0.	
4015	26.383	-1.3333	0.	
4016	26.383	-1.4667	0.	
4017	26.383	-1.6	0.	
4018	26.383	-1.7333	0.	
4019	26.383	-1.8667	0.	
4020	26.067	1.8667	0.	
4021	26.067	1.7333	0.	
4022	26.067	1.6	0.	
4023	26.067	1.4667	0.	
4024	26.067	1.3333	0.	
4025	26.067	1.2	0.	
4026	26.067	1.0667	0.	
4027	26.067	0.93333	0.	
4028	26.067	0.8	0.	
4029	26.067	0.66667	0.	
4030	26.067	0.53333	0.	
4031	26.067	0.4	0.	
4032	26.067	0.26667	0.	
4033	26.067	0.13333	0.	
4034	26.067	2.2204e-016	0.	
4035	26.067	-0.13333	0.	
4036	26.067	-0.26667	0.	
4037	26.067	-0.4	0.	
4038	26.067	-0.53333	0.	
4039	26.067	-0.66667	0.	
4040	26.067	-0.8	0.	
4041	26.067	-0.93333	0.	
4042	26.067	-1.0667	0.	
4043	26.067	-1.2	0.	
4044	26.067	-1.3333	0.	
4045	26.067	-1.4667	0.	
4046	26.067	-1.6	0.	
4047	26.067	-1.7333	0.	
4048	26.067	-1.8667	0.	
4049	25.75	1.8667	0.	
4050	25.75	1.7333	0.	
4051	25.75	1.6	0.	
4052	25.75	1.4667	0.	
4053	25.75	1.3333	0.	
4054	25.75	1.2	0.	
4055	25.75	1.0667	0.	
4056	25.75	0.93333	0.	
4057	25.75	0.8	0.	
4058	25.75	0.66667	0.	
4059	25.75	0.53333	0.	
4060	25.75	0.4	0.	
4061	25.75	0.26667	0.	
4062	25.75	0.13333	0.	
4063	25.75	2.2204e-016	0.	
4064	25.75	-0.13333	0.	
4065	25.75	-0.26667	0.	
4066	25.75	-0.4	0.	
4067	25.75	-0.53333	0.	
4068	25.75	-0.66667	0.	
4069	25.75	-0.8	0.	
4070	25.75	-0.93333	0.	
4071	25.75	-1.0667	0.	
4072	25.75	-1.2	0.	
4073	25.75	-1.3333	0.	
4074	25.75	-1.4667	0.	
4075	25.75	-1.6	0.	
4076	25.75	-1.7333	0.	
4077	25.75	-1.8667	0.	
4078	25.433	1.8667	0.	
4079	25.433	1.7333	0.	
4080	25.433	1.6	0.	
4081	25.433	1.4667	0.	
4082	25.433	1.3333	0.	
4083	25.433	1.2	0.	
4084	25.433	1.0667	0.	
4085	25.433	0.93333	0.	
4086	25.433	0.8	0.	
4087	25.433	0.66667	0.	
4088	25.433	0.53333	0.	
4089	25.433	0.4	0.	
4090	25.433	0.26667	0.	
4091	25.433	0.13333	0.	
4092	25.433	2.2204e-016	0.	
4093	25.433	-0.13333	0.	
4094	25.433	-0.26667	0.	
4095	25.433	-0.4	0.	
4096	25.433	-0.53333	0.	
4097	25.433	-0.66667	0.	
4098	25.433	-0.8	0.	
4099	25.433	-0.93333	0.	
4100	25.433	-1.0667	0.	
4101	25.433	-1.2	0.	
4102	25.433	-1.3333	0.	
4103	25.433	-1.4667	0.	
4104	25.433	-1.6	0.	
4105	25.433	-1.7333	0.	
4106	25.433	-1.8667	0.	
4107	25.117	1.8667	0.	
4108	25.117	1.7333	0.	
4109	25.117	1.6	0.	
4110	25.117	1.4667	0.	
4111	25.117	1.3333	0.	
4112	25.117	1.2	0.	
4113	25.117	1.0667	0.	
4114	25.117	0.93333	0.	
4115	25.117	0.8	0.	
4116	25.117	0.66667	0.	
4117	25.117	0.53333	0.	
4118	25.117	0.4	0.	
4119	25.117	0.26667	0.	
4120	25.117	0.13333	0.	
4121	25.117	2.2204e-016	0.	
4122	25.117	-0.13333	0.	
4123	25.117	-0.26667	0.	
4124	25.117	-0.4	0.	
4125	25.117	-0.53333	0.	
4126	25.117	-0.66667	0.	
4127	25.117	-0.8	0.	
4128	25.117	-0.93333	0.	
4129	25.117	-1.0667	0.	
4130	25.117	-1.2	0.	
4131	25.117	-1.3333	0.	
4132	25.117	-1.4667	0.	
4133	25.117	-1.6	0.	
4134	25.117	-1.7333	0.	
4135	25.117	-1.8667	0.	
4136	24.8	1.8667	0.	
4137	24.8	1.7333	0.	
4138	24.8	1.6	0.	
4139	24.8	1.4667	0.	
4140	24.8	1.3333	0.	
4141	24.8	1.2	0.	
4142	24.8	1.0667	0.	
4143	24.8	0.93333	0.	
4144	24.8	0.8	0.	
4145	24.8	0.66667	0.	
4146	24.8	0.53333	0.	
4147	24.8	0.4	0.	
4148	24.8	0.26667	0.	
4149	24.8	0.13333	0.	
4150	24.8	2.2204e-016	0.	
4151	24.8	-0.13333	0.	
4152	24.8	-0.26667	0.	
4153	24.8	-0.4	0.	
4154	24.8	-0.53333	0.	
4155	24.8	-0.66667	0.	
4156	24.8	-0.8	0.	
4157	24.8	-0.93333	0.	
4158	24.8	-1.0667	0.	
4159	24.8	-1.2	0.	
4160	24.8	-1.3333	0.	
4161	24.8	-1.4667	0.	
4162	24.8	-1.6	0.	
4163	24.8	-1.7333	0.	
4164	24.8	-1.8667	0.	
4165	24.483	1.8667	0.	
4166	24.483	1.7333	0.	
4167	24.483	1.6	0.	
4168	24.483	1.4667	0.	
4169	24.483	1.3333	0.	
4170	24.483	1.2	0.	
4171	24.483	1.0667	0.	
4172	24.483	0.93333	0.	
4173	24.483	0.8	0.	
4174	24.483	0.66667	0.	
4175	24.483	0.53333	0.	
4176	24.483	0.4	0.	
4177	24.483	0.26667	0.	
4178	24.483	0.13333	0.	
4179	24.483	2.2204e-016	0.	
4180	24.483	-0.13333	0.	
4181	24.483	-0.26667	0.	
4182	24.483	-0.4	0.	
4183	24.483	-0.53333	0.	
4184	24.483	-0.66667	0.	
4185	24.483	-0.8	0.	
4186	24.483	-0.93333	0.	
4187	24.483	-1.0667	0.	
4188	24.483	-1.2	0.	
4189	24.483	-1.3333	0.	
4190	24.483	-1.4667	0.	
4191	24.483	-1.6	0.	
4192	24.483	-1.7333	0.	
4193	24.483	-1.8667	0.	
4194	24.167	1.8667	0.	
4195	24.167	1.7333	0.	
4196	24.167	1.6	0.	
4197	24.167	1.4667	0.	
4198	24.167	1.3333	0.	
4199	24.167	1.2	0.	
4200	24.167	1.0667	0.	
4201	24.167	0.93333	0.	
4202	24.167	0.8	0.	
4203	24.167	0.66667	0.	
4204	24.167	0.53333	0.	
4205	24.167	0.4	0.	
4206	24.167	0.26667	0.	
4207	24.167	0.13333	0.	
4208	24.167	2.2204e-016	0.	
4209	24.167	-0.13333	0.	
4210	24.167	-0.26667	0.	
4211	24.167	-0.4	0.	
4212	24.167	-0.53333	0.	
4213	24.167	-0.66667	0.	
4214	24.167	-0.8	0.	
4215	24.167	-0.93333	0.	
4216	24.167	-1.0667	0.	
4217	24.167	-1.2	0.	
4218	24.167	-1.3333	0.	
4219	24.167	-1.4667	0.	
4220	24.167	-1.6	0.	
4221	24.167	-1.7333	0.	
4222	24.167	-1.8667	0.	
4223	23.85	1.8667	0.	
4224	23.85	1.7333	0.	
4225	23.85	1.6	0.	
4226	23.85	1.4667	0.	
4227	23.85	1.3333	0.	
4228	23.85	1.2	0.	
4229	23.85	1.0667	0.	
4230	23.85	0.93333	0.	
4231	23.85	0.8	0.	
4232	23.85	0.66667	0.	
4233	23.85	0.53333	0.	
4234	23.85	0.4	0.	
4235	23.85	0.26667	0.	
4236	23.85	0.13333	0.	
4237	23.85	2.2204e-016	0.	
4238	23.85	-0.13333	0.	
4239	23.85	-0.26667	0.	
4240	23.85	-0.4	0.	
4241	23.85	-0.53333	0.	
4242	23.85	-0.66667	0.	
4243	23.85	-0.8	0.	
4244	23.85	-0.93333	0.	
4245	23.85	-1.0667	0.	
4246	23.85	-1.2	0.	
4247	23.85	-1.3333	0.	
4248	23.85	-1.4667	0.	
4249	23.85	-1.6	0.	
4250	23.85	-1.7333	0.	
4251	23.85	-1.8667	0.	
4252	23.533	1.8667	0.	
4253	23.533	1.7333	0.	
4254	23.533	1.6	0.	
4255	23.533	1.4667	0.	
4256	23.533	1.3333	0.	
4257	23.533	1.2	0.	
4258	23.533	1.0667	0.	
4259	23.533	0.93333	0.	
4260	23.533	0.8	0.	
4261	23.533	0.66667	0.	
4262	23.533	0.53333	0.	
4263	23.533	0.4	0.	
4264	23.533	0.26667	0.	
4265	23.533	0.13333	0.	
4266	23.533	2.2204e-016	0.	
4267	23.533	-0.13333	0.	
4268	23.533	-0.26667	0.	
4269	23.533	-0.4	0.	
4270	23.533	-0.53333	0.	
4271	23.533	-0.66667	0.	
4272	23.533	-0.8	0.	
4273	23.533	-0.93333	0.	
4274	23.533	-1.0667	0.	
4275	23.533	-1.2	0.	
4276	23.533	-1.3333	0.	
4277	23.533	-1.4667	0.	
4278	23.533	-1.6	0.	
4279	23.533	-1.7333	0.	
4280	23.533	-1.8667	0.	
4281	23.217	1.8667	0.	
4282	23.217	1.7333	0.	
4283	23.217	1.6	0.	
4284	23.217	1.4667	0.	
4285	23.217	1.3333	0.	
4286	23.217	1.2	0.	
4287	23.217	1.0667	0.	
4288	23.217	0.93333	0.	
4289	23.217	0.8	0.	
4290	23.217	0.66667	0.	
4291	23.217	0.53333	0.	
4292	23.217	0.4	0.	
4293	23.217	0.26667	0.	
4294	23.217	0.13333	0.	
4295	23.217	2.2204e-016	0.	
4296	23.217	-0.13333	0.	
4297	23.217	-0.26667	0.	
4298	23.217	-0.4	0.	
4299	23.217	-0.53333	0.	
4300	23.217	-0.66667	0.	
4301	23.217	-0.8	0.	
4302	23.217	-0.93333	0.	
4303	23.217	-1.0667	0.	
4304	23.217	-1.2	0.	
4305	23.217	-1.3333	0.	
4306	23.217	-1.4667	0.	
4307	23.217	-1.6	0.	
4308	23.217	-1.7333	0.	
4309	23.217	-1.8667	0.	
4310	22.9	1.8667	0.	
4311	22.9	1.7333	0.	
4312	22.9	1.6	0.	
4313	22.9	1.4667	0.	
4314	22.9	1.3333	0.	
4315	22.9	1.2	0.	
4316	22.9	1.0667	0.	
4317	22.9	0.93333	0.	
4318	22.9	0.8	0.	
4319	22.9	0.66667	0.	
4320	22.9	0.53333	0.	
4321	22.9	0.4	0.	
4322	22.9	0.26667	0.	
4323	22.9	0.13333	0.	
4324	22.9	2.2204e-016	0.	
4325	22.9	-0.13333	0.	
4326	22.9	-0.26667	0.	
4327	22.9	-0.4	0.	
4328	22.9	-0.53333	0.	
4329	22.9	-0.66667	0.	
4330	22.9	-0.8	0.	
4331	22.9	-0.93333	0.	
4332	22.9	-1.0667	0.	
4333	22.9	-1.2	0.	
4334	22.9	-1.3333	0.	
4335	22.9	-1.4667	0.	
4336	22.9	-1.6	0.	
4337	22.9	-1.7333	0.	
4338	22.9	-1.8667	0.	
4339	22.583	1.8667	0.	
4340	22.583	1.7333	0.	
4341	22.583	1.6	0.	
4342	22.583	1.4667	0.	
4343	22.583	1.3333	0.	
4344	22.583	1.2	0.	
4345	22.583	1.0667	0.	
4346	22.583	0.93333	0.	
4347	22.583	0.8	0.	
4348	22.583	0.66667	0.	
4349	22.583	0.53333	0.	
4350	22.583	0.4	0.	
4351	22.583	0.26667	0.	
4352	22.583	0.13333	0.	
4353	22.583	2.2204e-016	0.	
4354	22.583	-0.13333	0.	
4355	22.583	-0.26667	0.	
4356	22.583	-0.4	0.	
4357	22.583	-0.53333	0.	
4358	22.583	-0.66667	0.	
4359	22.583	-0.8	0.	
4360	22.583	-0.93333	0.	
4361	22.583	-1.0667	0.	
4362	22.583	-1.2	0.	
4363	22.583	-1.3333	0.	
4364	22.583	-1.4667	0.	
4365	22.583	-1.6	0.	
4366	22.583	-1.7333	0.	
4367	22.583	-1.8667	0.	
4368	22.267	1.8667	0.	
4369	22.267	1.7333	0.	
4370	22.267	1.6	0.	
4371	22.267	1.4667	0.	
4372	22.267	1.3333	0.	
4373	22.267	1.2	0.	
4374	22.267	1.0667	0.	
4375	22.267	0.93333	0.	
4376	22.267	0.8	0.	
4377	22.267	0.66667	0.	
4378	22.267	0.53333	0.	
4379	22.267	0.4	0.	
4380	22.267	0.26667	0.	
4381	22.267	0.13333	0.	
4382	22.267	2.2204e-016	0.	
4383	22.267	-0.13333	0.	
4384	22.267	-0.26667	0.	
4385	22.267	-0.4	0.	
4386	22.267	-0.53333	0.	
4387	22.267	-0.66667	0.	
4388	22.267	-0.8	0.	
4389	22.267	-0.93333	0.	
4390	22.267	-1.0667	0.	
4391	22.267	-1.2	0.	
4392	22.267	-1.3333	0.	
4393	22.267	-1.4667	0.	
4394	22.267	-1.6	0.	
4395	22.267	-1.7333	0.	
4396	22.267	-1.8667	0.	
4397	21.95	1.8667	0.	
4398	21.95	1.7333	0.	
4399	21.95	1.6	0.	
4400	21.95	1.4667	0.	
4401	21.95	1.3333	0.	
4402	21.95	1.2	0.	
4403	21.95	1.0667	0.	
4404	21.95	0.93333	0.	
4405	21.95	0.8	0.	
4406	21.95	0.66667	0.	
4407	21.95	0.53333	0.	
4408	21.95	0.4	0.	
4409	21.95	0.26667	0.	
4410	21.95	0.13333	0.	
4411	21.95	2.2204e-016	0.	
4412	21.95	-0.13333	0.	
4413	21.95	-0.26667	0.	
4414	21.95	-0.4	0.	
4415	21.95	-0.53333	0.	
4416	21.95	-0.66667	0.	
4417	21.95	-0.8	0.	
4418	21.95	-0.93333	0.	
4419	21.95	-1.0667	0.	
4420	21.95	-1.2	0.	
4421	21.95	-1.3333	0.	
4422	21.95	-1.4667	0.	
4423	21.95	-1.6	0.	
4424	21.95	-1.7333	0.	
4425	21.95	-1.8667	0.	
4426	21.633	1.8667	0.	
4427	21.633	1.7333	0.	
4428	21.633	1.6	0.	
4429	21.633	1.4667	0.	
4430	21.633	1.3333	0.	
4431	21.633	1.2	0.	
4432	21.633	1.0667	0.	
4433	21.633	0.93333	0.	
4434	21.633	0.8	0.	
4435	21.633	0.66667	0.	
4436	21.633	0.53333	0.	
4437	21.633	0.4	0.	
4438	21.633	0.26667	0.	
4439	21.633	0.13333	0.	
4440	21.633	2.2204e-016	0.	
4441	21.633	-0.13333	0.	
4442	21.633	-0.26667	0.	
4443	21.633	-0.4	0.	
4444	21.633	-0.53333	0.	
4445	21.633	-0.66667	0.	
4446	21.633	-0.8	0.	
4447	21.633	-0.93333	0.	
4448	21.633	-1.0667	0.	
4449	21.633	-1.2	0.	
4450	21.633	-1.3333	0.	
4451	21.633	-1.4667	0.	
4452	21.633	-1.6	0.	
4453	21.633	-1.7333	0.	
4454	21.633	-1.8667	0.	
4455	21.317	1.8667	0.	
4456	21.317	1.7333	0.	
4457	21.317	1.6	0.	
4458	21.317	1.4667	0.	
4459	21.317	1.3333	0.	
4460	21.317	1.2	0.	
4461	21.317	1.0667	0.	
4462	21.317	0.93333	0.	
4463	21.317	0.8	0.	
4464	21.317	0.66667	0.	
4465	21.317	0.53333	0.	
4466	21.317	0.4	0.	
4467	21.317	0.26667	0.	
4468	21.317	0.13333	0.	
4469	21.317	2.2204e-016	0.	
4470	21.317	-0.13333	0.	
4471	21.317	-0.26667	0.	
4472	21.317	-0.4	0.	
4473	21.317	-0.53333	0.	
4474	21.317	-0.66667	0.	
4475	21.317	-0.8	0.	
4476	21.317	-0.93333	0.	
4477	21.317	-1.0667	0.	
4478	21.317	-1.2	0.	
4479	21.317	-1.3333	0.	
4480	21.317	-1.4667	0.	
4481	21.317	-1.6	0.	
4482	21.317	-1.7333	0.	
4483	21.317	-1.8667	0.	
4484	21.	1.8667	0.	
4485	21.	1.7333	0.	
4486	21.	1.6	0.	
4487	21.	1.4667	0.	
4488	21.	1.3333	0.	
4489	21.	1.2	0.	
4490	21.	1.0667	0.	
4491	21.	0.93333	0.	
4492	21.	0.8	0.	
4493	21.	0.66667	0.	
4494	21.	0.53333	0.	
4495	21.	0.4	0.	
4496	21.	0.26667	0.	
4497	21.	0.13333	0.	
4498	21.	2.2204e-016	0.	
4499	21.	-0.13333	0.	
4500	21.	-0.26667	0.	
4501	21.	-0.4	0.	
4502	21.	-0.53333	0.	
4503	21.	-0.66667	0.	
4504	21.	-0.8	0.	
4505	21.	-0.93333	0.	
4506	21.	-1.0667	0.	
4507	21.	-1.2	0.	
4508	21.	-1.3333	0.	
4509	21.	-1.4667	0.	
4510	21.	-1.6	0.	
4511	21.	-1.7333	0.	
4512	21.	-1.8667	0.	
4513	20.683	1.8667	0.	
4514	20.683	1.7333	0.	
4515	20.683	1.6	0.	
4516	20.683	1.4667	0.	
4517	20.683	1.3333	0.	
4518	20.683	1.2	0.	
4519	20.683	1.0667	0.	
4520	20.683	0.93333	0.	
4521	20.683	0.8	0.	
4522	20.683	0.66667	0.	
4523	20.683	0.53333	0.	
4524	20.683	0.4	0.	
4525	20.683	0.26667	0.	
4526	20.683	0.13333	0.	
4527	20.683	2.2204e-016	0.	
4528	20.683	-0.13333	0.	
4529	20.683	-0.26667	0.	
4530	20.683	-0.4	0.	
4531	20.683	-0.53333	0.	
4532	20.683	-0.66667	0.	
4533	20.683	-0.8	0.	
4534	20.683	-0.93333	0.	
4535	20.683	-1.0667	0.	
4536	20.683	-1.2	0.	
4537	20.683	-1.3333	0.	
4538	20.683	-1.4667	0.	
4539	20.683	-1.6	0.	
4540	20.683	-1.7333	0.	
4541	20.683	-1.8667	0.	
4542	20.367	1.8667	0.	
4543	20.367	1.7333	0.	
4544	20.367	1.6	0.	
4545	20.367	1.4667	0.	
4546	20.367	1.3333	0.	
4547	20.367	1.2	0.	
4548	20.367	1.0667	0.	
4549	20.367	0.93333	0.	
4550	20.367	0.8	0.	
4551	20.367	0.66667	0.	
4552	20.367	0.53333	0.	
4553	20.367	0.4	0.	
4554	20.367	0.26667	0.	
4555	20.367	0.13333	0.	
4556	20.367	2.2204e-016	0.	
4557	20.367	-0.13333	0.	
4558	20.367	-0.26667	0.	
4559	20.367	-0.4	0.	
4560	20.367	-0.53333	0.	
4561	20.367	-0.66667	0.	
4562	20.367	-0.8	0.	
4563	20.367	-0.93333	0.	
4564	20.367	-1.0667	0.	
4565	20.367	-1.2	0.	
4566	20.367	-1.3333	0.	
4567	20.367	-1.4667	0.	
4568	20.367	-1.6	0.	
4569	20.367	-1.7333	0.	
4570	20.367	-1.8667	0.	
4571	20.05	1.8667	0.	
4572	20.05	1.7333	0.	
4573	20.05	1.6	0.	
4574	20.05	1.4667	0.	
4575	20.05	1.3333	0.	
4576	20.05	1.2	0.	
4577	20.05	1.0667	0.	
4578	20.05	0.93333	0.	
4579	20.05	0.8	0.	
4580	20.05	0.66667	0.	
4581	20.05	0.53333	0.	
4582	20.05	0.4	0.	
4583	20.05	0.26667	0.	
4584	20.05	0.13333	0.	
4585	20.05	2.2204e-016	0.	
4586	20.05	-0.13333	0.	
4587	20.05	-0.26667	0.	
4588	20.05	-0.4	0.	
4589	20.05	-0.53333	0.	
4590	20.05	-0.66667	0.	
4591	20.05	-0.8	0.	
4592	20.05	-0.93333	0.	
4593	20.05	-1.0667	0.	
4594	20.05	-1.2	0.	
4595	20.05	-1.3333	0.	
4596	20.05	-1.4667	0.	
4597	20.05	-1.6	0.	
4598	20.05	-1.7333	0.	
4599	20.05	-1.8667	0.	
4600	19.733	1.8667	0.	
4601	19.733	1.7333	0.	
4602	19.733	1.6	0.	
4603	19.733	1.4667	0.	
4604	19.733	1.3333	0.	
4605	19.733	1.2	0.	
4606	19.733	1.0667	0.	
4607	19.733	0.93333	0.	
4608	19.733	0.8	0.	
4609	19.733	0.66667	0.	
4610	19.733	0.53333	0.	
4611	19.733	0.4	0.	
4612	19.733	0.26667	0.	
4613	19.733	0.13333	0.	
4614	19.733	2.2204e-016	0.	
4615	19.733	-0.13333	0.	
4616	19.733	-0.26667	0.	
4617	19.733	-0.4	0.	
4618	19.733	-0.53333	0.	
4619	19.733	-0.66667	0.	
4620	19.733	-0.8	0.	
4621	19.733	-0.93333	0.	
4622	19.733	-1.0667	0.	
4623	19.733	-1.2	0.	
4624	19.733	-1.3333	0.	
4625	19.733	-1.4667	0.	
4626	19.733	-1.6	0.	
4627	19.733	-1.7333	0.	
4628	19.733	-1.8667	0.	
4629	19.417	1.8667	0.	
4630	19.417	1.7333	0.	
4631	19.417	1.6	0.	
4632	19.417	1.4667	0.	
4633	19.417	1.3333	0.	
4634	19.417	1.2	0.	
4635	19.417	1.0667	0.	
4636	19.417	0.93333	0.	
4637	19.417	0.8	0.	
4638	19.417	0.66667	0.	
4639	19.417	0.53333	0.	
4640	19.417	0.4	0.	
4641	19.417	0.26667	0.	
4642	19.417	0.13333	0.	
4643	19.417	2.2204e-016	0.	
4644	19.417	-0.13333	0.	
4645	19.417	-0.26667	0.	
4646	19.417	-0.4	0.	
4647	19.417	-0.53333	0.	
4648	19.417	-0.66667	0.	
4649	19.417	-0.8	0.	
4650	19.417	-0.93333	0.	
4651	19.417	-1.0667	0.	
4652	19.417	-1.2	0.	
4653	19.417	-1.3333	0.	
4654	19.417	-1.4667	0.	
4655	19.417	-1.6	0.	
4656	19.417	-1.7333	0.	
4657	19.417	-1.8667	0.	
4658	19.1	1.8667	0.	
4659	19.1	1.7333	0.	
4660	19.1	1.6	0.	
4661	19.1	1.4667	0.	
4662	19.1	1.3333	0.	
4663	19.1	1.2	0.	
4664	19.1	1.0667	0.	
4665	19.1	0.93333	0.	
4666	19.1	0.8	0.	
4667	19.1	0.66667	0.	
4668	19.1	0.53333	0.	
4669	19.1	0.4	0.	
4670	19.1	0.26667	0.	
4671	19.1	0.13333	0.	
4672	19.1	2.2204e-016	0.	
4673	19.1	-0.13333	0.	
4674	19.1	-0.26667	0.	
4675	19.1	-0.4	0.	
4676	19.1	-0.53333	0.	
4677	19.1	-0.66667	0.	
4678	19.1	-0.8	0.	
4679	19.1	-0.93333	0.	
4680	19.1	-1.0667	0.	
4681	19.1	-1.2	0.	
4682	19.1	-1.3333	0.	
4683	19.1	-1.4667	0.	
4684	19.1	-1.6	0.	
4685	19.1	-1.7333	0.	
4686	19.1	-1.8667	0.	
4687	18.783	1.8667	0.	
4688	18.783	1.7333	0.	
4689	18.783	1.6	0.	
4690	18.783	1.4667	0.	
4691	18.783	1.3333	0.	
4692	18.783	1.2	0.	
4693	18.783	1.0667	0.	
4694	18.783	0.93333	0.	
4695	18.783	0.8	0.	
4696	18.783	0.66667	0.	
4697	18.783	0.53333	0.	
4698	18.783	0.4	0.	
4699	18.783	0.26667	0.	
4700	18.783	0.13333	0.	
4701	18.783	2.2204e-016	0.	
4702	18.783	-0.13333	0.	
4703	18.783	-0.26667	0.	
4704	18.783	-0.4	0.	
4705	18.783	-0.53333	0.	
4706	18.783	-0.66667	0.	
4707	18.783	-0.8	0.	
4708	18.783	-0.93333	0.	
4709	18.783	-1.0667	0.	
4710	18.783	-1.2	0.	
4711	18.783	-1.3333	0.	
4712	18.783	-1.4667	0.	
4713	18.783	-1.6	0.	
4714	18.783	-1.7333	0.	
4715	18.783	-1.8667	0.	
4716	18.467	1.8667	0.	
4717	18.467	1.7333	0.	
4718	18.467	1.6	0.	
4719	18.467	1.4667	0.	
4720	18.467	1.3333	0.	
4721	18.467	1.2	0.	
4722	18.467	1.0667	0.	
4723	18.467	0.93333	0.	
4724	18.467	0.8	0.	
4725	18.467	0.66667	0.	
4726	18.467	0.53333	0.	
4727	18.467	0.4	0.	
4728	18.467	0.26667	0.	
4729	18.467	0.13333	0.	
4730	18.467	2.2204e-016	0.	
4731	18.467	-0.13333	0.	
4732	18.467	-0.26667	0.	
4733	18.467	-0.4	0.	
4734	18.467	-0.53333	0.	
4735	18.467	-0.66667	0.	
4736	18.467	-0.8	0.	
4737	18.467	-0.93333	0.	
4738	18.467	-1.0667	0.	
4739	18.467	-1.2	0.	
4740	18.467	-1.3333	0.	
4741	18.467	-1.4667	0.	
4742	18.467	-1.6	0.	
4743	18.467	-1.7333	0.	
4744	18.467	-1.8667	0.	
4745	18.15	1.8667	0.	
4746	18.15	1.7333	0.	
4747	18.15	1.6	0.	
4748	18.15	1.4667	0.	
4749	18.15	1.3333	0.	
4750	18.15	1.2	0.	
4751	18.15	1.0667	0.	
4752	18.15	0.93333	0.	
4753	18.15	0.8	0.	
4754	18.15	0.66667	0.	
4755	18.15	0.53333	0.	
4756	18.15	0.4	0.	
4757	18.15	0.26667	0.	
4758	18.15	0.13333	0.	
4759	18.15	2.2204e-016	0.	
4760	18.15	-0.13333	0.	
4761	18.15	-0.26667	0.	
4762	18.15	-0.4	0.	
4763	18.15	-0.53333	0.	
4764	18.15	-0.66667	0.	
4765	18.15	-0.8	0.	
4766	18.15	-0.93333	0.	
4767	18.15	-1.0667	0.	
4768	18.15	-1.2	0.	
4769	18.15	-1.3333	0.	
4770	18.15	-1.4667	0.	
4771	18.15	-1.6	0.	
4772	18.15	-1.7333	0.	
4773	18.15	-1.8667	0.	
4774	17.833	1.8667	0.	
4775	17.833	1.7333	0.	
4776	17.833	1.6	0.	
4777	17.833	1.4667	0.	
4778	17.833	1.3333	0.	
4779	17.833	1.2	0.	
4780	17.833	1.0667	0.	
4781	17.833	0.93333	0.	
4782	17.833	0.8	0.	
4783	17.833	0.66667	0.	
4784	17.833	0.53333	0.	
4785	17.833	0.4	0.	
4786	17.833	0.26667	0.	
4787	17.833	0.13333	0.	
4788	17.833	2.2204e-016	0.	
4789	17.833	-0.13333	0.	
4790	17.833	-0.26667	0.	
4791	17.833	-0.4	0.	
4792	17.833	-0.53333	0.	
4793	17.833	-0.66667	0.	
4794	17.833	-0.8	0.	
4795	17.833	-0.93333	0.	
4796	17.833	-1.0667	0.	
4797	17.833	-1.2	0.	
4798	17.833	-1.3333	0.	
4799	17.833	-1.4667	0.	
4800	17.833	-1.6	0.	
4801	17.833	-1.7333	0.	
4802	17.833	-1.8667	0.	
4803	17.517	1.8667	0.	
4804	17.517	1.7333	0.	
4805	17.517	1.6	0.	
4806	17.517	1.4667	0.	
4807	17.517	1.3333	0.	
4808	17.517	1.2	0.	
4809	17.517	1.0667	0.	
4810	17.517	0.93333	0.	
4811	17.517	0.8	0.	
4812	17.517	0.66667	0.	
4813	17.517	0.53333	0.	
4814	17.517	0.4	0.	
4815	17.517	0.26667	0.	
4816	17.517	0.13333	0.	
4817	17.517	2.2204e-016	0.	
4818	17.517	-0.13333	0.	
4819	17.517	-0.26667	0.	
4820	17.517	-0.4	0.	
4821	17.517	-0.53333	0.	
4822	17.517	-0.66667	0.	
4823	17.517	-0.8	0.	
4824	17.517	-0.93333	0.	
4825	17.517	-1.0667	0.	
4826	17.517	-1.2	0.	
4827	17.517	-1.3333	0.	
4828	17.517	-1.4667	0.	
4829	17.517	-1.6	0.	
4830	17.517	-1.7333	0.	
4831	17.517	-1.8667	0.	
4832	17.2	1.8667	0.	
4833	17.2	1.7333	0.	
4834	17.2	1.6	0.	
4835	17.2	1.4667	0.	
4836	17.2	1.3333	0.	
4837	17.2	1.2	0.	
4838	17.2	1.0667	0.	
4839	17.2	0.93333	0.	
4840	17.2	0.8	0.	
4841	17.2	0.66667	0.	
4842	17.2	0.53333	0.	
4843	17.2	0.4	0.	
4844	17.2	0.26667	0.	
4845	17.2	0.13333	0.	
4846	17.2	2.2204e-016	0.	
4847	17.2	-0.13333	0.	
4848	17.2	-0.26667	0.	
4849	17.2	-0.4	0.	
4850	17.2	-0.53333	0.	
4851	17.2	-0.66667	0.	
4852	17.2	-0.8	0.	
4853	17.2	-0.93333	0.	
4854	17.2	-1.0667	0.	
4855	17.2	-1.2	0.	
4856	17.2	-1.3333	0.	
4857	17.2	-1.4667	0.	
4858	17.2	-1.6	0.	
4859	17.2	-1.7333	0.	
4860	17.2	-1.8667	0.	
4861	16.883	1.8667	0.	
4862	16.883	1.7333	0.	
4863	16.883	1.6	0.	
4864	16.883	1.4667	0.	
4865	16.883	1.3333	0.	
4866	16.883	1.2	0.	
4867	16.883	1.0667	0.	
4868	16.883	0.93333	0.	
4869	16.883	0.8	0.	
4870	16.883	0.66667	0.	
4871	16.883	0.53333	0.	
4872	16.883	0.4	0.	
4873	16.883	0.26667	0.	
4874	16.883	0.13333	0.	
4875	16.883	2.2204e-016	0.	
4876	16.883	-0.13333	0.	
4877	16.883	-0.26667	0.	
4878	16.883	-0.4	0.	
4879	16.883	-0.53333	0.	
4880	16.883	-0.66667	0.	
4881	16.883	-0.8	0.	
4882	16.883	-0.93333	0.	
4883	16.883	-1.0667	0.	
4884	16.883	-1.2	0.	
4885	16.883	-1.3333	0.	
4886	16.883	-1.4667	0.	
4887	16.883	-1.6	0.	
4888	16.883	-1.7333	0.	
4889	16.883	-1.8667	0.	
4890	16.567	1.8667	0.	
4891	16.567	1.7333	0.	
4892	16.567	1.6	0.	
4893	16.567	1.4667	0.	
4894	16.567	1.3333	0.	
4895	16.567	1.2	0.	
4896	16.567	1.0667	0.	
4897	16.567	0.93333	0.	
4898	16.567	0.8	0.	
4899	16.567	0.66667	0.	
4900	16.567	0.53333	0.	
4901	16.567	0.4	0.	
4902	16.567	0.26667	0.	
4903	16.567	0.13333	0.	
4904	16.567	2.2204e-016	0.	
4905	16.567	-0.13333	0.	
4906	16.567	-0.26667	0.	
4907	16.567	-0.4	0.	
4908	16.567	-0.53333	0.	
4909	16.567	-0.66667	0.	
4910	16.567	-0.8	0.	
4911	16.567	-0.93333	0.	
4912	16.567	-1.0667	0.	
4913	16.567	-1.2	0.	
4914	16.567	-1.3333	0.	
4915	16.567	-1.4667	0.	
4916	16.567	-1.6	0.	
4917	16.567	-1.7333	0.	
4918	16.567	-1.8667	0.	
4919	16.25	1.8667	0.	
4920	16.25	1.7333	0.	
4921	16.25	1.6	0.	
4922	16.25	1.4667	0.	
4923	16.25	1.3333	0.	
4924	16.25	1.2	0.	
4925	16.25	1.0667	0.	
4926	16.25	0.93333	0.	
4927	16.25	0.8	0.	
4928	16.25	0.66667	0.	
4929	16.25	0.53333	0.	
4930	16.25	0.4	0.	
4931	16.25	0.26667	0.	
4932	16.25	0.13333	0.	
4933	16.25	2.2204e-016	0.	
4934	16.25	-0.13333	0.	
4935	16.25	-0.26667	0.	
4936	16.25	-0.4	0.	
4937	16.25	-0.53333	0.	
4938	16.25	-0.66667	0.	
4939	16.25	-0.8	0.	
4940	16.25	-0.93333	0.	
4941	16.25	-1.0667	0.	
4942	16.25	-1.2	0.	
4943	16.25	-1.3333	0.	
4944	16.25	-1.4667	0.	
4945	16.25	-1.6	0.	
4946	16.25	-1.7333	0.	
4947	16.25	-1.8667	0.	
4948	15.933	1.8667	0.	
4949	15.933	1.7333	0.	
4950	15.933	1.6	0.	
4951	15.933	1.4667	0.	
4952	15.933	1.3333	0.	
4953	15.933	1.2	0.	
4954	15.933	1.0667	0.	
4955	15.933	0.93333	0.	
4956	15.933	0.8	0.	
4957	15.933	0.66667	0.	
4958	15.933	0.53333	0.	
4959	15.933	0.4	0.	
4960	15.933	0.26667	0.	
4961	15.933	0.13333	0.	
4962	15.933	2.2204e-016	0.	
4963	15.933	-0.13333	0.	
4964	15.933	-0.26667	0.	
4965	15.933	-0.4	0.	
4966	15.933	-0.53333	0.	
4967	15.933	-0.66667	0.	
4968	15.933	-0.8	0.	
4969	15.933	-0.93333	0.	
4970	15.933	-1.0667	0.	
4971	15.933	-1.2	0.	
4972	15.933	-1.3333	0.	
4973	15.933	-1.4667	0.	
4974	15.933	-1.6	0.	
4975	15.933	-1.7333	0.	
4976	15.933	-1.8667	0.	
4977	15.617	1.8667	0.	
4978	15.617	1.7333	0.	
4979	15.617	1.6	0.	
4980	15.617	1.4667	0.	
4981	15.617	1.3333	0.	
4982	15.617	1.2	0.	
4983	15.617	1.0667	0.	
4984	15.617	0.93333	0.	
4985	15.617	0.8	0.	
4986	15.617	0.66667	0.	
4987	15.617	0.53333	0.	
4988	15.617	0.4	0.	
4989	15.617	0.26667	0.	
4990	15.617	0.13333	0.	
4991	15.617	2.2204e-016	0.	
4992	15.617	-0.13333	0.	
4993	15.617	-0.26667	0.	
4994	15.617	-0.4	0.	
4995	15.617	-0.53333	0.	
4996	15.617	-0.66667	0.	
4997	15.617	-0.8	0.	
4998	15.617	-0.93333	0.	
4999	15.617	-1.0667	0.	
5000	15.617	-1.2	0.	
5001	15.617	-1.3333	0.	
5002	15.617	-1.4667	0.	
5003	15.617	-1.6	0.	
5004	15.617	-1.7333	0.	
5005	15.617	-1.8667	0.	
5006	15.3	1.8667	0.	
5007	15.3	1.7333	0.	
5008	15.3	1.6	0.	
5009	15.3	1.4667	0.	
5010	15.3	1.3333	0.	
5011	15.3	1.2	0.	
5012	15.3	1.0667	0.	
5013	15.3	0.93333	0.	
5014	15.3	0.8	0.	
5015	15.3	0.66667	0.	
5016	15.3	0.53333	0.	
5017	15.3	0.4	0.	
5018	15.3	0.26667	0.	
5019	15.3	0.13333	0.	
5020	15.3	2.2204e-016	0.	
5021	15.3	-0.13333	0.	
5022	15.3	-0.26667	0.	
5023	15.3	-0.4	0.	
5024	15.3	-0.53333	0.	
5025	15.3	-0.66667	0.	
5026	15.3	-0.8	0.	
5027	15.3	-0.93333	0.	
5028	15.3	-1.0667	0.	
5029	15.3	-1.2	0.	
5030	15.3	-1.3333	0.	
5031	15.3	-1.4667	0.	
5032	15.3	-1.6	0.	
5033	15.3	-1.7333	0.	
5034	15.3	-1.8667	0.	
5035	14.983	1.8667	0.	
5036	14.983	1.7333	0.	
5037	14.983	1.6	0.	
5038	14.983	1.4667	0.	
5039	14.983	1.3333	0.	
5040	14.983	1.2	0.	
5041	14.983	1.0667	0.	
5042	14.983	0.93333	0.	
5043	14.983	0.8	0.	
5044	14.983	0.66667	0.	
5045	14.983	0.53333	0.	
5046	14.983	0.4	0.	
5047	14.983	0.26667	0.	
5048	14.983	0.13333	0.	
5049	14.983	2.2204e-016	0.	
5050	14.983	-0.13333	0.	
5051	14.983	-0.26667	0.	
5052	14.983	-0.4	0.	
5053	14.983	-0.53333	0.	
5054	14.983	-0.66667	0.	
5055	14.983	-0.8	0.	
5056	14.983	-0.93333	0.	
5057	14.983	-1.0667	0.	
5058	14.983	-1.2	0.	
5059	14.983	-1.3333	0.	
5060	14.983	-1.4667	0.	
5061	14.983	-1.6	0.	
5062	14.983	-1.7333	0.	
5063	14.983	-1.8667	0.	
5064	14.667	1.8667	0.	
5065	14.667	1.7333	0.	
5066	14.667	1.6	0.	
5067	14.667	1.4667	0.	
5068	14.667	1.3333	0.	
5069	14.667	1.2	0.	
5070	14.667	1.0667	0.	
5071	14.667	0.93333	0.	
5072	14.667	0.8	0.	
5073	14.667	0.66667	0.	
5074	14.667	0.53333	0.	
5075	14.667	0.4	0.	
5076	14.667	0.26667	0.	
5077	14.667	0.13333	0.	
5078	14.667	2.2204e-016	0.	
5079	14.667	-0.13333	0.	
5080	14.667	-0.26667	0.	
5081	14.667	-0.4	0.	
5082	14.667	-0.53333	0.	
5083	14.667	-0.66667	0.	
5084	14.667	-0.8	0.	
5085	14.667	-0.93333	0.	
5086	14.667	-1.0667	0.	
5087	14.667	-1.2	0.	
5088	14.667	-1.3333	0.	
5089	14.667	-1.4667	0.	
5090	14.667	-1.6	0.	
5091	14.667	-1.7333	0.	
5092	14.667	-1.8667	0.	
5093	14.35	1.8667	0.	
5094	14.35	1.7333	0.	
5095	14.35	1.6	0.	
5096	14.35	1.4667	0.	
5097	14.35	1.3333	0.	
5098	14.35	1.2	0.	
5099	14.35	1.0667	0.	
5100	14.35	0.93333	0.	
5101	14.35	0.8	0.	
5102	14.35	0.66667	0.	
5103	14.35	0.53333	0.	
5104	14.35	0.4	0.	
5105	14.35	0.26667	0.	
5106	14.35	0.13333	0.	
5107	14.35	2.2204e-016	0.	
5108	14.35	-0.13333	0.	
5109	14.35	-0.26667	0.	
5110	14.35	-0.4	0.	
5111	14.35	-0.53333	0.	
5112	14.35	-0.66667	0.	
5113	14.35	-0.8	0.	
5114	14.35	-0.93333	0.	
5115	14.35	-1.0667	0.	
5116	14.35	-1.2	0.	
5117	14.35	-1.3333	0.	
5118	14.35	-1.4667	0.	
5119	14.35	-1.6	0.	
5120	14.35	-1.7333	0.	
5121	14.35	-1.8667	0.	
5122	14.033	1.8667	0.	
5123	14.033	1.7333	0.	
5124	14.033	1.6	0.	
5125	14.033	1.4667	0.	
5126	14.033	1.3333	0.	
5127	14.033	1.2	0.	
5128	14.033	1.0667	0.	
5129	14.033	0.93333	0.	
5130	14.033	0.8	0.	
5131	14.033	0.66667	0.	
5132	14.033	0.53333	0.	
5133	14.033	0.4	0.	
5134	14.033	0.26667	0.	
5135	14.033	0.13333	0.	
5136	14.033	2.2204e-016	0.	
5137	14.033	-0.13333	0.	
5138	14.033	-0.26667	0.	
5139	14.033	-0.4	0.	
5140	14.033	-0.53333	0.	
5141	14.033	-0.66667	0.	
5142	14.033	-0.8	0.	
5143	14.033	-0.93333	0.	
5144	14.033	-1.0667	0.	
5145	14.033	-1.2	0.	
5146	14.033	-1.3333	0.	
5147	14.033	-1.4667	0.	
5148	14.033	-1.6	0.	
5149	14.033	-1.7333	0.	
5150	14.033	-1.8667	0.	
5151	13.717	1.8667	0.	
5152	13.717	1.7333	0.	
5153	13.717	1.6	0.	
5154	13.717	1.4667	0.	
5155	13.717	1.3333	0.	
5156	13.717	1.2	0.	
5157	13.717	1.0667	0.	
5158	13.717	0.93333	0.	
5159	13.717	0.8	0.	
5160	13.717	0.66667	0.	
5161	13.717	0.53333	0.	
5162	13.717	0.4	0.	
5163	13.717	0.26667	0.	
5164	13.717	0.13333	0.	
5165	13.717	2.2204e-016	0.	
5166	13.717	-0.13333	0.	
5167	13.717	-0.26667	0.	
5168	13.717	-0.4	0.	
5169	13.717	-0.53333	0.	
5170	13.717	-0.66667	0.	
5171	13.717	-0.8	0.	
5172	13.717	-0.93333	0.	
5173	13.717	-1.0667	0.	
5174	13.717	-1.2	0.	
5175	13.717	-1.3333	0.	
5176	13.717	-1.4667	0.	
5177	13.717	-1.6	0.	
5178	13.717	-1.7333	0.	
5179	13.717	-1.8667	0.	
5180	13.4	1.8667	0.	
5181	13.4	1.7333	0.	
5182	13.4	1.6	0.	
5183	13.4	1.4667	0.	
5184	13.4	1.3333	0.	
5185	13.4	1.2	0.	
5186	13.4	1.0667	0.	
5187	13.4	0.93333	0.	
5188	13.4	0.8	0.	
5189	13.4	0.66667	0.	
5190	13.4	0.53333	0.	
5191	13.4	0.4	0.	
5192	13.4	0.26667	0.	
5193	13.4	0.13333	0.	
5194	13.4	2.2204e-016	0.	
5195	13.4	-0.13333	0.	
5196	13.4	-0.26667	0.	
5197	13.4	-0.4	0.	
5198	13.4	-0.53333	0.	
5199	13.4	-0.66667	0.	
5200	13.4	-0.8	0.	
5201	13.4	-0.93333	0.	
5202	13.4	-1.0667	0.	
5203	13.4	-1.2	0.	
5204	13.4	-1.3333	0.	
5205	13.4	-1.4667	0.	
5206	13.4	-1.6	0.	
5207	13.4	-1.7333	0.	
5208	13.4	-1.8667	0.	
5209	13.083	1.8667	0.	
5210	13.083	1.7333	0.	
5211	13.083	1.6	0.	
5212	13.083	1.4667	0.	
5213	13.083	1.3333	0.	
5214	13.083	1.2	0.	
5215	13.083	1.0667	0.	
5216	13.083	0.93333	0.	
5217	13.083	0.8	0.	
5218	13.083	0.66667	0.	
5219	13.083	0.53333	0.	
5220	13.083	0.4	0.	
5221	13.083	0.26667	0.	
5222	13.083	0.13333	0.	
5223	13.083	2.2204e-016	0.	
5224	13.083	-0.13333	0.	
5225	13.083	-0.26667	0.	
5226	13.083	-0.4	0.	
5227	13.083	-0.53333	0.	
5228	13.083	-0.66667	0.	
5229	13.083	-0.8	0.	
5230	13.083	-0.93333	0.	
5231	13.083	-1.0667	0.	
5232	13.083	-1.2	0.	
5233	13.083	-1.3333	0.	
5234	13.083	-1.4667	0.	
5235	13.083	-1.6	0.	
5236	13.083	-1.7333	0.	
5237	13.083	-1.8667	0.	
5238	12.767	1.8667	0.	
5239	12.767	1.7333	0.	
5240	12.767	1.6	0.	
5241	12.767	1.4667	0.	
5242	12.767	1.3333	0.	
5243	12.767	1.2	0.	
5244	12.767	1.0667	0.	
5245	12.767	0.93333	0.	
5246	12.767	0.8	0.	
5247	12.767	0.66667	0.	
5248	12.767	0.53333	0.	
5249	12.767	0.4	0.	
5250	12.767	0.26667	0.	
5251	12.767	0.13333	0.	
5252	12.767	2.2204e-016	0.	
5253	12.767	-0.13333	0.	
5254	12.767	-0.26667	0.	
5255	12.767	-0.4	0.	
5256	12.767	-0.53333	0.	
5257	12.767	-0.66667	0.	
5258	12.767	-0.8	0.	
5259	12.767	-0.93333	0.	
5260	12.767	-1.0667	0.	
5261	12.767	-1.2	0.	
5262	12.767	-1.3333	0.	
5263	12.767	-1.4667	0.	
5264	12.767	-1.6	0.	
5265	12.767	-1.7333	0.	
5266	12.767	-1.8667	0.	
5267	12.45	1.8667	0.	
5268	12.45	1.7333	0.	
5269	12.45	1.6	0.	
5270	12.45	1.4667	0.	
5271	12.45	1.3333	0.	
5272	12.45	1.2	0.	
5273	12.45	1.0667	0.	
5274	12.45	0.93333	0.	
5275	12.45	0.8	0.	
5276	12.45	0.66667	0.	
5277	12.45	0.53333	0.	
5278	12.45	0.4	0.	
5279	12.45	0.26667	0.	
5280	12.45	0.13333	0.	
5281	12.45	2.2204e-016	0.	
5282	12.45	-0.13333	0.	
5283	12.45	-0.26667	0.	
5284	12.45	-0.4	0.	
5285	12.45	-0.53333	0.	
5286	12.45	-0.66667	0.	
5287	12.45	-0.8	0.	
5288	12.45	-0.93333	0.	
5289	12.45	-1.0667	0.	
5290	12.45	-1.2	0.	
5291	12.45	-1.3333	0.	
5292	12.45	-1.4667	0.	
5293	12.45	-1.6	0.	
5294	12.45	-1.7333	0.	
5295	12.45	-1.8667	0.	
5296	12.133	1.8667	0.	
5297	12.133	1.7333	0.	
5298	12.133	1.6	0.	
5299	12.133	1.4667	0.	
5300	12.133	1.3333	0.	
5301	12.133	1.2	0.	
5302	12.133	1.0667	0.	
5303	12.133	0.93333	0.	
5304	12.133	0.8	0.	
5305	12.133	0.66667	0.	
5306	12.133	0.53333	0.	
5307	12.133	0.4	0.	
5308	12.133	0.26667	0.	
5309	12.133	0.13333	0.	
5310	12.133	2.2204e-016	0.	
5311	12.133	-0.13333	0.	
5312	12.133	-0.26667	0.	
5313	12.133	-0.4	0.	
5314	12.133	-0.53333	0.	
5315	12.133	-0.66667	0.	
5316	12.133	-0.8	0.	
5317	12.133	-0.93333	0.	
5318	12.133	-1.0667	0.	
5319	12.133	-1.2	0.	
5320	12.133	-1.3333	0.	
5321	12.133	-1.4667	0.	
5322	12.133	-1.6	0.	
5323	12.133	-1.7333	0.	
5324	12.133	-1.8667	0.	
5325	11.817	1.8667	0.	
5326	11.817	1.7333	0.	
5327	11.817	1.6	0.	
5328	11.817	1.4667	0.	
5329	11.817	1.3333	0.	
5330	11.817	1.2	0.	
5331	11.817	1.0667	0.	
5332	11.817	0.93333	0.	
5333	11.817	0.8	0.	
5334	11.817	0.66667	0.	
5335	11.817	0.53333	0.	
5336	11.817	0.4	0.	
5337	11.817	0.26667	0.	
5338	11.817	0.13333	0.	
5339	11.817	2.2204e-016	0.	
5340	11.817	-0.13333	0.	
5341	11.817	-0.26667	0.	
5342	11.817	-0.4	0.	
5343	11.817	-0.53333	0.	
5344	11.817	-0.66667	0.	
5345	11.817	-0.8	0.	
5346	11.817	-0.93333	0.	
5347	11.817	-1.0667	0.	
5348	11.817	-1.2	0.	
5349	11.817	-1.3333	0.	
5350	11.817	-1.4667	0.	
5351	11.817	-1.6	0.	
5352	11.817	-1.7333	0.	
5353	11.817	-1.8667	0.	
5354	11.5	1.8667	0.	
5355	11.5	1.7333	0.	
5356	11.5	1.6	0.	
5357	11.5	1.4667	0.	
5358	11.5	1.3333	0.	
5359	11.5	1.2	0.	
5360	11.5	1.0667	0.	
5361	11.5	0.93333	0.	
5362	11.5	0.8	0.	
5363	11.5	0.66667	0.	
5364	11.5	0.53333	0.	
5365	11.5	0.4	0.	
5366	11.5	0.26667	0.	
5367	11.5	0.13333	0.	
5368	11.5	2.2204e-016	0.	
5369	11.5	-0.13333	0.	
5370	11.5	-0.26667	0.	
5371	11.5	-0.4	0.	
5372	11.5	-0.53333	0.	
5373	11.5	-0.66667	0.	
5374	11.5	-0.8	0.	
5375	11.5	-0.93333	0.	
5376	11.5	-1.0667	0.	
5377	11.5	-1.2	0.	
5378	11.5	-1.3333	0.	
5379	11.5	-1.4667	0.	
5380	11.5	-1.6	0.	
5381	11.5	-1.7333	0.	
5382	11.5	-1.8667	0.	
5383	11.183	1.8667	0.	
5384	11.183	1.7333	0.	
5385	11.183	1.6	0.	
5386	11.183	1.4667	0.	
5387	11.183	1.3333	0.	
5388	11.183	1.2	0.	
5389	11.183	1.0667	0.	
5390	11.183	0.93333	0.	
5391	11.183	0.8	0.	
5392	11.183	0.66667	0.	
5393	11.183	0.53333	0.	
5394	11.183	0.4	0.	
5395	11.183	0.26667	0.	
5396	11.183	0.13333	0.	
5397	11.183	2.2204e-016	0.	
5398	11.183	-0.13333	0.	
5399	11.183	-0.26667	0.	
5400	11.183	-0.4	0.	
5401	11.183	-0.53333	0.	
5402	11.183	-0.66667	0.	
5403	11.183	-0.8	0.	
5404	11.183	-0.93333	0.	
5405	11.183	-1.0667	0.	
5406	11.183	-1.2	0.	
5407	11.183	-1.3333	0.	
5408	11.183	-1.4667	0.	
5409	11.183	-1.6	0.	
5410	11.183	-1.7333	0.	
5411	11.183	-1.8667	0.	
5412	10.867	1.8667	0.	
5413	10.867	1.7333	0.	
5414	10.867	1.6	0.	
5415	10.867	1.4667	0.	
5416	10.867	1.3333	0.	
5417	10.867	1.2	0.	
5418	10.867	1.0667	0.	
5419	10.867	0.93333	0.	
5420	10.867	0.8	0.	
5421	10.867	0.66667	0.	
5422	10.867	0.53333	0.	
5423	10.867	0.4	0.	
5424	10.867	0.26667	0.	
5425	10.867	0.13333	0.	
5426	10.867	2.2204e-016	0.	
5427	10.867	-0.13333	0.	
5428	10.867	-0.26667	0.	
5429	10.867	-0.4	0.	
5430	10.867	-0.53333	0.	
5431	10.867	-0.66667	0.	
5432	10.867	-0.8	0.	
5433	10.867	-0.93333	0.	
5434	10.867	-1.0667	0.	
5435	10.867	-1.2	0.	
5436	10.867	-1.3333	0.	
5437	10.867	-1.4667	0.	
5438	10.867	-1.6	0.	
5439	10.867	-1.7333	0.	
5440	10.867	-1.8667	0.	
5441	10.55	1.8667	0.	
5442	10.55	1.7333	0.	
5443	10.55	1.6	0.	
5444	10.55	1.4667	0.	
5445	10.55	1.3333	0.	
5446	10.55	1.2	0.	
5447	10.55	1.0667	0.	
5448	10.55	0.93333	0.	
5449	10.55	0.8	0.	
5450	10.55	0.66667	0.	
5451	10.55	0.53333	0.	
5452	10.55	0.4	0.	
5453	10.55	0.26667	0.	
5454	10.55	0.13333	0.	
5455	10.55	2.2204e-016	0.	
5456	10.55	-0.13333	0.	
5457	10.55	-0.26667	0.	
5458	10.55	-0.4	0.	
5459	10.55	-0.53333	0.	
5460	10.55	-0.66667	0.	
5461	10.55	-0.8	0.	
5462	10.55	-0.93333	0.	
5463	10.55	-1.0667	0.	
5464	10.55	-1.2	0.	
5465	10.55	-1.3333	0.	
5466	10.55	-1.4667	0.	
5467	10.55	-1.6	0.	
5468	10.55	-1.7333	0.	
5469	10.55	-1.8667	0.	
5470	10.233	1.8667	0.	
5471	10.233	1.7333	0.	
5472	10.233	1.6	0.	
5473	10.233	1.4667	0.	
5474	10.233	1.3333	0.	
5475	10.233	1.2	0.	
5476	10.233	1.0667	0.	
5477	10.233	0.93333	0.	
5478	10.233	0.8	0.	
5479	10.233	0.66667	0.	
5480	10.233	0.53333	0.	
5481	10.233	0.4	0.	
5482	10.233	0.26667	0.	
5483	10.233	0.13333	0.	
5484	10.233	2.2204e-016	0.	
5485	10.233	-0.13333	0.	
5486	10.233	-0.26667	0.	
5487	10.233	-0.4	0.	
5488	10.233	-0.53333	0.	
5489	10.233	-0.66667	0.	
5490	10.233	-0.8	0.	
5491	10.233	-0.93333	0.	
5492	10.233	-1.0667	0.	
5493	10.233	-1.2	0.	
5494	10.233	-1.3333	0.	
5495	10.233	-1.4667	0.	
5496	10.233	-1.6	0.	
5497	10.233	-1.7333	0.	
5498	10.233	-1.8667	0.	
5499	9.9167	1.8667	0.	
5500	9.9167	1.7333	0.	
5501	9.9167	1.6	0.	
5502	9.9167	1.4667	0.	
5503	9.9167	1.3333	0.	
5504	9.9167	1.2	0.	
5505	9.9167	1.0667	0.	
5506	9.9167	0.93333	0.	
5507	9.9167	0.8	0.	
5508	9.9167	0.66667	0.	
5509	9.9167	0.53333	0.	
5510	9.9167	0.4	0.	
5511	9.9167	0.26667	0.	
5512	9.9167	0.13333	0.	
5513	9.9167	2.2204e-016	0.	
5514	9.9167	-0.13333	0.	
5515	9.9167	-0.26667	0.	
5516	9.9167	-0.4	0.	
5517	9.9167	-0.53333	0.	
5518	9.9167	-0.66667	0.	
5519	9.9167	-0.8	0.	
5520	9.9167	-0.93333	0.	
5521	9.9167	-1.0667	0.	
5522	9.9167	-1.2	0.	
5523	9.9167	-1.3333	0.	
5524	9.9167	-1.4667	0.	
5525	9.9167	-1.6	0.	
5526	9.9167	-1.7333	0.	
5527	9.9167	-1.8667	0.	
5528	9.6	1.8667	0.	
5529	9.6	1.7333	0.	
5530	9.6	1.6	0.	
5531	9.6	1.4667	0.	
5532	9.6	1.3333	0.	
5533	9.6	1.2	0.	
5534	9.6	1.0667	0.	
5535	9.6	0.93333	0.	
5536	9.6	0.8	0.	
5537	9.6	0.66667	0.	
5538	9.6	0.53333	0.	
5539	9.6	0.4	0.	
5540	9.6	0.26667	0.	
5541	9.6	0.13333	0.	
5542	9.6	2.2204e-016	0.	
5543	9.6	-0.13333	0.	
5544	9.6	-0.26667	0.	
5545	9.6	-0.4	0.	
5546	9.6	-0.53333	0.	
5547	9.6	-0.66667	0.	
5548	9.6	-0.8	0.	
5549	9.6	-0.93333	0.	
5550	9.6	-1.0667	0.	
5551	9.6	-1.2	0.	
5552	9.6	-1.3333	0.	
5553	9.6	-1.4667	0.	
5554	9.6	-1.6	0.	
5555	9.6	-1.7333	0.	
5556	9.6	-1.8667	0.	
5557	9.2833	1.8667	0.	
5558	9.2833	1.7333	0.	
5559	9.2833	1.6	0.	
5560	9.2833	1.4667	0.	
5561	9.2833	1.3333	0.	
5562	9.2833	1.2	0.	
5563	9.2833	1.0667	0.	
5564	9.2833	0.93333	0.	
5565	9.2833	0.8	0.	
5566	9.2833	0.66667	0.	
5567	9.2833	0.53333	0.	
5568	9.2833	0.4	0.	
5569	9.2833	0.26667	0.	
5570	9.2833	0.13333	0.	
5571	9.2833	2.2204e-016	0.	
5572	9.2833	-0.13333	0.	
5573	9.2833	-0.26667	0.	
5574	9.2833	-0.4	0.	
5575	9.2833	-0.53333	0.	
5576	9.2833	-0.66667	0.	
5577	9.2833	-0.8	0.	
5578	9.2833	-0.93333	0.	
5579	9.2833	-1.0667	0.	
5580	9.2833	-1.2	0.	
5581	9.2833	-1.3333	0.	
5582	9.2833	-1.4667	0.	
5583	9.2833	-1.6	0.	
5584	9.2833	-1.7333	0.	
5585	9.2833	-1.8667	0.	
5586	8.9667	1.8667	0.	
5587	8.9667	1.7333	0.	
5588	8.9667	1.6	0.	
5589	8.9667	1.4667	0.	
5590	8.9667	1.3333	0.	
5591	8.9667	1.2	0.	
5592	8.9667	1.0667	0.	
5593	8.9667	0.93333	0.	
5594	8.9667	0.8	0.	
5595	8.9667	0.66667	0.	
5596	8.9667	0.53333	0.	
5597	8.9667	0.4	0.	
5598	8.9667	0.26667	0.	
5599	8.9667	0.13333	0.	
5600	8.9667	2.2204e-016	0.	
5601	8.9667	-0.13333	0.	
5602	8.9667	-0.26667	0.	
5603	8.9667	-0.4	0.	
5604	8.9667	-0.53333	0.	
5605	8.9667	-0.66667	0.	
5606	8.9667	-0.8	0.	
5607	8.9667	-0.93333	0.	
5608	8.9667	-1.0667	0.	
5609	8.9667	-1.2	0.	
5610	8.9667	-1.3333	0.	
5611	8.9667	-1.4667	0.	
5612	8.9667	-1.6	0.	
5613	8.9667	-1.7333	0.	
5614	8.9667	-1.8667	0.	
5615	8.65	1.8667	0.	
5616	8.65	1.7333	0.	
5617	8.65	1.6	0.	
5618	8.65	1.4667	0.	
5619	8.65	1.3333	0.	
5620	8.65	1.2	0.	
5621	8.65	1.0667	0.	
5622	8.65	0.93333	0.	
5623	8.65	0.8	0.	
5624	8.65	0.66667	0.	
5625	8.65	0.53333	0.	
5626	8.65	0.4	0.	
5627	8.65	0.26667	0.	
5628	8.65	0.13333	0.	
5629	8.65	2.2204e-016	0.	
5630	8.65	-0.13333	0.	
5631	8.65	-0.26667	0.	
5632	8.65	-0.4	0.	
5633	8.65	-0.53333	0.	
5634	8.65	-0.66667	0.	
5635	8.65	-0.8	0.	
5636	8.65	-0.93333	0.	
5637	8.65	-1.0667	0.	
5638	8.65	-1.2	0.	
5639	8.65	-1.3333	0.	
5640	8.65	-1.4667	0.	
5641	8.65	-1.6	0.	
5642	8.65	-1.7333	0.	
5643	8.65	-1.8667	0.	
5644	8.3333	1.8667	0.	
5645	8.3333	1.7333	0.	
5646	8.3333	1.6	0.	
5647	8.3333	1.4667	0.	
5648	8.3333	1.3333	0.	
5649	8.3333	1.2	0.	
5650	8.3333	1.0667	0.	
5651	8.3333	0.93333	0.	
5652	8.3333	0.8	0.	
5653	8.3333	0.66667	0.	
5654	8.3333	0.53333	0.	
5655	8.3333	0.4	0.	
5656	8.3333	0.26667	0.	
5657	8.3333	0.13333	0.	
5658	8.3333	2.2204e-016	0.	
5659	8.3333	-0.13333	0.	
5660	8.3333	-0.26667	0.	
5661	8.3333	-0.4	0.	
5662	8.3333	-0.53333	0.	
5663	8.3333	-0.66667	0.	
5664	8.3333	-0.8	0.	
5665	8.3333	-0.93333	0.	
5666	8.3333	-1.0667	0.	
5667	8.3333	-1.2	0.	
5668	8.3333	-1.3333	0.	
5669	8.3333	-1.4667	0.	
5670	8.3333	-1.6	0.	
5671	8.3333	-1.7333	0.	
5672	8.3333	-1.8667	0.	
5673	8.0167	1.8667	0.	
5674	8.0167	1.7333	0.	
5675	8.0167	1.6	0.	
5676	8.0167	1.4667	0.	
5677	8.0167	1.3333	0.	
5678	8.0167	1.2	0.	
5679	8.0167	1.0667	0.	
5680	8.0167	0.93333	0.	
5681	8.0167	0.8	0.	
5682	8.0167	0.66667	0.	
5683	8.0167	0.53333	0.	
5684	8.0167	0.4	0.	
5685	8.0167	0.26667	0.	
5686	8.0167	0.13333	0.	
5687	8.0167	2.2204e-016	0.	
5688	8.0167	-0.13333	0.	
5689	8.0167	-0.26667	0.	
5690	8.0167	-0.4	0.	
5691	8.0167	-0.53333	0.	
5692	8.0167	-0.66667	0.	
5693	8.0167	-0.8	0.	
5694	8.0167	-0.93333	0.	
5695	8.0167	-1.0667	0.	
5696	8.0167	-1.2	0.	
5697	8.0167	-1.3333	0.	
5698	8.0167	-1.4667	0.	
5699	8.0167	-1.6	0.	
5700	8.0167	-1.7333	0.	
5701	8.0167	-1.8667	0.	
5702	7.7	1.8667	0.	
5703	7.7	1.7333	0.	
5704	7.7	1.6	0.	
5705	7.7	1.4667	0.	
5706	7.7	1.3333	0.	
5707	7.7	1.2	0.	
5708	7.7	1.0667	0.	
5709	7.7	0.93333	0.	
5710	7.7	0.8	0.	
5711	7.7	0.66667	0.	
5712	7.7	0.53333	0.	
5713	7.7	0.4	0.	
5714	7.7	0.26667	0.	
5715	7.7	0.13333	0.	
5716	7.7	2.2204e-016	0.	
5717	7.7	-0.13333	0.	
5718	7.7	-0.26667	0.	
5719	7.7	-0.4	0.	
5720	7.7	-0.53333	0.	
5721	7.7	-0.66667	0.	
5722	7.7	-0.8	0.	
5723	7.7	-0.93333	0.	
5724	7.7	-1.0667	0.	
5725	7.7	-1.2	0.	
5726	7.7	-1.3333	0.	
5727	7.7	-1.4667	0.	
5728	7.7	-1.6	0.	
5729	7.7	-1.7333	0.	
5730	7.7	-1.8667	0.	
5731	7.3833	1.8667	0.	
5732	7.3833	1.7333	0.	
5733	7.3833	1.6	0.	
5734	7.3833	1.4667	0.	
5735	7.3833	1.3333	0.	
5736	7.3833	1.2	0.	
5737	7.3833	1.0667	0.	
5738	7.3833	0.93333	0.	
5739	7.3833	0.8	0.	
5740	7.3833	0.66667	0.	
5741	7.3833	0.53333	0.	
5742	7.3833	0.4	0.	
5743	7.3833	0.26667	0.	
5744	7.3833	0.13333	0.	
5745	7.3833	2.2204e-016	0.	
5746	7.3833	-0.13333	0.	
5747	7.3833	-0.26667	0.	
5748	7.3833	-0.4	0.	
5749	7.3833	-0.53333	0.	
5750	7.3833	-0.66667	0.	
5751	7.3833	-0.8	0.	
5752	7.3833	-0.93333	0.	
5753	7.3833	-1.0667	0.	
5754	7.3833	-1.2	0.	
5755	7.3833	-1.3333	0.	
5756	7.3833	-1.4667	0.	
5757	7.3833	-1.6	0.	
5758	7.3833	-1.7333	0.	
5759	7.3833	-1.8667	0.	
5760	7.0667	1.8667	0.	
5761	7.0667	1.7333	0.	
5762	7.0667	1.6	0.	
5763	7.0667	1.4667	0.	
5764	7.0667	1.3333	0.	
5765	7.0667	1.2	0.	
5766	7.0667	1.0667	0.	
5767	7.0667	0.93333	0.	
5768	7.0667	0.8	0.	
5769	7.0667	0.66667	0.	
5770	7.0667	0.53333	0.	
5771	7.0667	0.4	0.	
5772	7.0667	0.26667	0.	
5773	7.0667	0.13333	0.	
5774	7.0667	2.2204e-016	0.	
5775	7.0667	-0.13333	0.	
5776	7.0667	-0.26667	0.	
5777	7.0667	-0.4	0.	
5778	7.0667	-0.53333	0.	
5779	7.0667	-0.66667	0.	
5780	7.0667	-0.8	0.	
5781	7.0667	-0.93333	0.	
5782	7.0667	-1.0667	0.	
5783	7.0667	-1.2	0.	
5784	7.0667	-1.3333	0.	
5785	7.0667	-1.4667	0.	
5786	7.0667	-1.6	0.	
5787	7.0667	-1.7333	0.	
5788	7.0667	-1.8667	0.	
5789	6.75	1.8667	0.	
5790	6.75	1.7333	0.	
5791	6.75	1.6	0.	
5792	6.75	1.4667	0.	
5793	6.75	1.3333	0.	
5794	6.75	1.2	0.	
5795	6.75	1.0667	0.	
5796	6.75	0.93333	0.	
5797	6.75	0.8	0.	
5798	6.75	0.66667	0.	
5799	6.75	0.53333	0.	
5800	6.75	0.4	0.	
5801	6.75	0.26667	0.	
5802	6.75	0.13333	0.	
5803	6.75	2.2204e-016	0.	
5804	6.75	-0.13333	0.	
5805	6.75	-0.26667	0.	
5806	6.75	-0.4	0.	
5807	6.75	-0.53333	0.	
5808	6.75	-0.66667	0.	
5809	6.75	-0.8	0.	
5810	6.75	-0.93333	0.	
5811	6.75	-1.0667	0.	
5812	6.75	-1.2	0.	
5813	6.75	-1.3333	0.	
5814	6.75	-1.4667	0.	
5815	6.75	-1.6	0.	
5816	6.75	-1.7333	0.	
5817	6.75	-1.8667	0.	
5818	6.4333	1.8667	0.	
5819	6.4333	1.7333	0.	
5820	6.4333	1.6	0.	
5821	6.4333	1.4667	0.	
5822	6.4333	1.3333	0.	
5823	6.4333	1.2	0.	
5824	6.4333	1.0667	0.	
5825	6.4333	0.93333	0.	
5826	6.4333	0.8	0.	
5827	6.4333	0.66667	0.	
5828	6.4333	0.53333	0.	
5829	6.4333	0.4	0.	
5830	6.4333	0.26667	0.	
5831	6.4333	0.13333	0.	
5832	6.4333	2.2204e-016	0.	
5833	6.4333	-0.13333	0.	
5834	6.4333	-0.26667	0.	
5835	6.4333	-0.4	0.	
5836	6.4333	-0.53333	0.	
5837	6.4333	-0.66667	0.	
5838	6.4333	-0.8	0.	
5839	6.4333	-0.93333	0.	
5840	6.4333	-1.0667	0.	
5841	6.4333	-1.2	0.	
5842	6.4333	-1.3333	0.	
5843	6.4333	-1.4667	0.	
5844	6.4333	-1.6	0.	
5845	6.4333	-1.7333	0.	
5846	6.4333	-1.8667	0.	
5847	6.1167	1.8667	0.	
5848	6.1167	1.7333	0.	
5849	6.1167	1.6	0.	
5850	6.1167	1.4667	0.	
5851	6.1167	1.3333	0.	
5852	6.1167	1.2	0.	
5853	6.1167	1.0667	0.	
5854	6.1167	0.93333	0.	
5855	6.1167	0.8	0.	
5856	6.1167	0.66667	0.	
5857	6.1167	0.53333	0.	
5858	6.1167	0.4	0.	
5859	6.1167	0.26667	0.	
5860	6.1167	0.13333	0.	
5861	6.1167	2.2204e-016	0.	
5862	6.1167	-0.13333	0.	
5863	6.1167	-0.26667	0.	
5864	6.1167	-0.4	0.	
5865	6.1167	-0.53333	0.	
5866	6.1167	-0.66667	0.	
5867	6.1167	-0.8	0.	
5868	6.1167	-0.93333	0.	
5869	6.1167	-1.0667	0.	
5870	6.1167	-1.2	0.	
5871	6.1167	-1.3333	0.	
5872	6.1167	-1.4667	0.	
5873	6.1167	-1.6	0.	
5874	6.1167	-1.7333	0.	
5875	6.1167	-1.8667	0.	
5876	5.8	1.8667	0.	
5877	5.8	1.7333	0.	
5878	5.8	1.6	0.	
5879	5.8	1.4667	0.	
5880	5.8	1.3333	0.	
5881	5.8	1.2	0.	
5882	5.8	1.0667	0.	
5883	5.8	0.93333	0.	
5884	5.8	0.8	0.	
5885	5.8	0.66667	0.	
5886	5.8	0.53333	0.	
5887	5.8	0.4	0.	
5888	5.8	0.26667	0.	
5889	5.8	0.13333	0.	
5890	5.8	2.2204e-016	0.	
5891	5.8	-0.13333	0.	
5892	5.8	-0.26667	0.	
5893	5.8	-0.4	0.	
5894	5.8	-0.53333	0.	
5895	5.8	-0.66667	0.	
5896	5.8	-0.8	0.	
5897	5.8	-0.93333	0.	
5898	5.8	-1.0667	0.	
5899	5.8	-1.2	0.	
5900	5.8	-1.3333	0.	
5901	5.8	-1.4667	0.	
5902	5.8	-1.6	0.	
5903	5.8	-1.7333	0.	
5904	5.8	-1.8667	0.	
5905	5.4833	1.8667	0.	
5906	5.4833	1.7333	0.	
5907	5.4833	1.6	0.	
5908	5.4833	1.4667	0.	
5909	5.4833	1.3333	0.	
5910	5.4833	1.2	0.	
5911	5.4833	1.0667	0.	
5912	5.4833	0.93333	0.	
5913	5.4833	0.8	0.	
5914	5.4833	0.66667	0.	
5915	5.4833	0.53333	0.	
5916	5.4833	0.4	0.	
5917	5.4833	0.26667	0.	
5918	5.4833	0.13333	0.	
5919	5.4833	2.2204e-016	0.	
5920	5.4833	-0.13333	0.	
5921	5.4833	-0.26667	0.	
5922	5.4833	-0.4	0.	
5923	5.4833	-0.53333	0.	
5924	5.4833	-0.66667	0.	
5925	5.4833	-0.8	0.	
5926	5.4833	-0.93333	0.	
5927	5.4833	-1.0667	0.	
5928	5.4833	-1.2	0.	
5929	5.4833	-1.3333	0.	
5930	5.4833	-1.4667	0.	
5931	5.4833	-1.6	0.	
5932	5.4833	-1.7333	0.	
5933	5.4833	-1.8667	0.	
5934	5.1667	1.8667	0.	
5935	5.1667	1.7333	0.	
5936	5.1667	1.6	0.	
5937	5.1667	1.4667	0.	
5938	5.1667	1.3333	0.	
5939	5.1667	1.2	0.	
5940	5.1667	1.0667	0.	
5941	5.1667	0.93333	0.	
5942	5.1667	0.8	0.	
5943	5.1667	0.66667	0.	
5944	5.1667	0.53333	0.	
5945	5.1667	0.4	0.	
5946	5.1667	0.26667	0.	
5947	5.1667	0.13333	0.	
5948	5.1667	2.2204e-016	0.	
5949	5.1667	-0.13333	0.	
5950	5.1667	-0.26667	0.	
5951	5.1667	-0.4	0.	
5952	5.1667	-0.53333	0.	
5953	5.1667	-0.66667	0.	
5954	5.1667	-0.8	0.	
5955	5.1667	-0.93333	0.	
5956	5.1667	-1.0667	0.	
5957	5.1667	-1.2	0.	
5958	5.1667	-1.3333	0.	
5959	5.1667	-1.4667	0.	
5960	5.1667	-1.6	0.	
5961	5.1667	-1.7333	0.	
5962	5.1667	-1.8667	0.	
5963	4.85	1.8667	0.	
5964	4.85	1.7333	0.	
5965	4.85	1.6	0.	
5966	4.85	1.4667	0.	
5967	4.85	1.3333	0.	
5968	4.85	1.2	0.	
5969	4.85	1.0667	0.	
5970	4.85	0.93333	0.	
5971	4.85	0.8	0.	
5972	4.85	0.66667	0.	
5973	4.85	0.53333	0.	
5974	4.85	0.4	0.	
5975	4.85	0.26667	0.	
5976	4.85	0.13333	0.	
5977	4.85	2.2204e-016	0.	
5978	4.85	-0.13333	0.	
5979	4.85	-0.26667	0.	
5980	4.85	-0.4	0.	
5981	4.85	-0.53333	0.	
5982	4.85	-0.66667	0.	
5983	4.85	-0.8	0.	
5984	4.85	-0.93333	0.	
5985	4.85	-1.0667	0.	
5986	4.85	-1.2	0.	
5987	4.85	-1.3333	0.	
5988	4.85	-1.4667	0.	
5989	4.85	-1.6	0.	
5990	4.85	-1.7333	0.	
5991	4.85	-1.8667	0.	
5992	4.5333	1.8667	0.	
5993	4.5333	1.7333	0.	
5994	4.5333	1.6	0.	
5995	4.5333	1.4667	0.	
5996	4.5333	1.3333	0.	
5997	4.5333	1.2	0.	
5998	4.5333	1.0667	0.	
5999	4.5333	0.93333	0.	
6000	4.5333	0.8	0.	
6001	4.5333	0.66667	0.	
6002	4.5333	0.53333	0.	
6003	4.5333	0.4	0.	
6004	4.5333	0.26667	0.	
6005	4.5333	0.13333	0.	
6006	4.5333	2.2204e-016	0.	
6007	4.5333	-0.13333	0.	
6008	4.5333	-0.26667	0.	
6009	4.5333	-0.4	0.	
6010	4.5333	-0.53333	0.	
6011	4.5333	-0.66667	0.	
6012	4.5333	-0.8	0.	
6013	4.5333	-0.93333	0.	
6014	4.5333	-1.0667	0.	
6015	4.5333	-1.2	0.	
6016	4.5333	-1.3333	0.	
6017	4.5333	-1.4667	0.	
6018	4.5333	-1.6	0.	
6019	4.5333	-1.7333	0.	
6020	4.5333	-1.8667	0.	
6021	4.2167	1.8667	0.	
6022	4.2167	1.7333	0.	
6023	4.2167	1.6	0.	
6024	4.2167	1.4667	0.	
6025	4.2167	1.3333	0.	
6026	4.2167	1.2	0.	
6027	4.2167	1.0667	0.	
6028	4.2167	0.93333	0.	
6029	4.2167	0.8	0.	
6030	4.2167	0.66667	0.	
6031	4.2167	0.53333	0.	
6032	4.2167	0.4	0.	
6033	4.2167	0.26667	0.	
6034	4.2167	0.13333	0.	
6035	4.2167	2.2204e-016	0.	
6036	4.2167	-0.13333	0.	
6037	4.2167	-0.26667	0.	
6038	4.2167	-0.4	0.	
6039	4.2167	-0.53333	0.	
6040	4.2167	-0.66667	0.	
6041	4.2167	-0.8	0.	
6042	4.2167	-0.93333	0.	
6043	4.2167	-1.0667	0.	
6044	4.2167	-1.2	0.	
6045	4.2167	-1.3333	0.	
6046	4.2167	-1.4667	0.	
6047	4.2167	-1.6	0.	
6048	4.2167	-1.7333	0.	
6049	4.2167	-1.8667	0.	
6050	3.9	1.8667	0.	
6051	3.9	1.7333	0.	
6052	3.9	1.6	0.	
6053	3.9	1.4667	0.	
6054	3.9	1.3333	0.	
6055	3.9	1.2	0.	
6056	3.9	1.0667	0.	
6057	3.9	0.93333	0.	
6058	3.9	0.8	0.	
6059	3.9	0.66667	0.	
6060	3.9	0.53333	0.	
6061	3.9	0.4	0.	
6062	3.9	0.26667	0.	
6063	3.9	0.13333	0.	
6064	3.9	2.2204e-016	0.	
6065	3.9	-0.13333	0.	
6066	3.9	-0.26667	0.	
6067	3.9	-0.4	0.	
6068	3.9	-0.53333	0.	
6069	3.9	-0.66667	0.	
6070	3.9	-0.8	0.	
6071	3.9	-0.93333	0.	
6072	3.9	-1.0667	0.	
6073	3.9	-1.2	0.	
6074	3.9	-1.3333	0.	
6075	3.9	-1.4667	0.	
6076	3.9	-1.6	0.	
6077	3.9	-1.7333	0.	
6078	3.9	-1.8667	0.	
6079	3.5833	1.8667	0.	
6080	3.5833	1.7333	0.	
6081	3.5833	1.6	0.	
6082	3.5833	1.4667	0.	
6083	3.5833	1.3333	0.	
6084	3.5833	1.2	0.	
6085	3.5833	1.0667	0.	
6086	3.5833	0.93333	0.	
6087	3.5833	0.8	0.	
6088	3.5833	0.66667	0.	
6089	3.5833	0.53333	0.	
6090	3.5833	0.4	0.	
6091	3.5833	0.26667	0.	
6092	3.5833	0.13333	0.	
6093	3.5833	2.2204e-016	0.	
6094	3.5833	-0.13333	0.	
6095	3.5833	-0.26667	0.	
6096	3.5833	-0.4	0.	
6097	3.5833	-0.53333	0.	
6098	3.5833	-0.66667	0.	
6099	3.5833	-0.8	0.	
6100	3.5833	-0.93333	0.	
6101	3.5833	-1.0667	0.	
6102	3.5833	-1.2	0.	
6103	3.5833	-1.3333	0.	
6104	3.5833	-1.4667	0.	
6105	3.5833	-1.6	0.	
6106	3.5833	-1.7333	0.	
6107	3.5833	-1.8667	0.	
6108	3.2667	1.8667	0.	
6109	3.2667	1.7333	0.	
6110	3.2667	1.6	0.	
6111	3.2667	1.4667	0.	
6112	3.2667	1.3333	0.	
6113	3.2667	1.2	0.	
6114	3.2667	1.0667	0.	
6115	3.2667	0.93333	0.	
6116	3.2667	0.8	0.	
6117	3.2667	0.66667	0.	
6118	3.2667	0.53333	0.	
6119	3.2667	0.4	0.	
6120	3.2667	0.26667	0.	
6121	3.2667	0.13333	0.	
6122	3.2667	2.2204e-016	0.	
6123	3.2667	-0.13333	0.	
6124	3.2667	-0.26667	0.	
6125	3.2667	-0.4	0.	
6126	3.2667	-0.53333	0.	
6127	3.2667	-0.66667	0.	
6128	3.2667	-0.8	0.	
6129	3.2667	-0.93333	0.	
6130	3.2667	-1.0667	0.	
6131	3.2667	-1.2	0.	
6132	3.2667	-1.3333	0.	
6133	3.2667	-1.4667	0.	
6134	3.2667	-1.6	0.	
6135	3.2667	-1.7333	0.	
6136	3.2667	-1.8667	0.	
6137	2.95	1.8667	0.	
6138	2.95	1.7333	0.	
6139	2.95	1.6	0.	
6140	2.95	1.4667	0.	
6141	2.95	1.3333	0.	
6142	2.95	1.2	0.	
6143	2.95	1.0667	0.	
6144	2.95	0.93333	0.	
6145	2.95	0.8	0.	
6146	2.95	0.66667	0.	
6147	2.95	0.53333	0.	
6148	2.95	0.4	0.	
6149	2.95	0.26667	0.	
6150	2.95	0.13333	0.	
6151	2.95	2.2204e-016	0.	
6152	2.95	-0.13333	0.	
6153	2.95	-0.26667	0.	
6154	2.95	-0.4	0.	
6155	2.95	-0.53333	0.	
6156	2.95	-0.66667	0.	
6157	2.95	-0.8	0.	
6158	2.95	-0.93333	0.	
6159	2.95	-1.0667	0.	
6160	2.95	-1.2	0.	
6161	2.95	-1.3333	0.	
6162	2.95	-1.4667	0.	
6163	2.95	-1.6	0.	
6164	2.95	-1.7333	0.	
6165	2.95	-1.8667	0.	
6166	2.6333	1.8667	0.	
6167	2.6333	1.7333	0.	
6168	2.6333	1.6	0.	
6169	2.6333	1.4667	0.	
6170	2.6333	1.3333	0.	
6171	2.6333	1.2	0.	
6172	2.6333	1.0667	0.	
6173	2.6333	0.93333	0.	
6174	2.6333	0.8	0.	
6175	2.6333	0.66667	0.	
6176	2.6333	0.53333	0.	
6177	2.6333	0.4	0.	
6178	2.6333	0.26667	0.	
6179	2.6333	0.13333	0.	
6180	2.6333	2.2204e-016	0.	
6181	2.6333	-0.13333	0.	
6182	2.6333	-0.26667	0.	
6183	2.6333	-0.4	0.	
6184	2.6333	-0.53333	0.	
6185	2.6333	-0.66667	0.	
6186	2.6333	-0.8	0.	
6187	2.6333	-0.93333	0.	
6188	2.6333	-1.0667	0.	
6189	2.6333	-1.2	0.	
6190	2.6333	-1.3333	0.	
6191	2.6333	-1.4667	0.	
6192	2.6333	-1.6	0.	
6193	2.6333	-1.7333	0.	
6194	2.6333	-1.8667	0.	
6195	2.3167	1.8667	0.	
6196	2.3167	1.7333	0.	
6197	2.3167	1.6	0.	
6198	2.3167	1.4667	0.	
6199	2.3167	1.3333	0.	
6200	2.3167	1.2	0.	
6201	2.3167	1.0667	0.	
6202	2.3167	0.93333	0.	
6203	2.3167	0.8	0.	
6204	2.3167	0.66667	0.	
6205	2.3167	0.53333	0.	
6206	2.3167	0.4	0.	
6207	2.3167	0.26667	0.	
6208	2.3167	0.13333	0.	
6209	2.3167	2.2204e-016	0.	
6210	2.3167	-0.13333	0.	
6211	2.3167	-0.26667	0.	
6212	2.3167	-0.4	0.	
6213	2.3167	-0.53333	0.	
6214	2.3167	-0.66667	0.	
6215	2.3167	-0.8	0.	
6216	2.3167	-0.93333	0.	
6217	2.3167	-1.0667	0.	
6218	2.3167	-1.2	0.	
6219	2.3167	-1.3333	0.	
6220	2.3167	-1.4667	0.	
6221	2.3167	-1.6	0.	
6222	2.3167	-1.7333	0.	
6223	2.3167	-1.8667	0.	
6224	40.	1.8667	0.	
6225	40.	1.7333	0.	
6226	40.	1.6	0.	
6227	40.	1.4667	0.	
6228	40.	1.3333	0.	
6229	40.	1.2	0.	
6230	40.	1.0667	0.	
6231	40.	0.93333	0.	
6232	40.	0.8	0.	
6233	40.	0.66667	0.	
6234	40.	0.53333	0.	
6235	40.	0.4	0.	
6236	40.	0.26667	0.	
6237	40.	0.13333	0.	
6238	40.	2.2204e-016	0.	
6239	40.	-0.13333	0.	
6240	40.	-0.26667	0.	
6241	40.	-0.4	0.	
6242	40.	-0.53333	0.	
6243	40.	-0.66667	0.	
6244	40.	-0.8	0.	
6245	40.	-0.93333	0.	
6246	40.	-1.0667	0.	
6247	40.	-1.2	0.	
6248	40.	-1.3333	0.	
6249	40.	-1.4667	0.	
6250	40.	-1.6	0.	
6251	40.	-1.7333	0.	
6252	40.	-1.8667	0.	
6253	39.683	-2.	0.	
6254	39.367	-2.	0.	
6255	39.05	-2.	0.	
6256	38.733	-2.	0.	
6257	38.417	-2.	0.	
6258	38.1	-2.	0.	
6259	37.783	-2.	0.	
6260	37.467	-2.	0.	
6261	37.15	-2.	0.	
6262	36.833	-2.	0.	
6263	36.517	-2.	0.	
6264	36.2	-2.	0.	
6265	35.883	-2.	0.	
6266	35.567	-2.	0.	
6267	35.25	-2.	0.	
6268	34.933	-2.	0.	
6269	34.617	-2.	0.	
6270	34.3	-2.	0.	
6271	33.983	-2.	0.	
6272	33.667	-2.	0.	
6273	33.35	-2.	0.	
6274	33.033	-2.	0.	
6275	32.717	-2.	0.	
6276	32.4	-2.	0.	
6277	32.083	-2.	0.	
6278	31.767	-2.	0.	
6279	31.45	-2.	0.	
6280	31.133	-2.	0.	
6281	30.817	-2.	0.	
6282	30.5	-2.	0.	
6283	30.183	-2.	0.	
6284	29.867	-2.	0.	
6285	29.55	-2.	0.	
6286	29.233	-2.	0.	
6287	28.917	-2.	0.	
6288	28.6	-2.	0.	
6289	28.283	-2.	0.	
6290	27.967	-2.	0.	
6291	27.65	-2.	0.	
6292	27.333	-2.	0.	
6293	27.017	-2.	0.	
6294	26.7	-2.	0.	
6295	26.383	-2.	0.	
6296	26.067	-2.	0.	
6297	25.75	-2.	0.	
6298	25.433	-2.	0.	
6299	25.117	-2.	0.	
6300	24.8	-2.	0.	
6301	24.483	-2.	0.	
6302	24.167	-2.	0.	
6303	23.85	-2.	0.	
6304	23.533	-2.	0.	
6305	23.217	-2.	0.	
6306	22.9	-2.	0.	
6307	22.583	-2.	0.	
6308	22.267	-2.	0.	
6309	21.95	-2.	0.	
6310	21.633	-2.	0.	
6311	21.317	-2.	0.	
6312	21.	-2.	0.	
6313	20.683	-2.	0.	
6314	20.367	-2.	0.	
6315	20.05	-2.	0.	
6316	19.733	-2.	0.	
6317	19.417	-2.	0.	
6318	19.1	-2.	0.	
6319	18.783	-2.	0.	
6320	18.467	-2.	0.	
6321	18.15	-2.	0.	
6322	17.833	-2.	0.	
6323	17.517	-2.	0.	
6324	17.2	-2.	0.	
6325	16.883	-2.	0.	
6326	16.567	-2.	0.	
6327	16.25	-2.	0.	
6328	15.933	-2.	0.	
6329	15.617	-2.	0.	
6330	15.3	-2.	0.	
6331	14.983	-2.	0.	
6332	14.667	-2.	0.	
6333	14.35	-2.	0.	
6334	14.033	-2.	0.	
6335	13.717	-2.	0.	
6336	13.4	-2.	0.	
6337	13.083	-2.	0.	
6338	12.767	-2.	0.	
6339	12.45	-2.	0.	
6340	12.133	-2.	0.	
6341	11.817	-2.	0.	
6342	11.5	-2.	0.	
6343	11.183	-2.	0.	
6344	10.867	-2.	0.	
6345	10.55	-2.	0.	
6346	10.233	-2.	0.	
6347	9.9167	-2.	0.	
6348	9.6	-2.	0.	
6349	9.2833	-2.	0.	
6350	8.9667	-2.	0.	
6351	8.65	-2.	0.	
6352	8.3333	-2.	0.	
6353	8.0167	-2.	0.	
6354	7.7	-2.	0.	
6355	7.3833	-2.	0.	
6356	7.0667	-2.	0.	
6357	6.75	-2.	0.	
6358	6.4333	-2.	0.	
6359	6.1167	-2.	0.	
6360	5.8	-2.	0.	
6361	5.4833	-2.	0.	
6362	5.1667	-2.	0.	
6363	4.85	-2.	0.	
6364	4.5333	-2.	0.	
6365	4.2167	-2.	0.	
6366	3.9	-2.	0.	
6367	3.5833	-2.	0.	
6368	3.2667	-2.	0.	
6369	2.95	-2.	0.	
6370	2.6333	-2.	0.	
6371	2.3167	-2.	0.	
6372	39.683	2.	0.	
6373	39.367	2.	0.	
6374	39.05	2.	0.	
6375	38.733	2.	0.	
6376	38.417	2.	0.	
6377	38.1	2.	0.	
6378	37.783	2.	0.	
6379	37.467	2.	0.	
6380	37.15	2.	0.	
6381	36.833	2.	0.	
6382	36.517	2.	0.	
6383	36.2	2.	0.	
6384	35.883	2.	0.	
6385	35.567	2.	0.	
6386	35.25	2.	0.	
6387	34.933	2.	0.	
6388	34.617	2.	0.	
6389	34.3	2.	0.	
6390	33.983	2.	0.	
6391	33.667	2.	0.	
6392	33.35	2.	0.	
6393	33.033	2.	0.	
6394	32.717	2.	0.	
6395	32.4	2.	0.	
6396	32.083	2.	0.	
6397	31.767	2.	0.	
6398	31.45	2.	0.	
6399	31.133	2.	0.	
6400	30.817	2.	0.	
6401	30.5	2.	0.	
6402	30.183	2.	0.	
6403	29.867	2.	0.	
6404	29.55	2.	0.	
6405	29.233	2.	0.	
6406	28.917	2.	0.	
6407	28.6	2.	0.	
6408	28.283	2.	0.	
6409	27.967	2.	0.	
6410	27.65	2.	0.	
6411	27.333	2.	0.	
6412	27.017	2.	0.	
6413	26.7	2.	0.	
6414	26.383	2.	0.	
6415	26.067	2.	0.	
6416	25.75	2.	0.	
6417	25.433	2.	0.	
6418	25.117	2.	0.	
6419	24.8	2.	0.	
6420	24.483	2.	0.	
6421	24.167	2.	0.	
6422	23.85	2.	0.	
6423	23.533	2.	0.	
6424	23.217	2.	0.	
6425	22.9	2.	0.	
6426	22.583	2.	0.	
6427	22.267	2.	0.	
6428	21.95	2.	0.	
6429	21.633	2.	0.	
6430	21.317	2.	0.	
6431	21.	2.	0.	
6432	20.683	2.	0.	
6433	20.367	2.	0.	
6434	20.05	2.	0.	
6435	19.733	2.	0.	
6436	19.417	2.	0.	
6437	19.1	2.	0.	
6438	18.783	2.	0.	
6439	18.467	2.	0.	
6440	18.15	2.	0.	
6441	17.833	2.	0.	
6442	17.517	2.	0.	
6443	17.2	2.	0.	
6444	16.883	2.	0.	
6445	16.567	2.	0.	
6446	16.25	2.	0.	
6447	15.933	2.	0.	
6448	15.617	2.	0.	
6449	15.3	2.	0.	
6450	14.983	2.	0.	
6451	14.667	2.	0.	
6452	14.35	2.	0.	
6453	14.033	2.	0.	
6454	13.717	2.	0.	
6455	13.4	2.	0.	
6456	13.083	2.	0.	
6457	12.767	2.	0.	
6458	12.45	2.	0.	
6459	12.133	2.	0.	
6460	11.817	2.	0.	
6461	11.5	2.	0.	
6462	11.183	2.	0.	
6463	10.867	2.	0.	
6464	10.55	2.	0.	
6465	10.233	2.	0.	
6466	9.9167	2.	0.	
6467	9.6	2.	0.	
6468	9.2833	2.	0.	
6469	8.9667	2.	0.	
6470	8.65	2.	0.	
6471	8.3333	2.	0.	
6472	8.0167	2.	0.	
6473	7.7	2.	0.	
6474	7.3833	2.	0.	
6475	7.0667	2.	0.	
6476	6.75	2.	0.	
6477	6.4333	2.	0.	
6478	6.1167	2.	0.	
6479	5.8	2.	0.	
6480	5.4833	2.	0.	
6481	5.1667	2.	0.	
6482	4.85	2.	0.	
6483	4.5333	2.	0.	
6484	4.2167	2.	0.	
6485	3.9	2.	0.	
6486	3.5833	2.	0.	
6487	3.2667	2.	0.	
6488	2.95	2.	0.	
6489	2.6333	2.	0.	
6490	2.3167	2.	0.	
6491	-2.2667	-1.8667	0.	
6492	-2.5333	-1.8667	0.	
6493	-2.8	-1.8667	0.	
6494	-3.0667	-1.8667	0.	
6495	-3.3333	-1.8667	0.	
6496	-3.6	-1.8667	0.	
6497	-3.8667	-1.8667	0.	
6498	-4.1333	-1.8667	0.	
6499	-4.4	-1.8667	0.	
6500	-4.6667	-1.8667	0.	
6501	-4.9333	-1.8667	0.	
6502	-5.2	-1.8667	0.	
6503	-5.4667	-1.8667	0.	
6504	-5.7333	-1.8667	0.	
6505	-6.	-1.8667	0.	
6506	-6.2667	-1.8667	0.	
6507	-6.5333	-1.8667	0.	
6508	-6.8	-1.8667	0.	
6509	-7.0667	-1.8667	0.	
6510	-7.3333	-1.8667	0.	
6511	-7.6	-1.8667	0.	
6512	-7.8667	-1.8667	0.	
6513	-8.1333	-1.8667	0.	
6514	-8.4	-1.8667	0.	
6515	-8.6667	-1.8667	0.	
6516	-8.9333	-1.8667	0.	
6517	-9.2	-1.8667	0.	
6518	-9.4667	-1.8667	0.	
6519	-9.7333	-1.8667	0.	
6520	-2.2667	-1.7333	0.	
6521	-2.5333	-1.7333	0.	
6522	-2.8	-1.7333	0.	
6523	-3.0667	-1.7333	0.	
6524	-3.3333	-1.7333	0.	
6525	-3.6	-1.7333	0.	
6526	-3.8667	-1.7333	0.	
6527	-4.1333	-1.7333	0.	
6528	-4.4	-1.7333	0.	
6529	-4.6667	-1.7333	0.	
6530	-4.9333	-1.7333	0.	
6531	-5.2	-1.7333	0.	
6532	-5.4667	-1.7333	0.	
6533	-5.7333	-1.7333	0.	
6534	-6.	-1.7333	0.	
6535	-6.2667	-1.7333	0.	
6536	-6.5333	-1.7333	0.	
6537	-6.8	-1.7333	0.	
6538	-7.0667	-1.7333	0.	
6539	-7.3333	-1.7333	0.	
6540	-7.6	-1.7333	0.	
6541	-7.8667	-1.7333	0.	
6542	-8.1333	-1.7333	0.	
6543	-8.4	-1.7333	0.	
6544	-8.6667	-1.7333	0.	
6545	-8.9333	-1.7333	0.	
6546	-9.2	-1.7333	0.	
6547	-9.4667	-1.7333	0.	
6548	-9.7333	-1.7333	0.	
6549	-2.2667	-1.6	0.	
6550	-2.5333	-1.6	0.	
6551	-2.8	-1.6	0.	
6552	-3.0667	-1.6	0.	
6553	-3.3333	-1.6	0.	
6554	-3.6	-1.6	0.	
6555	-3.8667	-1.6	0.	
6556	-4.1333	-1.6	0.	
6557	-4.4	-1.6	0.	
6558	-4.6667	-1.6	0.	
6559	-4.9333	-1.6	0.	
6560	-5.2	-1.6	0.	
6561	-5.4667	-1.6	0.	
6562	-5.7333	-1.6	0.	
6563	-6.	-1.6	0.	
6564	-6.2667	-1.6	0.	
6565	-6.5333	-1.6	0.	
6566	-6.8	-1.6	0.	
6567	-7.0667	-1.6	0.	
6568	-7.3333	-1.6	0.	
6569	-7.6	-1.6	0.	
6570	-7.8667	-1.6	0.	
6571	-8.1333	-1.6	0.	
6572	-8.4	-1.6	0.	
6573	-8.6667	-1.6	0.	
6574	-8.9333	-1.6	0.	
6575	-9.2	-1.6	0.	
6576	-9.4667	-1.6	0.	
6577	-9.7333	-1.6	0.	
6578	-2.2667	-1.4667	0.	
6579	-2.5333	-1.4667	0.	
6580	-2.8	-1.4667	0.	
6581	-3.0667	-1.4667	0.	
6582	-3.3333	-1.4667	0.	
6583	-3.6	-1.4667	0.	
6584	-3.8667	-1.4667	0.	
6585	-4.1333	-1.4667	0.	
6586	-4.4	-1.4667	0.	
6587	-4.6667	-1.4667	0.	
6588	-4.9333	-1.4667	0.	
6589	-5.2	-1.4667	0.	
6590	-5.4667	-1.4667	0.	
6591	-5.7333	-1.4667	0.	
6592	-6.	-1.4667	0.	
6593	-6.2667	-1.4667	0.	
6594	-6.5333	-1.4667	0.	
6595	-6.8	-1.4667	0.	
6596	-7.0667	-1.4667	0.	
6597	-7.3333	-1.4667	0.	
6598	-7.6	-1.4667	0.	
6599	-7.8667	-1.4667	0.	
6600	-8.1333	-1.4667	0.	
6601	-8.4	-1.4667	0.	
6602	-8.6667	-1.4667	0.	
6603	-8.9333	-1.4667	0.	
6604	-9.2	-1.4667	0.	
6605	-9.4667	-1.4667	0.	
6606	-9.7333	-1.4667	0.	
6607	-2.2667	-1.3333	0.	
6608	-2.5333	-1.3333	0.	
6609	-2.8	-1.3333	0.	
6610	-3.0667	-1.3333	0.	
6611	-3.3333	-1.3333	0.	
6612	-3.6	-1.3333	0.	
6613	-3.8667	-1.3333	0.	
6614	-4.1333	-1.3333	0.	
6615	-4.4	-1.3333	0.	
6616	-4.6667	-1.3333	0.	
6617	-4.9333	-1.3333	0.	
6618	-5.2	-1.3333	0.	
6619	-5.4667	-1.3333	0.	
6620	-5.7333	-1.3333	0.	
6621	-6.	-1.3333	0.	
6622	-6.2667	-1.3333	0.	
6623	-6.5333	-1.3333	0.	
6624	-6.8	-1.3333	0.	
6625	-7.0667	-1.3333	0.	
6626	-7.3333	-1.3333	0.	
6627	-7.6	-1.3333	0.	
6628	-7.8667	-1.3333	0.	
6629	-8.1333	-1.3333	0.	
6630	-8.4	-1.3333	0.	
6631	-8.6667	-1.3333	0.	
6632	-8.9333	-1.3333	0.	
6633	-9.2	-1.3333	0.	
6634	-9.4667	-1.3333	0.	
6635	-9.7333	-1.3333	0.	
6636	-2.2667	-1.2	0.	
6637	-2.5333	-1.2	0.	
6638	-2.8	-1.2	0.	
6639	-3.0667	-1.2	0.	
6640	-3.3333	-1.2	0.	
6641	-3.6	-1.2	0.	
6642	-3.8667	-1.2	0.	
6643	-4.1333	-1.2	0.	
6644	-4.4	-1.2	0.	
6645	-4.6667	-1.2	0.	
6646	-4.9333	-1.2	0.	
6647	-5.2	-1.2	0.	
6648	-5.4667	-1.2	0.	
6649	-5.7333	-1.2	0.	
6650	-6.	-1.2	0.	
6651	-6.2667	-1.2	0.	
6652	-6.5333	-1.2	0.	
6653	-6.8	-1.2	0.	
6654	-7.0667	-1.2	0.	
6655	-7.3333	-1.2	0.	
6656	-7.6	-1.2	0.	
6657	-7.8667	-1.2	0.	
6658	-8.1333	-1.2	0.	
6659	-8.4	-1.2	0.	
6660	-8.6667	-1.2	0.	
6661	-8.9333	-1.2	0.	
6662	-9.2	-1.2	0.	
6663	-9.4667	-1.2	0.	
6664	-9.7333	-1.2	0.	
6665	-2.2667	-1.0667	0.	
6666	-2.5333	-1.0667	0.	
6667	-2.8	-1.0667	0.	
6668	-3.0667	-1.0667	0.	
6669	-3.3333	-1.0667	0.	
6670	-3.6	-1.0667	0.	
6671	-3.8667	-1.0667	0.	
6672	-4.1333	-1.0667	0.	
6673	-4.4	-1.0667	0.	
6674	-4.6667	-1.0667	0.	
6675	-4.9333	-1.0667	0.	
6676	-5.2	-1.0667	0.	
6677	-5.4667	-1.0667	0.	
6678	-5.7333	-1.0667	0.	
6679	-6.	-1.0667	0.	
6680	-6.2667	-1.0667	0.	
6681	-6.5333	-1.0667	0.	
6682	-6.8	-1.0667	0.	
6683	-7.0667	-1.0667	0.	
6684	-7.3333	-1.0667	0.	
6685	-7.6	-1.0667	0.	
6686	-7.8667	-1.0667	0.	
6687	-8.1333	-1.0667	0.	
6688	-8.4	-1.0667	0.	
6689	-8.6667	-1.0667	0.	
6690	-8.9333	-1.0667	0.	
6691	-9.2	-1.0667	0.	
6692	-9.4667	-1.0667	0.	
6693	-9.7333	-1.0667	0.	
6694	-2.2667	-0.93333	0.	
6695	-2.5333	-0.93333	0.	
6696	-2.8	-0.93333	0.	
6697	-3.0667	-0.93333	0.	
6698	-3.3333	-0.93333	0.	
6699	-3.6	-0.93333	0.	
6700	-3.8667	-0.93333	0.	
6701	-4.1333	-0.93333	0.	
6702	-4.4	-0.93333	0.	
6703	-4.6667	-0.93333	0.	
6704	-4.9333	-0.93333	0.	
6705	-5.2	-0.93333	0.	
6706	-5.4667	-0.93333	0.	
6707	-5.7333	-0.93333	0.	
6708	-6.	-0.93333	0.	
6709	-6.2667	-0.93333	0.	
6710	-6.5333	-0.93333	0.	
6711	-6.8	-0.93333	0.	
6712	-7.0667	-0.93333	0.	
6713	-7.3333	-0.93333	0.	
6714	-7.6	-0.93333	0.	
6715	-7.8667	-0.93333	0.	
6716	-8.1333	-0.93333	0.	
6717	-8.4	-0.93333	0.	
6718	-8.6667	-0.93333	0.	
6719	-8.9333	-0.93333	0.	
6720	-9.2	-0.93333	0.	
6721	-9.4667	-0.93333	0.	
6722	-9.7333	-0.93333	0.	
6723	-2.2667	-0.8	0.	
6724	-2.5333	-0.8	0.	
6725	-2.8	-0.8	0.	
6726	-3.0667	-0.8	0.	
6727	-3.3333	-0.8	0.	
6728	-3.6	-0.8	0.	
6729	-3.8667	-0.8	0.	
6730	-4.1333	-0.8	0.	
6731	-4.4	-0.8	0.	
6732	-4.6667	-0.8	0.	
6733	-4.9333	-0.8	0.	
6734	-5.2	-0.8	0.	
6735	-5.4667	-0.8	0.	
6736	-5.7333	-0.8	0.	
6737	-6.	-0.8	0.	
6738	-6.2667	-0.8	0.	
6739	-6.5333	-0.8	0.	
6740	-6.8	-0.8	0.	
6741	-7.0667	-0.8	0.	
6742	-7.3333	-0.8	0.	
6743	-7.6	-0.8	0.	
6744	-7.8667	-0.8	0.	
6745	-8.1333	-0.8	0.	
6746	-8.4	-0.8	0.	
6747	-8.6667	-0.8	0.	
6748	-8.9333	-0.8	0.	
6749	-9.2	-0.8	0.	
6750	-9.4667	-0.8	0.	
6751	-9.7333	-0.8	0.	
6752	-2.2667	-0.66667	0.	
6753	-2.5333	-0.66667	0.	
6754	-2.8	-0.66667	0.	
6755	-3.0667	-0.66667	0.	
6756	-3.3333	-0.66667	0.	
6757	-3.6	-0.66667	0.	
6758	-3.8667	-0.66667	0.	
6759	-4.1333	-0.66667	0.	
6760	-4.4	-0.66667	0.	
6761	-4.6667	-0.66667	0.	
6762	-4.9333	-0.66667	0.	
6763	-5.2	-0.66667	0.	
6764	-5.4667	-0.66667	0.	
6765	-5.7333	-0.66667	0.	
6766	-6.	-0.66667	0.	
6767	-6.2667	-0.66667	0.	
6768	-6.5333	-0.66667	0.	
6769	-6.8	-0.66667	0.	
6770	-7.0667	-0.66667	0.	
6771	-7.3333	-0.66667	0.	
6772	-7.6	-0.66667	0.	
6773	-7.8667	-0.66667	0.	
6774	-8.1333	-0.66667	0.	
6775	-8.4	-0.66667	0.	
6776	-8.6667	-0.66667	0.	
6777	-8.9333	-0.66667	0.	
6778	-9.2	-0.66667	0.	
6779	-9.4667	-0.66667	0.	
6780	-9.7333	-0.66667	0.	
6781	-2.2667	-0.53333	0.	
6782	-2.5333	-0.53333	0.	
6783	-2.8	-0.53333	0.	
6784	-3.0667	-0.53333	0.	
6785	-3.3333	-0.53333	0.	
6786	-3.6	-0.53333	0.	
6787	-3.8667	-0.53333	0.	
6788	-4.1333	-0.53333	0.	
6789	-4.4	-0.53333	0.	
6790	-4.6667	-0.53333	0.	
6791	-4.9333	-0.53333	0.	
6792	-5.2	-0.53333	0.	
6793	-5.4667	-0.53333	0.	
6794	-5.7333	-0.53333	0.	
6795	-6.	-0.53333	0.	
6796	-6.2667	-0.53333	0.	
6797	-6.5333	-0.53333	0.	
6798	-6.8	-0.53333	0.	
6799	-7.0667	-0.53333	0.	
6800	-7.3333	-0.53333	0.	
6801	-7.6	-0.53333	0.	
6802	-7.8667	-0.53333	0.	
6803	-8.1333	-0.53333	0.	
6804	-8.4	-0.53333	0.	
6805	-8.6667	-0.53333	0.	
6806	-8.9333	-0.53333	0.	
6807	-9.2	-0.53333	0.	
6808	-9.4667	-0.53333	0.	
6809	-9.7333	-0.53333	0.	
6810	-2.2667	-0.4	0.	
6811	-2.5333	-0.4	0.	
6812	-2.8	-0.4	0.	
6813	-3.0667	-0.4	0.	
6814	-3.3333	-0.4	0.	
6815	-3.6	-0.4	0.	
6816	-3.8667	-0.4	0.	
6817	-4.1333	-0.4	0.	
6818	-4.4	-0.4	0.	
6819	-4.6667	-0.4	0.	
6820	-4.9333	-0.4	0.	
6821	-5.2	-0.4	0.	
6822	-5.4667	-0.4	0.	
6823	-5.7333	-0.4	0.	
6824	-6.	-0.4	0.	
6825	-6.2667	-0.4	0.	
6826	-6.5333	-0.4	0.	
6827	-6.8	-0.4	0.	
6828	-7.0667	-0.4	0.	
6829	-7.3333	-0.4	0.	
6830	-7.6	-0.4	0.	
6831	-7.8667	-0.4	0.	
6832	-8.1333	-0.4	0.	
6833	-8.4	-0.4	0.	
6834	-8.6667	-0.4	0.	
6835	-8.9333	-0.4	0.	
6836	-9.2	-0.4	0.	
6837	-9.4667	-0.4	0.	
6838	-9.7333	-0.4	0.	
6839	-2.2667	-0.26667	0.	
6840	-2.5333	-0.26667	0.	
6841	-2.8	-0.26667	0.	
6842	-3.0667	-0.26667	0.	
6843	-3.3333	-0.26667	0.	
6844	-3.6	-0.26667	0.	
6845	-3.8667	-0.26667	0.	
6846	-4.1333	-0.26667	0.	
6847	-4.4	-0.26667	0.	
6848	-4.6667	-0.26667	0.	
6849	-4.9333	-0.26667	0.	
6850	-5.2	-0.26667	0.	
6851	-5.4667	-0.26667	0.	
6852	-5.7333	-0.26667	0.	
6853	-6.	-0.26667	0.	
6854	-6.2667	-0.26667	0.	
6855	-6.5333	-0.26667	0.	
6856	-6.8	-0.26667	0.	
6857	-7.0667	-0.26667	0.	
6858	-7.3333	-0.26667	0.	
6859	-7.6	-0.26667	0.	
6860	-7.8667	-0.26667	0.	
6861	-8.1333	-0.26667	0.	
6862	-8.4	-0.26667	0.	
6863	-8.6667	-0.26667	0.	
6864	-8.9333	-0.26667	0.	
6865	-9.2	-0.26667	0.	
6866	-9.4667	-0.26667	0.	
6867	-9.7333	-0.26667	0.	
6868	-2.2667	-0.13333	0.	
6869	-2.5333	-0.13333	0.	
6870	-2.8	-0.13333	0.	
6871	-3.0667	-0.13333	0.	
6872	-3.3333	-0.13333	0.	
6873	-3.6	-0.13333	0.	
6874	-3.8667	-0.13333	0.	
6875	-4.1333	-0.13333	0.	
6876	-4.4	-0.13333	0.	
6877	-4.6667	-0.13333	0.	
6878	-4.9333	-0.13333	0.	
6879	-5.2	-0.13333	0.	
6880	-5.4667	-0.13333	0.	
6881	-5.7333	-0.13333	0.	
6882	-6.	-0.13333	0.	
6883	-6.2667	-0.13333	0.	
6884	-6.5333	-0.13333	0.	
6885	-6.8	-0.13333	0.	
6886	-7.0667	-0.13333	0.	
6887	-7.3333	-0.13333	0.	
6888	-7.6	-0.13333	0.	
6889	-7.8667	-0.13333	0.	
6890	-8.1333	-0.13333	0.	
6891	-8.4	-0.13333	0.	
6892	-8.6667	-0.13333	0.	
6893	-8.9333	-0.13333	0.	
6894	-9.2	-0.13333	0.	
6895	-9.4667	-0.13333	0.	
6896	-9.7333	-0.13333	0.	
6897	-2.2667	2.0724e-016	0.	
6898	-2.5333	1.9244e-016	0.	
6899	-2.8	1.7764e-016	0.	
6900	-3.0667	1.6283e-016	0.	
6901	-3.3333	1.4803e-016	0.	
6902	-3.6	1.3323e-016	0.	
6903	-3.8667	1.1842e-016	0.	
6904	-4.1333	1.0362e-016	0.	
6905	-4.4	8.8818e-017	0.	
6906	-4.6667	7.4015e-017	0.	
6907	-4.9333	5.9212e-017	0.	
6908	-5.2	4.4409e-017	0.	
6909	-5.4667	2.9606e-017	0.	
6910	-5.7333	1.4803e-017	0.	
6911	-6.	-8.6282e-032	0.	
6912	-6.2667	-1.4803e-017	0.	
6913	-6.5333	-2.9606e-017	0.	
6914	-6.8	-4.4409e-017	0.	
6915	-7.0667	-5.9212e-017	0.	
6916	-7.3333	-7.4015e-017	0.	
6917	-7.6	-8.8818e-017	0.	
6918	-7.8667	-1.0362e-016	0.	
6919	-8.1333	-1.1842e-016	0.	
6920	-8.4	-1.3323e-016	0.	
6921	-8.6667	-1.4803e-016	0.	
6922	-8.9333	-1.6283e-016	0.	
6923	-9.2	-1.7764e-016	0.	
6924	-9.4667	-1.9244e-016	0.	
6925	-9.7333	-2.0724e-016	0.	
6926	-2.2667	0.13333	0.	
6927	-2.5333	0.13333	0.	
6928	-2.8	0.13333	0.	
6929	-3.0667	0.13333	0.	
6930	-3.3333	0.13333	0.	
6931	-3.6	0.13333	0.	
6932	-3.8667	0.13333	0.	
6933	-4.1333	0.13333	0.	
6934	-4.4	0.13333	0.	
6935	-4.6667	0.13333	0.	
6936	-4.9333	0.13333	0.	
6937	-5.2	0.13333	0.	
6938	-5.4667	0.13333	0.	
6939	-5.7333	0.13333	0.	
6940	-6.	0.13333	0.	
6941	-6.2667	0.13333	0.	
6942	-6.5333	0.13333	0.	
6943	-6.8	0.13333	0.	
6944	-7.0667	0.13333	0.	
6945	-7.3333	0.13333	0.	
6946	-7.6	0.13333	0.	
6947	-7.8667	0.13333	0.	
6948	-8.1333	0.13333	0.	
6949	-8.4	0.13333	0.	
6950	-8.6667	0.13333	0.	
6951	-8.9333	0.13333	0.	
6952	-9.2	0.13333	0.	
6953	-9.4667	0.13333	0.	
6954	-9.7333	0.13333	0.	
6955	-2.2667	0.26667	0.	
6956	-2.5333	0.26667	0.	
6957	-2.8	0.26667	0.	
6958	-3.0667	0.26667	0.	
6959	-3.3333	0.26667	0.	
6960	-3.6	0.26667	0.	
6961	-3.8667	0.26667	0.	
6962	-4.1333	0.26667	0.	
6963	-4.4	0.26667	0.	
6964	-4.6667	0.26667	0.	
6965	-4.9333	0.26667	0.	
6966	-5.2	0.26667	0.	
6967	-5.4667	0.26667	0.	
6968	-5.7333	0.26667	0.	
6969	-6.	0.26667	0.	
6970	-6.2667	0.26667	0.	
6971	-6.5333	0.26667	0.	
6972	-6.8	0.26667	0.	
6973	-7.0667	0.26667	0.	
6974	-7.3333	0.26667	0.	
6975	-7.6	0.26667	0.	
6976	-7.8667	0.26667	0.	
6977	-8.1333	0.26667	0.	
6978	-8.4	0.26667	0.	
6979	-8.6667	0.26667	0.	
6980	-8.9333	0.26667	0.	
6981	-9.2	0.26667	0.	
6982	-9.4667	0.26667	0.	
6983	-9.7333	0.26667	0.	
6984	-2.2667	0.4	0.	
6985	-2.5333	0.4	0.	
6986	-2.8	0.4	0.	
6987	-3.0667	0.4	0.	
6988	-3.3333	0.4	0.	
6989	-3.6	0.4	0.	
6990	-3.8667	0.4	0.	
6991	-4.1333	0.4	0.	
6992	-4.4	0.4	0.	
6993	-4.6667	0.4	0.	
6994	-4.9333	0.4	0.	
6995	-5.2	0.4	0.	
6996	-5.4667	0.4	0.	
6997	-5.7333	0.4	0.	
6998	-6.	0.4	0.	
6999	-6.2667	0.4	0.	
7000	-6.5333	0.4	0.	
7001	-6.8	0.4	0.	
7002	-7.0667	0.4	0.	
7003	-7.3333	0.4	0.	
7004	-7.6	0.4	0.	
7005	-7.8667	0.4	0.	
7006	-8.1333	0.4	0.	
7007	-8.4	0.4	0.	
7008	-8.6667	0.4	0.	
7009	-8.9333	0.4	0.	
7010	-9.2	0.4	0.	
7011	-9.4667	0.4	0.	
7012	-9.7333	0.4	0.	
7013	-2.2667	0.53333	0.	
7014	-2.5333	0.53333	0.	
7015	-2.8	0.53333	0.	
7016	-3.0667	0.53333	0.	
7017	-3.3333	0.53333	0.	
7018	-3.6	0.53333	0.	
7019	-3.8667	0.53333	0.	
7020	-4.1333	0.53333	0.	
7021	-4.4	0.53333	0.	
7022	-4.6667	0.53333	0.	
7023	-4.9333	0.53333	0.	
7024	-5.2	0.53333	0.	
7025	-5.4667	0.53333	0.	
7026	-5.7333	0.53333	0.	
7027	-6.	0.53333	0.	
7028	-6.2667	0.53333	0.	
7029	-6.5333	0.53333	0.	
7030	-6.8	0.53333	0.	
7031	-7.0667	0.53333	0.	
7032	-7.3333	0.53333	0.	
7033	-7.6	0.53333	0.	
7034	-7.8667	0.53333	0.	
7035	-8.1333	0.53333	0.	
7036	-8.4	0.53333	0.	
7037	-8.6667	0.53333	0.	
7038	-8.9333	0.53333	0.	
7039	-9.2	0.53333	0.	
7040	-9.4667	0.53333	0.	
7041	-9.7333	0.53333	0.	
7042	-2.2667	0.66667	0.	
7043	-2.5333	0.66667	0.	
7044	-2.8	0.66667	0.	
7045	-3.0667	0.66667	0.	
7046	-3.3333	0.66667	0.	
7047	-3.6	0.66667	0.	
7048	-3.8667	0.66667	0.	
7049	-4.1333	0.66667	0.	
7050	-4.4	0.66667	0.	
7051	-4.6667	0.66667	0.	
7052	-4.9333	0.66667	0.	
7053	-5.2	0.66667	0.	
7054	-5.4667	0.66667	0.	
7055	-5.7333	0.66667	0.	
7056	-6.	0.66667	0.	
7057	-6.2667	0.66667	0.	
7058	-6.5333	0.66667	0.	
7059	-6.8	0.66667	0.	
7060	-7.0667	0.66667	0.	
7061	-7.3333	0.66667	0.	
7062	-7.6	0.66667	0.	
7063	-7.8667	0.66667	0.	
7064	-8.1333	0.66667	0.	
7065	-8.4	0.66667	0.	
7066	-8.6667	0.66667	0.	
7067	-8.9333	0.66667	0.	
7068	-9.2	0.66667	0.	
7069	-9.4667	0.66667	0.	
7070	-9.7333	0.66667	0.	
7071	-2.2667	0.8	0.	
7072	-2.5333	0.8	0.	
7073	-2.8	0.8	0.	
7074	-3.0667	0.8	0.	
7075	-3.3333	0.8	0.	
7076	-3.6	0.8	0.	
7077	-3.8667	0.8	0.	
7078	-4.1333	0.8	0.	
7079	-4.4	0.8	0.	
7080	-4.6667	0.8	0.	
7081	-4.9333	0.8	0.	
7082	-5.2	0.8	0.	
7083	-5.4667	0.8	0.	
7084	-5.7333	0.8	0.	
7085	-6.	0.8	0.	
7086	-6.2667	0.8	0.	
7087	-6.5333	0.8	0.	
7088	-6.8	0.8	0.	
7089	-7.0667	0.8	0.	
7090	-7.3333	0.8	0.	
7091	-7.6	0.8	0.	
7092	-7.8667	0.8	0.	
7093	-8.1333	0.8	0.	
7094	-8.4	0.8	0.	
7095	-8.6667	0.8	0.	
7096	-8.9333	0.8	0.	
7097	-9.2	0.8	0.	
7098	-9.4667	0.8	0.	
7099	-9.7333	0.8	0.	
7100	-2.2667	0.93333	0.	
7101	-2.5333	0.93333	0.	
7102	-2.8	0.93333	0.	
7103	-3.0667	0.93333	0.	
7104	-3.3333	0.93333	0.	
7105	-3.6	0.93333	0.	
7106	-3.8667	0.93333	0.	
7107	-4.1333	0.93333	0.	
7108	-4.4	0.93333	0.	
7109	-4.6667	0.93333	0.	
7110	-4.9333	0.93333	0.	
7111	-5.2	0.93333	0.	
7112	-5.4667	0.93333	0.	
7113	-5.7333	0.93333	0.	
7114	-6.	0.93333	0.	
7115	-6.2667	0.93333	0.	
7116	-6.5333	0.93333	0.	
7117	-6.8	0.93333	0.	
7118	-7.0667	0.93333	0.	
7119	-7.3333	0.93333	0.	
7120	-7.6	0.93333	0.	
7121	-7.8667	0.93333	0.	
7122	-8.1333	0.93333	0.	
7123	-8.4	0.93333	0.	
7124	-8.6667	0.93333	0.	
7125	-8.9333	0.93333	0.	
7126	-9.2	0.93333	0.	
7127	-9.4667	0.93333	0.	
7128	-9.7333	0.93333	0.	
7129	-2.2667	1.0667	0.	
7130	-2.5333	1.0667	0.	
7131	-2.8	1.0667	0.	
7132	-3.0667	1.0667	0.	
7133	-3.3333	1.0667	0.	
7134	-3.6	1.0667	0.	
7135	-3.8667	1.0667	0.	
7136	-4.1333	1.0667	0.	
7137	-4.4	1.0667	0.	
7138	-4.6667	1.0667	0.	
7139	-4.9333	1.0667	0.	
7140	-5.2	1.0667	0.	
7141	-5.4667	1.0667	0.	
7142	-5.7333	1.0667	0.	
7143	-6.	1.0667	0.	
7144	-6.2667	1.0667	0.	
7145	-6.5333	1.0667	0.	
7146	-6.8	1.0667	0.	
7147	-7.0667	1.0667	0.	
7148	-7.3333	1.0667	0.	
7149	-7.6	1.0667	0.	
7150	-7.8667	1.0667	0.	
7151	-8.1333	1.0667	0.	
7152	-8.4	1.0667	0.	
7153	-8.6667	1.0667	0.	
7154	-8.9333	1.0667	0.	
7155	-9.2	1.0667	0.	
7156	-9.4667	1.0667	0.	
7157	-9.7333	1.0667	0.	
7158	-2.2667	1.2	0.	
7159	-2.5333	1.2	0.	
7160	-2.8	1.2	0.	
7161	-3.0667	1.2	0.	
7162	-3.3333	1.2	0.	
7163	-3.6	1.2	0.	
7164	-3.8667	1.2	0.	
7165	-4.1333	1.2	0.	
7166	-4.4	1.2	0.	
7167	-4.6667	1.2	0.	
7168	-4.9333	1.2	0.	
7169	-5.2	1.2	0.	
7170	-5.4667	1.2	0.	
7171	-5.7333	1.2	0.	
7172	-6.	1.2	0.	
7173	-6.2667	1.2	0.	
7174	-6.5333	1.2	0.	
7175	-6.8	1.2	0.	
7176	-7.0667	1.2	0.	
7177	-7.3333	1.2	0.	
7178	-7.6	1.2	0.	
7179	-7.8667	1.2	0.	
7180	-8.1333	1.2	0.	
7181	-8.4	1.2	0.	
7182	-8.6667	1.2	0.	
7183	-8.9333	1.2	0.	
7184	-9.2	1.2	0.	
7185	-9.4667	1.2	0.	
7186	-9.7333	1.2	0.	
7187	-2.2667	1.3333	0.	
7188	-2.5333	1.3333	0.	
7189	-2.8	1.3333	0.	
7190	-3.0667	1.3333	0.	
7191	-3.3333	1.3333	0.	
7192	-3.6	1.3333	0.	
7193	-3.8667	1.3333	0.	
7194	-4.1333	1.3333	0.	
7195	-4.4	1.3333	0.	
7196	-4.6667	1.3333	0.	
7197	-4.9333	1.3333	0.	
7198	-5.2	1.3333	0.	
7199	-5.4667	1.3333	0.	
7200	-5.7333	1.3333	0.	
7201	-6.	1.3333	0.	
7202	-6.2667	1.3333	0.	
7203	-6.5333	1.3333	0.	
7204	-6.8	1.3333	0.	
7205	-7.0667	1.3333	0.	
7206	-7.3333	1.3333	0.	
7207	-7.6	1.3333	0.	
7208	-7.8667	1.3333	0.	
7209	-8.1333	1.3333	0.	
7210	-8.4	1.3333	0.	
7211	-8.6667	1.3333	0.	
7212	-8.9333	1.3333	0.	
7213	-9.2	1.3333	0.	
7214	-9.4667	1.3333	0.	
7215	-9.7333	1.3333	0.	
7216	-2.2667	1.4667	0.	
7217	-2.5333	1.4667	0.	
7218	-2.8	1.4667	0.	
7219	-3.0667	1.4667	0.	
7220	-3.3333	1.4667	0.	
7221	-3.6	1.4667	0.	
7222	-3.8667	1.4667	0.	
7223	-4.1333	1.4667	0.	
7224	-4.4	1.4667	0.	
7225	-4.6667	1.4667	0.	
7226	-4.9333	1.4667	0.	
7227	-5.2	1.4667	0.	
7228	-5.4667	1.4667	0.	
7229	-5.7333	1.4667	0.	
7230	-6.	1.4667	0.	
7231	-6.2667	1.4667	0.	
7232	-6.5333	1.4667	0.	
7233	-6.8	1.4667	0.	
7234	-7.0667	1.4667	0.	
7235	-7.3333	1.4667	0.	
7236	-7.6	1.4667	0.	
7237	-7.8667	1.4667	0.	
7238	-8.1333	1.4667	0.	
7239	-8.4	1.4667	0.	
7240	-8.6667	1.4667	0.	
7241	-8.9333	1.4667	0.	
7242	-9.2	1.4667	0.	
7243	-9.4667	1.4667	0.	
7244	-9.7333	1.4667	0.	
7245	-2.2667	1.6	0.	
7246	-2.5333	1.6	0.	
7247	-2.8	1.6	0.	
7248	-3.0667	1.6	0.	
7249	-3.3333	1.6	0.	
7250	-3.6	1.6	0.	
7251	-3.8667	1.6	0.	
7252	-4.1333	1.6	0.	
7253	-4.4	1.6	0.	
7254	-4.6667	1.6	0.	
7255	-4.9333	1.6	0.	
7256	-5.2	1.6	0.	
7257	-5.4667	1.6	0.	
7258	-5.7333	1.6	0.	
7259	-6.	1.6	0.	
7260	-6.2667	1.6	0.	
7261	-6.5333	1.6	0.	
7262	-6.8	1.6	0.	
7263	-7.0667	1.6	0.	
7264	-7.3333	1.6	0.	
7265	-7.6	1.6	0.	
7266	-7.8667	1.6	0.	
7267	-8.1333	1.6	0.	
7268	-8.4	1.6	0.	
7269	-8.6667	1.6	0.	
7270	-8.9333	1.6	0.	
7271	-9.2	1.6	0.	
7272	-9.4667	1.6	0.	
7273	-9.7333	1.6	0.	
7274	-2.2667	1.7333	0.	
7275	-2.5333	1.7333	0.	
7276	-2.8	1.7333	0.	
7277	-3.0667	1.7333	0.	
7278	-3.3333	1.7333	0.	
7279	-3.6	1.7333	0.	
7280	-3.8667	1.7333	0.	
7281	-4.1333	1.7333	0.	
7282	-4.4	1.7333	0.	
7283	-4.6667	1.7333	0.	
7284	-4.9333	1.7333	0.	
7285	-5.2	1.7333	0.	
7286	-5.4667	1.7333	0.	
7287	-5.7333	1.7333	0.	
7288	-6.	1.7333	0.	
7289	-6.2667	1.7333	0.	
7290	-6.5333	1.7333	0.	
7291	-6.8	1.7333	0.	
7292	-7.0667	1.7333	0.	
7293	-7.3333	1.7333	0.	
7294	-7.6	1.7333	0.	
7295	-7.8667	1.7333	0.	
7296	-8.1333	1.7333	0.	
7297	-8.4	1.7333	0.	
7298	-8.6667	1.7333	0.	
7299	-8.9333	1.7333	0.	
7300	-9.2	1.7333	0.	
7301	-9.4667	1.7333	0.	
7302	-9.7333	1.7333	0.	
7303	-2.2667	1.8667	0.	
7304	-2.5333	1.8667	0.	
7305	-2.8	1.8667	0.	
7306	-3.0667	1.8667	0.	
7307	-3.3333	1.8667	0.	
7308	-3.6	1.8667	0.	
7309	-3.8667	1.8667	0.	
7310	-4.1333	1.8667	0.	
7311	-4.4	1.8667	0.	
7312	-4.6667	1.8667	0.	
7313	-4.9333	1.8667	0.	
7314	-5.2	1.8667	0.	
7315	-5.4667	1.8667	0.	
7316	-5.7333	1.8667	0.	
7317	-6.	1.8667	0.	
7318	-6.2667	1.8667	0.	
7319	-6.5333	1.8667	0.	
7320	-6.8	1.8667	0.	
7321	-7.0667	1.8667	0.	
7322	-7.3333	1.8667	0.	
7323	-7.6	1.8667	0.	
7324	-7.8667	1.8667	0.	
7325	-8.1333	1.8667	0.	
7326	-8.4	1.8667	0.	
7327	-8.6667	1.8667	0.	
7328	-8.9333	1.8667	0.	
7329	-9.2	1.8667	0.	
7330	-9.4667	1.8667	0.	
7331	-9.7333	1.8667	0.	
7332	-10.	-1.8667	0.	
7333	-10.	-1.7333	0.	
7334	-10.	-1.6	0.	
7335	-10.	-1.4667	0.	
7336	-10.	-1.3333	0.	
7337	-10.	-1.2	0.	
7338	-10.	-1.0667	0.	
7339	-10.	-0.93333	0.	
7340	-10.	-0.8	0.	
7341	-10.	-0.66667	0.	
7342	-10.	-0.53333	0.	
7343	-10.	-0.4	0.	
7344	-10.	-0.26667	0.	
7345	-10.	-0.13333	0.	
7346	-10.	-2.2204e-016	0.	
7347	-10.	0.13333	0.	
7348	-10.	0.26667	0.	
7349	-10.	0.4	0.	
7350	-10.	0.53333	0.	
7351	-10.	0.66667	0.	
7352	-10.	0.8	0.	
7353	-10.	0.93333	0.	
7354	-10.	1.0667	0.	
7355	-10.	1.2	0.	
7356	-10.	1.3333	0.	
7357	-10.	1.4667	0.	
7358	-10.	1.6	0.	
7359	-10.	1.7333	0.	
7360	-10.	1.8667	0.	
7361	-2.2667	-2.	0.	
7362	-2.5333	-2.	0.	
7363	-2.8	-2.	0.	
7364	-3.0667	-2.	0.	
7365	-3.3333	-2.	0.	
7366	-3.6	-2.	0.	
7367	-3.8667	-2.	0.	
7368	-4.1333	-2.	0.	
7369	-4.4	-2.	0.	
7370	-4.6667	-2.	0.	
7371	-4.9333	-2.	0.	
7372	-5.2	-2.	0.	
7373	-5.4667	-2.	0.	
7374	-5.7333	-2.	0.	
7375	-6.	-2.	0.	
7376	-6.2667	-2.	0.	
7377	-6.5333	-2.	0.	
7378	-6.8	-2.	0.	
7379	-7.0667	-2.	0.	
7380	-7.3333	-2.	0.	
7381	-7.6	-2.	0.	
7382	-7.8667	-2.	0.	
7383	-8.1333	-2.	0.	
7384	-8.4	-2.	0.	
7385	-8.6667	-2.	0.	
7386	-8.9333	-2.	0.	
7387	-9.2	-2.	0.	
7388	-9.4667	-2.	0.	
7389	-9.7333	-2.	0.	
7390	-2.2667	2.	0.	
7391	-2.5333	2.	0.	
7392	-2.8	2.	0.	
7393	-3.0667	2.	0.	
7394	-3.3333	2.	0.	
7395	-3.6	2.	0.	
7396	-3.8667	2.	0.	
7397	-4.1333	2.	0.	
7398	-4.4	2.	0.	
7399	-4.6667	2.	0.	
7400	-4.9333	2.	0.	
7401	-5.2	2.	0.	
7402	-5.4667	2.	0.	
7403	-5.7333	2.	0.	
7404	-6.	2.	0.	
7405	-6.2667	2.	0.	
7406	-6.5333	2.	0.	
7407	-6.8	2.	0.	
7408	-7.0667	2.	0.	
7409	-7.3333	2.	0.	
7410	-7.6	2.	0.	
7411	-7.8667	2.	0.	
7412	-8.1333	2.	0.	
7413	-8.4	2.	0.	
7414	-8.6667	2.	0.	
7415	-8.9333	2.	0.	
7416	-9.2	2.	0.	
7417	-9.4667	2.	0.	
7418	-9.7333	2.	0.	
7419	2.3167	2.3	0.	
7420	2.3167	2.6	0.	
7421	2.3167	2.9	0.	
7422	2.3167	3.2	0.	
7423	2.3167	3.5	0.	
7424	2.3167	3.8	0.	
7425	2.3167	4.1	0.	
7426	2.3167	4.4	0.	
7427	2.3167	4.7	0.	
7428	2.3167	5.	0.	
7429	2.3167	5.3	0.	
7430	2.3167	5.6	0.	
7431	2.3167	5.9	0.	
7432	2.3167	6.2	0.	
7433	2.3167	6.5	0.	
7434	2.3167	6.8	0.	
7435	2.3167	7.1	0.	
7436	2.3167	7.4	0.	
7437	2.3167	7.7	0.	
7438	2.6333	2.3	0.	
7439	2.6333	2.6	0.	
7440	2.6333	2.9	0.	
7441	2.6333	3.2	0.	
7442	2.6333	3.5	0.	
7443	2.6333	3.8	0.	
7444	2.6333	4.1	0.	
7445	2.6333	4.4	0.	
7446	2.6333	4.7	0.	
7447	2.6333	5.	0.	
7448	2.6333	5.3	0.	
7449	2.6333	5.6	0.	
7450	2.6333	5.9	0.	
7451	2.6333	6.2	0.	
7452	2.6333	6.5	0.	
7453	2.6333	6.8	0.	
7454	2.6333	7.1	0.	
7455	2.6333	7.4	0.	
7456	2.6333	7.7	0.	
7457	2.95	2.3	0.	
7458	2.95	2.6	0.	
7459	2.95	2.9	0.	
7460	2.95	3.2	0.	
7461	2.95	3.5	0.	
7462	2.95	3.8	0.	
7463	2.95	4.1	0.	
7464	2.95	4.4	0.	
7465	2.95	4.7	0.	
7466	2.95	5.	0.	
7467	2.95	5.3	0.	
7468	2.95	5.6	0.	
7469	2.95	5.9	0.	
7470	2.95	6.2	0.	
7471	2.95	6.5	0.	
7472	2.95	6.8	0.	
7473	2.95	7.1	0.	
7474	2.95	7.4	0.	
7475	2.95	7.7	0.	
7476	3.2667	2.3	0.	
7477	3.2667	2.6	0.	
7478	3.2667	2.9	0.	
7479	3.2667	3.2	0.	
7480	3.2667	3.5	0.	
7481	3.2667	3.8	0.	
7482	3.2667	4.1	0.	
7483	3.2667	4.4	0.	
7484	3.2667	4.7	0.	
7485	3.2667	5.	0.	
7486	3.2667	5.3	0.	
7487	3.2667	5.6	0.	
7488	3.2667	5.9	0.	
7489	3.2667	6.2	0.	
7490	3.2667	6.5	0.	
7491	3.2667	6.8	0.	
7492	3.2667	7.1	0.	
7493	3.2667	7.4	0.	
7494	3.2667	7.7	0.	
7495	3.5833	2.3	0.	
7496	3.5833	2.6	0.	
7497	3.5833	2.9	0.	
7498	3.5833	3.2	0.	
7499	3.5833	3.5	0.	
7500	3.5833	3.8	0.	
7501	3.5833	4.1	0.	
7502	3.5833	4.4	0.	
7503	3.5833	4.7	0.	
7504	3.5833	5.	0.	
7505	3.5833	5.3	0.	
7506	3.5833	5.6	0.	
7507	3.5833	5.9	0.	
7508	3.5833	6.2	0.	
7509	3.5833	6.5	0.	
7510	3.5833	6.8	0.	
7511	3.5833	7.1	0.	
7512	3.5833	7.4	0.	
7513	3.5833	7.7	0.	
7514	3.9	2.3	0.	
7515	3.9	2.6	0.	
7516	3.9	2.9	0.	
7517	3.9	3.2	0.	
7518	3.9	3.5	0.	
7519	3.9	3.8	0.	
7520	3.9	4.1	0.	
7521	3.9	4.4	0.	
7522	3.9	4.7	0.	
7523	3.9	5.	0.	
7524	3.9	5.3	0.	
7525	3.9	5.6	0.	
7526	3.9	5.9	0.	
7527	3.9	6.2	0.	
7528	3.9	6.5	0.	
7529	3.9	6.8	0.	
7530	3.9	7.1	0.	
7531	3.9	7.4	0.	
7532	3.9	7.7	0.	
7533	4.2167	2.3	0.	
7534	4.2167	2.6	0.	
7535	4.2167	2.9	0.	
7536	4.2167	3.2	0.	
7537	4.2167	3.5	0.	
7538	4.2167	3.8	0.	
7539	4.2167	4.1	0.	
7540	4.2167	4.4	0.	
7541	4.2167	4.7	0.	
7542	4.2167	5.	0.	
7543	4.2167	5.3	0.	
7544	4.2167	5.6	0.	
7545	4.2167	5.9	0.	
7546	4.2167	6.2	0.	
7547	4.2167	6.5	0.	
7548	4.2167	6.8	0.	
7549	4.2167	7.1	0.	
7550	4.2167	7.4	0.	
7551	4.2167	7.7	0.	
7552	4.5333	2.3	0.	
7553	4.5333	2.6	0.	
7554	4.5333	2.9	0.	
7555	4.5333	3.2	0.	
7556	4.5333	3.5	0.	
7557	4.5333	3.8	0.	
7558	4.5333	4.1	0.	
7559	4.5333	4.4	0.	
7560	4.5333	4.7	0.	
7561	4.5333	5.	0.	
7562	4.5333	5.3	0.	
7563	4.5333	5.6	0.	
7564	4.5333	5.9	0.	
7565	4.5333	6.2	0.	
7566	4.5333	6.5	0.	
7567	4.5333	6.8	0.	
7568	4.5333	7.1	0.	
7569	4.5333	7.4	0.	
7570	4.5333	7.7	0.	
7571	4.85	2.3	0.	
7572	4.85	2.6	0.	
7573	4.85	2.9	0.	
7574	4.85	3.2	0.	
7575	4.85	3.5	0.	
7576	4.85	3.8	0.	
7577	4.85	4.1	0.	
7578	4.85	4.4	0.	
7579	4.85	4.7	0.	
7580	4.85	5.	0.	
7581	4.85	5.3	0.	
7582	4.85	5.6	0.	
7583	4.85	5.9	0.	
7584	4.85	6.2	0.	
7585	4.85	6.5	0.	
7586	4.85	6.8	0.	
7587	4.85	7.1	0.	
7588	4.85	7.4	0.	
7589	4.85	7.7	0.	
7590	5.1667	2.3	0.	
7591	5.1667	2.6	0.	
7592	5.1667	2.9	0.	
7593	5.1667	3.2	0.	
7594	5.1667	3.5	0.	
7595	5.1667	3.8	0.	
7596	5.1667	4.1	0.	
7597	5.1667	4.4	0.	
7598	5.1667	4.7	0.	
7599	5.1667	5.	0.	
7600	5.1667	5.3	0.	
7601	5.1667	5.6	0.	
7602	5.1667	5.9	0.	
7603	5.1667	6.2	0.	
7604	5.1667	6.5	0.	
7605	5.1667	6.8	0.	
7606	5.1667	7.1	0.	
7607	5.1667	7.4	0.	
7608	5.1667	7.7	0.	
7609	5.4833	2.3	0.	
7610	5.4833	2.6	0.	
7611	5.4833	2.9	0.	
7612	5.4833	3.2	0.	
7613	5.4833	3.5	0.	
7614	5.4833	3.8	0.	
7615	5.4833	4.1	0.	
7616	5.4833	4.4	0.	
7617	5.4833	4.7	0.	
7618	5.4833	5.	0.	
7619	5.4833	5.3	0.	
7620	5.4833	5.6	0.	
7621	5.4833	5.9	0.	
7622	5.4833	6.2	0.	
7623	5.4833	6.5	0.	
7624	5.4833	6.8	0.	
7625	5.4833	7.1	0.	
7626	5.4833	7.4	0.	
7627	5.4833	7.7	0.	
7628	5.8	2.3	0.	
7629	5.8	2.6	0.	
7630	5.8	2.9	0.	
7631	5.8	3.2	0.	
7632	5.8	3.5	0.	
7633	5.8	3.8	0.	
7634	5.8	4.1	0.	
7635	5.8	4.4	0.	
7636	5.8	4.7	0.	
7637	5.8	5.	0.	
7638	5.8	5.3	0.	
7639	5.8	5.6	0.	
7640	5.8	5.9	0.	
7641	5.8	6.2	0.	
7642	5.8	6.5	0.	
7643	5.8	6.8	0.	
7644	5.8	7.1	0.	
7645	5.8	7.4	0.	
7646	5.8	7.7	0.	
7647	6.1167	2.3	0.	
7648	6.1167	2.6	0.	
7649	6.1167	2.9	0.	
7650	6.1167	3.2	0.	
7651	6.1167	3.5	0.	
7652	6.1167	3.8	0.	
7653	6.1167	4.1	0.	
7654	6.1167	4.4	0.	
7655	6.1167	4.7	0.	
7656	6.1167	5.	0.	
7657	6.1167	5.3	0.	
7658	6.1167	5.6	0.	
7659	6.1167	5.9	0.	
7660	6.1167	6.2	0.	
7661	6.1167	6.5	0.	
7662	6.1167	6.8	0.	
7663	6.1167	7.1	0.	
7664	6.1167	7.4	0.	
7665	6.1167	7.7	0.	
7666	6.4333	2.3	0.	
7667	6.4333	2.6	0.	
7668	6.4333	2.9	0.	
7669	6.4333	3.2	0.	
7670	6.4333	3.5	0.	
7671	6.4333	3.8	0.	
7672	6.4333	4.1	0.	
7673	6.4333	4.4	0.	
7674	6.4333	4.7	0.	
7675	6.4333	5.	0.	
7676	6.4333	5.3	0.	
7677	6.4333	5.6	0.	
7678	6.4333	5.9	0.	
7679	6.4333	6.2	0.	
7680	6.4333	6.5	0.	
7681	6.4333	6.8	0.	
7682	6.4333	7.1	0.	
7683	6.4333	7.4	0.	
7684	6.4333	7.7	0.	
7685	6.75	2.3	0.	
7686	6.75	2.6	0.	
7687	6.75	2.9	0.	
7688	6.75	3.2	0.	
7689	6.75	3.5	0.	
7690	6.75	3.8	0.	
7691	6.75	4.1	0.	
7692	6.75	4.4	0.	
7693	6.75	4.7	0.	
7694	6.75	5.	0.	
7695	6.75	5.3	0.	
7696	6.75	5.6	0.	
7697	6.75	5.9	0.	
7698	6.75	6.2	0.	
7699	6.75	6.5	0.	
7700	6.75	6.8	0.	
7701	6.75	7.1	0.	
7702	6.75	7.4	0.	
7703	6.75	7.7	0.	
7704	7.0667	2.3	0.	
7705	7.0667	2.6	0.	
7706	7.0667	2.9	0.	
7707	7.0667	3.2	0.	
7708	7.0667	3.5	0.	
7709	7.0667	3.8	0.	
7710	7.0667	4.1	0.	
7711	7.0667	4.4	0.	
7712	7.0667	4.7	0.	
7713	7.0667	5.	0.	
7714	7.0667	5.3	0.	
7715	7.0667	5.6	0.	
7716	7.0667	5.9	0.	
7717	7.0667	6.2	0.	
7718	7.0667	6.5	0.	
7719	7.0667	6.8	0.	
7720	7.0667	7.1	0.	
7721	7.0667	7.4	0.	
7722	7.0667	7.7	0.	
7723	7.3833	2.3	0.	
7724	7.3833	2.6	0.	
7725	7.3833	2.9	0.	
7726	7.3833	3.2	0.	
7727	7.3833	3.5	0.	
7728	7.3833	3.8	0.	
7729	7.3833	4.1	0.	
7730	7.3833	4.4	0.	
7731	7.3833	4.7	0.	
7732	7.3833	5.	0.	
7733	7.3833	5.3	0.	
7734	7.3833	5.6	0.	
7735	7.3833	5.9	0.	
7736	7.3833	6.2	0.	
7737	7.3833	6.5	0.	
7738	7.3833	6.8	0.	
7739	7.3833	7.1	0.	
7740	7.3833	7.4	0.	
7741	7.3833	7.7	0.	
7742	7.7	2.3	0.	
7743	7.7	2.6	0.	
7744	7.7	2.9	0.	
7745	7.7	3.2	0.	
7746	7.7	3.5	0.	
7747	7.7	3.8	0.	
7748	7.7	4.1	0.	
7749	7.7	4.4	0.	
7750	7.7	4.7	0.	
7751	7.7	5.	0.	
7752	7.7	5.3	0.	
7753	7.7	5.6	0.	
7754	7.7	5.9	0.	
7755	7.7	6.2	0.	
7756	7.7	6.5	0.	
7757	7.7	6.8	0.	
7758	7.7	7.1	0.	
7759	7.7	7.4	0.	
7760	7.7	7.7	0.	
7761	8.0167	2.3	0.	
7762	8.0167	2.6	0.	
7763	8.0167	2.9	0.	
7764	8.0167	3.2	0.	
7765	8.0167	3.5	0.	
7766	8.0167	3.8	0.	
7767	8.0167	4.1	0.	
7768	8.0167	4.4	0.	
7769	8.0167	4.7	0.	
7770	8.0167	5.	0.	
7771	8.0167	5.3	0.	
7772	8.0167	5.6	0.	
7773	8.0167	5.9	0.	
7774	8.0167	6.2	0.	
7775	8.0167	6.5	0.	
7776	8.0167	6.8	0.	
7777	8.0167	7.1	0.	
7778	8.0167	7.4	0.	
7779	8.0167	7.7	0.	
7780	8.3333	2.3	0.	
7781	8.3333	2.6	0.	
7782	8.3333	2.9	0.	
7783	8.3333	3.2	0.	
7784	8.3333	3.5	0.	
7785	8.3333	3.8	0.	
7786	8.3333	4.1	0.	
7787	8.3333	4.4	0.	
7788	8.3333	4.7	0.	
7789	8.3333	5.	0.	
7790	8.3333	5.3	0.	
7791	8.3333	5.6	0.	
7792	8.3333	5.9	0.	
7793	8.3333	6.2	0.	
7794	8.3333	6.5	0.	
7795	8.3333	6.8	0.	
7796	8.3333	7.1	0.	
7797	8.3333	7.4	0.	
7798	8.3333	7.7	0.	
7799	8.65	2.3	0.	
7800	8.65	2.6	0.	
7801	8.65	2.9	0.	
7802	8.65	3.2	0.	
7803	8.65	3.5	0.	
7804	8.65	3.8	0.	
7805	8.65	4.1	0.	
7806	8.65	4.4	0.	
7807	8.65	4.7	0.	
7808	8.65	5.	0.	
7809	8.65	5.3	0.	
7810	8.65	5.6	0.	
7811	8.65	5.9	0.	
7812	8.65	6.2	0.	
7813	8.65	6.5	0.	
7814	8.65	6.8	0.	
7815	8.65	7.1	0.	
7816	8.65	7.4	0.	
7817	8.65	7.7	0.	
7818	8.9667	2.3	0.	
7819	8.9667	2.6	0.	
7820	8.9667	2.9	0.	
7821	8.9667	3.2	0.	
7822	8.9667	3.5	0.	
7823	8.9667	3.8	0.	
7824	8.9667	4.1	0.	
7825	8.9667	4.4	0.	
7826	8.9667	4.7	0.	
7827	8.9667	5.	0.	
7828	8.9667	5.3	0.	
7829	8.9667	5.6	0.	
7830	8.9667	5.9	0.	
7831	8.9667	6.2	0.	
7832	8.9667	6.5	0.	
7833	8.9667	6.8	0.	
7834	8.9667	7.1	0.	
7835	8.9667	7.4	0.	
7836	8.9667	7.7	0.	
7837	9.2833	2.3	0.	
7838	9.2833	2.6	0.	
7839	9.2833	2.9	0.	
7840	9.2833	3.2	0.	
7841	9.2833	3.5	0.	
7842	9.2833	3.8	0.	
7843	9.2833	4.1	0.	
7844	9.2833	4.4	0.	
7845	9.2833	4.7	0.	
7846	9.2833	5.	0.	
7847	9.2833	5.3	0.	
7848	9.2833	5.6	0.	
7849	9.2833	5.9	0.	
7850	9.2833	6.2	0.	
7851	9.2833	6.5	0.	
7852	9.2833	6.8	0.	
7853	9.2833	7.1	0.	
7854	9.2833	7.4	0.	
7855	9.2833	7.7	0.	
7856	9.6	2.3	0.	
7857	9.6	2.6	0.	
7858	9.6	2.9	0.	
7859	9.6	3.2	0.	
7860	9.6	3.5	0.	
7861	9.6	3.8	0.	
7862	9.6	4.1	0.	
7863	9.6	4.4	0.	
7864	9.6	4.7	0.	
7865	9.6	5.	0.	
7866	9.6	5.3	0.	
7867	9.6	5.6	0.	
7868	9.6	5.9	0.	
7869	9.6	6.2	0.	
7870	9.6	6.5	0.	
7871	9.6	6.8	0.	
7872	9.6	7.1	0.	
7873	9.6	7.4	0.	
7874	9.6	7.7	0.	
7875	9.9167	2.3	0.	
7876	9.9167	2.6	0.	
7877	9.9167	2.9	0.	
7878	9.9167	3.2	0.	
7879	9.9167	3.5	0.	
7880	9.9167	3.8	0.	
7881	9.9167	4.1	0.	
7882	9.9167	4.4	0.	
7883	9.9167	4.7	0.	
7884	9.9167	5.	0.	
7885	9.9167	5.3	0.	
7886	9.9167	5.6	0.	
7887	9.9167	5.9	0.	
7888	9.9167	6.2	0.	
7889	9.9167	6.5	0.	
7890	9.9167	6.8	0.	
7891	9.9167	7.1	0.	
7892	9.9167	7.4	0.	
7893	9.9167	7.7	0.	
7894	10.233	2.3	0.	
7895	10.233	2.6	0.	
7896	10.233	2.9	0.	
7897	10.233	3.2	0.	
7898	10.233	3.5	0.	
7899	10.233	3.8	0.	
7900	10.233	4.1	0.	
7901	10.233	4.4	0.	
7902	10.233	4.7	0.	
7903	10.233	5.	0.	
7904	10.233	5.3	0.	
7905	10.233	5.6	0.	
7906	10.233	5.9	0.	
7907	10.233	6.2	0.	
7908	10.233	6.5	0.	
7909	10.233	6.8	0.	
7910	10.233	7.1	0.	
7911	10.233	7.4	0.	
7912	10.233	7.7	0.	
7913	10.55	2.3	0.	
7914	10.55	2.6	0.	
7915	10.55	2.9	0.	
7916	10.55	3.2	0.	
7917	10.55	3.5	0.	
7918	10.55	3.8	0.	
7919	10.55	4.1	0.	
7920	10.55	4.4	0.	
7921	10.55	4.7	0.	
7922	10.55	5.	0.	
7923	10.55	5.3	0.	
7924	10.55	5.6	0.	
7925	10.55	5.9	0.	
7926	10.55	6.2	0.	
7927	10.55	6.5	0.	
7928	10.55	6.8	0.	
7929	10.55	7.1	0.	
7930	10.55	7.4	0.	
7931	10.55	7.7	0.	
7932	10.867	2.3	0.	
7933	10.867	2.6	0.	
7934	10.867	2.9	0.	
7935	10.867	3.2	0.	
7936	10.867	3.5	0.	
7937	10.867	3.8	0.	
7938	10.867	4.1	0.	
7939	10.867	4.4	0.	
7940	10.867	4.7	0.	
7941	10.867	5.	0.	
7942	10.867	5.3	0.	
7943	10.867	5.6	0.	
7944	10.867	5.9	0.	
7945	10.867	6.2	0.	
7946	10.867	6.5	0.	
7947	10.867	6.8	0.	
7948	10.867	7.1	0.	
7949	10.867	7.4	0.	
7950	10.867	7.7	0.	
7951	11.183	2.3	0.	
7952	11.183	2.6	0.	
7953	11.183	2.9	0.	
7954	11.183	3.2	0.	
7955	11.183	3.5	0.	
7956	11.183	3.8	0.	
7957	11.183	4.1	0.	
7958	11.183	4.4	0.	
7959	11.183	4.7	0.	
7960	11.183	5.	0.	
7961	11.183	5.3	0.	
7962	11.183	5.6	0.	
7963	11.183	5.9	0.	
7964	11.183	6.2	0.	
7965	11.183	6.5	0.	
7966	11.183	6.8	0.	
7967	11.183	7.1	0.	
7968	11.183	7.4	0.	
7969	11.183	7.7	0.	
7970	11.5	2.3	0.	
7971	11.5	2.6	0.	
7972	11.5	2.9	0.	
7973	11.5	3.2	0.	
7974	11.5	3.5	0.	
7975	11.5	3.8	0.	
7976	11.5	4.1	0.	
7977	11.5	4.4	0.	
7978	11.5	4.7	0.	
7979	11.5	5.	0.	
7980	11.5	5.3	0.	
7981	11.5	5.6	0.	
7982	11.5	5.9	0.	
7983	11.5	6.2	0.	
7984	11.5	6.5	0.	
7985	11.5	6.8	0.	
7986	11.5	7.1	0.	
7987	11.5	7.4	0.	
7988	11.5	7.7	0.	
7989	11.817	2.3	0.	
7990	11.817	2.6	0.	
7991	11.817	2.9	0.	
7992	11.817	3.2	0.	
7993	11.817	3.5	0.	
7994	11.817	3.8	0.	
7995	11.817	4.1	0.	
7996	11.817	4.4	0.	
7997	11.817	4.7	0.	
7998	11.817	5.	0.	
7999	11.817	5.3	0.	
8000	11.817	5.6	0.	
8001	11.817	5.9	0.	
8002	11.817	6.2	0.	
8003	11.817	6.5	0.	
8004	11.817	6.8	0.	
8005	11.817	7.1	0.	
8006	11.817	7.4	0.	
8007	11.817	7.7	0.	
8008	12.133	2.3	0.	
8009	12.133	2.6	0.	
8010	12.133	2.9	0.	
8011	12.133	3.2	0.	
8012	12.133	3.5	0.	
8013	12.133	3.8	0.	
8014	12.133	4.1	0.	
8015	12.133	4.4	0.	
8016	12.133	4.7	0.	
8017	12.133	5.	0.	
8018	12.133	5.3	0.	
8019	12.133	5.6	0.	
8020	12.133	5.9	0.	
8021	12.133	6.2	0.	
8022	12.133	6.5	0.	
8023	12.133	6.8	0.	
8024	12.133	7.1	0.	
8025	12.133	7.4	0.	
8026	12.133	7.7	0.	
8027	12.45	2.3	0.	
8028	12.45	2.6	0.	
8029	12.45	2.9	0.	
8030	12.45	3.2	0.	
8031	12.45	3.5	0.	
8032	12.45	3.8	0.	
8033	12.45	4.1	0.	
8034	12.45	4.4	0.	
8035	12.45	4.7	0.	
8036	12.45	5.	0.	
8037	12.45	5.3	0.	
8038	12.45	5.6	0.	
8039	12.45	5.9	0.	
8040	12.45	6.2	0.	
8041	12.45	6.5	0.	
8042	12.45	6.8	0.	
8043	12.45	7.1	0.	
8044	12.45	7.4	0.	
8045	12.45	7.7	0.	
8046	12.767	2.3	0.	
8047	12.767	2.6	0.	
8048	12.767	2.9	0.	
8049	12.767	3.2	0.	
8050	12.767	3.5	0.	
8051	12.767	3.8	0.	
8052	12.767	4.1	0.	
8053	12.767	4.4	0.	
8054	12.767	4.7	0.	
8055	12.767	5.	0.	
8056	12.767	5.3	0.	
8057	12.767	5.6	0.	
8058	12.767	5.9	0.	
8059	12.767	6.2	0.	
8060	12.767	6.5	0.	
8061	12.767	6.8	0.	
8062	12.767	7.1	0.	
8063	12.767	7.4	0.	
8064	12.767	7.7	0.	
8065	13.083	2.3	0.	
8066	13.083	2.6	0.	
8067	13.083	2.9	0.	
8068	13.083	3.2	0.	
8069	13.083	3.5	0.	
8070	13.083	3.8	0.	
8071	13.083	4.1	0.	
8072	13.083	4.4	0.	
8073	13.083	4.7	0.	
8074	13.083	5.	0.	
8075	13.083	5.3	0.	
8076	13.083	5.6	0.	
8077	13.083	5.9	0.	
8078	13.083	6.2	0.	
8079	13.083	6.5	0.	
8080	13.083	6.8	0.	
8081	13.083	7.1	0.	
8082	13.083	7.4	0.	
8083	13.083	7.7	0.	
8084	13.4	2.3	0.	
8085	13.4	2.6	0.	
8086	13.4	2.9	0.	
8087	13.4	3.2	0.	
8088	13.4	3.5	0.	
8089	13.4	3.8	0.	
8090	13.4	4.1	0.	
8091	13.4	4.4	0.	
8092	13.4	4.7	0.	
8093	13.4	5.	0.	
8094	13.4	5.3	0.	
8095	13.4	5.6	0.	
8096	13.4	5.9	0.	
8097	13.4	6.2	0.	
8098	13.4	6.5	0.	
8099	13.4	6.8	0.	
8100	13.4	7.1	0.	
8101	13.4	7.4	0.	
8102	13.4	7.7	0.	
8103	13.717	2.3	0.	
8104	13.717	2.6	0.	
8105	13.717	2.9	0.	
8106	13.717	3.2	0.	
8107	13.717	3.5	0.	
8108	13.717	3.8	0.	
8109	13.717	4.1	0.	
8110	13.717	4.4	0.	
8111	13.717	4.7	0.	
8112	13.717	5.	0.	
8113	13.717	5.3	0.	
8114	13.717	5.6	0.	
8115	13.717	5.9	0.	
8116	13.717	6.2	0.	
8117	13.717	6.5	0.	
8118	13.717	6.8	0.	
8119	13.717	7.1	0.	
8120	13.717	7.4	0.	
8121	13.717	7.7	0.	
8122	14.033	2.3	0.	
8123	14.033	2.6	0.	
8124	14.033	2.9	0.	
8125	14.033	3.2	0.	
8126	14.033	3.5	0.	
8127	14.033	3.8	0.	
8128	14.033	4.1	0.	
8129	14.033	4.4	0.	
8130	14.033	4.7	0.	
8131	14.033	5.	0.	
8132	14.033	5.3	0.	
8133	14.033	5.6	0.	
8134	14.033	5.9	0.	
8135	14.033	6.2	0.	
8136	14.033	6.5	0.	
8137	14.033	6.8	0.	
8138	14.033	7.1	0.	
8139	14.033	7.4	0.	
8140	14.033	7.7	0.	
8141	14.35	2.3	0.	
8142	14.35	2.6	0.	
8143	14.35	2.9	0.	
8144	14.35	3.2	0.	
8145	14.35	3.5	0.	
8146	14.35	3.8	0.	
8147	14.35	4.1	0.	
8148	14.35	4.4	0.	
8149	14.35	4.7	0.	
8150	14.35	5.	0.	
8151	14.35	5.3	0.	
8152	14.35	5.6	0.	
8153	14.35	5.9	0.	
8154	14.35	6.2	0.	
8155	14.35	6.5	0.	
8156	14.35	6.8	0.	
8157	14.35	7.1	0.	
8158	14.35	7.4	0.	
8159	14.35	7.7	0.	
8160	14.667	2.3	0.	
8161	14.667	2.6	0.	
8162	14.667	2.9	0.	
8163	14.667	3.2	0.	
8164	14.667	3.5	0.	
8165	14.667	3.8	0.	
8166	14.667	4.1	0.	
8167	14.667	4.4	0.	
8168	14.667	4.7	0.	
8169	14.667	5.	0.	
8170	14.667	5.3	0.	
8171	14.667	5.6	0.	
8172	14.667	5.9	0.	
8173	14.667	6.2	0.	
8174	14.667	6.5	0.	
8175	14.667	6.8	0.	
8176	14.667	7.1	0.	
8177	14.667	7.4	0.	
8178	14.667	7.7	0.	
8179	14.983	2.3	0.	
8180	14.983	2.6	0.	
8181	14.983	2.9	0.	
8182	14.983	3.2	0.	
8183	14.983	3.5	0.	
8184	14.983	3.8	0.	
8185	14.983	4.1	0.	
8186	14.983	4.4	0.	
8187	14.983	4.7	0.	
8188	14.983	5.	0.	
8189	14.983	5.3	0.	
8190	14.983	5.6	0.	
8191	14.983	5.9	0.	
8192	14.983	6.2	0.	
8193	14.983	6.5	0.	
8194	14.983	6.8	0.	
8195	14.983	7.1	0.	
8196	14.983	7.4	0.	
8197	14.983	7.7	0.	
8198	15.3	2.3	0.	
8199	15.3	2.6	0.	
8200	15.3	2.9	0.	
8201	15.3	3.2	0.	
8202	15.3	3.5	0.	
8203	15.3	3.8	0.	
8204	15.3	4.1	0.	
8205	15.3	4.4	0.	
8206	15.3	4.7	0.	
8207	15.3	5.	0.	
8208	15.3	5.3	0.	
8209	15.3	5.6	0.	
8210	15.3	5.9	0.	
8211	15.3	6.2	0.	
8212	15.3	6.5	0.	
8213	15.3	6.8	0.	
8214	15.3	7.1	0.	
8215	15.3	7.4	0.	
8216	15.3	7.7	0.	
8217	15.617	2.3	0.	
8218	15.617	2.6	0.	
8219	15.617	2.9	0.	
8220	15.617	3.2	0.	
8221	15.617	3.5	0.	
8222	15.617	3.8	0.	
8223	15.617	4.1	0.	
8224	15.617	4.4	0.	
8225	15.617	4.7	0.	
8226	15.617	5.	0.	
8227	15.617	5.3	0.	
8228	15.617	5.6	0.	
8229	15.617	5.9	0.	
8230	15.617	6.2	0.	
8231	15.617	6.5	0.	
8232	15.617	6.8	0.	
8233	15.617	7.1	0.	
8234	15.617	7.4	0.	
8235	15.617	7.7	0.	
8236	15.933	2.3	0.	
8237	15.933	2.6	0.	
8238	15.933	2.9	0.	
8239	15.933	3.2	0.	
8240	15.933	3.5	0.	
8241	15.933	3.8	0.	
8242	15.933	4.1	0.	
8243	15.933	4.4	0.	
8244	15.933	4.7	0.	
8245	15.933	5.	0.	
8246	15.933	5.3	0.	
8247	15.933	5.6	0.	
8248	15.933	5.9	0.	
8249	15.933	6.2	0.	
8250	15.933	6.5	0.	
8251	15.933	6.8	0.	
8252	15.933	7.1	0.	
8253	15.933	7.4	0.	
8254	15.933	7.7	0.	
8255	16.25	2.3	0.	
8256	16.25	2.6	0.	
8257	16.25	2.9	0.	
8258	16.25	3.2	0.	
8259	16.25	3.5	0.	
8260	16.25	3.8	0.	
8261	16.25	4.1	0.	
8262	16.25	4.4	0.	
8263	16.25	4.7	0.	
8264	16.25	5.	0.	
8265	16.25	5.3	0.	
8266	16.25	5.6	0.	
8267	16.25	5.9	0.	
8268	16.25	6.2	0.	
8269	16.25	6.5	0.	
8270	16.25	6.8	0.	
8271	16.25	7.1	0.	
8272	16.25	7.4	0.	
8273	16.25	7.7	0.	
8274	16.567	2.3	0.	
8275	16.567	2.6	0.	
8276	16.567	2.9	0.	
8277	16.567	3.2	0.	
8278	16.567	3.5	0.	
8279	16.567	3.8	0.	
8280	16.567	4.1	0.	
8281	16.567	4.4	0.	
8282	16.567	4.7	0.	
8283	16.567	5.	0.	
8284	16.567	5.3	0.	
8285	16.567	5.6	0.	
8286	16.567	5.9	0.	
8287	16.567	6.2	0.	
8288	16.567	6.5	0.	
8289	16.567	6.8	0.	
8290	16.567	7.1	0.	
8291	16.567	7.4	0.	
8292	16.567	7.7	0.	
8293	16.883	2.3	0.	
8294	16.883	2.6	0.	
8295	16.883	2.9	0.	
8296	16.883	3.2	0.	
8297	16.883	3.5	0.	
8298	16.883	3.8	0.	
8299	16.883	4.1	0.	
8300	16.883	4.4	0.	
8301	16.883	4.7	0.	
8302	16.883	5.	0.	
8303	16.883	5.3	0.	
8304	16.883	5.6	0.	
8305	16.883	5.9	0.	
8306	16.883	6.2	0.	
8307	16.883	6.5	0.	
8308	16.883	6.8	0.	
8309	16.883	7.1	0.	
8310	16.883	7.4	0.	
8311	16.883	7.7	0.	
8312	17.2	2.3	0.	
8313	17.2	2.6	0.	
8314	17.2	2.9	0.	
8315	17.2	3.2	0.	
8316	17.2	3.5	0.	
8317	17.2	3.8	0.	
8318	17.2	4.1	0.	
8319	17.2	4.4	0.	
8320	17.2	4.7	0.	
8321	17.2	5.	0.	
8322	17.2	5.3	0.	
8323	17.2	5.6	0.	
8324	17.2	5.9	0.	
8325	17.2	6.2	0.	
8326	17.2	6.5	0.	
8327	17.2	6.8	0.	
8328	17.2	7.1	0.	
8329	17.2	7.4	0.	
8330	17.2	7.7	0.	
8331	17.517	2.3	0.	
8332	17.517	2.6	0.	
8333	17.517	2.9	0.	
8334	17.517	3.2	0.	
8335	17.517	3.5	0.	
8336	17.517	3.8	0.	
8337	17.517	4.1	0.	
8338	17.517	4.4	0.	
8339	17.517	4.7	0.	
8340	17.517	5.	0.	
8341	17.517	5.3	0.	
8342	17.517	5.6	0.	
8343	17.517	5.9	0.	
8344	17.517	6.2	0.	
8345	17.517	6.5	0.	
8346	17.517	6.8	0.	
8347	17.517	7.1	0.	
8348	17.517	7.4	0.	
8349	17.517	7.7	0.	
8350	17.833	2.3	0.	
8351	17.833	2.6	0.	
8352	17.833	2.9	0.	
8353	17.833	3.2	0.	
8354	17.833	3.5	0.	
8355	17.833	3.8	0.	
8356	17.833	4.1	0.	
8357	17.833	4.4	0.	
8358	17.833	4.7	0.	
8359	17.833	5.	0.	
8360	17.833	5.3	0.	
8361	17.833	5.6	0.	
8362	17.833	5.9	0.	
8363	17.833	6.2	0.	
8364	17.833	6.5	0.	
8365	17.833	6.8	0.	
8366	17.833	7.1	0.	
8367	17.833	7.4	0.	
8368	17.833	7.7	0.	
8369	18.15	2.3	0.	
8370	18.15	2.6	0.	
8371	18.15	2.9	0.	
8372	18.15	3.2	0.	
8373	18.15	3.5	0.	
8374	18.15	3.8	0.	
8375	18.15	4.1	0.	
8376	18.15	4.4	0.	
8377	18.15	4.7	0.	
8378	18.15	5.	0.	
8379	18.15	5.3	0.	
8380	18.15	5.6	0.	
8381	18.15	5.9	0.	
8382	18.15	6.2	0.	
8383	18.15	6.5	0.	
8384	18.15	6.8	0.	
8385	18.15	7.1	0.	
8386	18.15	7.4	0.	
8387	18.15	7.7	0.	
8388	18.467	2.3	0.	
8389	18.467	2.6	0.	
8390	18.467	2.9	0.	
8391	18.467	3.2	0.	
8392	18.467	3.5	0.	
8393	18.467	3.8	0.	
8394	18.467	4.1	0.	
8395	18.467	4.4	0.	
8396	18.467	4.7	0.	
8397	18.467	5.	0.	
8398	18.467	5.3	0.	
8399	18.467	5.6	0.	
8400	18.467	5.9	0.	
8401	18.467	6.2	0.	
8402	18.467	6.5	0.	
8403	18.467	6.8	0.	
8404	18.467	7.1	0.	
8405	18.467	7.4	0.	
8406	18.467	7.7	0.	
8407	18.783	2.3	0.	
8408	18.783	2.6	0.	
8409	18.783	2.9	0.	
8410	18.783	3.2	0.	
8411	18.783	3.5	0.	
8412	18.783	3.8	0.	
8413	18.783	4.1	0.	
8414	18.783	4.4	0.	
8415	18.783	4.7	0.	
8416	18.783	5.	0.	
8417	18.783	5.3	0.	
8418	18.783	5.6	0.	
8419	18.783	5.9	0.	
8420	18.783	6.2	0.	
8421	18.783	6.5	0.	
8422	18.783	6.8	0.	
8423	18.783	7.1	0.	
8424	18.783	7.4	0.	
8425	18.783	7.7	0.	
8426	19.1	2.3	0.	
8427	19.1	2.6	0.	
8428	19.1	2.9	0.	
8429	19.1	3.2	0.	
8430	19.1	3.5	0.	
8431	19.1	3.8	0.	
8432	19.1	4.1	0.	
8433	19.1	4.4	0.	
8434	19.1	4.7	0.	
8435	19.1	5.	0.	
8436	19.1	5.3	0.	
8437	19.1	5.6	0.	
8438	19.1	5.9	0.	
8439	19.1	6.2	0.	
8440	19.1	6.5	0.	
8441	19.1	6.8	0.	
8442	19.1	7.1	0.	
8443	19.1	7.4	0.	
8444	19.1	7.7	0.	
8445	19.417	2.3	0.	
8446	19.417	2.6	0.	
8447	19.417	2.9	0.	
8448	19.417	3.2	0.	
8449	19.417	3.5	0.	
8450	19.417	3.8	0.	
8451	19.417	4.1	0.	
8452	19.417	4.4	0.	
8453	19.417	4.7	0.	
8454	19.417	5.	0.	
8455	19.417	5.3	0.	
8456	19.417	5.6	0.	
8457	19.417	5.9	0.	
8458	19.417	6.2	0.	
8459	19.417	6.5	0.	
8460	19.417	6.8	0.	
8461	19.417	7.1	0.	
8462	19.417	7.4	0.	
8463	19.417	7.7	0.	
8464	19.733	2.3	0.	
8465	19.733	2.6	0.	
8466	19.733	2.9	0.	
8467	19.733	3.2	0.	
8468	19.733	3.5	0.	
8469	19.733	3.8	0.	
8470	19.733	4.1	0.	
8471	19.733	4.4	0.	
8472	19.733	4.7	0.	
8473	19.733	5.	0.	
8474	19.733	5.3	0.	
8475	19.733	5.6	0.	
8476	19.733	5.9	0.	
8477	19.733	6.2	0.	
8478	19.733	6.5	0.	
8479	19.733	6.8	0.	
8480	19.733	7.1	0.	
8481	19.733	7.4	0.	
8482	19.733	7.7	0.	
8483	20.05	2.3	0.	
8484	20.05	2.6	0.	
8485	20.05	2.9	0.	
8486	20.05	3.2	0.	
8487	20.05	3.5	0.	
8488	20.05	3.8	0.	
8489	20.05	4.1	0.	
8490	20.05	4.4	0.	
8491	20.05	4.7	0.	
8492	20.05	5.	0.	
8493	20.05	5.3	0.	
8494	20.05	5.6	0.	
8495	20.05	5.9	0.	
8496	20.05	6.2	0.	
8497	20.05	6.5	0.	
8498	20.05	6.8	0.	
8499	20.05	7.1	0.	
8500	20.05	7.4	0.	
8501	20.05	7.7	0.	
8502	20.367	2.3	0.	
8503	20.367	2.6	0.	
8504	20.367	2.9	0.	
8505	20.367	3.2	0.	
8506	20.367	3.5	0.	
8507	20.367	3.8	0.	
8508	20.367	4.1	0.	
8509	20.367	4.4	0.	
8510	20.367	4.7	0.	
8511	20.367	5.	0.	
8512	20.367	5.3	0.	
8513	20.367	5.6	0.	
8514	20.367	5.9	0.	
8515	20.367	6.2	0.	
8516	20.367	6.5	0.	
8517	20.367	6.8	0.	
8518	20.367	7.1	0.	
8519	20.367	7.4	0.	
8520	20.367	7.7	0.	
8521	20.683	2.3	0.	
8522	20.683	2.6	0.	
8523	20.683	2.9	0.	
8524	20.683	3.2	0.	
8525	20.683	3.5	0.	
8526	20.683	3.8	0.	
8527	20.683	4.1	0.	
8528	20.683	4.4	0.	
8529	20.683	4.7	0.	
8530	20.683	5.	0.	
8531	20.683	5.3	0.	
8532	20.683	5.6	0.	
8533	20.683	5.9	0.	
8534	20.683	6.2	0.	
8535	20.683	6.5	0.	
8536	20.683	6.8	0.	
8537	20.683	7.1	0.	
8538	20.683	7.4	0.	
8539	20.683	7.7	0.	
8540	21.	2.3	0.	
8541	21.	2.6	0.	
8542	21.	2.9	0.	
8543	21.	3.2	0.	
8544	21.	3.5	0.	
8545	21.	3.8	0.	
8546	21.	4.1	0.	
8547	21.	4.4	0.	
8548	21.	4.7	0.	
8549	21.	5.	0.	
8550	21.	5.3	0.	
8551	21.	5.6	0.	
8552	21.	5.9	0.	
8553	21.	6.2	0.	
8554	21.	6.5	0.	
8555	21.	6.8	0.	
8556	21.	7.1	0.	
8557	21.	7.4	0.	
8558	21.	7.7	0.	
8559	21.317	2.3	0.	
8560	21.317	2.6	0.	
8561	21.317	2.9	0.	
8562	21.317	3.2	0.	
8563	21.317	3.5	0.	
8564	21.317	3.8	0.	
8565	21.317	4.1	0.	
8566	21.317	4.4	0.	
8567	21.317	4.7	0.	
8568	21.317	5.	0.	
8569	21.317	5.3	0.	
8570	21.317	5.6	0.	
8571	21.317	5.9	0.	
8572	21.317	6.2	0.	
8573	21.317	6.5	0.	
8574	21.317	6.8	0.	
8575	21.317	7.1	0.	
8576	21.317	7.4	0.	
8577	21.317	7.7	0.	
8578	21.633	2.3	0.	
8579	21.633	2.6	0.	
8580	21.633	2.9	0.	
8581	21.633	3.2	0.	
8582	21.633	3.5	0.	
8583	21.633	3.8	0.	
8584	21.633	4.1	0.	
8585	21.633	4.4	0.	
8586	21.633	4.7	0.	
8587	21.633	5.	0.	
8588	21.633	5.3	0.	
8589	21.633	5.6	0.	
8590	21.633	5.9	0.	
8591	21.633	6.2	0.	
8592	21.633	6.5	0.	
8593	21.633	6.8	0.	
8594	21.633	7.1	0.	
8595	21.633	7.4	0.	
8596	21.633	7.7	0.	
8597	21.95	2.3	0.	
8598	21.95	2.6	0.	
8599	21.95	2.9	0.	
8600	21.95	3.2	0.	
8601	21.95	3.5	0.	
8602	21.95	3.8	0.	
8603	21.95	4.1	0.	
8604	21.95	4.4	0.	
8605	21.95	4.7	0.	
8606	21.95	5.	0.	
8607	21.95	5.3	0.	
8608	21.95	5.6	0.	
8609	21.95	5.9	0.	
8610	21.95	6.2	0.	
8611	21.95	6.5	0.	
8612	21.95	6.8	0.	
8613	21.95	7.1	0.	
8614	21.95	7.4	0.	
8615	21.95	7.7	0.	
8616	22.267	2.3	0.	
8617	22.267	2.6	0.	
8618	22.267	2.9	0.	
8619	22.267	3.2	0.	
8620	22.267	3.5	0.	
8621	22.267	3.8	0.	
8622	22.267	4.1	0.	
8623	22.267	4.4	0.	
8624	22.267	4.7	0.	
8625	22.267	5.	0.	
8626	22.267	5.3	0.	
8627	22.267	5.6	0.	
8628	22.267	5.9	0.	
8629	22.267	6.2	0.	
8630	22.267	6.5	0.	
8631	22.267	6.8	0.	
8632	22.267	7.1	0.	
8633	22.267	7.4	0.	
8634	22.267	7.7	0.	
8635	22.583	2.3	0.	
8636	22.583	2.6	0.	
8637	22.583	2.9	0.	
8638	22.583	3.2	0.	
8639	22.583	3.5	0.	
8640	22.583	3.8	0.	
8641	22.583	4.1	0.	
8642	22.583	4.4	0.	
8643	22.583	4.7	0.	
8644	22.583	5.	0.	
8645	22.583	5.3	0.	
8646	22.583	5.6	0.	
8647	22.583	5.9	0.	
8648	22.583	6.2	0.	
8649	22.583	6.5	0.	
8650	22.583	6.8	0.	
8651	22.583	7.1	0.	
8652	22.583	7.4	0.	
8653	22.583	7.7	0.	
8654	22.9	2.3	0.	
8655	22.9	2.6	0.	
8656	22.9	2.9	0.	
8657	22.9	3.2	0.	
8658	22.9	3.5	0.	
8659	22.9	3.8	0.	
8660	22.9	4.1	0.	
8661	22.9	4.4	0.	
8662	22.9	4.7	0.	
8663	22.9	5.	0.	
8664	22.9	5.3	0.	
8665	22.9	5.6	0.	
8666	22.9	5.9	0.	
8667	22.9	6.2	0.	
8668	22.9	6.5	0.	
8669	22.9	6.8	0.	
8670	22.9	7.1	0.	
8671	22.9	7.4	0.	
8672	22.9	7.7	0.	
8673	23.217	2.3	0.	
8674	23.217	2.6	0.	
8675	23.217	2.9	0.	
8676	23.217	3.2	0.	
8677	23.217	3.5	0.	
8678	23.217	3.8	0.	
8679	23.217	4.1	0.	
8680	23.217	4.4	0.	
8681	23.217	4.7	0.	
8682	23.217	5.	0.	
8683	23.217	5.3	0.	
8684	23.217	5.6	0.	
8685	23.217	5.9	0.	
8686	23.217	6.2	0.	
8687	23.217	6.5	0.	
8688	23.217	6.8	0.	
8689	23.217	7.1	0.	
8690	23.217	7.4	0.	
8691	23.217	7.7	0.	
8692	23.533	2.3	0.	
8693	23.533	2.6	0.	
8694	23.533	2.9	0.	
8695	23.533	3.2	0.	
8696	23.533	3.5	0.	
8697	23.533	3.8	0.	
8698	23.533	4.1	0.	
8699	23.533	4.4	0.	
8700	23.533	4.7	0.	
8701	23.533	5.	0.	
8702	23.533	5.3	0.	
8703	23.533	5.6	0.	
8704	23.533	5.9	0.	
8705	23.533	6.2	0.	
8706	23.533	6.5	0.	
8707	23.533	6.8	0.	
8708	23.533	7.1	0.	
8709	23.533	7.4	0.	
8710	23.533	7.7	0.	
8711	23.85	2.3	0.	
8712	23.85	2.6	0.	
8713	23.85	2.9	0.	
8714	23.85	3.2	0.	
8715	23.85	3.5	0.	
8716	23.85	3.8	0.	
8717	23.85	4.1	0.	
8718	23.85	4.4	0.	
8719	23.85	4.7	0.	
8720	23.85	5.	0.	
8721	23.85	5.3	0.	
8722	23.85	5.6	0.	
8723	23.85	5.9	0.	
8724	23.85	6.2	0.	
8725	23.85	6.5	0.	
8726	23.85	6.8	0.	
8727	23.85	7.1	0.	
8728	23.85	7.4	0.	
8729	23.85	7.7	0.	
8730	24.167	2.3	0.	
8731	24.167	2.6	0.	
8732	24.167	2.9	0.	
8733	24.167	3.2	0.	
8734	24.167	3.5	0.	
8735	24.167	3.8	0.	
8736	24.167	4.1	0.	
8737	24.167	4.4	0.	
8738	24.167	4.7	0.	
8739	24.167	5.	0.	
8740	24.167	5.3	0.	
8741	24.167	5.6	0.	
8742	24.167	5.9	0.	
8743	24.167	6.2	0.	
8744	24.167	6.5	0.	
8745	24.167	6.8	0.	
8746	24.167	7.1	0.	
8747	24.167	7.4	0.	
8748	24.167	7.7	0.	
8749	24.483	2.3	0.	
8750	24.483	2.6	0.	
8751	24.483	2.9	0.	
8752	24.483	3.2	0.	
8753	24.483	3.5	0.	
8754	24.483	3.8	0.	
8755	24.483	4.1	0.	
8756	24.483	4.4	0.	
8757	24.483	4.7	0.	
8758	24.483	5.	0.	
8759	24.483	5.3	0.	
8760	24.483	5.6	0.	
8761	24.483	5.9	0.	
8762	24.483	6.2	0.	
8763	24.483	6.5	0.	
8764	24.483	6.8	0.	
8765	24.483	7.1	0.	
8766	24.483	7.4	0.	
8767	24.483	7.7	0.	
8768	24.8	2.3	0.	
8769	24.8	2.6	0.	
8770	24.8	2.9	0.	
8771	24.8	3.2	0.	
8772	24.8	3.5	0.	
8773	24.8	3.8	0.	
8774	24.8	4.1	0.	
8775	24.8	4.4	0.	
8776	24.8	4.7	0.	
8777	24.8	5.	0.	
8778	24.8	5.3	0.	
8779	24.8	5.6	0.	
8780	24.8	5.9	0.	
8781	24.8	6.2	0.	
8782	24.8	6.5	0.	
8783	24.8	6.8	0.	
8784	24.8	7.1	0.	
8785	24.8	7.4	0.	
8786	24.8	7.7	0.	
8787	25.117	2.3	0.	
8788	25.117	2.6	0.	
8789	25.117	2.9	0.	
8790	25.117	3.2	0.	
8791	25.117	3.5	0.	
8792	25.117	3.8	0.	
8793	25.117	4.1	0.	
8794	25.117	4.4	0.	
8795	25.117	4.7	0.	
8796	25.117	5.	0.	
8797	25.117	5.3	0.	
8798	25.117	5.6	0.	
8799	25.117	5.9	0.	
8800	25.117	6.2	0.	
8801	25.117	6.5	0.	
8802	25.117	6.8	0.	
8803	25.117	7.1	0.	
8804	25.117	7.4	0.	
8805	25.117	7.7	0.	
8806	25.433	2.3	0.	
8807	25.433	2.6	0.	
8808	25.433	2.9	0.	
8809	25.433	3.2	0.	
8810	25.433	3.5	0.	
8811	25.433	3.8	0.	
8812	25.433	4.1	0.	
8813	25.433	4.4	0.	
8814	25.433	4.7	0.	
8815	25.433	5.	0.	
8816	25.433	5.3	0.	
8817	25.433	5.6	0.	
8818	25.433	5.9	0.	
8819	25.433	6.2	0.	
8820	25.433	6.5	0.	
8821	25.433	6.8	0.	
8822	25.433	7.1	0.	
8823	25.433	7.4	0.	
8824	25.433	7.7	0.	
8825	25.75	2.3	0.	
8826	25.75	2.6	0.	
8827	25.75	2.9	0.	
8828	25.75	3.2	0.	
8829	25.75	3.5	0.	
8830	25.75	3.8	0.	
8831	25.75	4.1	0.	
8832	25.75	4.4	0.	
8833	25.75	4.7	0.	
8834	25.75	5.	0.	
8835	25.75	5.3	0.	
8836	25.75	5.6	0.	
8837	25.75	5.9	0.	
8838	25.75	6.2	0.	
8839	25.75	6.5	0.	
8840	25.75	6.8	0.	
8841	25.75	7.1	0.	
8842	25.75	7.4	0.	
8843	25.75	7.7	0.	
8844	26.067	2.3	0.	
8845	26.067	2.6	0.	
8846	26.067	2.9	0.	
8847	26.067	3.2	0.	
8848	26.067	3.5	0.	
8849	26.067	3.8	0.	
8850	26.067	4.1	0.	
8851	26.067	4.4	0.	
8852	26.067	4.7	0.	
8853	26.067	5.	0.	
8854	26.067	5.3	0.	
8855	26.067	5.6	0.	
8856	26.067	5.9	0.	
8857	26.067	6.2	0.	
8858	26.067	6.5	0.	
8859	26.067	6.8	0.	
8860	26.067	7.1	0.	
8861	26.067	7.4	0.	
8862	26.067	7.7	0.	
8863	26.383	2.3	0.	
8864	26.383	2.6	0.	
8865	26.383	2.9	0.	
8866	26.383	3.2	0.	
8867	26.383	3.5	0.	
8868	26.383	3.8	0.	
8869	26.383	4.1	0.	
8870	26.383	4.4	0.	
8871	26.383	4.7	0.	
8872	26.383	5.	0.	
8873	26.383	5.3	0.	
8874	26.383	5.6	0.	
8875	26.383	5.9	0.	
8876	26.383	6.2	0.	
8877	26.383	6.5	0.	
8878	26.383	6.8	0.	
8879	26.383	7.1	0.	
8880	26.383	7.4	0.	
8881	26.383	7.7	0.	
8882	26.7	2.3	0.	
8883	26.7	2.6	0.	
8884	26.7	2.9	0.	
8885	26.7	3.2	0.	
8886	26.7	3.5	0.	
8887	26.7	3.8	0.	
8888	26.7	4.1	0.	
8889	26.7	4.4	0.	
8890	26.7	4.7	0.	
8891	26.7	5.	0.	
8892	26.7	5.3	0.	
8893	26.7	5.6	0.	
8894	26.7	5.9	0.	
8895	26.7	6.2	0.	
8896	26.7	6.5	0.	
8897	26.7	6.8	0.	
8898	26.7	7.1	0.	
8899	26.7	7.4	0.	
8900	26.7	7.7	0.	
8901	27.017	2.3	0.	
8902	27.017	2.6	0.	
8903	27.017	2.9	0.	
8904	27.017	3.2	0.	
8905	27.017	3.5	0.	
8906	27.017	3.8	0.	
8907	27.017	4.1	0.	
8908	27.017	4.4	0.	
8909	27.017	4.7	0.	
8910	27.017	5.	0.	
8911	27.017	5.3	0.	
8912	27.017	5.6	0.	
8913	27.017	5.9	0.	
8914	27.017	6.2	0.	
8915	27.017	6.5	0.	
8916	27.017	6.8	0.	
8917	27.017	7.1	0.	
8918	27.017	7.4	0.	
8919	27.017	7.7	0.	
8920	27.333	2.3	0.	
8921	27.333	2.6	0.	
8922	27.333	2.9	0.	
8923	27.333	3.2	0.	
8924	27.333	3.5	0.	
8925	27.333	3.8	0.	
8926	27.333	4.1	0.	
8927	27.333	4.4	0.	
8928	27.333	4.7	0.	
8929	27.333	5.	0.	
8930	27.333	5.3	0.	
8931	27.333	5.6	0.	
8932	27.333	5.9	0.	
8933	27.333	6.2	0.	
8934	27.333	6.5	0.	
8935	27.333	6.8	0.	
8936	27.333	7.1	0.	
8937	27.333	7.4	0.	
8938	27.333	7.7	0.	
8939	27.65	2.3	0.	
8940	27.65	2.6	0.	
8941	27.65	2.9	0.	
8942	27.65	3.2	0.	
8943	27.65	3.5	0.	
8944	27.65	3.8	0.	
8945	27.65	4.1	0.	
8946	27.65	4.4	0.	
8947	27.65	4.7	0.	
8948	27.65	5.	0.	
8949	27.65	5.3	0.	
8950	27.65	5.6	0.	
8951	27.65	5.9	0.	
8952	27.65	6.2	0.	
8953	27.65	6.5	0.	
8954	27.65	6.8	0.	
8955	27.65	7.1	0.	
8956	27.65	7.4	0.	
8957	27.65	7.7	0.	
8958	27.967	2.3	0.	
8959	27.967	2.6	0.	
8960	27.967	2.9	0.	
8961	27.967	3.2	0.	
8962	27.967	3.5	0.	
8963	27.967	3.8	0.	
8964	27.967	4.1	0.	
8965	27.967	4.4	0.	
8966	27.967	4.7	0.	
8967	27.967	5.	0.	
8968	27.967	5.3	0.	
8969	27.967	5.6	0.	
8970	27.967	5.9	0.	
8971	27.967	6.2	0.	
8972	27.967	6.5	0.	
8973	27.967	6.8	0.	
8974	27.967	7.1	0.	
8975	27.967	7.4	0.	
8976	27.967	7.7	0.	
8977	28.283	2.3	0.	
8978	28.283	2.6	0.	
8979	28.283	2.9	0.	
8980	28.283	3.2	0.	
8981	28.283	3.5	0.	
8982	28.283	3.8	0.	
8983	28.283	4.1	0.	
8984	28.283	4.4	0.	
8985	28.283	4.7	0.	
8986	28.283	5.	0.	
8987	28.283	5.3	0.	
8988	28.283	5.6	0.	
8989	28.283	5.9	0.	
8990	28.283	6.2	0.	
8991	28.283	6.5	0.	
8992	28.283	6.8	0.	
8993	28.283	7.1	0.	
8994	28.283	7.4	0.	
8995	28.283	7.7	0.	
8996	28.6	2.3	0.	
8997	28.6	2.6	0.	
8998	28.6	2.9	0.	
8999	28.6	3.2	0.	
9000	28.6	3.5	0.	
9001	28.6	3.8	0.	
9002	28.6	4.1	0.	
9003	28.6	4.4	0.	
9004	28.6	4.7	0.	
9005	28.6	5.	0.	
9006	28.6	5.3	0.	
9007	28.6	5.6	0.	
9008	28.6	5.9	0.	
9009	28.6	6.2	0.	
9010	28.6	6.5	0.	
9011	28.6	6.8	0.	
9012	28.6	7.1	0.	
9013	28.6	7.4	0.	
9014	28.6	7.7	0.	
9015	28.917	2.3	0.	
9016	28.917	2.6	0.	
9017	28.917	2.9	0.	
9018	28.917	3.2	0.	
9019	28.917	3.5	0.	
9020	28.917	3.8	0.	
9021	28.917	4.1	0.	
9022	28.917	4.4	0.	
9023	28.917	4.7	0.	
9024	28.917	5.	0.	
9025	28.917	5.3	0.	
9026	28.917	5.6	0.	
9027	28.917	5.9	0.	
9028	28.917	6.2	0.	
9029	28.917	6.5	0.	
9030	28.917	6.8	0.	
9031	28.917	7.1	0.	
9032	28.917	7.4	0.	
9033	28.917	7.7	0.	
9034	29.233	2.3	0.	
9035	29.233	2.6	0.	
9036	29.233	2.9	0.	
9037	29.233	3.2	0.	
9038	29.233	3.5	0.	
9039	29.233	3.8	0.	
9040	29.233	4.1	0.	
9041	29.233	4.4	0.	
9042	29.233	4.7	0.	
9043	29.233	5.	0.	
9044	29.233	5.3	0.	
9045	29.233	5.6	0.	
9046	29.233	5.9	0.	
9047	29.233	6.2	0.	
9048	29.233	6.5	0.	
9049	29.233	6.8	0.	
9050	29.233	7.1	0.	
9051	29.233	7.4	0.	
9052	29.233	7.7	0.	
9053	29.55	2.3	0.	
9054	29.55	2.6	0.	
9055	29.55	2.9	0.	
9056	29.55	3.2	0.	
9057	29.55	3.5	0.	
9058	29.55	3.8	0.	
9059	29.55	4.1	0.	
9060	29.55	4.4	0.	
9061	29.55	4.7	0.	
9062	29.55	5.	0.	
9063	29.55	5.3	0.	
9064	29.55	5.6	0.	
9065	29.55	5.9	0.	
9066	29.55	6.2	0.	
9067	29.55	6.5	0.	
9068	29.55	6.8	0.	
9069	29.55	7.1	0.	
9070	29.55	7.4	0.	
9071	29.55	7.7	0.	
9072	29.867	2.3	0.	
9073	29.867	2.6	0.	
9074	29.867	2.9	0.	
9075	29.867	3.2	0.	
9076	29.867	3.5	0.	
9077	29.867	3.8	0.	
9078	29.867	4.1	0.	
9079	29.867	4.4	0.	
9080	29.867	4.7	0.	
9081	29.867	5.	0.	
9082	29.867	5.3	0.	
9083	29.867	5.6	0.	
9084	29.867	5.9	0.	
9085	29.867	6.2	0.	
9086	29.867	6.5	0.	
9087	29.867	6.8	0.	
9088	29.867	7.1	0.	
9089	29.867	7.4	0.	
9090	29.867	7.7	0.	
9091	30.183	2.3	0.	
9092	30.183	2.6	0.	
9093	30.183	2.9	0.	
9094	30.183	3.2	0.	
9095	30.183	3.5	0.	
9096	30.183	3.8	0.	
9097	30.183	4.1	0.	
9098	30.183	4.4	0.	
9099	30.183	4.7	0.	
9100	30.183	5.	0.	
9101	30.183	5.3	0.	
9102	30.183	5.6	0.	
9103	30.183	5.9	0.	
9104	30.183	6.2	0.	
9105	30.183	6.5	0.	
9106	30.183	6.8	0.	
9107	30.183	7.1	0.	
9108	30.183	7.4	0.	
9109	30.183	7.7	0.	
9110	30.5	2.3	0.	
9111	30.5	2.6	0.	
9112	30.5	2.9	0.	
9113	30.5	3.2	0.	
9114	30.5	3.5	0.	
9115	30.5	3.8	0.	
9116	30.5	4.1	0.	
9117	30.5	4.4	0.	
9118	30.5	4.7	0.	
9119	30.5	5.	0.	
9120	30.5	5.3	0.	
9121	30.5	5.6	0.	
9122	30.5	5.9	0.	
9123	30.5	6.2	0.	
9124	30.5	6.5	0.	
9125	30.5	6.8	0.	
9126	30.5	7.1	0.	
9127	30.5	7.4	0.	
9128	30.5	7.7	0.	
9129	30.817	2.3	0.	
9130	30.817	2.6	0.	
9131	30.817	2.9	0.	
9132	30.817	3.2	0.	
9133	30.817	3.5	0.	
9134	30.817	3.8	0.	
9135	30.817	4.1	0.	
9136	30.817	4.4	0.	
9137	30.817	4.7	0.	
9138	30.817	5.	0.	
9139	30.817	5.3	0.	
9140	30.817	5.6	0.	
9141	30.817	5.9	0.	
9142	30.817	6.2	0.	
9143	30.817	6.5	0.	
9144	30.817	6.8	0.	
9145	30.817	7.1	0.	
9146	30.817	7.4	0.	
9147	30.817	7.7	0.	
9148	31.133	2.3	0.	
9149	31.133	2.6	0.	
9150	31.133	2.9	0.	
9151	31.133	3.2	0.	
9152	31.133	3.5	0.	
9153	31.133	3.8	0.	
9154	31.133	4.1	0.	
9155	31.133	4.4	0.	
9156	31.133	4.7	0.	
9157	31.133	5.	0.	
9158	31.133	5.3	0.	
9159	31.133	5.6	0.	
9160	31.133	5.9	0.	
9161	31.133	6.2	0.	
9162	31.133	6.5	0.	
9163	31.133	6.8	0.	
9164	31.133	7.1	0.	
9165	31.133	7.4	0.	
9166	31.133	7.7	0.	
9167	31.45	2.3	0.	
9168	31.45	2.6	0.	
9169	31.45	2.9	0.	
9170	31.45	3.2	0.	
9171	31.45	3.5	0.	
9172	31.45	3.8	0.	
9173	31.45	4.1	0.	
9174	31.45	4.4	0.	
9175	31.45	4.7	0.	
9176	31.45	5.	0.	
9177	31.45	5.3	0.	
9178	31.45	5.6	0.	
9179	31.45	5.9	0.	
9180	31.45	6.2	0.	
9181	31.45	6.5	0.	
9182	31.45	6.8	0.	
9183	31.45	7.1	0.	
9184	31.45	7.4	0.	
9185	31.45	7.7	0.	
9186	31.767	2.3	0.	
9187	31.767	2.6	0.	
9188	31.767	2.9	0.	
9189	31.767	3.2	0.	
9190	31.767	3.5	0.	
9191	31.767	3.8	0.	
9192	31.767	4.1	0.	
9193	31.767	4.4	0.	
9194	31.767	4.7	0.	
9195	31.767	5.	0.	
9196	31.767	5.3	0.	
9197	31.767	5.6	0.	
9198	31.767	5.9	0.	
9199	31.767	6.2	0.	
9200	31.767	6.5	0.	
9201	31.767	6.8	0.	
9202	31.767	7.1	0.	
9203	31.767	7.4	0.	
9204	31.767	7.7	0.	
9205	32.083	2.3	0.	
9206	32.083	2.6	0.	
9207	32.083	2.9	0.	
9208	32.083	3.2	0.	
9209	32.083	3.5	0.	
9210	32.083	3.8	0.	
9211	32.083	4.1	0.	
9212	32.083	4.4	0.	
9213	32.083	4.7	0.	
9214	32.083	5.	0.	
9215	32.083	5.3	0.	
9216	32.083	5.6	0.	
9217	32.083	5.9	0.	
9218	32.083	6.2	0.	
9219	32.083	6.5	0.	
9220	32.083	6.8	0.	
9221	32.083	7.1	0.	
9222	32.083	7.4	0.	
9223	32.083	7.7	0.	
9224	32.4	2.3	0.	
9225	32.4	2.6	0.	
9226	32.4	2.9	0.	
9227	32.4	3.2	0.	
9228	32.4	3.5	0.	
9229	32.4	3.8	0.	
9230	32.4	4.1	0.	
9231	32.4	4.4	0.	
9232	32.4	4.7	0.	
9233	32.4	5.	0.	
9234	32.4	5.3	0.	
9235	32.4	5.6	0.	
9236	32.4	5.9	0.	
9237	32.4	6.2	0.	
9238	32.4	6.5	0.	
9239	32.4	6.8	0.	
9240	32.4	7.1	0.	
9241	32.4	7.4	0.	
9242	32.4	7.7	0.	
9243	32.717	2.3	0.	
9244	32.717	2.6	0.	
9245	32.717	2.9	0.	
9246	32.717	3.2	0.	
9247	32.717	3.5	0.	
9248	32.717	3.8	0.	
9249	32.717	4.1	0.	
9250	32.717	4.4	0.	
9251	32.717	4.7	0.	
9252	32.717	5.	0.	
9253	32.717	5.3	0.	
9254	32.717	5.6	0.	
9255	32.717	5.9	0.	
9256	32.717	6.2	0.	
9257	32.717	6.5	0.	
9258	32.717	6.8	0.	
9259	32.717	7.1	0.	
9260	32.717	7.4	0.	
9261	32.717	7.7	0.	
9262	33.033	2.3	0.	
9263	33.033	2.6	0.	
9264	33.033	2.9	0.	
9265	33.033	3.2	0.	
9266	33.033	3.5	0.	
9267	33.033	3.8	0.	
9268	33.033	4.1	0.	
9269	33.033	4.4	0.	
9270	33.033	4.7	0.	
9271	33.033	5.	0.	
9272	33.033	5.3	0.	
9273	33.033	5.6	0.	
9274	33.033	5.9	0.	
9275	33.033	6.2	0.	
9276	33.033	6.5	0.	
9277	33.033	6.8	0.	
9278	33.033	7.1	0.	
9279	33.033	7.4	0.	
9280	33.033	7.7	0.	
9281	33.35	2.3	0.	
9282	33.35	2.6	0.	
9283	33.35	2.9	0.	
9284	33.35	3.2	0.	
9285	33.35	3.5	0.	
9286	33.35	3.8	0.	
9287	33.35	4.1	0.	
9288	33.35	4.4	0.	
9289	33.35	4.7	0.	
9290	33.35	5.	0.	
9291	33.35	5.3	0.	
9292	33.35	5.6	0.	
9293	33.35	5.9	0.	
9294	33.35	6.2	0.	
9295	33.35	6.5	0.	
9296	33.35	6.8	0.	
9297	33.35	7.1	0.	
9298	33.35	7.4	0.	
9299	33.35	7.7	0.	
9300	33.667	2.3	0.	
9301	33.667	2.6	0.	
9302	33.667	2.9	0.	
9303	33.667	3.2	0.	
9304	33.667	3.5	0.	
9305	33.667	3.8	0.	
9306	33.667	4.1	0.	
9307	33.667	4.4	0.	
9308	33.667	4.7	0.	
9309	33.667	5.	0.	
9310	33.667	5.3	0.	
9311	33.667	5.6	0.	
9312	33.667	5.9	0.	
9313	33.667	6.2	0.	
9314	33.667	6.5	0.	
9315	33.667	6.8	0.	
9316	33.667	7.1	0.	
9317	33.667	7.4	0.	
9318	33.667	7.7	0.	
9319	33.983	2.3	0.	
9320	33.983	2.6	0.	
9321	33.983	2.9	0.	
9322	33.983	3.2	0.	
9323	33.983	3.5	0.	
9324	33.983	3.8	0.	
9325	33.983	4.1	0.	
9326	33.983	4.4	0.	
9327	33.983	4.7	0.	
9328	33.983	5.	0.	
9329	33.983	5.3	0.	
9330	33.983	5.6	0.	
9331	33.983	5.9	0.	
9332	33.983	6.2	0.	
9333	33.983	6.5	0.	
9334	33.983	6.8	0.	
9335	33.983	7.1	0.	
9336	33.983	7.4	0.	
9337	33.983	7.7	0.	
9338	34.3	2.3	0.	
9339	34.3	2.6	0.	
9340	34.3	2.9	0.	
9341	34.3	3.2	0.	
9342	34.3	3.5	0.	
9343	34.3	3.8	0.	
9344	34.3	4.1	0.	
9345	34.3	4.4	0.	
9346	34.3	4.7	0.	
9347	34.3	5.	0.	
9348	34.3	5.3	0.	
9349	34.3	5.6	0.	
9350	34.3	5.9	0.	
9351	34.3	6.2	0.	
9352	34.3	6.5	0.	
9353	34.3	6.8	0.	
9354	34.3	7.1	0.	
9355	34.3	7.4	0.	
9356	34.3	7.7	0.	
9357	34.617	2.3	0.	
9358	34.617	2.6	0.	
9359	34.617	2.9	0.	
9360	34.617	3.2	0.	
9361	34.617	3.5	0.	
9362	34.617	3.8	0.	
9363	34.617	4.1	0.	
9364	34.617	4.4	0.	
9365	34.617	4.7	0.	
9366	34.617	5.	0.	
9367	34.617	5.3	0.	
9368	34.617	5.6	0.	
9369	34.617	5.9	0.	
9370	34.617	6.2	0.	
9371	34.617	6.5	0.	
9372	34.617	6.8	0.	
9373	34.617	7.1	0.	
9374	34.617	7.4	0.	
9375	34.617	7.7	0.	
9376	34.933	2.3	0.	
9377	34.933	2.6	0.	
9378	34.933	2.9	0.	
9379	34.933	3.2	0.	
9380	34.933	3.5	0.	
9381	34.933	3.8	0.	
9382	34.933	4.1	0.	
9383	34.933	4.4	0.	
9384	34.933	4.7	0.	
9385	34.933	5.	0.	
9386	34.933	5.3	0.	
9387	34.933	5.6	0.	
9388	34.933	5.9	0.	
9389	34.933	6.2	0.	
9390	34.933	6.5	0.	
9391	34.933	6.8	0.	
9392	34.933	7.1	0.	
9393	34.933	7.4	0.	
9394	34.933	7.7	0.	
9395	35.25	2.3	0.	
9396	35.25	2.6	0.	
9397	35.25	2.9	0.	
9398	35.25	3.2	0.	
9399	35.25	3.5	0.	
9400	35.25	3.8	0.	
9401	35.25	4.1	0.	
9402	35.25	4.4	0.	
9403	35.25	4.7	0.	
9404	35.25	5.	0.	
9405	35.25	5.3	0.	
9406	35.25	5.6	0.	
9407	35.25	5.9	0.	
9408	35.25	6.2	0.	
9409	35.25	6.5	0.	
9410	35.25	6.8	0.	
9411	35.25	7.1	0.	
9412	35.25	7.4	0.	
9413	35.25	7.7	0.	
9414	35.567	2.3	0.	
9415	35.567	2.6	0.	
9416	35.567	2.9	0.	
9417	35.567	3.2	0.	
9418	35.567	3.5	0.	
9419	35.567	3.8	0.	
9420	35.567	4.1	0.	
9421	35.567	4.4	0.	
9422	35.567	4.7	0.	
9423	35.567	5.	0.	
9424	35.567	5.3	0.	
9425	35.567	5.6	0.	
9426	35.567	5.9	0.	
9427	35.567	6.2	0.	
9428	35.567	6.5	0.	
9429	35.567	6.8	0.	
9430	35.567	7.1	0.	
9431	35.567	7.4	0.	
9432	35.567	7.7	0.	
9433	35.883	2.3	0.	
9434	35.883	2.6	0.	
9435	35.883	2.9	0.	
9436	35.883	3.2	0.	
9437	35.883	3.5	0.	
9438	35.883	3.8	0.	
9439	35.883	4.1	0.	
9440	35.883	4.4	0.	
9441	35.883	4.7	0.	
9442	35.883	5.	0.	
9443	35.883	5.3	0.	
9444	35.883	5.6	0.	
9445	35.883	5.9	0.	
9446	35.883	6.2	0.	
9447	35.883	6.5	0.	
9448	35.883	6.8	0.	
9449	35.883	7.1	0.	
9450	35.883	7.4	0.	
9451	35.883	7.7	0.	
9452	36.2	2.3	0.	
9453	36.2	2.6	0.	
9454	36.2	2.9	0.	
9455	36.2	3.2	0.	
9456	36.2	3.5	0.	
9457	36.2	3.8	0.	
9458	36.2	4.1	0.	
9459	36.2	4.4	0.	
9460	36.2	4.7	0.	
9461	36.2	5.	0.	
9462	36.2	5.3	0.	
9463	36.2	5.6	0.	
9464	36.2	5.9	0.	
9465	36.2	6.2	0.	
9466	36.2	6.5	0.	
9467	36.2	6.8	0.	
9468	36.2	7.1	0.	
9469	36.2	7.4	0.	
9470	36.2	7.7	0.	
9471	36.517	2.3	0.	
9472	36.517	2.6	0.	
9473	36.517	2.9	0.	
9474	36.517	3.2	0.	
9475	36.517	3.5	0.	
9476	36.517	3.8	0.	
9477	36.517	4.1	0.	
9478	36.517	4.4	0.	
9479	36.517	4.7	0.	
9480	36.517	5.	0.	
9481	36.517	5.3	0.	
9482	36.517	5.6	0.	
9483	36.517	5.9	0.	
9484	36.517	6.2	0.	
9485	36.517	6.5	0.	
9486	36.517	6.8	0.	
9487	36.517	7.1	0.	
9488	36.517	7.4	0.	
9489	36.517	7.7	0.	
9490	36.833	2.3	0.	
9491	36.833	2.6	0.	
9492	36.833	2.9	0.	
9493	36.833	3.2	0.	
9494	36.833	3.5	0.	
9495	36.833	3.8	0.	
9496	36.833	4.1	0.	
9497	36.833	4.4	0.	
9498	36.833	4.7	0.	
9499	36.833	5.	0.	
9500	36.833	5.3	0.	
9501	36.833	5.6	0.	
9502	36.833	5.9	0.	
9503	36.833	6.2	0.	
9504	36.833	6.5	0.	
9505	36.833	6.8	0.	
9506	36.833	7.1	0.	
9507	36.833	7.4	0.	
9508	36.833	7.7	0.	
9509	37.15	2.3	0.	
9510	37.15	2.6	0.	
9511	37.15	2.9	0.	
9512	37.15	3.2	0.	
9513	37.15	3.5	0.	
9514	37.15	3.8	0.	
9515	37.15	4.1	0.	
9516	37.15	4.4	0.	
9517	37.15	4.7	0.	
9518	37.15	5.	0.	
9519	37.15	5.3	0.	
9520	37.15	5.6	0.	
9521	37.15	5.9	0.	
9522	37.15	6.2	0.	
9523	37.15	6.5	0.	
9524	37.15	6.8	0.	
9525	37.15	7.1	0.	
9526	37.15	7.4	0.	
9527	37.15	7.7	0.	
9528	37.467	2.3	0.	
9529	37.467	2.6	0.	
9530	37.467	2.9	0.	
9531	37.467	3.2	0.	
9532	37.467	3.5	0.	
9533	37.467	3.8	0.	
9534	37.467	4.1	0.	
9535	37.467	4.4	0.	
9536	37.467	4.7	0.	
9537	37.467	5.	0.	
9538	37.467	5.3	0.	
9539	37.467	5.6	0.	
9540	37.467	5.9	0.	
9541	37.467	6.2	0.	
9542	37.467	6.5	0.	
9543	37.467	6.8	0.	
9544	37.467	7.1	0.	
9545	37.467	7.4	0.	
9546	37.467	7.7	0.	
9547	37.783	2.3	0.	
9548	37.783	2.6	0.	
9549	37.783	2.9	0.	
9550	37.783	3.2	0.	
9551	37.783	3.5	0.	
9552	37.783	3.8	0.	
9553	37.783	4.1	0.	
9554	37.783	4.4	0.	
9555	37.783	4.7	0.	
9556	37.783	5.	0.	
9557	37.783	5.3	0.	
9558	37.783	5.6	0.	
9559	37.783	5.9	0.	
9560	37.783	6.2	0.	
9561	37.783	6.5	0.	
9562	37.783	6.8	0.	
9563	37.783	7.1	0.	
9564	37.783	7.4	0.	
9565	37.783	7.7	0.	
9566	38.1	2.3	0.	
9567	38.1	2.6	0.	
9568	38.1	2.9	0.	
9569	38.1	3.2	0.	
9570	38.1	3.5	0.	
9571	38.1	3.8	0.	
9572	38.1	4.1	0.	
9573	38.1	4.4	0.	
9574	38.1	4.7	0.	
9575	38.1	5.	0.	
9576	38.1	5.3	0.	
9577	38.1	5.6	0.	
9578	38.1	5.9	0.	
9579	38.1	6.2	0.	
9580	38.1	6.5	0.	
9581	38.1	6.8	0.	
9582	38.1	7.1	0.	
9583	38.1	7.4	0.	
9584	38.1	7.7	0.	
9585	38.417	2.3	0.	
9586	38.417	2.6	0.	
9587	38.417	2.9	0.	
9588	38.417	3.2	0.	
9589	38.417	3.5	0.	
9590	38.417	3.8	0.	
9591	38.417	4.1	0.	
9592	38.417	4.4	0.	
9593	38.417	4.7	0.	
9594	38.417	5.	0.	
9595	38.417	5.3	0.	
9596	38.417	5.6	0.	
9597	38.417	5.9	0.	
9598	38.417	6.2	0.	
9599	38.417	6.5	0.	
9600	38.417	6.8	0.	
9601	38.417	7.1	0.	
9602	38.417	7.4	0.	
9603	38.417	7.7	0.	
9604	38.733	2.3	0.	
9605	38.733	2.6	0.	
9606	38.733	2.9	0.	
9607	38.733	3.2	0.	
9608	38.733	3.5	0.	
9609	38.733	3.8	0.	
9610	38.733	4.1	0.	
9611	38.733	4.4	0.	
9612	38.733	4.7	0.	
9613	38.733	5.	0.	
9614	38.733	5.3	0.	
9615	38.733	5.6	0.	
9616	38.733	5.9	0.	
9617	38.733	6.2	0.	
9618	38.733	6.5	0.	
9619	38.733	6.8	0.	
9620	38.733	7.1	0.	
9621	38.733	7.4	0.	
9622	38.733	7.7	0.	
9623	39.05	2.3	0.	
9624	39.05	2.6	0.	
9625	39.05	2.9	0.	
9626	39.05	3.2	0.	
9627	39.05	3.5	0.	
9628	39.05	3.8	0.	
9629	39.05	4.1	0.	
9630	39.05	4.4	0.	
9631	39.05	4.7	0.	
9632	39.05	5.	0.	
9633	39.05	5.3	0.	
9634	39.05	5.6	0.	
9635	39.05	5.9	0.	
9636	39.05	6.2	0.	
9637	39.05	6.5	0.	
9638	39.05	6.8	0.	
9639	39.05	7.1	0.	
9640	39.05	7.4	0.	
9641	39.05	7.7	0.	
9642	39.367	2.3	0.	
9643	39.367	2.6	0.	
9644	39.367	2.9	0.	
9645	39.367	3.2	0.	
9646	39.367	3.5	0.	
9647	39.367	3.8	0.	
9648	39.367	4.1	0.	
9649	39.367	4.4	0.	
9650	39.367	4.7	0.	
9651	39.367	5.	0.	
9652	39.367	5.3	0.	
9653	39.367	5.6	0.	
9654	39.367	5.9	0.	
9655	39.367	6.2	0.	
9656	39.367	6.5	0.	
9657	39.367	6.8	0.	
9658	39.367	7.1	0.	
9659	39.367	7.4	0.	
9660	39.367	7.7	0.	
9661	39.683	2.3	0.	
9662	39.683	2.6	0.	
9663	39.683	2.9	0.	
9664	39.683	3.2	0.	
9665	39.683	3.5	0.	
9666	39.683	3.8	0.	
9667	39.683	4.1	0.	
9668	39.683	4.4	0.	
9669	39.683	4.7	0.	
9670	39.683	5.	0.	
9671	39.683	5.3	0.	
9672	39.683	5.6	0.	
9673	39.683	5.9	0.	
9674	39.683	6.2	0.	
9675	39.683	6.5	0.	
9676	39.683	6.8	0.	
9677	39.683	7.1	0.	
9678	39.683	7.4	0.	
9679	39.683	7.7	0.	
9680	2.3167	8.	0.	
9681	2.6333	8.	0.	
9682	2.95	8.	0.	
9683	3.2667	8.	0.	
9684	3.5833	8.	0.	
9685	3.9	8.	0.	
9686	4.2167	8.	0.	
9687	4.5333	8.	0.	
9688	4.85	8.	0.	
9689	5.1667	8.	0.	
9690	5.4833	8.	0.	
9691	5.8	8.	0.	
9692	6.1167	8.	0.	
9693	6.4333	8.	0.	
9694	6.75	8.	0.	
9695	7.0667	8.	0.	
9696	7.3833	8.	0.	
9697	7.7	8.	0.	
9698	8.0167	8.	0.	
9699	8.3333	8.	0.	
9700	8.65	8.	0.	
9701	8.9667	8.	0.	
9702	9.2833	8.	0.	
9703	9.6	8.	0.	
9704	9.9167	8.	0.	
9705	10.233	8.	0.	
9706	10.55	8.	0.	
9707	10.867	8.	0.	
9708	11.183	8.	0.	
9709	11.5	8.	0.	
9710	11.817	8.	0.	
9711	12.133	8.	0.	
9712	12.45	8.	0.	
9713	12.767	8.	0.	
9714	13.083	8.	0.	
9715	13.4	8.	0.	
9716	13.717	8.	0.	
9717	14.033	8.	0.	
9718	14.35	8.	0.	
9719	14.667	8.	0.	
9720	14.983	8.	0.	
9721	15.3	8.	0.	
9722	15.617	8.	0.	
9723	15.933	8.	0.	
9724	16.25	8.	0.	
9725	16.567	8.	0.	
9726	16.883	8.	0.	
9727	17.2	8.	0.	
9728	17.517	8.	0.	
9729	17.833	8.	0.	
9730	18.15	8.	0.	
9731	18.467	8.	0.	
9732	18.783	8.	0.	
9733	19.1	8.	0.	
9734	19.417	8.	0.	
9735	19.733	8.	0.	
9736	20.05	8.	0.	
9737	20.367	8.	0.	
9738	20.683	8.	0.	
9739	21.	8.	0.	
9740	21.317	8.	0.	
9741	21.633	8.	0.	
9742	21.95	8.	0.	
9743	22.267	8.	0.	
9744	22.583	8.	0.	
9745	22.9	8.	0.	
9746	23.217	8.	0.	
9747	23.533	8.	0.	
9748	23.85	8.	0.	
9749	24.167	8.	0.	
9750	24.483	8.	0.	
9751	24.8	8.	0.	
9752	25.117	8.	0.	
9753	25.433	8.	0.	
9754	25.75	8.	0.	
9755	26.067	8.	0.	
9756	26.383	8.	0.	
9757	26.7	8.	0.	
9758	27.017	8.	0.	
9759	27.333	8.	0.	
9760	27.65	8.	0.	
9761	27.967	8.	0.	
9762	28.283	8.	0.	
9763	28.6	8.	0.	
9764	28.917	8.	0.	
9765	29.233	8.	0.	
9766	29.55	8.	0.	
9767	29.867	8.	0.	
9768	30.183	8.	0.	
9769	30.5	8.	0.	
9770	30.817	8.	0.	
9771	31.133	8.	0.	
9772	31.45	8.	0.	
9773	31.767	8.	0.	
9774	32.083	8.	0.	
9775	32.4	8.	0.	
9776	32.717	8.	0.	
9777	33.033	8.	0.	
9778	33.35	8.	0.	
9779	33.667	8.	0.	
9780	33.983	8.	0.	
9781	34.3	8.	0.	
9782	34.617	8.	0.	
9783	34.933	8.	0.	
9784	35.25	8.	0.	
9785	35.567	8.	0.	
9786	35.883	8.	0.	
9787	36.2	8.	0.	
9788	36.517	8.	0.	
9789	36.833	8.	0.	
9790	37.15	8.	0.	
9791	37.467	8.	0.	
9792	37.783	8.	0.	
9793	38.1	8.	0.	
9794	38.417	8.	0.	
9795	38.733	8.	0.	
9796	39.05	8.	0.	
9797	39.367	8.	0.	
9798	39.683	8.	0.	
9799	40.	7.7	0.	
9800	40.	7.4	0.	
9801	40.	7.1	0.	
9802	40.	6.8	0.	
9803	40.	6.5	0.	
9804	40.	6.2	0.	
9805	40.	5.9	0.	
9806	40.	5.6	0.	
9807	40.	5.3	0.	
9808	40.	5.	0.	
9809	40.	4.7	0.	
9810	40.	4.4	0.	
9811	40.	4.1	0.	
9812	40.	3.8	0.	
9813	40.	3.5	0.	
9814	40.	3.2	0.	
9815	40.	2.9	0.	
9816	40.	2.6	0.	
9817	40.	2.3	0.	
9818	2.	2.3	0.	
9819	2.	2.6	0.	
9820	2.	2.9	0.	
9821	2.	3.2	0.	
9822	2.	3.5	0.	
9823	2.	3.8	0.	
9824	2.	4.1	0.	
9825	2.	4.4	0.	
9826	2.	4.7	0.	
9827	2.	5.	0.	
9828	2.	5.3	0.	
9829	2.	5.6	0.	
9830	2.	5.9	0.	
9831	2.	6.2	0.	
9832	2.	6.5	0.	
9833	2.	6.8	0.	
9834	2.	7.1	0.	
9835	2.	7.4	0.	
9836	2.	7.7	0.	
9837	-9.7333	7.7	0.	
9838	-9.4667	7.7	0.	
9839	-9.2	7.7	0.	
9840	-8.9333	7.7	0.	
9841	-8.6667	7.7	0.	
9842	-8.4	7.7	0.	
9843	-8.1333	7.7	0.	
9844	-7.8667	7.7	0.	
9845	-7.6	7.7	0.	
9846	-7.3333	7.7	0.	
9847	-7.0667	7.7	0.	
9848	-6.8	7.7	0.	
9849	-6.5333	7.7	0.	
9850	-6.2667	7.7	0.	
9851	-6.	7.7	0.	
9852	-5.7333	7.7	0.	
9853	-5.4667	7.7	0.	
9854	-5.2	7.7	0.	
9855	-4.9333	7.7	0.	
9856	-4.6667	7.7	0.	
9857	-4.4	7.7	0.	
9858	-4.1333	7.7	0.	
9859	-3.8667	7.7	0.	
9860	-3.6	7.7	0.	
9861	-3.3333	7.7	0.	
9862	-3.0667	7.7	0.	
9863	-2.8	7.7	0.	
9864	-2.5333	7.7	0.	
9865	-2.2667	7.7	0.	
9866	-9.7333	7.4	0.	
9867	-9.4667	7.4	0.	
9868	-9.2	7.4	0.	
9869	-8.9333	7.4	0.	
9870	-8.6667	7.4	0.	
9871	-8.4	7.4	0.	
9872	-8.1333	7.4	0.	
9873	-7.8667	7.4	0.	
9874	-7.6	7.4	0.	
9875	-7.3333	7.4	0.	
9876	-7.0667	7.4	0.	
9877	-6.8	7.4	0.	
9878	-6.5333	7.4	0.	
9879	-6.2667	7.4	0.	
9880	-6.	7.4	0.	
9881	-5.7333	7.4	0.	
9882	-5.4667	7.4	0.	
9883	-5.2	7.4	0.	
9884	-4.9333	7.4	0.	
9885	-4.6667	7.4	0.	
9886	-4.4	7.4	0.	
9887	-4.1333	7.4	0.	
9888	-3.8667	7.4	0.	
9889	-3.6	7.4	0.	
9890	-3.3333	7.4	0.	
9891	-3.0667	7.4	0.	
9892	-2.8	7.4	0.	
9893	-2.5333	7.4	0.	
9894	-2.2667	7.4	0.	
9895	-9.7333	7.1	0.	
9896	-9.4667	7.1	0.	
9897	-9.2	7.1	0.	
9898	-8.9333	7.1	0.	
9899	-8.6667	7.1	0.	
9900	-8.4	7.1	0.	
9901	-8.1333	7.1	0.	
9902	-7.8667	7.1	0.	
9903	-7.6	7.1	0.	
9904	-7.3333	7.1	0.	
9905	-7.0667	7.1	0.	
9906	-6.8	7.1	0.	
9907	-6.5333	7.1	0.	
9908	-6.2667	7.1	0.	
9909	-6.	7.1	0.	
9910	-5.7333	7.1	0.	
9911	-5.4667	7.1	0.	
9912	-5.2	7.1	0.	
9913	-4.9333	7.1	0.	
9914	-4.6667	7.1	0.	
9915	-4.4	7.1	0.	
9916	-4.1333	7.1	0.	
9917	-3.8667	7.1	0.	
9918	-3.6	7.1	0.	
9919	-3.3333	7.1	0.	
9920	-3.0667	7.1	0.	
9921	-2.8	7.1	0.	
9922	-2.5333	7.1	0.	
9923	-2.2667	7.1	0.	
9924	-9.7333	6.8	0.	
9925	-9.4667	6.8	0.	
9926	-9.2	6.8	0.	
9927	-8.9333	6.8	0.	
9928	-8.6667	6.8	0.	
9929	-8.4	6.8	0.	
9930	-8.1333	6.8	0.	
9931	-7.8667	6.8	0.	
9932	-7.6	6.8	0.	
9933	-7.3333	6.8	0.	
9934	-7.0667	6.8	0.	
9935	-6.8	6.8	0.	
9936	-6.5333	6.8	0.	
9937	-6.2667	6.8	0.	
9938	-6.	6.8	0.	
9939	-5.7333	6.8	0.	
9940	-5.4667	6.8	0.	
9941	-5.2	6.8	0.	
9942	-4.9333	6.8	0.	
9943	-4.6667	6.8	0.	
9944	-4.4	6.8	0.	
9945	-4.1333	6.8	0.	
9946	-3.8667	6.8	0.	
9947	-3.6	6.8	0.	
9948	-3.3333	6.8	0.	
9949	-3.0667	6.8	0.	
9950	-2.8	6.8	0.	
9951	-2.5333	6.8	0.	
9952	-2.2667	6.8	0.	
9953	-9.7333	6.5	0.	
9954	-9.4667	6.5	0.	
9955	-9.2	6.5	0.	
9956	-8.9333	6.5	0.	
9957	-8.6667	6.5	0.	
9958	-8.4	6.5	0.	
9959	-8.1333	6.5	0.	
9960	-7.8667	6.5	0.	
9961	-7.6	6.5	0.	
9962	-7.3333	6.5	0.	
9963	-7.0667	6.5	0.	
9964	-6.8	6.5	0.	
9965	-6.5333	6.5	0.	
9966	-6.2667	6.5	0.	
9967	-6.	6.5	0.	
9968	-5.7333	6.5	0.	
9969	-5.4667	6.5	0.	
9970	-5.2	6.5	0.	
9971	-4.9333	6.5	0.	
9972	-4.6667	6.5	0.	
9973	-4.4	6.5	0.	
9974	-4.1333	6.5	0.	
9975	-3.8667	6.5	0.	
9976	-3.6	6.5	0.	
9977	-3.3333	6.5	0.	
9978	-3.0667	6.5	0.	
9979	-2.8	6.5	0.	
9980	-2.5333	6.5	0.	
9981	-2.2667	6.5	0.	
9982	-9.7333	6.2	0.	
9983	-9.4667	6.2	0.	
9984	-9.2	6.2	0.	
9985	-8.9333	6.2	0.	
9986	-8.6667	6.2	0.	
9987	-8.4	6.2	0.	
9988	-8.1333	6.2	0.	
9989	-7.8667	6.2	0.	
9990	-7.6	6.2	0.	
9991	-7.3333	6.2	0.	
9992	-7.0667	6.2	0.	
9993	-6.8	6.2	0.	
9994	-6.5333	6.2	0.	
9995	-6.2667	6.2	0.	
9996	-6.	6.2	0.	
9997	-5.7333	6.2	0.	
9998	-5.4667	6.2	0.	
9999	-5.2	6.2	0.	
10000	-4.9333	6.2	0.	
10001	-4.6667	6.2	0.	
10002	-4.4	6.2	0.	
10003	-4.1333	6.2	0.	
10004	-3.8667	6.2	0.	
10005	-3.6	6.2	0.	
10006	-3.3333	6.2	0.	
10007	-3.0667	6.2	0.	
10008	-2.8	6.2	0.	
10009	-2.5333	6.2	0.	
10010	-2.2667	6.2	0.	
10011	-9.7333	5.9	0.	
10012	-9.4667	5.9	0.	
10013	-9.2	5.9	0.	
10014	-8.9333	5.9	0.	
10015	-8.6667	5.9	0.	
10016	-8.4	5.9	0.	
10017	-8.1333	5.9	0.	
10018	-7.8667	5.9	0.	
10019	-7.6	5.9	0.	
10020	-7.3333	5.9	0.	
10021	-7.0667	5.9	0.	
10022	-6.8	5.9	0.	
10023	-6.5333	5.9	0.	
10024	-6.2667	5.9	0.	
10025	-6.	5.9	0.	
10026	-5.7333	5.9	0.	
10027	-5.4667	5.9	0.	
10028	-5.2	5.9	0.	
10029	-4.9333	5.9	0.	
10030	-4.6667	5.9	0.	
10031	-4.4	5.9	0.	
10032	-4.1333	5.9	0.	
10033	-3.8667	5.9	0.	
10034	-3.6	5.9	0.	
10035	-3.3333	5.9	0.	
10036	-3.0667	5.9	0.	
10037	-2.8	5.9	0.	
10038	-2.5333	5.9	0.	
10039	-2.2667	5.9	0.	
10040	-9.7333	5.6	0.	
10041	-9.4667	5.6	0.	
10042	-9.2	5.6	0.	
10043	-8.9333	5.6	0.	
10044	-8.6667	5.6	0.	
10045	-8.4	5.6	0.	
10046	-8.1333	5.6	0.	
10047	-7.8667	5.6	0.	
10048	-7.6	5.6	0.	
10049	-7.3333	5.6	0.	
10050	-7.0667	5.6	0.	
10051	-6.8	5.6	0.	
10052	-6.5333	5.6	0.	
10053	-6.2667	5.6	0.	
10054	-6.	5.6	0.	
10055	-5.7333	5.6	0.	
10056	-5.4667	5.6	0.	
10057	-5.2	5.6	0.	
10058	-4.9333	5.6	0.	
10059	-4.6667	5.6	0.	
10060	-4.4	5.6	0.	
10061	-4.1333	5.6	0.	
10062	-3.8667	5.6	0.	
10063	-3.6	5.6	0.	
10064	-3.3333	5.6	0.	
10065	-3.0667	5.6	0.	
10066	-2.8	5.6	0.	
10067	-2.5333	5.6	0.	
10068	-2.2667	5.6	0.	
10069	-9.7333	5.3	0.	
10070	-9.4667	5.3	0.	
10071	-9.2	5.3	0.	
10072	-8.9333	5.3	0.	
10073	-8.6667	5.3	0.	
10074	-8.4	5.3	0.	
10075	-8.1333	5.3	0.	
10076	-7.8667	5.3	0.	
10077	-7.6	5.3	0.	
10078	-7.3333	5.3	0.	
10079	-7.0667	5.3	0.	
10080	-6.8	5.3	0.	
10081	-6.5333	5.3	0.	
10082	-6.2667	5.3	0.	
10083	-6.	5.3	0.	
10084	-5.7333	5.3	0.	
10085	-5.4667	5.3	0.	
10086	-5.2	5.3	0.	
10087	-4.9333	5.3	0.	
10088	-4.6667	5.3	0.	
10089	-4.4	5.3	0.	
10090	-4.1333	5.3	0.	
10091	-3.8667	5.3	0.	
10092	-3.6	5.3	0.	
10093	-3.3333	5.3	0.	
10094	-3.0667	5.3	0.	
10095	-2.8	5.3	0.	
10096	-2.5333	5.3	0.	
10097	-2.2667	5.3	0.	
10098	-9.7333	5.	0.	
10099	-9.4667	5.	0.	
10100	-9.2	5.	0.	
10101	-8.9333	5.	0.	
10102	-8.6667	5.	0.	
10103	-8.4	5.	0.	
10104	-8.1333	5.	0.	
10105	-7.8667	5.	0.	
10106	-7.6	5.	0.	
10107	-7.3333	5.	0.	
10108	-7.0667	5.	0.	
10109	-6.8	5.	0.	
10110	-6.5333	5.	0.	
10111	-6.2667	5.	0.	
10112	-6.	5.	0.	
10113	-5.7333	5.	0.	
10114	-5.4667	5.	0.	
10115	-5.2	5.	0.	
10116	-4.9333	5.	0.	
10117	-4.6667	5.	0.	
10118	-4.4	5.	0.	
10119	-4.1333	5.	0.	
10120	-3.8667	5.	0.	
10121	-3.6	5.	0.	
10122	-3.3333	5.	0.	
10123	-3.0667	5.	0.	
10124	-2.8	5.	0.	
10125	-2.5333	5.	0.	
10126	-2.2667	5.	0.	
10127	-9.7333	4.7	0.	
10128	-9.4667	4.7	0.	
10129	-9.2	4.7	0.	
10130	-8.9333	4.7	0.	
10131	-8.6667	4.7	0.	
10132	-8.4	4.7	0.	
10133	-8.1333	4.7	0.	
10134	-7.8667	4.7	0.	
10135	-7.6	4.7	0.	
10136	-7.3333	4.7	0.	
10137	-7.0667	4.7	0.	
10138	-6.8	4.7	0.	
10139	-6.5333	4.7	0.	
10140	-6.2667	4.7	0.	
10141	-6.	4.7	0.	
10142	-5.7333	4.7	0.	
10143	-5.4667	4.7	0.	
10144	-5.2	4.7	0.	
10145	-4.9333	4.7	0.	
10146	-4.6667	4.7	0.	
10147	-4.4	4.7	0.	
10148	-4.1333	4.7	0.	
10149	-3.8667	4.7	0.	
10150	-3.6	4.7	0.	
10151	-3.3333	4.7	0.	
10152	-3.0667	4.7	0.	
10153	-2.8	4.7	0.	
10154	-2.5333	4.7	0.	
10155	-2.2667	4.7	0.	
10156	-9.7333	4.4	0.	
10157	-9.4667	4.4	0.	
10158	-9.2	4.4	0.	
10159	-8.9333	4.4	0.	
10160	-8.6667	4.4	0.	
10161	-8.4	4.4	0.	
10162	-8.1333	4.4	0.	
10163	-7.8667	4.4	0.	
10164	-7.6	4.4	0.	
10165	-7.3333	4.4	0.	
10166	-7.0667	4.4	0.	
10167	-6.8	4.4	0.	
10168	-6.5333	4.4	0.	
10169	-6.2667	4.4	0.	
10170	-6.	4.4	0.	
10171	-5.7333	4.4	0.	
10172	-5.4667	4.4	0.	
10173	-5.2	4.4	0.	
10174	-4.9333	4.4	0.	
10175	-4.6667	4.4	0.	
10176	-4.4	4.4	0.	
10177	-4.1333	4.4	0.	
10178	-3.8667	4.4	0.	
10179	-3.6	4.4	0.	
10180	-3.3333	4.4	0.	
10181	-3.0667	4.4	0.	
10182	-2.8	4.4	0.	
10183	-2.5333	4.4	0.	
10184	-2.2667	4.4	0.	
10185	-9.7333	4.1	0.	
10186	-9.4667	4.1	0.	
10187	-9.2	4.1	0.	
10188	-8.9333	4.1	0.	
10189	-8.6667	4.1	0.	
10190	-8.4	4.1	0.	
10191	-8.1333	4.1	0.	
10192	-7.8667	4.1	0.	
10193	-7.6	4.1	0.	
10194	-7.3333	4.1	0.	
10195	-7.0667	4.1	0.	
10196	-6.8	4.1	0.	
10197	-6.5333	4.1	0.	
10198	-6.2667	4.1	0.	
10199	-6.	4.1	0.	
10200	-5.7333	4.1	0.	
10201	-5.4667	4.1	0.	
10202	-5.2	4.1	0.	
10203	-4.9333	4.1	0.	
10204	-4.6667	4.1	0.	
10205	-4.4	4.1	0.	
10206	-4.1333	4.1	0.	
10207	-3.8667	4.1	0.	
10208	-3.6	4.1	0.	
10209	-3.3333	4.1	0.	
10210	-3.0667	4.1	0.	
10211	-2.8	4.1	0.	
10212	-2.5333	4.1	0.	
10213	-2.2667	4.1	0.	
10214	-9.7333	3.8	0.	
10215	-9.4667	3.8	0.	
10216	-9.2	3.8	0.	
10217	-8.9333	3.8	0.	
10218	-8.6667	3.8	0.	
10219	-8.4	3.8	0.	
10220	-8.1333	3.8	0.	
10221	-7.8667	3.8	0.	
10222	-7.6	3.8	0.	
10223	-7.3333	3.8	0.	
10224	-7.0667	3.8	0.	
10225	-6.8	3.8	0.	
10226	-6.5333	3.8	0.	
10227	-6.2667	3.8	0.	
10228	-6.	3.8	0.	
10229	-5.7333	3.8	0.	
10230	-5.4667	3.8	0.	
10231	-5.2	3.8	0.	
10232	-4.9333	3.8	0.	
10233	-4.6667	3.8	0.	
10234	-4.4	3.8	0.	
10235	-4.1333	3.8	0.	
10236	-3.8667	3.8	0.	
10237	-3.6	3.8	0.	
10238	-3.3333	3.8	0.	
10239	-3.0667	3.8	0.	
10240	-2.8	3.8	0.	
10241	-2.5333	3.8	0.	
10242	-2.2667	3.8	0.	
10243	-9.7333	3.5	0.	
10244	-9.4667	3.5	0.	
10245	-9.2	3.5	0.	
10246	-8.9333	3.5	0.	
10247	-8.6667	3.5	0.	
10248	-8.4	3.5	0.	
10249	-8.1333	3.5	0.	
10250	-7.8667	3.5	0.	
10251	-7.6	3.5	0.	
10252	-7.3333	3.5	0.	
10253	-7.0667	3.5	0.	
10254	-6.8	3.5	0.	
10255	-6.5333	3.5	0.	
10256	-6.2667	3.5	0.	
10257	-6.	3.5	0.	
10258	-5.7333	3.5	0.	
10259	-5.4667	3.5	0.	
10260	-5.2	3.5	0.	
10261	-4.9333	3.5	0.	
10262	-4.6667	3.5	0.	
10263	-4.4	3.5	0.	
10264	-4.1333	3.5	0.	
10265	-3.8667	3.5	0.	
10266	-3.6	3.5	0.	
10267	-3.3333	3.5	0.	
10268	-3.0667	3.5	0.	
10269	-2.8	3.5	0.	
10270	-2.5333	3.5	0.	
10271	-2.2667	3.5	0.	
10272	-9.7333	3.2	0.	
10273	-9.4667	3.2	0.	
10274	-9.2	3.2	0.	
10275	-8.9333	3.2	0.	
10276	-8.6667	3.2	0.	
10277	-8.4	3.2	0.	
10278	-8.1333	3.2	0.	
10279	-7.8667	3.2	0.	
10280	-7.6	3.2	0.	
10281	-7.3333	3.2	0.	
10282	-7.0667	3.2	0.	
10283	-6.8	3.2	0.	
10284	-6.5333	3.2	0.	
10285	-6.2667	3.2	0.	
10286	-6.	3.2	0.	
10287	-5.7333	3.2	0.	
10288	-5.4667	3.2	0.	
10289	-5.2	3.2	0.	
10290	-4.9333	3.2	0.	
10291	-4.6667	3.2	0.	
10292	-4.4	3.2	0.	
10293	-4.1333	3.2	0.	
10294	-3.8667	3.2	0.	
10295	-3.6	3.2	0.	
10296	-3.3333	3.2	0.	
10297	-3.0667	3.2	0.	
10298	-2.8	3.2	0.	
10299	-2.5333	3.2	0.	
10300	-2.2667	3.2	0.	
10301	-9.7333	2.9	0.	
10302	-9.4667	2.9	0.	
10303	-9.2	2.9	0.	
10304	-8.9333	2.9	0.	
10305	-8.6667	2.9	0.	
10306	-8.4	2.9	0.	
10307	-8.1333	2.9	0.	
10308	-7.8667	2.9	0.	
10309	-7.6	2.9	0.	
10310	-7.3333	2.9	0.	
10311	-7.0667	2.9	0.	
10312	-6.8	2.9	0.	
10313	-6.5333	2.9	0.	
10314	-6.2667	2.9	0.	
10315	-6.	2.9	0.	
10316	-5.7333	2.9	0.	
10317	-5.4667	2.9	0.	
10318	-5.2	2.9	0.	
10319	-4.9333	2.9	0.	
10320	-4.6667	2.9	0.	
10321	-4.4	2.9	0.	
10322	-4.1333	2.9	0.	
10323	-3.8667	2.9	0.	
10324	-3.6	2.9	0.	
10325	-3.3333	2.9	0.	
10326	-3.0667	2.9	0.	
10327	-2.8	2.9	0.	
10328	-2.5333	2.9	0.	
10329	-2.2667	2.9	0.	
10330	-9.7333	2.6	0.	
10331	-9.4667	2.6	0.	
10332	-9.2	2.6	0.	
10333	-8.9333	2.6	0.	
10334	-8.6667	2.6	0.	
10335	-8.4	2.6	0.	
10336	-8.1333	2.6	0.	
10337	-7.8667	2.6	0.	
10338	-7.6	2.6	0.	
10339	-7.3333	2.6	0.	
10340	-7.0667	2.6	0.	
10341	-6.8	2.6	0.	
10342	-6.5333	2.6	0.	
10343	-6.2667	2.6	0.	
10344	-6.	2.6	0.	
10345	-5.7333	2.6	0.	
10346	-5.4667	2.6	0.	
10347	-5.2	2.6	0.	
10348	-4.9333	2.6	0.	
10349	-4.6667	2.6	0.	
10350	-4.4	2.6	0.	
10351	-4.1333	2.6	0.	
10352	-3.8667	2.6	0.	
10353	-3.6	2.6	0.	
10354	-3.3333	2.6	0.	
10355	-3.0667	2.6	0.	
10356	-2.8	2.6	0.	
10357	-2.5333	2.6	0.	
10358	-2.2667	2.6	0.	
10359	-9.7333	2.3	0.	
10360	-9.4667	2.3	0.	
10361	-9.2	2.3	0.	
10362	-8.9333	2.3	0.	
10363	-8.6667	2.3	0.	
10364	-8.4	2.3	0.	
10365	-8.1333	2.3	0.	
10366	-7.8667	2.3	0.	
10367	-7.6	2.3	0.	
10368	-7.3333	2.3	0.	
10369	-7.0667	2.3	0.	
10370	-6.8	2.3	0.	
10371	-6.5333	2.3	0.	
10372	-6.2667	2.3	0.	
10373	-6.	2.3	0.	
10374	-5.7333	2.3	0.	
10375	-5.4667	2.3	0.	
10376	-5.2	2.3	0.	
10377	-4.9333	2.3	0.	
10378	-4.6667	2.3	0.	
10379	-4.4	2.3	0.	
10380	-4.1333	2.3	0.	
10381	-3.8667	2.3	0.	
10382	-3.6	2.3	0.	
10383	-3.3333	2.3	0.	
10384	-3.0667	2.3	0.	
10385	-2.8	2.3	0.	
10386	-2.5333	2.3	0.	
10387	-2.2667	2.3	0.	
10388	-9.7333	8.	0.	
10389	-9.4667	8.	0.	
10390	-9.2	8.	0.	
10391	-8.9333	8.	0.	
10392	-8.6667	8.	0.	
10393	-8.4	8.	0.	
10394	-8.1333	8.	0.	
10395	-7.8667	8.	0.	
10396	-7.6	8.	0.	
10397	-7.3333	8.	0.	
10398	-7.0667	8.	0.	
10399	-6.8	8.	0.	
10400	-6.5333	8.	0.	
10401	-6.2667	8.	0.	
10402	-6.	8.	0.	
10403	-5.7333	8.	0.	
10404	-5.4667	8.	0.	
10405	-5.2	8.	0.	
10406	-4.9333	8.	0.	
10407	-4.6667	8.	0.	
10408	-4.4	8.	0.	
10409	-4.1333	8.	0.	
10410	-3.8667	8.	0.	
10411	-3.6	8.	0.	
10412	-3.3333	8.	0.	
10413	-3.0667	8.	0.	
10414	-2.8	8.	0.	
10415	-2.5333	8.	0.	
10416	-2.2667	8.	0.	
10417	-10.	2.3	0.	
10418	-10.	2.6	0.	
10419	-10.	2.9	0.	
10420	-10.	3.2	0.	
10421	-10.	3.5	0.	
10422	-10.	3.8	0.	
10423	-10.	4.1	0.	
10424	-10.	4.4	0.	
10425	-10.	4.7	0.	
10426	-10.	5.	0.	
10427	-10.	5.3	0.	
10428	-10.	5.6	0.	
10429	-10.	5.9	0.	
10430	-10.	6.2	0.	
10431	-10.	6.5	0.	
10432	-10.	6.8	0.	
10433	-10.	7.1	0.	
10434	-10.	7.4	0.	
10435	-10.	7.7	0.	
10436	-2.	2.3	0.	
10437	-2.	2.6	0.	
10438	-2.	2.9	0.	
10439	-2.	3.2	0.	
10440	-2.	3.5	0.	
10441	-2.	3.8	0.	
10442	-2.	4.1	0.	
10443	-2.	4.4	0.	
10444	-2.	4.7	0.	
10445	-2.	5.	0.	
10446	-2.	5.3	0.	
10447	-2.	5.6	0.	
10448	-2.	5.9	0.	
10449	-2.	6.2	0.	
10450	-2.	6.5	0.	
10451	-2.	6.8	0.	
10452	-2.	7.1	0.	
10453	-2.	7.4	0.	
10454	-2.	7.7	0.	
10455	2.3167	-7.7	0.	
10456	2.3167	-7.4	0.	
10457	2.3167	-7.1	0.	
10458	2.3167	-6.8	0.	
10459	2.3167	-6.5	0.	
10460	2.3167	-6.2	0.	
10461	2.3167	-5.9	0.	
10462	2.3167	-5.6	0.	
10463	2.3167	-5.3	0.	
10464	2.3167	-5.	0.	
10465	2.3167	-4.7	0.	
10466	2.3167	-4.4	0.	
10467	2.3167	-4.1	0.	
10468	2.3167	-3.8	0.	
10469	2.3167	-3.5	0.	
10470	2.3167	-3.2	0.	
10471	2.3167	-2.9	0.	
10472	2.3167	-2.6	0.	
10473	2.3167	-2.3	0.	
10474	2.6333	-7.7	0.	
10475	2.6333	-7.4	0.	
10476	2.6333	-7.1	0.	
10477	2.6333	-6.8	0.	
10478	2.6333	-6.5	0.	
10479	2.6333	-6.2	0.	
10480	2.6333	-5.9	0.	
10481	2.6333	-5.6	0.	
10482	2.6333	-5.3	0.	
10483	2.6333	-5.	0.	
10484	2.6333	-4.7	0.	
10485	2.6333	-4.4	0.	
10486	2.6333	-4.1	0.	
10487	2.6333	-3.8	0.	
10488	2.6333	-3.5	0.	
10489	2.6333	-3.2	0.	
10490	2.6333	-2.9	0.	
10491	2.6333	-2.6	0.	
10492	2.6333	-2.3	0.	
10493	2.95	-7.7	0.	
10494	2.95	-7.4	0.	
10495	2.95	-7.1	0.	
10496	2.95	-6.8	0.	
10497	2.95	-6.5	0.	
10498	2.95	-6.2	0.	
10499	2.95	-5.9	0.	
10500	2.95	-5.6	0.	
10501	2.95	-5.3	0.	
10502	2.95	-5.	0.	
10503	2.95	-4.7	0.	
10504	2.95	-4.4	0.	
10505	2.95	-4.1	0.	
10506	2.95	-3.8	0.	
10507	2.95	-3.5	0.	
10508	2.95	-3.2	0.	
10509	2.95	-2.9	0.	
10510	2.95	-2.6	0.	
10511	2.95	-2.3	0.	
10512	3.2667	-7.7	0.	
10513	3.2667	-7.4	0.	
10514	3.2667	-7.1	0.	
10515	3.2667	-6.8	0.	
10516	3.2667	-6.5	0.	
10517	3.2667	-6.2	0.	
10518	3.2667	-5.9	0.	
10519	3.2667	-5.6	0.	
10520	3.2667	-5.3	0.	
10521	3.2667	-5.	0.	
10522	3.2667	-4.7	0.	
10523	3.2667	-4.4	0.	
10524	3.2667	-4.1	0.	
10525	3.2667	-3.8	0.	
10526	3.2667	-3.5	0.	
10527	3.2667	-3.2	0.	
10528	3.2667	-2.9	0.	
10529	3.2667	-2.6	0.	
10530	3.2667	-2.3	0.	
10531	3.5833	-7.7	0.	
10532	3.5833	-7.4	0.	
10533	3.5833	-7.1	0.	
10534	3.5833	-6.8	0.	
10535	3.5833	-6.5	0.	
10536	3.5833	-6.2	0.	
10537	3.5833	-5.9	0.	
10538	3.5833	-5.6	0.	
10539	3.5833	-5.3	0.	
10540	3.5833	-5.	0.	
10541	3.5833	-4.7	0.	
10542	3.5833	-4.4	0.	
10543	3.5833	-4.1	0.	
10544	3.5833	-3.8	0.	
10545	3.5833	-3.5	0.	
10546	3.5833	-3.2	0.	
10547	3.5833	-2.9	0.	
10548	3.5833	-2.6	0.	
10549	3.5833	-2.3	0.	
10550	3.9	-7.7	0.	
10551	3.9	-7.4	0.	
10552	3.9	-7.1	0.	
10553	3.9	-6.8	0.	
10554	3.9	-6.5	0.	
10555	3.9	-6.2	0.	
10556	3.9	-5.9	0.	
10557	3.9	-5.6	0.	
10558	3.9	-5.3	0.	
10559	3.9	-5.	0.	
10560	3.9	-4.7	0.	
10561	3.9	-4.4	0.	
10562	3.9	-4.1	0.	
10563	3.9	-3.8	0.	
10564	3.9	-3.5	0.	
10565	3.9	-3.2	0.	
10566	3.9	-2.9	0.	
10567	3.9	-2.6	0.	
10568	3.9	-2.3	0.	
10569	4.2167	-7.7	0.	
10570	4.2167	-7.4	0.	
10571	4.2167	-7.1	0.	
10572	4.2167	-6.8	0.	
10573	4.2167	-6.5	0.	
10574	4.2167	-6.2	0.	
10575	4.2167	-5.9	0.	
10576	4.2167	-5.6	0.	
10577	4.2167	-5.3	0.	
10578	4.2167	-5.	0.	
10579	4.2167	-4.7	0.	
10580	4.2167	-4.4	0.	
10581	4.2167	-4.1	0.	
10582	4.2167	-3.8	0.	
10583	4.2167	-3.5	0.	
10584	4.2167	-3.2	0.	
10585	4.2167	-2.9	0.	
10586	4.2167	-2.6	0.	
10587	4.2167	-2.3	0.	
10588	4.5333	-7.7	0.	
10589	4.5333	-7.4	0.	
10590	4.5333	-7.1	0.	
10591	4.5333	-6.8	0.	
10592	4.5333	-6.5	0.	
10593	4.5333	-6.2	0.	
10594	4.5333	-5.9	0.	
10595	4.5333	-5.6	0.	
10596	4.5333	-5.3	0.	
10597	4.5333	-5.	0.	
10598	4.5333	-4.7	0.	
10599	4.5333	-4.4	0.	
10600	4.5333	-4.1	0.	
10601	4.5333	-3.8	0.	
10602	4.5333	-3.5	0.	
10603	4.5333	-3.2	0.	
10604	4.5333	-2.9	0.	
10605	4.5333	-2.6	0.	
10606	4.5333	-2.3	0.	
10607	4.85	-7.7	0.	
10608	4.85	-7.4	0.	
10609	4.85	-7.1	0.	
10610	4.85	-6.8	0.	
10611	4.85	-6.5	0.	
10612	4.85	-6.2	0.	
10613	4.85	-5.9	0.	
10614	4.85	-5.6	0.	
10615	4.85	-5.3	0.	
10616	4.85	-5.	0.	
10617	4.85	-4.7	0.	
10618	4.85	-4.4	0.	
10619	4.85	-4.1	0.	
10620	4.85	-3.8	0.	
10621	4.85	-3.5	0.	
10622	4.85	-3.2	0.	
10623	4.85	-2.9	0.	
10624	4.85	-2.6	0.	
10625	4.85	-2.3	0.	
10626	5.1667	-7.7	0.	
10627	5.1667	-7.4	0.	
10628	5.1667	-7.1	0.	
10629	5.1667	-6.8	0.	
10630	5.1667	-6.5	0.	
10631	5.1667	-6.2	0.	
10632	5.1667	-5.9	0.	
10633	5.1667	-5.6	0.	
10634	5.1667	-5.3	0.	
10635	5.1667	-5.	0.	
10636	5.1667	-4.7	0.	
10637	5.1667	-4.4	0.	
10638	5.1667	-4.1	0.	
10639	5.1667	-3.8	0.	
10640	5.1667	-3.5	0.	
10641	5.1667	-3.2	0.	
10642	5.1667	-2.9	0.	
10643	5.1667	-2.6	0.	
10644	5.1667	-2.3	0.	
10645	5.4833	-7.7	0.	
10646	5.4833	-7.4	0.	
10647	5.4833	-7.1	0.	
10648	5.4833	-6.8	0.	
10649	5.4833	-6.5	0.	
10650	5.4833	-6.2	0.	
10651	5.4833	-5.9	0.	
10652	5.4833	-5.6	0.	
10653	5.4833	-5.3	0.	
10654	5.4833	-5.	0.	
10655	5.4833	-4.7	0.	
10656	5.4833	-4.4	0.	
10657	5.4833	-4.1	0.	
10658	5.4833	-3.8	0.	
10659	5.4833	-3.5	0.	
10660	5.4833	-3.2	0.	
10661	5.4833	-2.9	0.	
10662	5.4833	-2.6	0.	
10663	5.4833	-2.3	0.	
10664	5.8	-7.7	0.	
10665	5.8	-7.4	0.	
10666	5.8	-7.1	0.	
10667	5.8	-6.8	0.	
10668	5.8	-6.5	0.	
10669	5.8	-6.2	0.	
10670	5.8	-5.9	0.	
10671	5.8	-5.6	0.	
10672	5.8	-5.3	0.	
10673	5.8	-5.	0.	
10674	5.8	-4.7	0.	
10675	5.8	-4.4	0.	
10676	5.8	-4.1	0.	
10677	5.8	-3.8	0.	
10678	5.8	-3.5	0.	
10679	5.8	-3.2	0.	
10680	5.8	-2.9	0.	
10681	5.8	-2.6	0.	
10682	5.8	-2.3	0.	
10683	6.1167	-7.7	0.	
10684	6.1167	-7.4	0.	
10685	6.1167	-7.1	0.	
10686	6.1167	-6.8	0.	
10687	6.1167	-6.5	0.	
10688	6.1167	-6.2	0.	
10689	6.1167	-5.9	0.	
10690	6.1167	-5.6	0.	
10691	6.1167	-5.3	0.	
10692	6.1167	-5.	0.	
10693	6.1167	-4.7	0.	
10694	6.1167	-4.4	0.	
10695	6.1167	-4.1	0.	
10696	6.1167	-3.8	0.	
10697	6.1167	-3.5	0.	
10698	6.1167	-3.2	0.	
10699	6.1167	-2.9	0.	
10700	6.1167	-2.6	0.	
10701	6.1167	-2.3	0.	
10702	6.4333	-7.7	0.	
10703	6.4333	-7.4	0.	
10704	6.4333	-7.1	0.	
10705	6.4333	-6.8	0.	
10706	6.4333	-6.5	0.	
10707	6.4333	-6.2	0.	
10708	6.4333	-5.9	0.	
10709	6.4333	-5.6	0.	
10710	6.4333	-5.3	0.	
10711	6.4333	-5.	0.	
10712	6.4333	-4.7	0.	
10713	6.4333	-4.4	0.	
10714	6.4333	-4.1	0.	
10715	6.4333	-3.8	0.	
10716	6.4333	-3.5	0.	
10717	6.4333	-3.2	0.	
10718	6.4333	-2.9	0.	
10719	6.4333	-2.6	0.	
10720	6.4333	-2.3	0.	
10721	6.75	-7.7	0.	
10722	6.75	-7.4	0.	
10723	6.75	-7.1	0.	
10724	6.75	-6.8	0.	
10725	6.75	-6.5	0.	
10726	6.75	-6.2	0.	
10727	6.75	-5.9	0.	
10728	6.75	-5.6	0.	
10729	6.75	-5.3	0.	
10730	6.75	-5.	0.	
10731	6.75	-4.7	0.	
10732	6.75	-4.4	0.	
10733	6.75	-4.1	0.	
10734	6.75	-3.8	0.	
10735	6.75	-3.5	0.	
10736	6.75	-3.2	0.	
10737	6.75	-2.9	0.	
10738	6.75	-2.6	0.	
10739	6.75	-2.3	0.	
10740	7.0667	-7.7	0.	
10741	7.0667	-7.4	0.	
10742	7.0667	-7.1	0.	
10743	7.0667	-6.8	0.	
10744	7.0667	-6.5	0.	
10745	7.0667	-6.2	0.	
10746	7.0667	-5.9	0.	
10747	7.0667	-5.6	0.	
10748	7.0667	-5.3	0.	
10749	7.0667	-5.	0.	
10750	7.0667	-4.7	0.	
10751	7.0667	-4.4	0.	
10752	7.0667	-4.1	0.	
10753	7.0667	-3.8	0.	
10754	7.0667	-3.5	0.	
10755	7.0667	-3.2	0.	
10756	7.0667	-2.9	0.	
10757	7.0667	-2.6	0.	
10758	7.0667	-2.3	0.	
10759	7.3833	-7.7	0.	
10760	7.3833	-7.4	0.	
10761	7.3833	-7.1	0.	
10762	7.3833	-6.8	0.	
10763	7.3833	-6.5	0.	
10764	7.3833	-6.2	0.	
10765	7.3833	-5.9	0.	
10766	7.3833	-5.6	0.	
10767	7.3833	-5.3	0.	
10768	7.3833	-5.	0.	
10769	7.3833	-4.7	0.	
10770	7.3833	-4.4	0.	
10771	7.3833	-4.1	0.	
10772	7.3833	-3.8	0.	
10773	7.3833	-3.5	0.	
10774	7.3833	-3.2	0.	
10775	7.3833	-2.9	0.	
10776	7.3833	-2.6	0.	
10777	7.3833	-2.3	0.	
10778	7.7	-7.7	0.	
10779	7.7	-7.4	0.	
10780	7.7	-7.1	0.	
10781	7.7	-6.8	0.	
10782	7.7	-6.5	0.	
10783	7.7	-6.2	0.	
10784	7.7	-5.9	0.	
10785	7.7	-5.6	0.	
10786	7.7	-5.3	0.	
10787	7.7	-5.	0.	
10788	7.7	-4.7	0.	
10789	7.7	-4.4	0.	
10790	7.7	-4.1	0.	
10791	7.7	-3.8	0.	
10792	7.7	-3.5	0.	
10793	7.7	-3.2	0.	
10794	7.7	-2.9	0.	
10795	7.7	-2.6	0.	
10796	7.7	-2.3	0.	
10797	8.0167	-7.7	0.	
10798	8.0167	-7.4	0.	
10799	8.0167	-7.1	0.	
10800	8.0167	-6.8	0.	
10801	8.0167	-6.5	0.	
10802	8.0167	-6.2	0.	
10803	8.0167	-5.9	0.	
10804	8.0167	-5.6	0.	
10805	8.0167	-5.3	0.	
10806	8.0167	-5.	0.	
10807	8.0167	-4.7	0.	
10808	8.0167	-4.4	0.	
10809	8.0167	-4.1	0.	
10810	8.0167	-3.8	0.	
10811	8.0167	-3.5	0.	
10812	8.0167	-3.2	0.	
10813	8.0167	-2.9	0.	
10814	8.0167	-2.6	0.	
10815	8.0167	-2.3	0.	
10816	8.3333	-7.7	0.	
10817	8.3333	-7.4	0.	
10818	8.3333	-7.1	0.	
10819	8.3333	-6.8	0.	
10820	8.3333	-6.5	0.	
10821	8.3333	-6.2	0.	
10822	8.3333	-5.9	0.	
10823	8.3333	-5.6	0.	
10824	8.3333	-5.3	0.	
10825	8.3333	-5.	0.	
10826	8.3333	-4.7	0.	
10827	8.3333	-4.4	0.	
10828	8.3333	-4.1	0.	
10829	8.3333	-3.8	0.	
10830	8.3333	-3.5	0.	
10831	8.3333	-3.2	0.	
10832	8.3333	-2.9	0.	
10833	8.3333	-2.6	0.	
10834	8.3333	-2.3	0.	
10835	8.65	-7.7	0.	
10836	8.65	-7.4	0.	
10837	8.65	-7.1	0.	
10838	8.65	-6.8	0.	
10839	8.65	-6.5	0.	
10840	8.65	-6.2	0.	
10841	8.65	-5.9	0.	
10842	8.65	-5.6	0.	
10843	8.65	-5.3	0.	
10844	8.65	-5.	0.	
10845	8.65	-4.7	0.	
10846	8.65	-4.4	0.	
10847	8.65	-4.1	0.	
10848	8.65	-3.8	0.	
10849	8.65	-3.5	0.	
10850	8.65	-3.2	0.	
10851	8.65	-2.9	0.	
10852	8.65	-2.6	0.	
10853	8.65	-2.3	0.	
10854	8.9667	-7.7	0.	
10855	8.9667	-7.4	0.	
10856	8.9667	-7.1	0.	
10857	8.9667	-6.8	0.	
10858	8.9667	-6.5	0.	
10859	8.9667	-6.2	0.	
10860	8.9667	-5.9	0.	
10861	8.9667	-5.6	0.	
10862	8.9667	-5.3	0.	
10863	8.9667	-5.	0.	
10864	8.9667	-4.7	0.	
10865	8.9667	-4.4	0.	
10866	8.9667	-4.1	0.	
10867	8.9667	-3.8	0.	
10868	8.9667	-3.5	0.	
10869	8.9667	-3.2	0.	
10870	8.9667	-2.9	0.	
10871	8.9667	-2.6	0.	
10872	8.9667	-2.3	0.	
10873	9.2833	-7.7	0.	
10874	9.2833	-7.4	0.	
10875	9.2833	-7.1	0.	
10876	9.2833	-6.8	0.	
10877	9.2833	-6.5	0.	
10878	9.2833	-6.2	0.	
10879	9.2833	-5.9	0.	
10880	9.2833	-5.6	0.	
10881	9.2833	-5.3	0.	
10882	9.2833	-5.	0.	
10883	9.2833	-4.7	0.	
10884	9.2833	-4.4	0.	
10885	9.2833	-4.1	0.	
10886	9.2833	-3.8	0.	
10887	9.2833	-3.5	0.	
10888	9.2833	-3.2	0.	
10889	9.2833	-2.9	0.	
10890	9.2833	-2.6	0.	
10891	9.2833	-2.3	0.	
10892	9.6	-7.7	0.	
10893	9.6	-7.4	0.	
10894	9.6	-7.1	0.	
10895	9.6	-6.8	0.	
10896	9.6	-6.5	0.	
10897	9.6	-6.2	0.	
10898	9.6	-5.9	0.	
10899	9.6	-5.6	0.	
10900	9.6	-5.3	0.	
10901	9.6	-5.	0.	
10902	9.6	-4.7	0.	
10903	9.6	-4.4	0.	
10904	9.6	-4.1	0.	
10905	9.6	-3.8	0.	
10906	9.6	-3.5	0.	
10907	9.6	-3.2	0.	
10908	9.6	-2.9	0.	
10909	9.6	-2.6	0.	
10910	9.6	-2.3	0.	
10911	9.9167	-7.7	0.	
10912	9.9167	-7.4	0.	
10913	9.9167	-7.1	0.	
10914	9.9167	-6.8	0.	
10915	9.9167	-6.5	0.	
10916	9.9167	-6.2	0.	
10917	9.9167	-5.9	0.	
10918	9.9167	-5.6	0.	
10919	9.9167	-5.3	0.	
10920	9.9167	-5.	0.	
10921	9.9167	-4.7	0.	
10922	9.9167	-4.4	0.	
10923	9.9167	-4.1	0.	
10924	9.9167	-3.8	0.	
10925	9.9167	-3.5	0.	
10926	9.9167	-3.2	0.	
10927	9.9167	-2.9	0.	
10928	9.9167	-2.6	0.	
10929	9.9167	-2.3	0.	
10930	10.233	-7.7	0.	
10931	10.233	-7.4	0.	
10932	10.233	-7.1	0.	
10933	10.233	-6.8	0.	
10934	10.233	-6.5	0.	
10935	10.233	-6.2	0.	
10936	10.233	-5.9	0.	
10937	10.233	-5.6	0.	
10938	10.233	-5.3	0.	
10939	10.233	-5.	0.	
10940	10.233	-4.7	0.	
10941	10.233	-4.4	0.	
10942	10.233	-4.1	0.	
10943	10.233	-3.8	0.	
10944	10.233	-3.5	0.	
10945	10.233	-3.2	0.	
10946	10.233	-2.9	0.	
10947	10.233	-2.6	0.	
10948	10.233	-2.3	0.	
10949	10.55	-7.7	0.	
10950	10.55	-7.4	0.	
10951	10.55	-7.1	0.	
10952	10.55	-6.8	0.	
10953	10.55	-6.5	0.	
10954	10.55	-6.2	0.	
10955	10.55	-5.9	0.	
10956	10.55	-5.6	0.	
10957	10.55	-5.3	0.	
10958	10.55	-5.	0.	
10959	10.55	-4.7	0.	
10960	10.55	-4.4	0.	
10961	10.55	-4.1	0.	
10962	10.55	-3.8	0.	
10963	10.55	-3.5	0.	
10964	10.55	-3.2	0.	
10965	10.55	-2.9	0.	
10966	10.55	-2.6	0.	
10967	10.55	-2.3	0.	
10968	10.867	-7.7	0.	
10969	10.867	-7.4	0.	
10970	10.867	-7.1	0.	
10971	10.867	-6.8	0.	
10972	10.867	-6.5	0.	
10973	10.867	-6.2	0.	
10974	10.867	-5.9	0.	
10975	10.867	-5.6	0.	
10976	10.867	-5.3	0.	
10977	10.867	-5.	0.	
10978	10.867	-4.7	0.	
10979	10.867	-4.4	0.	
10980	10.867	-4.1	0.	
10981	10.867	-3.8	0.	
10982	10.867	-3.5	0.	
10983	10.867	-3.2	0.	
10984	10.867	-2.9	0.	
10985	10.867	-2.6	0.	
10986	10.867	-2.3	0.	
10987	11.183	-7.7	0.	
10988	11.183	-7.4	0.	
10989	11.183	-7.1	0.	
10990	11.183	-6.8	0.	
10991	11.183	-6.5	0.	
10992	11.183	-6.2	0.	
10993	11.183	-5.9	0.	
10994	11.183	-5.6	0.	
10995	11.183	-5.3	0.	
10996	11.183	-5.	0.	
10997	11.183	-4.7	0.	
10998	11.183	-4.4	0.	
10999	11.183	-4.1	0.	
11000	11.183	-3.8	0.	
11001	11.183	-3.5	0.	
11002	11.183	-3.2	0.	
11003	11.183	-2.9	0.	
11004	11.183	-2.6	0.	
11005	11.183	-2.3	0.	
11006	11.5	-7.7	0.	
11007	11.5	-7.4	0.	
11008	11.5	-7.1	0.	
11009	11.5	-6.8	0.	
11010	11.5	-6.5	0.	
11011	11.5	-6.2	0.	
11012	11.5	-5.9	0.	
11013	11.5	-5.6	0.	
11014	11.5	-5.3	0.	
11015	11.5	-5.	0.	
11016	11.5	-4.7	0.	
11017	11.5	-4.4	0.	
11018	11.5	-4.1	0.	
11019	11.5	-3.8	0.	
11020	11.5	-3.5	0.	
11021	11.5	-3.2	0.	
11022	11.5	-2.9	0.	
11023	11.5	-2.6	0.	
11024	11.5	-2.3	0.	
11025	11.817	-7.7	0.	
11026	11.817	-7.4	0.	
11027	11.817	-7.1	0.	
11028	11.817	-6.8	0.	
11029	11.817	-6.5	0.	
11030	11.817	-6.2	0.	
11031	11.817	-5.9	0.	
11032	11.817	-5.6	0.	
11033	11.817	-5.3	0.	
11034	11.817	-5.	0.	
11035	11.817	-4.7	0.	
11036	11.817	-4.4	0.	
11037	11.817	-4.1	0.	
11038	11.817	-3.8	0.	
11039	11.817	-3.5	0.	
11040	11.817	-3.2	0.	
11041	11.817	-2.9	0.	
11042	11.817	-2.6	0.	
11043	11.817	-2.3	0.	
11044	12.133	-7.7	0.	
11045	12.133	-7.4	0.	
11046	12.133	-7.1	0.	
11047	12.133	-6.8	0.	
11048	12.133	-6.5	0.	
11049	12.133	-6.2	0.	
11050	12.133	-5.9	0.	
11051	12.133	-5.6	0.	
11052	12.133	-5.3	0.	
11053	12.133	-5.	0.	
11054	12.133	-4.7	0.	
11055	12.133	-4.4	0.	
11056	12.133	-4.1	0.	
11057	12.133	-3.8	0.	
11058	12.133	-3.5	0.	
11059	12.133	-3.2	0.	
11060	12.133	-2.9	0.	
11061	12.133	-2.6	0.	
11062	12.133	-2.3	0.	
11063	12.45	-7.7	0.	
11064	12.45	-7.4	0.	
11065	12.45	-7.1	0.	
11066	12.45	-6.8	0.	
11067	12.45	-6.5	0.	
11068	12.45	-6.2	0.	
11069	12.45	-5.9	0.	
11070	12.45	-5.6	0.	
11071	12.45	-5.3	0.	
11072	12.45	-5.	0.	
11073	12.45	-4.7	0.	
11074	12.45	-4.4	0.	
11075	12.45	-4.1	0.	
11076	12.45	-3.8	0.	
11077	12.45	-3.5	0.	
11078	12.45	-3.2	0.	
11079	12.45	-2.9	0.	
11080	12.45	-2.6	0.	
11081	12.45	-2.3	0.	
11082	12.767	-7.7	0.	
11083	12.767	-7.4	0.	
11084	12.767	-7.1	0.	
11085	12.767	-6.8	0.	
11086	12.767	-6.5	0.	
11087	12.767	-6.2	0.	
11088	12.767	-5.9	0.	
11089	12.767	-5.6	0.	
11090	12.767	-5.3	0.	
11091	12.767	-5.	0.	
11092	12.767	-4.7	0.	
11093	12.767	-4.4	0.	
11094	12.767	-4.1	0.	
11095	12.767	-3.8	0.	
11096	12.767	-3.5	0.	
11097	12.767	-3.2	0.	
11098	12.767	-2.9	0.	
11099	12.767	-2.6	0.	
11100	12.767	-2.3	0.	
11101	13.083	-7.7	0.	
11102	13.083	-7.4	0.	
11103	13.083	-7.1	0.	
11104	13.083	-6.8	0.	
11105	13.083	-6.5	0.	
11106	13.083	-6.2	0.	
11107	13.083	-5.9	0.	
11108	13.083	-5.6	0.	
11109	13.083	-5.3	0.	
11110	13.083	-5.	0.	
11111	13.083	-4.7	0.	
11112	13.083	-4.4	0.	
11113	13.083	-4.1	0.	
11114	13.083	-3.8	0.	
11115	13.083	-3.5	0.	
11116	13.083	-3.2	0.	
11117	13.083	-2.9	0.	
11118	13.083	-2.6	0.	
11119	13.083	-2.3	0.	
11120	13.4	-7.7	0.	
11121	13.4	-7.4	0.	
11122	13.4	-7.1	0.	
11123	13.4	-6.8	0.	
11124	13.4	-6.5	0.	
11125	13.4	-6.2	0.	
11126	13.4	-5.9	0.	
11127	13.4	-5.6	0.	
11128	13.4	-5.3	0.	
11129	13.4	-5.	0.	
11130	13.4	-4.7	0.	
11131	13.4	-4.4	0.	
11132	13.4	-4.1	0.	
11133	13.4	-3.8	0.	
11134	13.4	-3.5	0.	
11135	13.4	-3.2	0.	
11136	13.4	-2.9	0.	
11137	13.4	-2.6	0.	
11138	13.4	-2.3	0.	
11139	13.717	-7.7	0.	
11140	13.717	-7.4	0.	
11141	13.717	-7.1	0.	
11142	13.717	-6.8	0.	
11143	13.717	-6.5	0.	
11144	13.717	-6.2	0.	
11145	13.717	-5.9	0.	
11146	13.717	-5.6	0.	
11147	13.717	-5.3	0.	
11148	13.717	-5.	0.	
11149	13.717	-4.7	0.	
11150	13.717	-4.4	0.	
11151	13.717	-4.1	0.	
11152	13.717	-3.8	0.	
11153	13.717	-3.5	0.	
11154	13.717	-3.2	0.	
11155	13.717	-2.9	0.	
11156	13.717	-2.6	0.	
11157	13.717	-2.3	0.	
11158	14.033	-7.7	0.	
11159	14.033	-7.4	0.	
11160	14.033	-7.1	0.	
11161	14.033	-6.8	0.	
11162	14.033	-6.5	0.	
11163	14.033	-6.2	0.	
11164	14.033	-5.9	0.	
11165	14.033	-5.6	0.	
11166	14.033	-5.3	0.	
11167	14.033	-5.	0.	
11168	14.033	-4.7	0.	
11169	14.033	-4.4	0.	
11170	14.033	-4.1	0.	
11171	14.033	-3.8	0.	
11172	14.033	-3.5	0.	
11173	14.033	-3.2	0.	
11174	14.033	-2.9	0.	
11175	14.033	-2.6	0.	
11176	14.033	-2.3	0.	
11177	14.35	-7.7	0.	
11178	14.35	-7.4	0.	
11179	14.35	-7.1	0.	
11180	14.35	-6.8	0.	
11181	14.35	-6.5	0.	
11182	14.35	-6.2	0.	
11183	14.35	-5.9	0.	
11184	14.35	-5.6	0.	
11185	14.35	-5.3	0.	
11186	14.35	-5.	0.	
11187	14.35	-4.7	0.	
11188	14.35	-4.4	0.	
11189	14.35	-4.1	0.	
11190	14.35	-3.8	0.	
11191	14.35	-3.5	0.	
11192	14.35	-3.2	0.	
11193	14.35	-2.9	0.	
11194	14.35	-2.6	0.	
11195	14.35	-2.3	0.	
11196	14.667	-7.7	0.	
11197	14.667	-7.4	0.	
11198	14.667	-7.1	0.	
11199	14.667	-6.8	0.	
11200	14.667	-6.5	0.	
11201	14.667	-6.2	0.	
11202	14.667	-5.9	0.	
11203	14.667	-5.6	0.	
11204	14.667	-5.3	0.	
11205	14.667	-5.	0.	
11206	14.667	-4.7	0.	
11207	14.667	-4.4	0.	
11208	14.667	-4.1	0.	
11209	14.667	-3.8	0.	
11210	14.667	-3.5	0.	
11211	14.667	-3.2	0.	
11212	14.667	-2.9	0.	
11213	14.667	-2.6	0.	
11214	14.667	-2.3	0.	
11215	14.983	-7.7	0.	
11216	14.983	-7.4	0.	
11217	14.983	-7.1	0.	
11218	14.983	-6.8	0.	
11219	14.983	-6.5	0.	
11220	14.983	-6.2	0.	
11221	14.983	-5.9	0.	
11222	14.983	-5.6	0.	
11223	14.983	-5.3	0.	
11224	14.983	-5.	0.	
11225	14.983	-4.7	0.	
11226	14.983	-4.4	0.	
11227	14.983	-4.1	0.	
11228	14.983	-3.8	0.	
11229	14.983	-3.5	0.	
11230	14.983	-3.2	0.	
11231	14.983	-2.9	0.	
11232	14.983	-2.6	0.	
11233	14.983	-2.3	0.	
11234	15.3	-7.7	0.	
11235	15.3	-7.4	0.	
11236	15.3	-7.1	0.	
11237	15.3	-6.8	0.	
11238	15.3	-6.5	0.	
11239	15.3	-6.2	0.	
11240	15.3	-5.9	0.	
11241	15.3	-5.6	0.	
11242	15.3	-5.3	0.	
11243	15.3	-5.	0.	
11244	15.3	-4.7	0.	
11245	15.3	-4.4	0.	
11246	15.3	-4.1	0.	
11247	15.3	-3.8	0.	
11248	15.3	-3.5	0.	
11249	15.3	-3.2	0.	
11250	15.3	-2.9	0.	
11251	15.3	-2.6	0.	
11252	15.3	-2.3	0.	
11253	15.617	-7.7	0.	
11254	15.617	-7.4	0.	
11255	15.617	-7.1	0.	
11256	15.617	-6.8	0.	
11257	15.617	-6.5	0.	
11258	15.617	-6.2	0.	
11259	15.617	-5.9	0.	
11260	15.617	-5.6	0.	
11261	15.617	-5.3	0.	
11262	15.617	-5.	0.	
11263	15.617	-4.7	0.	
11264	15.617	-4.4	0.	
11265	15.617	-4.1	0.	
11266	15.617	-3.8	0.	
11267	15.617	-3.5	0.	
11268	15.617	-3.2	0.	
11269	15.617	-2.9	0.	
11270	15.617	-2.6	0.	
11271	15.617	-2.3	0.	
11272	15.933	-7.7	0.	
11273	15.933	-7.4	0.	
11274	15.933	-7.1	0.	
11275	15.933	-6.8	0.	
11276	15.933	-6.5	0.	
11277	15.933	-6.2	0.	
11278	15.933	-5.9	0.	
11279	15.933	-5.6	0.	
11280	15.933	-5.3	0.	
11281	15.933	-5.	0.	
11282	15.933	-4.7	0.	
11283	15.933	-4.4	0.	
11284	15.933	-4.1	0.	
11285	15.933	-3.8	0.	
11286	15.933	-3.5	0.	
11287	15.933	-3.2	0.	
11288	15.933	-2.9	0.	
11289	15.933	-2.6	0.	
11290	15.933	-2.3	0.	
11291	16.25	-7.7	0.	
11292	16.25	-7.4	0.	
11293	16.25	-7.1	0.	
11294	16.25	-6.8	0.	
11295	16.25	-6.5	0.	
11296	16.25	-6.2	0.	
11297	16.25	-5.9	0.	
11298	16.25	-5.6	0.	
11299	16.25	-5.3	0.	
11300	16.25	-5.	0.	
11301	16.25	-4.7	0.	
11302	16.25	-4.4	0.	
11303	16.25	-4.1	0.	
11304	16.25	-3.8	0.	
11305	16.25	-3.5	0.	
11306	16.25	-3.2	0.	
11307	16.25	-2.9	0.	
11308	16.25	-2.6	0.	
11309	16.25	-2.3	0.	
11310	16.567	-7.7	0.	
11311	16.567	-7.4	0.	
11312	16.567	-7.1	0.	
11313	16.567	-6.8	0.	
11314	16.567	-6.5	0.	
11315	16.567	-6.2	0.	
11316	16.567	-5.9	0.	
11317	16.567	-5.6	0.	
11318	16.567	-5.3	0.	
11319	16.567	-5.	0.	
11320	16.567	-4.7	0.	
11321	16.567	-4.4	0.	
11322	16.567	-4.1	0.	
11323	16.567	-3.8	0.	
11324	16.567	-3.5	0.	
11325	16.567	-3.2	0.	
11326	16.567	-2.9	0.	
11327	16.567	-2.6	0.	
11328	16.567	-2.3	0.	
11329	16.883	-7.7	0.	
11330	16.883	-7.4	0.	
11331	16.883	-7.1	0.	
11332	16.883	-6.8	0.	
11333	16.883	-6.5	0.	
11334	16.883	-6.2	0.	
11335	16.883	-5.9	0.	
11336	16.883	-5.6	0.	
11337	16.883	-5.3	0.	
11338	16.883	-5.	0.	
11339	16.883	-4.7	0.	
11340	16.883	-4.4	0.	
11341	16.883	-4.1	0.	
11342	16.883	-3.8	0.	
11343	16.883	-3.5	0.	
11344	16.883	-3.2	0.	
11345	16.883	-2.9	0.	
11346	16.883	-2.6	0.	
11347	16.883	-2.3	0.	
11348	17.2	-7.7	0.	
11349	17.2	-7.4	0.	
11350	17.2	-7.1	0.	
11351	17.2	-6.8	0.	
11352	17.2	-6.5	0.	
11353	17.2	-6.2	0.	
11354	17.2	-5.9	0.	
11355	17.2	-5.6	0.	
11356	17.2	-5.3	0.	
11357	17.2	-5.	0.	
11358	17.2	-4.7	0.	
11359	17.2	-4.4	0.	
11360	17.2	-4.1	0.	
11361	17.2	-3.8	0.	
11362	17.2	-3.5	0.	
11363	17.2	-3.2	0.	
11364	17.2	-2.9	0.	
11365	17.2	-2.6	0.	
11366	17.2	-2.3	0.	
11367	17.517	-7.7	0.	
11368	17.517	-7.4	0.	
11369	17.517	-7.1	0.	
11370	17.517	-6.8	0.	
11371	17.517	-6.5	0.	
11372	17.517	-6.2	0.	
11373	17.517	-5.9	0.	
11374	17.517	-5.6	0.	
11375	17.517	-5.3	0.	
11376	17.517	-5.	0.	
11377	17.517	-4.7	0.	
11378	17.517	-4.4	0.	
11379	17.517	-4.1	0.	
11380	17.517	-3.8	0.	
11381	17.517	-3.5	0.	
11382	17.517	-3.2	0.	
11383	17.517	-2.9	0.	
11384	17.517	-2.6	0.	
11385	17.517	-2.3	0.	
11386	17.833	-7.7	0.	
11387	17.833	-7.4	0.	
11388	17.833	-7.1	0.	
11389	17.833	-6.8	0.	
11390	17.833	-6.5	0.	
11391	17.833	-6.2	0.	
11392	17.833	-5.9	0.	
11393	17.833	-5.6	0.	
11394	17.833	-5.3	0.	
11395	17.833	-5.	0.	
11396	17.833	-4.7	0.	
11397	17.833	-4.4	0.	
11398	17.833	-4.1	0.	
11399	17.833	-3.8	0.	
11400	17.833	-3.5	0.	
11401	17.833	-3.2	0.	
11402	17.833	-2.9	0.	
11403	17.833	-2.6	0.	
11404	17.833	-2.3	0.	
11405	18.15	-7.7	0.	
11406	18.15	-7.4	0.	
11407	18.15	-7.1	0.	
11408	18.15	-6.8	0.	
11409	18.15	-6.5	0.	
11410	18.15	-6.2	0.	
11411	18.15	-5.9	0.	
11412	18.15	-5.6	0.	
11413	18.15	-5.3	0.	
11414	18.15	-5.	0.	
11415	18.15	-4.7	0.	
11416	18.15	-4.4	0.	
11417	18.15	-4.1	0.	
11418	18.15	-3.8	0.	
11419	18.15	-3.5	0.	
11420	18.15	-3.2	0.	
11421	18.15	-2.9	0.	
11422	18.15	-2.6	0.	
11423	18.15	-2.3	0.	
11424	18.467	-7.7	0.	
11425	18.467	-7.4	0.	
11426	18.467	-7.1	0.	
11427	18.467	-6.8	0.	
11428	18.467	-6.5	0.	
11429	18.467	-6.2	0.	
11430	18.467	-5.9	0.	
11431	18.467	-5.6	0.	
11432	18.467	-5.3	0.	
11433	18.467	-5.	0.	
11434	18.467	-4.7	0.	
11435	18.467	-4.4	0.	
11436	18.467	-4.1	0.	
11437	18.467	-3.8	0.	
11438	18.467	-3.5	0.	
11439	18.467	-3.2	0.	
11440	18.467	-2.9	0.	
11441	18.467	-2.6	0.	
11442	18.467	-2.3	0.	
11443	18.783	-7.7	0.	
11444	18.783	-7.4	0.	
11445	18.783	-7.1	0.	
11446	18.783	-6.8	0.	
11447	18.783	-6.5	0.	
11448	18.783	-6.2	0.	
11449	18.783	-5.9	0.	
11450	18.783	-5.6	0.	
11451	18.783	-5.3	0.	
11452	18.783	-5.	0.	
11453	18.783	-4.7	0.	
11454	18.783	-4.4	0.	
11455	18.783	-4.1	0.	
11456	18.783	-3.8	0.	
11457	18.783	-3.5	0.	
11458	18.783	-3.2	0.	
11459	18.783	-2.9	0.	
11460	18.783	-2.6	0.	
11461	18.783	-2.3	0.	
11462	19.1	-7.7	0.	
11463	19.1	-7.4	0.	
11464	19.1	-7.1	0.	
11465	19.1	-6.8	0.	
11466	19.1	-6.5	0.	
11467	19.1	-6.2	0.	
11468	19.1	-5.9	0.	
11469	19.1	-5.6	0.	
11470	19.1	-5.3	0.	
11471	19.1	-5.	0.	
11472	19.1	-4.7	0.	
11473	19.1	-4.4	0.	
11474	19.1	-4.1	0.	
11475	19.1	-3.8	0.	
11476	19.1	-3.5	0.	
11477	19.1	-3.2	0.	
11478	19.1	-2.9	0.	
11479	19.1	-2.6	0.	
11480	19.1	-2.3	0.	
11481	19.417	-7.7	0.	
11482	19.417	-7.4	0.	
11483	19.417	-7.1	0.	
11484	19.417	-6.8	0.	
11485	19.417	-6.5	0.	
11486	19.417	-6.2	0.	
11487	19.417	-5.9	0.	
11488	19.417	-5.6	0.	
11489	19.417	-5.3	0.	
11490	19.417	-5.	0.	
11491	19.417	-4.7	0.	
11492	19.417	-4.4	0.	
11493	19.417	-4.1	0.	
11494	19.417	-3.8	0.	
11495	19.417	-3.5	0.	
11496	19.417	-3.2	0.	
11497	19.417	-2.9	0.	
11498	19.417	-2.6	0.	
11499	19.417	-2.3	0.	
11500	19.733	-7.7	0.	
11501	19.733	-7.4	0.	
11502	19.733	-7.1	0.	
11503	19.733	-6.8	0.	
11504	19.733	-6.5	0.	
11505	19.733	-6.2	0.	
11506	19.733	-5.9	0.	
11507	19.733	-5.6	0.	
11508	19.733	-5.3	0.	
11509	19.733	-5.	0.	
11510	19.733	-4.7	0.	
11511	19.733	-4.4	0.	
11512	19.733	-4.1	0.	
11513	19.733	-3.8	0.	
11514	19.733	-3.5	0.	
11515	19.733	-3.2	0.	
11516	19.733	-2.9	0.	
11517	19.733	-2.6	0.	
11518	19.733	-2.3	0.	
11519	20.05	-7.7	0.	
11520	20.05	-7.4	0.	
11521	20.05	-7.1	0.	
11522	20.05	-6.8	0.	
11523	20.05	-6.5	0.	
11524	20.05	-6.2	0.	
11525	20.05	-5.9	0.	
11526	20.05	-5.6	0.	
11527	20.05	-5.3	0.	
11528	20.05	-5.	0.	
11529	20.05	-4.7	0.	
11530	20.05	-4.4	0.	
11531	20.05	-4.1	0.	
11532	20.05	-3.8	0.	
11533	20.05	-3.5	0.	
11534	20.05	-3.2	0.	
11535	20.05	-2.9	0.	
11536	20.05	-2.6	0.	
11537	20.05	-2.3	0.	
11538	20.367	-7.7	0.	
11539	20.367	-7.4	0.	
11540	20.367	-7.1	0.	
11541	20.367	-6.8	0.	
11542	20.367	-6.5	0.	
11543	20.367	-6.2	0.	
11544	20.367	-5.9	0.	
11545	20.367	-5.6	0.	
11546	20.367	-5.3	0.	
11547	20.367	-5.	0.	
11548	20.367	-4.7	0.	
11549	20.367	-4.4	0.	
11550	20.367	-4.1	0.	
11551	20.367	-3.8	0.	
11552	20.367	-3.5	0.	
11553	20.367	-3.2	0.	
11554	20.367	-2.9	0.	
11555	20.367	-2.6	0.	
11556	20.367	-2.3	0.	
11557	20.683	-7.7	0.	
11558	20.683	-7.4	0.	
11559	20.683	-7.1	0.	
11560	20.683	-6.8	0.	
11561	20.683	-6.5	0.	
11562	20.683	-6.2	0.	
11563	20.683	-5.9	0.	
11564	20.683	-5.6	0.	
11565	20.683	-5.3	0.	
11566	20.683	-5.	0.	
11567	20.683	-4.7	0.	
11568	20.683	-4.4	0.	
11569	20.683	-4.1	0.	
11570	20.683	-3.8	0.	
11571	20.683	-3.5	0.	
11572	20.683	-3.2	0.	
11573	20.683	-2.9	0.	
11574	20.683	-2.6	0.	
11575	20.683	-2.3	0.	
11576	21.	-7.7	0.	
11577	21.	-7.4	0.	
11578	21.	-7.1	0.	
11579	21.	-6.8	0.	
11580	21.	-6.5	0.	
11581	21.	-6.2	0.	
11582	21.	-5.9	0.	
11583	21.	-5.6	0.	
11584	21.	-5.3	0.	
11585	21.	-5.	0.	
11586	21.	-4.7	0.	
11587	21.	-4.4	0.	
11588	21.	-4.1	0.	
11589	21.	-3.8	0.	
11590	21.	-3.5	0.	
11591	21.	-3.2	0.	
11592	21.	-2.9	0.	
11593	21.	-2.6	0.	
11594	21.	-2.3	0.	
11595	21.317	-7.7	0.	
11596	21.317	-7.4	0.	
11597	21.317	-7.1	0.	
11598	21.317	-6.8	0.	
11599	21.317	-6.5	0.	
11600	21.317	-6.2	0.	
11601	21.317	-5.9	0.	
11602	21.317	-5.6	0.	
11603	21.317	-5.3	0.	
11604	21.317	-5.	0.	
11605	21.317	-4.7	0.	
11606	21.317	-4.4	0.	
11607	21.317	-4.1	0.	
11608	21.317	-3.8	0.	
11609	21.317	-3.5	0.	
11610	21.317	-3.2	0.	
11611	21.317	-2.9	0.	
11612	21.317	-2.6	0.	
11613	21.317	-2.3	0.	
11614	21.633	-7.7	0.	
11615	21.633	-7.4	0.	
11616	21.633	-7.1	0.	
11617	21.633	-6.8	0.	
11618	21.633	-6.5	0.	
11619	21.633	-6.2	0.	
11620	21.633	-5.9	0.	
11621	21.633	-5.6	0.	
11622	21.633	-5.3	0.	
11623	21.633	-5.	0.	
11624	21.633	-4.7	0.	
11625	21.633	-4.4	0.	
11626	21.633	-4.1	0.	
11627	21.633	-3.8	0.	
11628	21.633	-3.5	0.	
11629	21.633	-3.2	0.	
11630	21.633	-2.9	0.	
11631	21.633	-2.6	0.	
11632	21.633	-2.3	0.	
11633	21.95	-7.7	0.	
11634	21.95	-7.4	0.	
11635	21.95	-7.1	0.	
11636	21.95	-6.8	0.	
11637	21.95	-6.5	0.	
11638	21.95	-6.2	0.	
11639	21.95	-5.9	0.	
11640	21.95	-5.6	0.	
11641	21.95	-5.3	0.	
11642	21.95	-5.	0.	
11643	21.95	-4.7	0.	
11644	21.95	-4.4	0.	
11645	21.95	-4.1	0.	
11646	21.95	-3.8	0.	
11647	21.95	-3.5	0.	
11648	21.95	-3.2	0.	
11649	21.95	-2.9	0.	
11650	21.95	-2.6	0.	
11651	21.95	-2.3	0.	
11652	22.267	-7.7	0.	
11653	22.267	-7.4	0.	
11654	22.267	-7.1	0.	
11655	22.267	-6.8	0.	
11656	22.267	-6.5	0.	
11657	22.267	-6.2	0.	
11658	22.267	-5.9	0.	
11659	22.267	-5.6	0.	
11660	22.267	-5.3	0.	
11661	22.267	-5.	0.	
11662	22.267	-4.7	0.	
11663	22.267	-4.4	0.	
11664	22.267	-4.1	0.	
11665	22.267	-3.8	0.	
11666	22.267	-3.5	0.	
11667	22.267	-3.2	0.	
11668	22.267	-2.9	0.	
11669	22.267	-2.6	0.	
11670	22.267	-2.3	0.	
11671	22.583	-7.7	0.	
11672	22.583	-7.4	0.	
11673	22.583	-7.1	0.	
11674	22.583	-6.8	0.	
11675	22.583	-6.5	0.	
11676	22.583	-6.2	0.	
11677	22.583	-5.9	0.	
11678	22.583	-5.6	0.	
11679	22.583	-5.3	0.	
11680	22.583	-5.	0.	
11681	22.583	-4.7	0.	
11682	22.583	-4.4	0.	
11683	22.583	-4.1	0.	
11684	22.583	-3.8	0.	
11685	22.583	-3.5	0.	
11686	22.583	-3.2	0.	
11687	22.583	-2.9	0.	
11688	22.583	-2.6	0.	
11689	22.583	-2.3	0.	
11690	22.9	-7.7	0.	
11691	22.9	-7.4	0.	
11692	22.9	-7.1	0.	
11693	22.9	-6.8	0.	
11694	22.9	-6.5	0.	
11695	22.9	-6.2	0.	
11696	22.9	-5.9	0.	
11697	22.9	-5.6	0.	
11698	22.9	-5.3	0.	
11699	22.9	-5.	0.	
11700	22.9	-4.7	0.	
11701	22.9	-4.4	0.	
11702	22.9	-4.1	0.	
11703	22.9	-3.8	0.	
11704	22.9	-3.5	0.	
11705	22.9	-3.2	0.	
11706	22.9	-2.9	0.	
11707	22.9	-2.6	0.	
11708	22.9	-2.3	0.	
11709	23.217	-7.7	0.	
11710	23.217	-7.4	0.	
11711	23.217	-7.1	0.	
11712	23.217	-6.8	0.	
11713	23.217	-6.5	0.	
11714	23.217	-6.2	0.	
11715	23.217	-5.9	0.	
11716	23.217	-5.6	0.	
11717	23.217	-5.3	0.	
11718	23.217	-5.	0.	
11719	23.217	-4.7	0.	
11720	23.217	-4.4	0.	
11721	23.217	-4.1	0.	
11722	23.217	-3.8	0.	
11723	23.217	-3.5	0.	
11724	23.217	-3.2	0.	
11725	23.217	-2.9	0.	
11726	23.217	-2.6	0.	
11727	23.217	-2.3	0.	
11728	23.533	-7.7	0.	
11729	23.533	-7.4	0.	
11730	23.533	-7.1	0.	
11731	23.533	-6.8	0.	
11732	23.533	-6.5	0.	
11733	23.533	-6.2	0.	
11734	23.533	-5.9	0.	
11735	23.533	-5.6	0.	
11736	23.533	-5.3	0.	
11737	23.533	-5.	0.	
11738	23.533	-4.7	0.	
11739	23.533	-4.4	0.	
11740	23.533	-4.1	0.	
11741	23.533	-3.8	0.	
11742	23.533	-3.5	0.	
11743	23.533	-3.2	0.	
11744	23.533	-2.9	0.	
11745	23.533	-2.6	0.	
11746	23.533	-2.3	0.	
11747	23.85	-7.7	0.	
11748	23.85	-7.4	0.	
11749	23.85	-7.1	0.	
11750	23.85	-6.8	0.	
11751	23.85	-6.5	0.	
11752	23.85	-6.2	0.	
11753	23.85	-5.9	0.	
11754	23.85	-5.6	0.	
11755	23.85	-5.3	0.	
11756	23.85	-5.	0.	
11757	23.85	-4.7	0.	
11758	23.85	-4.4	0.	
11759	23.85	-4.1	0.	
11760	23.85	-3.8	0.	
11761	23.85	-3.5	0.	
11762	23.85	-3.2	0.	
11763	23.85	-2.9	0.	
11764	23.85	-2.6	0.	
11765	23.85	-2.3	0.	
11766	24.167	-7.7	0.	
11767	24.167	-7.4	0.	
11768	24.167	-7.1	0.	
11769	24.167	-6.8	0.	
11770	24.167	-6.5	0.	
11771	24.167	-6.2	0.	
11772	24.167	-5.9	0.	
11773	24.167	-5.6	0.	
11774	24.167	-5.3	0.	
11775	24.167	-5.	0.	
11776	24.167	-4.7	0.	
11777	24.167	-4.4	0.	
11778	24.167	-4.1	0.	
11779	24.167	-3.8	0.	
11780	24.167	-3.5	0.	
11781	24.167	-3.2	0.	
11782	24.167	-2.9	0.	
11783	24.167	-2.6	0.	
11784	24.167	-2.3	0.	
11785	24.483	-7.7	0.	
11786	24.483	-7.4	0.	
11787	24.483	-7.1	0.	
11788	24.483	-6.8	0.	
11789	24.483	-6.5	0.	
11790	24.483	-6.2	0.	
11791	24.483	-5.9	0.	
11792	24.483	-5.6	0.	
11793	24.483	-5.3	0.	
11794	24.483	-5.	0.	
11795	24.483	-4.7	0.	
11796	24.483	-4.4	0.	
11797	24.483	-4.1	0.	
11798	24.483	-3.8	0.	
11799	24.483	-3.5	0.	
11800	24.483	-3.2	0.	
11801	24.483	-2.9	0.	
11802	24.483	-2.6	0.	
11803	24.483	-2.3	0.	
11804	24.8	-7.7	0.	
11805	24.8	-7.4	0.	
11806	24.8	-7.1	0.	
11807	24.8	-6.8	0.	
11808	24.8	-6.5	0.	
11809	24.8	-6.2	0.	
11810	24.8	-5.9	0.	
11811	24.8	-5.6	0.	
11812	24.8	-5.3	0.	
11813	24.8	-5.	0.	
11814	24.8	-4.7	0.	
11815	24.8	-4.4	0.	
11816	24.8	-4.1	0.	
11817	24.8	-3.8	0.	
11818	24.8	-3.5	0.	
11819	24.8	-3.2	0.	
11820	24.8	-2.9	0.	
11821	24.8	-2.6	0.	
11822	24.8	-2.3	0.	
11823	25.117	-7.7	0.	
11824	25.117	-7.4	0.	
11825	25.117	-7.1	0.	
11826	25.117	-6.8	0.	
11827	25.117	-6.5	0.	
11828	25.117	-6.2	0.	
11829	25.117	-5.9	0.	
11830	25.117	-5.6	0.	
11831	25.117	-5.3	0.	
11832	25.117	-5.	0.	
11833	25.117	-4.7	0.	
11834	25.117	-4.4	0.	
11835	25.117	-4.1	0.	
11836	25.117	-3.8	0.	
11837	25.117	-3.5	0.	
11838	25.117	-3.2	0.	
11839	25.117	-2.9	0.	
11840	25.117	-2.6	0.	
11841	25.117	-2.3	0.	
11842	25.433	-7.7	0.	
11843	25.433	-7.4	0.	
11844	25.433	-7.1	0.	
11845	25.433	-6.8	0.	
11846	25.433	-6.5	0.	
11847	25.433	-6.2	0.	
11848	25.433	-5.9	0.	
11849	25.433	-5.6	0.	
11850	25.433	-5.3	0.	
11851	25.433	-5.	0.	
11852	25.433	-4.7	0.	
11853	25.433	-4.4	0.	
11854	25.433	-4.1	0.	
11855	25.433	-3.8	0.	
11856	25.433	-3.5	0.	
11857	25.433	-3.2	0.	
11858	25.433	-2.9	0.	
11859	25.433	-2.6	0.	
11860	25.433	-2.3	0.	
11861	25.75	-7.7	0.	
11862	25.75	-7.4	0.	
11863	25.75	-7.1	0.	
11864	25.75	-6.8	0.	
11865	25.75	-6.5	0.	
11866	25.75	-6.2	0.	
11867	25.75	-5.9	0.	
11868	25.75	-5.6	0.	
11869	25.75	-5.3	0.	
11870	25.75	-5.	0.	
11871	25.75	-4.7	0.	
11872	25.75	-4.4	0.	
11873	25.75	-4.1	0.	
11874	25.75	-3.8	0.	
11875	25.75	-3.5	0.	
11876	25.75	-3.2	0.	
11877	25.75	-2.9	0.	
11878	25.75	-2.6	0.	
11879	25.75	-2.3	0.	
11880	26.067	-7.7	0.	
11881	26.067	-7.4	0.	
11882	26.067	-7.1	0.	
11883	26.067	-6.8	0.	
11884	26.067	-6.5	0.	
11885	26.067	-6.2	0.	
11886	26.067	-5.9	0.	
11887	26.067	-5.6	0.	
11888	26.067	-5.3	0.	
11889	26.067	-5.	0.	
11890	26.067	-4.7	0.	
11891	26.067	-4.4	0.	
11892	26.067	-4.1	0.	
11893	26.067	-3.8	0.	
11894	26.067	-3.5	0.	
11895	26.067	-3.2	0.	
11896	26.067	-2.9	0.	
11897	26.067	-2.6	0.	
11898	26.067	-2.3	0.	
11899	26.383	-7.7	0.	
11900	26.383	-7.4	0.	
11901	26.383	-7.1	0.	
11902	26.383	-6.8	0.	
11903	26.383	-6.5	0.	
11904	26.383	-6.2	0.	
11905	26.383	-5.9	0.	
11906	26.383	-5.6	0.	
11907	26.383	-5.3	0.	
11908	26.383	-5.	0.	
11909	26.383	-4.7	0.	
11910	26.383	-4.4	0.	
11911	26.383	-4.1	0.	
11912	26.383	-3.8	0.	
11913	26.383	-3.5	0.	
11914	26.383	-3.2	0.	
11915	26.383	-2.9	0.	
11916	26.383	-2.6	0.	
11917	26.383	-2.3	0.	
11918	26.7	-7.7	0.	
11919	26.7	-7.4	0.	
11920	26.7	-7.1	0.	
11921	26.7	-6.8	0.	
11922	26.7	-6.5	0.	
11923	26.7	-6.2	0.	
11924	26.7	-5.9	0.	
11925	26.7	-5.6	0.	
11926	26.7	-5.3	0.	
11927	26.7	-5.	0.	
11928	26.7	-4.7	0.	
11929	26.7	-4.4	0.	
11930	26.7	-4.1	0.	
11931	26.7	-3.8	0.	
11932	26.7	-3.5	0.	
11933	26.7	-3.2	0.	
11934	26.7	-2.9	0.	
11935	26.7	-2.6	0.	
11936	26.7	-2.3	0.	
11937	27.017	-7.7	0.	
11938	27.017	-7.4	0.	
11939	27.017	-7.1	0.	
11940	27.017	-6.8	0.	
11941	27.017	-6.5	0.	
11942	27.017	-6.2	0.	
11943	27.017	-5.9	0.	
11944	27.017	-5.6	0.	
11945	27.017	-5.3	0.	
11946	27.017	-5.	0.	
11947	27.017	-4.7	0.	
11948	27.017	-4.4	0.	
11949	27.017	-4.1	0.	
11950	27.017	-3.8	0.	
11951	27.017	-3.5	0.	
11952	27.017	-3.2	0.	
11953	27.017	-2.9	0.	
11954	27.017	-2.6	0.	
11955	27.017	-2.3	0.	
11956	27.333	-7.7	0.	
11957	27.333	-7.4	0.	
11958	27.333	-7.1	0.	
11959	27.333	-6.8	0.	
11960	27.333	-6.5	0.	
11961	27.333	-6.2	0.	
11962	27.333	-5.9	0.	
11963	27.333	-5.6	0.	
11964	27.333	-5.3	0.	
11965	27.333	-5.	0.	
11966	27.333	-4.7	0.	
11967	27.333	-4.4	0.	
11968	27.333	-4.1	0.	
11969	27.333	-3.8	0.	
11970	27.333	-3.5	0.	
11971	27.333	-3.2	0.	
11972	27.333	-2.9	0.	
11973	27.333	-2.6	0.	
11974	27.333	-2.3	0.	
11975	27.65	-7.7	0.	
11976	27.65	-7.4	0.	
11977	27.65	-7.1	0.	
11978	27.65	-6.8	0.	
11979	27.65	-6.5	0.	
11980	27.65	-6.2	0.	
11981	27.65	-5.9	0.	
11982	27.65	-5.6	0.	
11983	27.65	-5.3	0.	
11984	27.65	-5.	0.	
11985	27.65	-4.7	0.	
11986	27.65	-4.4	0.	
11987	27.65	-4.1	0.	
11988	27.65	-3.8	0.	
11989	27.65	-3.5	0.	
11990	27.65	-3.2	0.	
11991	27.65	-2.9	0.	
11992	27.65	-2.6	0.	
11993	27.65	-2.3	0.	
11994	27.967	-7.7	0.	
11995	27.967	-7.4	0.	
11996	27.967	-7.1	0.	
11997	27.967	-6.8	0.	
11998	27.967	-6.5	0.	
11999	27.967	-6.2	0.	
12000	27.967	-5.9	0.	
12001	27.967	-5.6	0.	
12002	27.967	-5.3	0.	
12003	27.967	-5.	0.	
12004	27.967	-4.7	0.	
12005	27.967	-4.4	0.	
12006	27.967	-4.1	0.	
12007	27.967	-3.8	0.	
12008	27.967	-3.5	0.	
12009	27.967	-3.2	0.	
12010	27.967	-2.9	0.	
12011	27.967	-2.6	0.	
12012	27.967	-2.3	0.	
12013	28.283	-7.7	0.	
12014	28.283	-7.4	0.	
12015	28.283	-7.1	0.	
12016	28.283	-6.8	0.	
12017	28.283	-6.5	0.	
12018	28.283	-6.2	0.	
12019	28.283	-5.9	0.	
12020	28.283	-5.6	0.	
12021	28.283	-5.3	0.	
12022	28.283	-5.	0.	
12023	28.283	-4.7	0.	
12024	28.283	-4.4	0.	
12025	28.283	-4.1	0.	
12026	28.283	-3.8	0.	
12027	28.283	-3.5	0.	
12028	28.283	-3.2	0.	
12029	28.283	-2.9	0.	
12030	28.283	-2.6	0.	
12031	28.283	-2.3	0.	
12032	28.6	-7.7	0.	
12033	28.6	-7.4	0.	
12034	28.6	-7.1	0.	
12035	28.6	-6.8	0.	
12036	28.6	-6.5	0.	
12037	28.6	-6.2	0.	
12038	28.6	-5.9	0.	
12039	28.6	-5.6	0.	
12040	28.6	-5.3	0.	
12041	28.6	-5.	0.	
12042	28.6	-4.7	0.	
12043	28.6	-4.4	0.	
12044	28.6	-4.1	0.	
12045	28.6	-3.8	0.	
12046	28.6	-3.5	0.	
12047	28.6	-3.2	0.	
12048	28.6	-2.9	0.	
12049	28.6	-2.6	0.	
12050	28.6	-2.3	0.	
12051	28.917	-7.7	0.	
12052	28.917	-7.4	0.	
12053	28.917	-7.1	0.	
12054	28.917	-6.8	0.	
12055	28.917	-6.5	0.	
12056	28.917	-6.2	0.	
12057	28.917	-5.9	0.	
12058	28.917	-5.6	0.	
12059	28.917	-5.3	0.	
12060	28.917	-5.	0.	
12061	28.917	-4.7	0.	
12062	28.917	-4.4	0.	
12063	28.917	-4.1	0.	
12064	28.917	-3.8	0.	
12065	28.917	-3.5	0.	
12066	28.917	-3.2	0.	
12067	28.917	-2.9	0.	
12068	28.917	-2.6	0.	
12069	28.917	-2.3	0.	
12070	29.233	-7.7	0.	
12071	29.233	-7.4	0.	
12072	29.233	-7.1	0.	
12073	29.233	-6.8	0.	
12074	29.233	-6.5	0.	
12075	29.233	-6.2	0.	
12076	29.233	-5.9	0.	
12077	29.233	-5.6	0.	
12078	29.233	-5.3	0.	
12079	29.233	-5.	0.	
12080	29.233	-4.7	0.	
12081	29.233	-4.4	0.	
12082	29.233	-4.1	0.	
12083	29.233	-3.8	0.	
12084	29.233	-3.5	0.	
12085	29.233	-3.2	0.	
12086	29.233	-2.9	0.	
12087	29.233	-2.6	0.	
12088	29.233	-2.3	0.	
12089	29.55	-7.7	0.	
12090	29.55	-7.4	0.	
12091	29.55	-7.1	0.	
12092	29.55	-6.8	0.	
12093	29.55	-6.5	0.	
12094	29.55	-6.2	0.	
12095	29.55	-5.9	0.	
12096	29.55	-5.6	0.	
12097	29.55	-5.3	0.	
12098	29.55	-5.	0.	
12099	29.55	-4.7	0.	
12100	29.55	-4.4	0.	
12101	29.55	-4.1	0.	
12102	29.55	-3.8	0.	
12103	29.55	-3.5	0.	
12104	29.55	-3.2	0.	
12105	29.55	-2.9	0.	
12106	29.55	-2.6	0.	
12107	29.55	-2.3	0.	
12108	29.867	-7.7	0.	
12109	29.867	-7.4	0.	
12110	29.867	-7.1	0.	
12111	29.867	-6.8	0.	
12112	29.867	-6.5	0.	
12113	29.867	-6.2	0.	
12114	29.867	-5.9	0.	
12115	29.867	-5.6	0.	
12116	29.867	-5.3	0.	
12117	29.867	-5.	0.	
12118	29.867	-4.7	0.	
12119	29.867	-4.4	0.	
12120	29.867	-4.1	0.	
12121	29.867	-3.8	0.	
12122	29.867	-3.5	0.	
12123	29.867	-3.2	0.	
12124	29.867	-2.9	0.	
12125	29.867	-2.6	0.	
12126	29.867	-2.3	0.	
12127	30.183	-7.7	0.	
12128	30.183	-7.4	0.	
12129	30.183	-7.1	0.	
12130	30.183	-6.8	0.	
12131	30.183	-6.5	0.	
12132	30.183	-6.2	0.	
12133	30.183	-5.9	0.	
12134	30.183	-5.6	0.	
12135	30.183	-5.3	0.	
12136	30.183	-5.	0.	
12137	30.183	-4.7	0.	
12138	30.183	-4.4	0.	
12139	30.183	-4.1	0.	
12140	30.183	-3.8	0.	
12141	30.183	-3.5	0.	
12142	30.183	-3.2	0.	
12143	30.183	-2.9	0.	
12144	30.183	-2.6	0.	
12145	30.183	-2.3	0.	
12146	30.5	-7.7	0.	
12147	30.5	-7.4	0.	
12148	30.5	-7.1	0.	
12149	30.5	-6.8	0.	
12150	30.5	-6.5	0.	
12151	30.5	-6.2	0.	
12152	30.5	-5.9	0.	
12153	30.5	-5.6	0.	
12154	30.5	-5.3	0.	
12155	30.5	-5.	0.	
12156	30.5	-4.7	0.	
12157	30.5	-4.4	0.	
12158	30.5	-4.1	0.	
12159	30.5	-3.8	0.	
12160	30.5	-3.5	0.	
12161	30.5	-3.2	0.	
12162	30.5	-2.9	0.	
12163	30.5	-2.6	0.	
12164	30.5	-2.3	0.	
12165	30.817	-7.7	0.	
12166	30.817	-7.4	0.	
12167	30.817	-7.1	0.	
12168	30.817	-6.8	0.	
12169	30.817	-6.5	0.	
12170	30.817	-6.2	0.	
12171	30.817	-5.9	0.	
12172	30.817	-5.6	0.	
12173	30.817	-5.3	0.	
12174	30.817	-5.	0.	
12175	30.817	-4.7	0.	
12176	30.817	-4.4	0.	
12177	30.817	-4.1	0.	
12178	30.817	-3.8	0.	
12179	30.817	-3.5	0.	
12180	30.817	-3.2	0.	
12181	30.817	-2.9	0.	
12182	30.817	-2.6	0.	
12183	30.817	-2.3	0.	
12184	31.133	-7.7	0.	
12185	31.133	-7.4	0.	
12186	31.133	-7.1	0.	
12187	31.133	-6.8	0.	
12188	31.133	-6.5	0.	
12189	31.133	-6.2	0.	
12190	31.133	-5.9	0.	
12191	31.133	-5.6	0.	
12192	31.133	-5.3	0.	
12193	31.133	-5.	0.	
12194	31.133	-4.7	0.	
12195	31.133	-4.4	0.	
12196	31.133	-4.1	0.	
12197	31.133	-3.8	0.	
12198	31.133	-3.5	0.	
12199	31.133	-3.2	0.	
12200	31.133	-2.9	0.	
12201	31.133	-2.6	0.	
12202	31.133	-2.3	0.	
12203	31.45	-7.7	0.	
12204	31.45	-7.4	0.	
12205	31.45	-7.1	0.	
12206	31.45	-6.8	0.	
12207	31.45	-6.5	0.	
12208	31.45	-6.2	0.	
12209	31.45	-5.9	0.	
12210	31.45	-5.6	0.	
12211	31.45	-5.3	0.	
12212	31.45	-5.	0.	
12213	31.45	-4.7	0.	
12214	31.45	-4.4	0.	
12215	31.45	-4.1	0.	
12216	31.45	-3.8	0.	
12217	31.45	-3.5	0.	
12218	31.45	-3.2	0.	
12219	31.45	-2.9	0.	
12220	31.45	-2.6	0.	
12221	31.45	-2.3	0.	
12222	31.767	-7.7	0.	
12223	31.767	-7.4	0.	
12224	31.767	-7.1	0.	
12225	31.767	-6.8	0.	
12226	31.767	-6.5	0.	
12227	31.767	-6.2	0.	
12228	31.767	-5.9	0.	
12229	31.767	-5.6	0.	
12230	31.767	-5.3	0.	
12231	31.767	-5.	0.	
12232	31.767	-4.7	0.	
12233	31.767	-4.4	0.	
12234	31.767	-4.1	0.	
12235	31.767	-3.8	0.	
12236	31.767	-3.5	0.	
12237	31.767	-3.2	0.	
12238	31.767	-2.9	0.	
12239	31.767	-2.6	0.	
12240	31.767	-2.3	0.	
12241	32.083	-7.7	0.	
12242	32.083	-7.4	0.	
12243	32.083	-7.1	0.	
12244	32.083	-6.8	0.	
12245	32.083	-6.5	0.	
12246	32.083	-6.2	0.	
12247	32.083	-5.9	0.	
12248	32.083	-5.6	0.	
12249	32.083	-5.3	0.	
12250	32.083	-5.	0.	
12251	32.083	-4.7	0.	
12252	32.083	-4.4	0.	
12253	32.083	-4.1	0.	
12254	32.083	-3.8	0.	
12255	32.083	-3.5	0.	
12256	32.083	-3.2	0.	
12257	32.083	-2.9	0.	
12258	32.083	-2.6	0.	
12259	32.083	-2.3	0.	
12260	32.4	-7.7	0.	
12261	32.4	-7.4	0.	
12262	32.4	-7.1	0.	
12263	32.4	-6.8	0.	
12264	32.4	-6.5	0.	
12265	32.4	-6.2	0.	
12266	32.4	-5.9	0.	
12267	32.4	-5.6	0.	
12268	32.4	-5.3	0.	
12269	32.4	-5.	0.	
12270	32.4	-4.7	0.	
12271	32.4	-4.4	0.	
12272	32.4	-4.1	0.	
12273	32.4	-3.8	0.	
12274	32.4	-3.5	0.	
12275	32.4	-3.2	0.	
12276	32.4	-2.9	0.	
12277	32.4	-2.6	0.	
12278	32.4	-2.3	0.	
12279	32.717	-7.7	0.	
12280	32.717	-7.4	0.	
12281	32.717	-7.1	0.	
12282	32.717	-6.8	0.	
12283	32.717	-6.5	0.	
12284	32.717	-6.2	0.	
12285	32.717	-5.9	0.	
12286	32.717	-5.6	0.	
12287	32.717	-5.3	0.	
12288	32.717	-5.	0.	
12289	32.717	-4.7	0.	
12290	32.717	-4.4	0.	
12291	32.717	-4.1	0.	
12292	32.717	-3.8	0.	
12293	32.717	-3.5	0.	
12294	32.717	-3.2	0.	
12295	32.717	-2.9	0.	
12296	32.717	-2.6	0.	
12297	32.717	-2.3	0.	
12298	33.033	-7.7	0.	
12299	33.033	-7.4	0.	
12300	33.033	-7.1	0.	
12301	33.033	-6.8	0.	
12302	33.033	-6.5	0.	
12303	33.033	-6.2	0.	
12304	33.033	-5.9	0.	
12305	33.033	-5.6	0.	
12306	33.033	-5.3	0.	
12307	33.033	-5.	0.	
12308	33.033	-4.7	0.	
12309	33.033	-4.4	0.	
12310	33.033	-4.1	0.	
12311	33.033	-3.8	0.	
12312	33.033	-3.5	0.	
12313	33.033	-3.2	0.	
12314	33.033	-2.9	0.	
12315	33.033	-2.6	0.	
12316	33.033	-2.3	0.	
12317	33.35	-7.7	0.	
12318	33.35	-7.4	0.	
12319	33.35	-7.1	0.	
12320	33.35	-6.8	0.	
12321	33.35	-6.5	0.	
12322	33.35	-6.2	0.	
12323	33.35	-5.9	0.	
12324	33.35	-5.6	0.	
12325	33.35	-5.3	0.	
12326	33.35	-5.	0.	
12327	33.35	-4.7	0.	
12328	33.35	-4.4	0.	
12329	33.35	-4.1	0.	
12330	33.35	-3.8	0.	
12331	33.35	-3.5	0.	
12332	33.35	-3.2	0.	
12333	33.35	-2.9	0.	
12334	33.35	-2.6	0.	
12335	33.35	-2.3	0.	
12336	33.667	-7.7	0.	
12337	33.667	-7.4	0.	
12338	33.667	-7.1	0.	
12339	33.667	-6.8	0.	
12340	33.667	-6.5	0.	
12341	33.667	-6.2	0.	
12342	33.667	-5.9	0.	
12343	33.667	-5.6	0.	
12344	33.667	-5.3	0.	
12345	33.667	-5.	0.	
12346	33.667	-4.7	0.	
12347	33.667	-4.4	0.	
12348	33.667	-4.1	0.	
12349	33.667	-3.8	0.	
12350	33.667	-3.5	0.	
12351	33.667	-3.2	0.	
12352	33.667	-2.9	0.	
12353	33.667	-2.6	0.	
12354	33.667	-2.3	0.	
12355	33.983	-7.7	0.	
12356	33.983	-7.4	0.	
12357	33.983	-7.1	0.	
12358	33.983	-6.8	0.	
12359	33.983	-6.5	0.	
12360	33.983	-6.2	0.	
12361	33.983	-5.9	0.	
12362	33.983	-5.6	0.	
12363	33.983	-5.3	0.	
12364	33.983	-5.	0.	
12365	33.983	-4.7	0.	
12366	33.983	-4.4	0.	
12367	33.983	-4.1	0.	
12368	33.983	-3.8	0.	
12369	33.983	-3.5	0.	
12370	33.983	-3.2	0.	
12371	33.983	-2.9	0.	
12372	33.983	-2.6	0.	
12373	33.983	-2.3	0.	
12374	34.3	-7.7	0.	
12375	34.3	-7.4	0.	
12376	34.3	-7.1	0.	
12377	34.3	-6.8	0.	
12378	34.3	-6.5	0.	
12379	34.3	-6.2	0.	
12380	34.3	-5.9	0.	
12381	34.3	-5.6	0.	
12382	34.3	-5.3	0.	
12383	34.3	-5.	0.	
12384	34.3	-4.7	0.	
12385	34.3	-4.4	0.	
12386	34.3	-4.1	0.	
12387	34.3	-3.8	0.	
12388	34.3	-3.5	0.	
12389	34.3	-3.2	0.	
12390	34.3	-2.9	0.	
12391	34.3	-2.6	0.	
12392	34.3	-2.3	0.	
12393	34.617	-7.7	0.	
12394	34.617	-7.4	0.	
12395	34.617	-7.1	0.	
12396	34.617	-6.8	0.	
12397	34.617	-6.5	0.	
12398	34.617	-6.2	0.	
12399	34.617	-5.9	0.	
12400	34.617	-5.6	0.	
12401	34.617	-5.3	0.	
12402	34.617	-5.	0.	
12403	34.617	-4.7	0.	
12404	34.617	-4.4	0.	
12405	34.617	-4.1	0.	
12406	34.617	-3.8	0.	
12407	34.617	-3.5	0.	
12408	34.617	-3.2	0.	
12409	34.617	-2.9	0.	
12410	34.617	-2.6	0.	
12411	34.617	-2.3	0.	
12412	34.933	-7.7	0.	
12413	34.933	-7.4	0.	
12414	34.933	-7.1	0.	
12415	34.933	-6.8	0.	
12416	34.933	-6.5	0.	
12417	34.933	-6.2	0.	
12418	34.933	-5.9	0.	
12419	34.933	-5.6	0.	
12420	34.933	-5.3	0.	
12421	34.933	-5.	0.	
12422	34.933	-4.7	0.	
12423	34.933	-4.4	0.	
12424	34.933	-4.1	0.	
12425	34.933	-3.8	0.	
12426	34.933	-3.5	0.	
12427	34.933	-3.2	0.	
12428	34.933	-2.9	0.	
12429	34.933	-2.6	0.	
12430	34.933	-2.3	0.	
12431	35.25	-7.7	0.	
12432	35.25	-7.4	0.	
12433	35.25	-7.1	0.	
12434	35.25	-6.8	0.	
12435	35.25	-6.5	0.	
12436	35.25	-6.2	0.	
12437	35.25	-5.9	0.	
12438	35.25	-5.6	0.	
12439	35.25	-5.3	0.	
12440	35.25	-5.	0.	
12441	35.25	-4.7	0.	
12442	35.25	-4.4	0.	
12443	35.25	-4.1	0.	
12444	35.25	-3.8	0.	
12445	35.25	-3.5	0.	
12446	35.25	-3.2	0.	
12447	35.25	-2.9	0.	
12448	35.25	-2.6	0.	
12449	35.25	-2.3	0.	
12450	35.567	-7.7	0.	
12451	35.567	-7.4	0.	
12452	35.567	-7.1	0.	
12453	35.567	-6.8	0.	
12454	35.567	-6.5	0.	
12455	35.567	-6.2	0.	
12456	35.567	-5.9	0.	
12457	35.567	-5.6	0.	
12458	35.567	-5.3	0.	
12459	35.567	-5.	0.	
12460	35.567	-4.7	0.	
12461	35.567	-4.4	0.	
12462	35.567	-4.1	0.	
12463	35.567	-3.8	0.	
12464	35.567	-3.5	0.	
12465	35.567	-3.2	0.	
12466	35.567	-2.9	0.	
12467	35.567	-2.6	0.	
12468	35.567	-2.3	0.	
12469	35.883	-7.7	0.	
12470	35.883	-7.4	0.	
12471	35.883	-7.1	0.	
12472	35.883	-6.8	0.	
12473	35.883	-6.5	0.	
12474	35.883	-6.2	0.	
12475	35.883	-5.9	0.	
12476	35.883	-5.6	0.	
12477	35.883	-5.3	0.	
12478	35.883	-5.	0.	
12479	35.883	-4.7	0.	
12480	35.883	-4.4	0.	
12481	35.883	-4.1	0.	
12482	35.883	-3.8	0.	
12483	35.883	-3.5	0.	
12484	35.883	-3.2	0.	
12485	35.883	-2.9	0.	
12486	35.883	-2.6	0.	
12487	35.883	-2.3	0.	
12488	36.2	-7.7	0.	
12489	36.2	-7.4	0.	
12490	36.2	-7.1	0.	
12491	36.2	-6.8	0.	
12492	36.2	-6.5	0.	
12493	36.2	-6.2	0.	
12494	36.2	-5.9	0.	
12495	36.2	-5.6	0.	
12496	36.2	-5.3	0.	
12497	36.2	-5.	0.	
12498	36.2	-4.7	0.	
12499	36.2	-4.4	0.	
12500	36.2	-4.1	0.	
12501	36.2	-3.8	0.	
12502	36.2	-3.5	0.	
12503	36.2	-3.2	0.	
12504	36.2	-2.9	0.	
12505	36.2	-2.6	0.	
12506	36.2	-2.3	0.	
12507	36.517	-7.7	0.	
12508	36.517	-7.4	0.	
12509	36.517	-7.1	0.	
12510	36.517	-6.8	0.	
12511	36.517	-6.5	0.	
12512	36.517	-6.2	0.	
12513	36.517	-5.9	0.	
12514	36.517	-5.6	0.	
12515	36.517	-5.3	0.	
12516	36.517	-5.	0.	
12517	36.517	-4.7	0.	
12518	36.517	-4.4	0.	
12519	36.517	-4.1	0.	
12520	36.517	-3.8	0.	
12521	36.517	-3.5	0.	
12522	36.517	-3.2	0.	
12523	36.517	-2.9	0.	
12524	36.517	-2.6	0.	
12525	36.517	-2.3	0.	
12526	36.833	-7.7	0.	
12527	36.833	-7.4	0.	
12528	36.833	-7.1	0.	
12529	36.833	-6.8	0.	
12530	36.833	-6.5	0.	
12531	36.833	-6.2	0.	
12532	36.833	-5.9	0.	
12533	36.833	-5.6	0.	
12534	36.833	-5.3	0.	
12535	36.833	-5.	0.	
12536	36.833	-4.7	0.	
12537	36.833	-4.4	0.	
12538	36.833	-4.1	0.	
12539	36.833	-3.8	0.	
12540	36.833	-3.5	0.	
12541	36.833	-3.2	0.	
12542	36.833	-2.9	0.	
12543	36.833	-2.6	0.	
12544	36.833	-2.3	0.	
12545	37.15	-7.7	0.	
12546	37.15	-7.4	0.	
12547	37.15	-7.1	0.	
12548	37.15	-6.8	0.	
12549	37.15	-6.5	0.	
12550	37.15	-6.2	0.	
12551	37.15	-5.9	0.	
12552	37.15	-5.6	0.	
12553	37.15	-5.3	0.	
12554	37.15	-5.	0.	
12555	37.15	-4.7	0.	
12556	37.15	-4.4	0.	
12557	37.15	-4.1	0.	
12558	37.15	-3.8	0.	
12559	37.15	-3.5	0.	
12560	37.15	-3.2	0.	
12561	37.15	-2.9	0.	
12562	37.15	-2.6	0.	
12563	37.15	-2.3	0.	
12564	37.467	-7.7	0.	
12565	37.467	-7.4	0.	
12566	37.467	-7.1	0.	
12567	37.467	-6.8	0.	
12568	37.467	-6.5	0.	
12569	37.467	-6.2	0.	
12570	37.467	-5.9	0.	
12571	37.467	-5.6	0.	
12572	37.467	-5.3	0.	
12573	37.467	-5.	0.	
12574	37.467	-4.7	0.	
12575	37.467	-4.4	0.	
12576	37.467	-4.1	0.	
12577	37.467	-3.8	0.	
12578	37.467	-3.5	0.	
12579	37.467	-3.2	0.	
12580	37.467	-2.9	0.	
12581	37.467	-2.6	0.	
12582	37.467	-2.3	0.	
12583	37.783	-7.7	0.	
12584	37.783	-7.4	0.	
12585	37.783	-7.1	0.	
12586	37.783	-6.8	0.	
12587	37.783	-6.5	0.	
12588	37.783	-6.2	0.	
12589	37.783	-5.9	0.	
12590	37.783	-5.6	0.	
12591	37.783	-5.3	0.	
12592	37.783	-5.	0.	
12593	37.783	-4.7	0.	
12594	37.783	-4.4	0.	
12595	37.783	-4.1	0.	
12596	37.783	-3.8	0.	
12597	37.783	-3.5	0.	
12598	37.783	-3.2	0.	
12599	37.783	-2.9	0.	
12600	37.783	-2.6	0.	
12601	37.783	-2.3	0.	
12602	38.1	-7.7	0.	
12603	38.1	-7.4	0.	
12604	38.1	-7.1	0.	
12605	38.1	-6.8	0.	
12606	38.1	-6.5	0.	
12607	38.1	-6.2	0.	
12608	38.1	-5.9	0.	
12609	38.1	-5.6	0.	
12610	38.1	-5.3	0.	
12611	38.1	-5.	0.	
12612	38.1	-4.7	0.	
12613	38.1	-4.4	0.	
12614	38.1	-4.1	0.	
12615	38.1	-3.8	0.	
12616	38.1	-3.5	0.	
12617	38.1	-3.2	0.	
12618	38.1	-2.9	0.	
12619	38.1	-2.6	0.	
12620	38.1	-2.3	0.	
12621	38.417	-7.7	0.	
12622	38.417	-7.4	0.	
12623	38.417	-7.1	0.	
12624	38.417	-6.8	0.	
12625	38.417	-6.5	0.	
12626	38.417	-6.2	0.	
12627	38.417	-5.9	0.	
12628	38.417	-5.6	0.	
12629	38.417	-5.3	0.	
12630	38.417	-5.	0.	
12631	38.417	-4.7	0.	
12632	38.417	-4.4	0.	
12633	38.417	-4.1	0.	
12634	38.417	-3.8	0.	
12635	38.417	-3.5	0.	
12636	38.417	-3.2	0.	
12637	38.417	-2.9	0.	
12638	38.417	-2.6	0.	
12639	38.417	-2.3	0.	
12640	38.733	-7.7	0.	
12641	38.733	-7.4	0.	
12642	38.733	-7.1	0.	
12643	38.733	-6.8	0.	
12644	38.733	-6.5	0.	
12645	38.733	-6.2	0.	
12646	38.733	-5.9	0.	
12647	38.733	-5.6	0.	
12648	38.733	-5.3	0.	
12649	38.733	-5.	0.	
12650	38.733	-4.7	0.	
12651	38.733	-4.4	0.	
12652	38.733	-4.1	0.	
12653	38.733	-3.8	0.	
12654	38.733	-3.5	0.	
12655	38.733	-3.2	0.	
12656	38.733	-2.9	0.	
12657	38.733	-2.6	0.	
12658	38.733	-2.3	0.	
12659	39.05	-7.7	0.	
12660	39.05	-7.4	0.	
12661	39.05	-7.1	0.	
12662	39.05	-6.8	0.	
12663	39.05	-6.5	0.	
12664	39.05	-6.2	0.	
12665	39.05	-5.9	0.	
12666	39.05	-5.6	0.	
12667	39.05	-5.3	0.	
12668	39.05	-5.	0.	
12669	39.05	-4.7	0.	
12670	39.05	-4.4	0.	
12671	39.05	-4.1	0.	
12672	39.05	-3.8	0.	
12673	39.05	-3.5	0.	
12674	39.05	-3.2	0.	
12675	39.05	-2.9	0.	
12676	39.05	-2.6	0.	
12677	39.05	-2.3	0.	
12678	39.367	-7.7	0.	
12679	39.367	-7.4	0.	
12680	39.367	-7.1	0.	
12681	39.367	-6.8	0.	
12682	39.367	-6.5	0.	
12683	39.367	-6.2	0.	
12684	39.367	-5.9	0.	
12685	39.367	-5.6	0.	
12686	39.367	-5.3	0.	
12687	39.367	-5.	0.	
12688	39.367	-4.7	0.	
12689	39.367	-4.4	0.	
12690	39.367	-4.1	0.	
12691	39.367	-3.8	0.	
12692	39.367	-3.5	0.	
12693	39.367	-3.2	0.	
12694	39.367	-2.9	0.	
12695	39.367	-2.6	0.	
12696	39.367	-2.3	0.	
12697	39.683	-7.7	0.	
12698	39.683	-7.4	0.	
12699	39.683	-7.1	0.	
12700	39.683	-6.8	0.	
12701	39.683	-6.5	0.	
12702	39.683	-6.2	0.	
12703	39.683	-5.9	0.	
12704	39.683	-5.6	0.	
12705	39.683	-5.3	0.	
12706	39.683	-5.	0.	
12707	39.683	-4.7	0.	
12708	39.683	-4.4	0.	
12709	39.683	-4.1	0.	
12710	39.683	-3.8	0.	
12711	39.683	-3.5	0.	
12712	39.683	-3.2	0.	
12713	39.683	-2.9	0.	
12714	39.683	-2.6	0.	
12715	39.683	-2.3	0.	
12716	40.	-2.3	0.	
12717	40.	-2.6	0.	
12718	40.	-2.9	0.	
12719	40.	-3.2	0.	
12720	40.	-3.5	0.	
12721	40.	-3.8	0.	
12722	40.	-4.1	0.	
12723	40.	-4.4	0.	
12724	40.	-4.7	0.	
12725	40.	-5.	0.	
12726	40.	-5.3	0.	
12727	40.	-5.6	0.	
12728	40.	-5.9	0.	
12729	40.	-6.2	0.	
12730	40.	-6.5	0.	
12731	40.	-6.8	0.	
12732	40.	-7.1	0.	
12733	40.	-7.4	0.	
12734	40.	-7.7	0.	
12735	39.683	-8.	0.	
12736	39.367	-8.	0.	
12737	39.05	-8.	0.	
12738	38.733	-8.	0.	
12739	38.417	-8.	0.	
12740	38.1	-8.	0.	
12741	37.783	-8.	0.	
12742	37.467	-8.	0.	
12743	37.15	-8.	0.	
12744	36.833	-8.	0.	
12745	36.517	-8.	0.	
12746	36.2	-8.	0.	
12747	35.883	-8.	0.	
12748	35.567	-8.	0.	
12749	35.25	-8.	0.	
12750	34.933	-8.	0.	
12751	34.617	-8.	0.	
12752	34.3	-8.	0.	
12753	33.983	-8.	0.	
12754	33.667	-8.	0.	
12755	33.35	-8.	0.	
12756	33.033	-8.	0.	
12757	32.717	-8.	0.	
12758	32.4	-8.	0.	
12759	32.083	-8.	0.	
12760	31.767	-8.	0.	
12761	31.45	-8.	0.	
12762	31.133	-8.	0.	
12763	30.817	-8.	0.	
12764	30.5	-8.	0.	
12765	30.183	-8.	0.	
12766	29.867	-8.	0.	
12767	29.55	-8.	0.	
12768	29.233	-8.	0.	
12769	28.917	-8.	0.	
12770	28.6	-8.	0.	
12771	28.283	-8.	0.	
12772	27.967	-8.	0.	
12773	27.65	-8.	0.	
12774	27.333	-8.	0.	
12775	27.017	-8.	0.	
12776	26.7	-8.	0.	
12777	26.383	-8.	0.	
12778	26.067	-8.	0.	
12779	25.75	-8.	0.	
12780	25.433	-8.	0.	
12781	25.117	-8.	0.	
12782	24.8	-8.	0.	
12783	24.483	-8.	0.	
12784	24.167	-8.	0.	
12785	23.85	-8.	0.	
12786	23.533	-8.	0.	
12787	23.217	-8.	0.	
12788	22.9	-8.	0.	
12789	22.583	-8.	0.	
12790	22.267	-8.	0.	
12791	21.95	-8.	0.	
12792	21.633	-8.	0.	
12793	21.317	-8.	0.	
12794	21.	-8.	0.	
12795	20.683	-8.	0.	
12796	20.367	-8.	0.	
12797	20.05	-8.	0.	
12798	19.733	-8.	0.	
12799	19.417	-8.	0.	
12800	19.1	-8.	0.	
12801	18.783	-8.	0.	
12802	18.467	-8.	0.	
12803	18.15	-8.	0.	
12804	17.833	-8.	0.	
12805	17.517	-8.	0.	
12806	17.2	-8.	0.	
12807	16.883	-8.	0.	
12808	16.567	-8.	0.	
12809	16.25	-8.	0.	
12810	15.933	-8.	0.	
12811	15.617	-8.	0.	
12812	15.3	-8.	0.	
12813	14.983	-8.	0.	
12814	14.667	-8.	0.	
12815	14.35	-8.	0.	
12816	14.033	-8.	0.	
12817	13.717	-8.	0.	
12818	13.4	-8.	0.	
12819	13.083	-8.	0.	
12820	12.767	-8.	0.	
12821	12.45	-8.	0.	
12822	12.133	-8.	0.	
12823	11.817	-8.	0.	
12824	11.5	-8.	0.	
12825	11.183	-8.	0.	
12826	10.867	-8.	0.	
12827	10.55	-8.	0.	
12828	10.233	-8.	0.	
12829	9.9167	-8.	0.	
12830	9.6	-8.	0.	
12831	9.2833	-8.	0.	
12832	8.9667	-8.	0.	
12833	8.65	-8.	0.	
12834	8.3333	-8.	0.	
12835	8.0167	-8.	0.	
12836	7.7	-8.	0.	
12837	7.3833	-8.	0.	
12838	7.0667	-8.	0.	
12839	6.75	-8.	0.	
12840	6.4333	-8.	0.	
12841	6.1167	-8.	0.	
12842	5.8	-8.	0.	
12843	5.4833	-8.	0.	
12844	5.1667	-8.	0.	
12845	4.85	-8.	0.	
12846	4.5333	-8.	0.	
12847	4.2167	-8.	0.	
12848	3.9	-8.	0.	
12849	3.5833	-8.	0.	
12850	3.2667	-8.	0.	
12851	2.95	-8.	0.	
12852	2.6333	-8.	0.	
12853	2.3167	-8.	0.	
12854	2.	-7.7	0.	
12855	2.	-7.4	0.	
12856	2.	-7.1	0.	
12857	2.	-6.8	0.	
12858	2.	-6.5	0.	
12859	2.	-6.2	0.	
12860	2.	-5.9	0.	
12861	2.	-5.6	0.	
12862	2.	-5.3	0.	
12863	2.	-5.	0.	
12864	2.	-4.7	0.	
12865	2.	-4.4	0.	
12866	2.	-4.1	0.	
12867	2.	-3.8	0.	
12868	2.	-3.5	0.	
12869	2.	-3.2	0.	
12870	2.	-2.9	0.	
12871	2.	-2.6	0.	
12872	2.	-2.3	0.	
12873	-9.7333	-2.3	0.	
12874	-9.4667	-2.3	0.	
12875	-9.2	-2.3	0.	
12876	-8.9333	-2.3	0.	
12877	-8.6667	-2.3	0.	
12878	-8.4	-2.3	0.	
12879	-8.1333	-2.3	0.	
12880	-7.8667	-2.3	0.	
12881	-7.6	-2.3	0.	
12882	-7.3333	-2.3	0.	
12883	-7.0667	-2.3	0.	
12884	-6.8	-2.3	0.	
12885	-6.5333	-2.3	0.	
12886	-6.2667	-2.3	0.	
12887	-6.	-2.3	0.	
12888	-5.7333	-2.3	0.	
12889	-5.4667	-2.3	0.	
12890	-5.2	-2.3	0.	
12891	-4.9333	-2.3	0.	
12892	-4.6667	-2.3	0.	
12893	-4.4	-2.3	0.	
12894	-4.1333	-2.3	0.	
12895	-3.8667	-2.3	0.	
12896	-3.6	-2.3	0.	
12897	-3.3333	-2.3	0.	
12898	-3.0667	-2.3	0.	
12899	-2.8	-2.3	0.	
12900	-2.5333	-2.3	0.	
12901	-2.2667	-2.3	0.	
12902	-9.7333	-2.6	0.	
12903	-9.4667	-2.6	0.	
12904	-9.2	-2.6	0.	
12905	-8.9333	-2.6	0.	
12906	-8.6667	-2.6	0.	
12907	-8.4	-2.6	0.	
12908	-8.1333	-2.6	0.	
12909	-7.8667	-2.6	0.	
12910	-7.6	-2.6	0.	
12911	-7.3333	-2.6	0.	
12912	-7.0667	-2.6	0.	
12913	-6.8	-2.6	0.	
12914	-6.5333	-2.6	0.	
12915	-6.2667	-2.6	0.	
12916	-6.	-2.6	0.	
12917	-5.7333	-2.6	0.	
12918	-5.4667	-2.6	0.	
12919	-5.2	-2.6	0.	
12920	-4.9333	-2.6	0.	
12921	-4.6667	-2.6	0.	
12922	-4.4	-2.6	0.	
12923	-4.1333	-2.6	0.	
12924	-3.8667	-2.6	0.	
12925	-3.6	-2.6	0.	
12926	-3.3333	-2.6	0.	
12927	-3.0667	-2.6	0.	
12928	-2.8	-2.6	0.	
12929	-2.5333	-2.6	0.	
12930	-2.2667	-2.6	0.	
12931	-9.7333	-2.9	0.	
12932	-9.4667	-2.9	0.	
12933	-9.2	-2.9	0.	
12934	-8.9333	-2.9	0.	
12935	-8.6667	-2.9	0.	
12936	-8.4	-2.9	0.	
12937	-8.1333	-2.9	0.	
12938	-7.8667	-2.9	0.	
12939	-7.6	-2.9	0.	
12940	-7.3333	-2.9	0.	
12941	-7.0667	-2.9	0.	
12942	-6.8	-2.9	0.	
12943	-6.5333	-2.9	0.	
12944	-6.2667	-2.9	0.	
12945	-6.	-2.9	0.	
12946	-5.7333	-2.9	0.	
12947	-5.4667	-2.9	0.	
12948	-5.2	-2.9	0.	
12949	-4.9333	-2.9	0.	
12950	-4.6667	-2.9	0.	
12951	-4.4	-2.9	0.	
12952	-4.1333	-2.9	0.	
12953	-3.8667	-2.9	0.	
12954	-3.6	-2.9	0.	
12955	-3.3333	-2.9	0.	
12956	-3.0667	-2.9	0.	
12957	-2.8	-2.9	0.	
12958	-2.5333	-2.9	0.	
12959	-2.2667	-2.9	0.	
12960	-9.7333	-3.2	0.	
12961	-9.4667	-3.2	0.	
12962	-9.2	-3.2	0.	
12963	-8.9333	-3.2	0.	
12964	-8.6667	-3.2	0.	
12965	-8.4	-3.2	0.	
12966	-8.1333	-3.2	0.	
12967	-7.8667	-3.2	0.	
12968	-7.6	-3.2	0.	
12969	-7.3333	-3.2	0.	
12970	-7.0667	-3.2	0.	
12971	-6.8	-3.2	0.	
12972	-6.5333	-3.2	0.	
12973	-6.2667	-3.2	0.	
12974	-6.	-3.2	0.	
12975	-5.7333	-3.2	0.	
12976	-5.4667	-3.2	0.	
12977	-5.2	-3.2	0.	
12978	-4.9333	-3.2	0.	
12979	-4.6667	-3.2	0.	
12980	-4.4	-3.2	0.	
12981	-4.1333	-3.2	0.	
12982	-3.8667	-3.2	0.	
12983	-3.6	-3.2	0.	
12984	-3.3333	-3.2	0.	
12985	-3.0667	-3.2	0.	
12986	-2.8	-3.2	0.	
12987	-2.5333	-3.2	0.	
12988	-2.2667	-3.2	0.	
12989	-9.7333	-3.5	0.	
12990	-9.4667	-3.5	0.	
12991	-9.2	-3.5	0.	
12992	-8.9333	-3.5	0.	
12993	-8.6667	-3.5	0.	
12994	-8.4	-3.5	0.	
12995	-8.1333	-3.5	0.	
12996	-7.8667	-3.5	0.	
12997	-7.6	-3.5	0.	
12998	-7.3333	-3.5	0.	
12999	-7.0667	-3.5	0.	
13000	-6.8	-3.5	0.	
13001	-6.5333	-3.5	0.	
13002	-6.2667	-3.5	0.	
13003	-6.	-3.5	0.	
13004	-5.7333	-3.5	0.	
13005	-5.4667	-3.5	0.	
13006	-5.2	-3.5	0.	
13007	-4.9333	-3.5	0.	
13008	-4.6667	-3.5	0.	
13009	-4.4	-3.5	0.	
13010	-4.1333	-3.5	0.	
13011	-3.8667	-3.5	0.	
13012	-3.6	-3.5	0.	
13013	-3.3333	-3.5	0.	
13014	-3.0667	-3.5	0.	
13015	-2.8	-3.5	0.	
13016	-2.5333	-3.5	0.	
13017	-2.2667	-3.5	0.	
13018	-9.7333	-3.8	0.	
13019	-9.4667	-3.8	0.	
13020	-9.2	-3.8	0.	
13021	-8.9333	-3.8	0.	
13022	-8.6667	-3.8	0.	
13023	-8.4	-3.8	0.	
13024	-8.1333	-3.8	0.	
13025	-7.8667	-3.8	0.	
13026	-7.6	-3.8	0.	
13027	-7.3333	-3.8	0.	
13028	-7.0667	-3.8	0.	
13029	-6.8	-3.8	0.	
13030	-6.5333	-3.8	0.	
13031	-6.2667	-3.8	0.	
13032	-6.	-3.8	0.	
13033	-5.7333	-3.8	0.	
13034	-5.4667	-3.8	0.	
13035	-5.2	-3.8	0.	
13036	-4.9333	-3.8	0.	
13037	-4.6667	-3.8	0.	
13038	-4.4	-3.8	0.	
13039	-4.1333	-3.8	0.	
13040	-3.8667	-3.8	0.	
13041	-3.6	-3.8	0.	
13042	-3.3333	-3.8	0.	
13043	-3.0667	-3.8	0.	
13044	-2.8	-3.8	0.	
13045	-2.5333	-3.8	0.	
13046	-2.2667	-3.8	0.	
13047	-9.7333	-4.1	0.	
13048	-9.4667	-4.1	0.	
13049	-9.2	-4.1	0.	
13050	-8.9333	-4.1	0.	
13051	-8.6667	-4.1	0.	
13052	-8.4	-4.1	0.	
13053	-8.1333	-4.1	0.	
13054	-7.8667	-4.1	0.	
13055	-7.6	-4.1	0.	
13056	-7.3333	-4.1	0.	
13057	-7.0667	-4.1	0.	
13058	-6.8	-4.1	0.	
13059	-6.5333	-4.1	0.	
13060	-6.2667	-4.1	0.	
13061	-6.	-4.1	0.	
13062	-5.7333	-4.1	0.	
13063	-5.4667	-4.1	0.	
13064	-5.2	-4.1	0.	
13065	-4.9333	-4.1	0.	
13066	-4.6667	-4.1	0.	
13067	-4.4	-4.1	0.	
13068	-4.1333	-4.1	0.	
13069	-3.8667	-4.1	0.	
13070	-3.6	-4.1	0.	
13071	-3.3333	-4.1	0.	
13072	-3.0667	-4.1	0.	
13073	-2.8	-4.1	0.	
13074	-2.5333	-4.1	0.	
13075	-2.2667	-4.1	0.	
13076	-9.7333	-4.4	0.	
13077	-9.4667	-4.4	0.	
13078	-9.2	-4.4	0.	
13079	-8.9333	-4.4	0.	
13080	-8.6667	-4.4	0.	
13081	-8.4	-4.4	0.	
13082	-8.1333	-4.4	0.	
13083	-7.8667	-4.4	0.	
13084	-7.6	-4.4	0.	
13085	-7.3333	-4.4	0.	
13086	-7.0667	-4.4	0.	
13087	-6.8	-4.4	0.	
13088	-6.5333	-4.4	0.	
13089	-6.2667	-4.4	0.	
13090	-6.	-4.4	0.	
13091	-5.7333	-4.4	0.	
13092	-5.4667	-4.4	0.	
13093	-5.2	-4.4	0.	
13094	-4.9333	-4.4	0.	
13095	-4.6667	-4.4	0.	
13096	-4.4	-4.4	0.	
13097	-4.1333	-4.4	0.	
13098	-3.8667	-4.4	0.	
13099	-3.6	-4.4	0.	
13100	-3.3333	-4.4	0.	
13101	-3.0667	-4.4	0.	
13102	-2.8	-4.4	0.	
13103	-2.5333	-4.4	0.	
13104	-2.2667	-4.4	0.	
13105	-9.7333	-4.7	0.	
13106	-9.4667	-4.7	0.	
13107	-9.2	-4.7	0.	
13108	-8.9333	-4.7	0.	
13109	-8.6667	-4.7	0.	
13110	-8.4	-4.7	0.	
13111	-8.1333	-4.7	0.	
13112	-7.8667	-4.7	0.	
13113	-7.6	-4.7	0.	
13114	-7.3333	-4.7	0.	
13115	-7.0667	-4.7	0.	
13116	-6.8	-4.7	0.	
13117	-6.5333	-4.7	0.	
13118	-6.2667	-4.7	0.	
13119	-6.	-4.7	0.	
13120	-5.7333	-4.7	0.	
13121	-5.4667	-4.7	0.	
13122	-5.2	-4.7	0.	
13123	-4.9333	-4.7	0.	
13124	-4.6667	-4.7	0.	
13125	-4.4	-4.7	0.	
13126	-4.1333	-4.7	0.	
13127	-3.8667	-4.7	0.	
13128	-3.6	-4.7	0.	
13129	-3.3333	-4.7	0.	
13130	-3.0667	-4.7	0.	
13131	-2.8	-4.7	0.	
13132	-2.5333	-4.7	0.	
13133	-2.2667	-4.7	0.	
13134	-9.7333	-5.	0.	
13135	-9.4667	-5.	0.	
13136	-9.2	-5.	0.	
13137	-8.9333	-5.	0.	
13138	-8.6667	-5.	0.	
13139	-8.4	-5.	0.	
13140	-8.1333	-5.	0.	
13141	-7.8667	-5.	0.	
13142	-7.6	-5.	0.	
13143	-7.3333	-5.	0.	
13144	-7.0667	-5.	0.	
13145	-6.8	-5.	0.	
13146	-6.5333	-5.	0.	
13147	-6.2667	-5.	0.	
13148	-6.	-5.	0.	
13149	-5.7333	-5.	0.	
13150	-5.4667	-5.	0.	
13151	-5.2	-5.	0.	
13152	-4.9333	-5.	0.	
13153	-4.6667	-5.	0.	
13154	-4.4	-5.	0.	
13155	-4.1333	-5.	0.	
13156	-3.8667	-5.	0.	
13157	-3.6	-5.	0.	
13158	-3.3333	-5.	0.	
13159	-3.0667	-5.	0.	
13160	-2.8	-5.	0.	
13161	-2.5333	-5.	0.	
13162	-2.2667	-5.	0.	
13163	-9.7333	-5.3	0.	
13164	-9.4667	-5.3	0.	
13165	-9.2	-5.3	0.	
13166	-8.9333	-5.3	0.	
13167	-8.6667	-5.3	0.	
13168	-8.4	-5.3	0.	
13169	-8.1333	-5.3	0.	
13170	-7.8667	-5.3	0.	
13171	-7.6	-5.3	0.	
13172	-7.3333	-5.3	0.	
13173	-7.0667	-5.3	0.	
13174	-6.8	-5.3	0.	
13175	-6.5333	-5.3	0.	
13176	-6.2667	-5.3	0.	
13177	-6.	-5.3	0.	
13178	-5.7333	-5.3	0.	
13179	-5.4667	-5.3	0.	
13180	-5.2	-5.3	0.	
13181	-4.9333	-5.3	0.	
13182	-4.6667	-5.3	0.	
13183	-4.4	-5.3	0.	
13184	-4.1333	-5.3	0.	
13185	-3.8667	-5.3	0.	
13186	-3.6	-5.3	0.	
13187	-3.3333	-5.3	0.	
13188	-3.0667	-5.3	0.	
13189	-2.8	-5.3	0.	
13190	-2.5333	-5.3	0.	
13191	-2.2667	-5.3	0.	
13192	-9.7333	-5.6	0.	
13193	-9.4667	-5.6	0.	
13194	-9.2	-5.6	0.	
13195	-8.9333	-5.6	0.	
13196	-8.6667	-5.6	0.	
13197	-8.4	-5.6	0.	
13198	-8.1333	-5.6	0.	
13199	-7.8667	-5.6	0.	
13200	-7.6	-5.6	0.	
13201	-7.3333	-5.6	0.	
13202	-7.0667	-5.6	0.	
13203	-6.8	-5.6	0.	
13204	-6.5333	-5.6	0.	
13205	-6.2667	-5.6	0.	
13206	-6.	-5.6	0.	
13207	-5.7333	-5.6	0.	
13208	-5.4667	-5.6	0.	
13209	-5.2	-5.6	0.	
13210	-4.9333	-5.6	0.	
13211	-4.6667	-5.6	0.	
13212	-4.4	-5.6	0.	
13213	-4.1333	-5.6	0.	
13214	-3.8667	-5.6	0.	
13215	-3.6	-5.6	0.	
13216	-3.3333	-5.6	0.	
13217	-3.0667	-5.6	0.	
13218	-2.8	-5.6	0.	
13219	-2.5333	-5.6	0.	
13220	-2.2667	-5.6	0.	
13221	-9.7333	-5.9	0.	
13222	-9.4667	-5.9	0.	
13223	-9.2	-5.9	0.	
13224	-8.9333	-5.9	0.	
13225	-8.6667	-5.9	0.	
13226	-8.4	-5.9	0.	
13227	-8.1333	-5.9	0.	
13228	-7.8667	-5.9	0.	
13229	-7.6	-5.9	0.	
13230	-7.3333	-5.9	0.	
13231	-7.0667	-5.9	0.	
13232	-6.8	-5.9	0.	
13233	-6.5333	-5.9	0.	
13234	-6.2667	-5.9	0.	
13235	-6.	-5.9	0.	
13236	-5.7333	-5.9	0.	
13237	-5.4667	-5.9	0.	
13238	-5.2	-5.9	0.	
13239	-4.9333	-5.9	0.	
13240	-4.6667	-5.9	0.	
13241	-4.4	-5.9	0.	
13242	-4.1333	-5.9	0.	
13243	-3.8667	-5.9	0.	
13244	-3.6	-5.9	0.	
13245	-3.3333	-5.9	0.	
13246	-3.0667	-5.9	0.	
13247	-2.8	-5.9	0.	
13248	-2.5333	-5.9	0.	
13249	-2.2667	-5.9	0.	
13250	-9.7333	-6.2	0.	
13251	-9.4667	-6.2	0.	
13252	-9.2	-6.2	0.	
13253	-8.9333	-6.2	0.	
13254	-8.6667	-6.2	0.	
13255	-8.4	-6.2	0.	
13256	-8.1333	-6.2	0.	
13257	-7.8667	-6.2	0.	
13258	-7.6	-6.2	0.	
13259	-7.3333	-6.2	0.	
13260	-7.0667	-6.2	0.	
13261	-6.8	-6.2	0.	
13262	-6.5333	-6.2	0.	
13263	-6.2667	-6.2	0.	
13264	-6.	-6.2	0.	
13265	-5.7333	-6.2	0.	
13266	-5.4667	-6.2	0.	
13267	-5.2	-6.2	0.	
13268	-4.9333	-6.2	0.	
13269	-4.6667	-6.2	0.	
13270	-4.4	-6.2	0.	
13271	-4.1333	-6.2	0.	
13272	-3.8667	-6.2	0.	
13273	-3.6	-6.2	0.	
13274	-3.3333	-6.2	0.	
13275	-3.0667	-6.2	0.	
13276	-2.8	-6.2	0.	
13277	-2.5333	-6.2	0.	
13278	-2.2667	-6.2	0.	
13279	-9.7333	-6.5	0.	
13280	-9.4667	-6.5	0.	
13281	-9.2	-6.5	0.	
13282	-8.9333	-6.5	0.	
13283	-8.6667	-6.5	0.	
13284	-8.4	-6.5	0.	
13285	-8.1333	-6.5	0.	
13286	-7.8667	-6.5	0.	
13287	-7.6	-6.5	0.	
13288	-7.3333	-6.5	0.	
13289	-7.0667	-6.5	0.	
13290	-6.8	-6.5	0.	
13291	-6.5333	-6.5	0.	
13292	-6.2667	-6.5	0.	
13293	-6.	-6.5	0.	
13294	-5.7333	-6.5	0.	
13295	-5.4667	-6.5	0.	
13296	-5.2	-6.5	0.	
13297	-4.9333	-6.5	0.	
13298	-4.6667	-6.5	0.	
13299	-4.4	-6.5	0.	
13300	-4.1333	-6.5	0.	
13301	-3.8667	-6.5	0.	
13302	-3.6	-6.5	0.	
13303	-3.3333	-6.5	0.	
13304	-3.0667	-6.5	0.	
13305	-2.8	-6.5	0.	
13306	-2.5333	-6.5	0.	
13307	-2.2667	-6.5	0.	
13308	-9.7333	-6.8	0.	
13309	-9.4667	-6.8	0.	
13310	-9.2	-6.8	0.	
13311	-8.9333	-6.8	0.	
13312	-8.6667	-6.8	0.	
13313	-8.4	-6.8	0.	
13314	-8.1333	-6.8	0.	
13315	-7.8667	-6.8	0.	
13316	-7.6	-6.8	0.	
13317	-7.3333	-6.8	0.	
13318	-7.0667	-6.8	0.	
13319	-6.8	-6.8	0.	
13320	-6.5333	-6.8	0.	
13321	-6.2667	-6.8	0.	
13322	-6.	-6.8	0.	
13323	-5.7333	-6.8	0.	
13324	-5.4667	-6.8	0.	
13325	-5.2	-6.8	0.	
13326	-4.9333	-6.8	0.	
13327	-4.6667	-6.8	0.	
13328	-4.4	-6.8	0.	
13329	-4.1333	-6.8	0.	
13330	-3.8667	-6.8	0.	
13331	-3.6	-6.8	0.	
13332	-3.3333	-6.8	0.	
13333	-3.0667	-6.8	0.	
13334	-2.8	-6.8	0.	
13335	-2.5333	-6.8	0.	
13336	-2.2667	-6.8	0.	
13337	-9.7333	-7.1	0.	
13338	-9.4667	-7.1	0.	
13339	-9.2	-7.1	0.	
13340	-8.9333	-7.1	0.	
13341	-8.6667	-7.1	0.	
13342	-8.4	-7.1	0.	
13343	-8.1333	-7.1	0.	
13344	-7.8667	-7.1	0.	
13345	-7.6	-7.1	0.	
13346	-7.3333	-7.1	0.	
13347	-7.0667	-7.1	0.	
13348	-6.8	-7.1	0.	
13349	-6.5333	-7.1	0.	
13350	-6.2667	-7.1	0.	
13351	-6.	-7.1	0.	
13352	-5.7333	-7.1	0.	
13353	-5.4667	-7.1	0.	
13354	-5.2	-7.1	0.	
13355	-4.9333	-7.1	0.	
13356	-4.6667	-7.1	0.	
13357	-4.4	-7.1	0.	
13358	-4.1333	-7.1	0.	
13359	-3.8667	-7.1	0.	
13360	-3.6	-7.1	0.	
13361	-3.3333	-7.1	0.	
13362	-3.0667	-7.1	0.	
13363	-2.8	-7.1	0.	
13364	-2.5333	-7.1	0.	
13365	-2.2667	-7.1	0.	
13366	-9.7333	-7.4	0.	
13367	-9.4667	-7.4	0.	
13368	-9.2	-7.4	0.	
13369	-8.9333	-7.4	0.	
13370	-8.6667	-7.4	0.	
13371	-8.4	-7.4	0.	
13372	-8.1333	-7.4	0.	
13373	-7.8667	-7.4	0.	
13374	-7.6	-7.4	0.	
13375	-7.3333	-7.4	0.	
13376	-7.0667	-7.4	0.	
13377	-6.8	-7.4	0.	
13378	-6.5333	-7.4	0.	
13379	-6.2667	-7.4	0.	
13380	-6.	-7.4	0.	
13381	-5.7333	-7.4	0.	
13382	-5.4667	-7.4	0.	
13383	-5.2	-7.4	0.	
13384	-4.9333	-7.4	0.	
13385	-4.6667	-7.4	0.	
13386	-4.4	-7.4	0.	
13387	-4.1333	-7.4	0.	
13388	-3.8667	-7.4	0.	
13389	-3.6	-7.4	0.	
13390	-3.3333	-7.4	0.	
13391	-3.0667	-7.4	0.	
13392	-2.8	-7.4	0.	
13393	-2.5333	-7.4	0.	
13394	-2.2667	-7.4	0.	
13395	-9.7333	-7.7	0.	
13396	-9.4667	-7.7	0.	
13397	-9.2	-7.7	0.	
13398	-8.9333	-7.7	0.	
13399	-8.6667	-7.7	0.	
13400	-8.4	-7.7	0.	
13401	-8.1333	-7.7	0.	
13402	-7.8667	-7.7	0.	
13403	-7.6	-7.7	0.	
13404	-7.3333	-7.7	0.	
13405	-7.0667	-7.7	0.	
13406	-6.8	-7.7	0.	
13407	-6.5333	-7.7	0.	
13408	-6.2667	-7.7	0.	
13409	-6.	-7.7	0.	
13410	-5.7333	-7.7	0.	
13411	-5.4667	-7.7	0.	
13412	-5.2	-7.7	0.	
13413	-4.9333	-7.7	0.	
13414	-4.6667	-7.7	0.	
13415	-4.4	-7.7	0.	
13416	-4.1333	-7.7	0.	
13417	-3.8667	-7.7	0.	
13418	-3.6	-7.7	0.	
13419	-3.3333	-7.7	0.	
13420	-3.0667	-7.7	0.	
13421	-2.8	-7.7	0.	
13422	-2.5333	-7.7	0.	
13423	-2.2667	-7.7	0.	
13424	-2.2667	-8.	0.	
13425	-2.5333	-8.	0.	
13426	-2.8	-8.	0.	
13427	-3.0667	-8.	0.	
13428	-3.3333	-8.	0.	
13429	-3.6	-8.	0.	
13430	-3.8667	-8.	0.	
13431	-4.1333	-8.	0.	
13432	-4.4	-8.	0.	
13433	-4.6667	-8.	0.	
13434	-4.9333	-8.	0.	
13435	-5.2	-8.	0.	
13436	-5.4667	-8.	0.	
13437	-5.7333	-8.	0.	
13438	-6.	-8.	0.	
13439	-6.2667	-8.	0.	
13440	-6.5333	-8.	0.	
13441	-6.8	-8.	0.	
13442	-7.0667	-8.	0.	
13443	-7.3333	-8.	0.	
13444	-7.6	-8.	0.	
13445	-7.8667	-8.	0.	
13446	-8.1333	-8.	0.	
13447	-8.4	-8.	0.	
13448	-8.6667	-8.	0.	
13449	-8.9333	-8.	0.	
13450	-9.2	-8.	0.	
13451	-9.4667	-8.	0.	
13452	-9.7333	-8.	0.	
13453	-10.	-7.7	0.	
13454	-10.	-7.4	0.	
13455	-10.	-7.1	0.	
13456	-10.	-6.8	0.	
13457	-10.	-6.5	0.	
13458	-10.	-6.2	0.	
13459	-10.	-5.9	0.	
13460	-10.	-5.6	0.	
13461	-10.	-5.3	0.	
13462	-10.	-5.	0.	
13463	-10.	-4.7	0.	
13464	-10.	-4.4	0.	
13465	-10.	-4.1	0.	
13466	-10.	-3.8	0.	
13467	-10.	-3.5	0.	
13468	-10.	-3.2	0.	
13469	-10.	-2.9	0.	
13470	-10.	-2.6	0.	
13471	-10.	-2.3	0.	
13472	-2.	-7.7	0.	
13473	-2.	-7.4	0.	
13474	-2.	-7.1	0.	
13475	-2.	-6.8	0.	
13476	-2.	-6.5	0.	
13477	-2.	-6.2	0.	
13478	-2.	-5.9	0.	
13479	-2.	-5.6	0.	
13480	-2.	-5.3	0.	
13481	-2.	-5.	0.	
13482	-2.	-4.7	0.	
13483	-2.	-4.4	0.	
13484	-2.	-4.1	0.	
13485	-2.	-3.8	0.	
13486	-2.	-3.5	0.	
13487	-2.	-3.2	0.	
13488	-2.	-2.9	0.	
13489	-2.	-2.6	0.	
13490	-2.	-2.3	0.	
13491	-1.8667	-7.7	0.	
13492	-1.8667	-7.4	0.	
13493	-1.8667	-7.1	0.	
13494	-1.8667	-6.8	0.	
13495	-1.8667	-6.5	0.	
13496	-1.8667	-6.2	0.	
13497	-1.8667	-5.9	0.	
13498	-1.8667	-5.6	0.	
13499	-1.8667	-5.3	0.	
13500	-1.8667	-5.	0.	
13501	-1.8667	-4.7	0.	
13502	-1.8667	-4.4	0.	
13503	-1.8667	-4.1	0.	
13504	-1.8667	-3.8	0.	
13505	-1.8667	-3.5	0.	
13506	-1.8667	-3.2	0.	
13507	-1.8667	-2.9	0.	
13508	-1.8667	-2.6	0.	
13509	-1.8667	-2.3	0.	
13510	-1.7333	-7.7	0.	
13511	-1.7333	-7.4	0.	
13512	-1.7333	-7.1	0.	
13513	-1.7333	-6.8	0.	
13514	-1.7333	-6.5	0.	
13515	-1.7333	-6.2	0.	
13516	-1.7333	-5.9	0.	
13517	-1.7333	-5.6	0.	
13518	-1.7333	-5.3	0.	
13519	-1.7333	-5.	0.	
13520	-1.7333	-4.7	0.	
13521	-1.7333	-4.4	0.	
13522	-1.7333	-4.1	0.	
13523	-1.7333	-3.8	0.	
13524	-1.7333	-3.5	0.	
13525	-1.7333	-3.2	0.	
13526	-1.7333	-2.9	0.	
13527	-1.7333	-2.6	0.	
13528	-1.7333	-2.3	0.	
13529	-1.6	-7.7	0.	
13530	-1.6	-7.4	0.	
13531	-1.6	-7.1	0.	
13532	-1.6	-6.8	0.	
13533	-1.6	-6.5	0.	
13534	-1.6	-6.2	0.	
13535	-1.6	-5.9	0.	
13536	-1.6	-5.6	0.	
13537	-1.6	-5.3	0.	
13538	-1.6	-5.	0.	
13539	-1.6	-4.7	0.	
13540	-1.6	-4.4	0.	
13541	-1.6	-4.1	0.	
13542	-1.6	-3.8	0.	
13543	-1.6	-3.5	0.	
13544	-1.6	-3.2	0.	
13545	-1.6	-2.9	0.	
13546	-1.6	-2.6	0.	
13547	-1.6	-2.3	0.	
13548	-1.4667	-7.7	0.	
13549	-1.4667	-7.4	0.	
13550	-1.4667	-7.1	0.	
13551	-1.4667	-6.8	0.	
13552	-1.4667	-6.5	0.	
13553	-1.4667	-6.2	0.	
13554	-1.4667	-5.9	0.	
13555	-1.4667	-5.6	0.	
13556	-1.4667	-5.3	0.	
13557	-1.4667	-5.	0.	
13558	-1.4667	-4.7	0.	
13559	-1.4667	-4.4	0.	
13560	-1.4667	-4.1	0.	
13561	-1.4667	-3.8	0.	
13562	-1.4667	-3.5	0.	
13563	-1.4667	-3.2	0.	
13564	-1.4667	-2.9	0.	
13565	-1.4667	-2.6	0.	
13566	-1.4667	-2.3	0.	
13567	-1.3333	-7.7	0.	
13568	-1.3333	-7.4	0.	
13569	-1.3333	-7.1	0.	
13570	-1.3333	-6.8	0.	
13571	-1.3333	-6.5	0.	
13572	-1.3333	-6.2	0.	
13573	-1.3333	-5.9	0.	
13574	-1.3333	-5.6	0.	
13575	-1.3333	-5.3	0.	
13576	-1.3333	-5.	0.	
13577	-1.3333	-4.7	0.	
13578	-1.3333	-4.4	0.	
13579	-1.3333	-4.1	0.	
13580	-1.3333	-3.8	0.	
13581	-1.3333	-3.5	0.	
13582	-1.3333	-3.2	0.	
13583	-1.3333	-2.9	0.	
13584	-1.3333	-2.6	0.	
13585	-1.3333	-2.3	0.	
13586	-1.2	-7.7	0.	
13587	-1.2	-7.4	0.	
13588	-1.2	-7.1	0.	
13589	-1.2	-6.8	0.	
13590	-1.2	-6.5	0.	
13591	-1.2	-6.2	0.	
13592	-1.2	-5.9	0.	
13593	-1.2	-5.6	0.	
13594	-1.2	-5.3	0.	
13595	-1.2	-5.	0.	
13596	-1.2	-4.7	0.	
13597	-1.2	-4.4	0.	
13598	-1.2	-4.1	0.	
13599	-1.2	-3.8	0.	
13600	-1.2	-3.5	0.	
13601	-1.2	-3.2	0.	
13602	-1.2	-2.9	0.	
13603	-1.2	-2.6	0.	
13604	-1.2	-2.3	0.	
13605	-1.0667	-7.7	0.	
13606	-1.0667	-7.4	0.	
13607	-1.0667	-7.1	0.	
13608	-1.0667	-6.8	0.	
13609	-1.0667	-6.5	0.	
13610	-1.0667	-6.2	0.	
13611	-1.0667	-5.9	0.	
13612	-1.0667	-5.6	0.	
13613	-1.0667	-5.3	0.	
13614	-1.0667	-5.	0.	
13615	-1.0667	-4.7	0.	
13616	-1.0667	-4.4	0.	
13617	-1.0667	-4.1	0.	
13618	-1.0667	-3.8	0.	
13619	-1.0667	-3.5	0.	
13620	-1.0667	-3.2	0.	
13621	-1.0667	-2.9	0.	
13622	-1.0667	-2.6	0.	
13623	-1.0667	-2.3	0.	
13624	-0.93333	-7.7	0.	
13625	-0.93333	-7.4	0.	
13626	-0.93333	-7.1	0.	
13627	-0.93333	-6.8	0.	
13628	-0.93333	-6.5	0.	
13629	-0.93333	-6.2	0.	
13630	-0.93333	-5.9	0.	
13631	-0.93333	-5.6	0.	
13632	-0.93333	-5.3	0.	
13633	-0.93333	-5.	0.	
13634	-0.93333	-4.7	0.	
13635	-0.93333	-4.4	0.	
13636	-0.93333	-4.1	0.	
13637	-0.93333	-3.8	0.	
13638	-0.93333	-3.5	0.	
13639	-0.93333	-3.2	0.	
13640	-0.93333	-2.9	0.	
13641	-0.93333	-2.6	0.	
13642	-0.93333	-2.3	0.	
13643	-0.8	-7.7	0.	
13644	-0.8	-7.4	0.	
13645	-0.8	-7.1	0.	
13646	-0.8	-6.8	0.	
13647	-0.8	-6.5	0.	
13648	-0.8	-6.2	0.	
13649	-0.8	-5.9	0.	
13650	-0.8	-5.6	0.	
13651	-0.8	-5.3	0.	
13652	-0.8	-5.	0.	
13653	-0.8	-4.7	0.	
13654	-0.8	-4.4	0.	
13655	-0.8	-4.1	0.	
13656	-0.8	-3.8	0.	
13657	-0.8	-3.5	0.	
13658	-0.8	-3.2	0.	
13659	-0.8	-2.9	0.	
13660	-0.8	-2.6	0.	
13661	-0.8	-2.3	0.	
13662	-0.66667	-7.7	0.	
13663	-0.66667	-7.4	0.	
13664	-0.66667	-7.1	0.	
13665	-0.66667	-6.8	0.	
13666	-0.66667	-6.5	0.	
13667	-0.66667	-6.2	0.	
13668	-0.66667	-5.9	0.	
13669	-0.66667	-5.6	0.	
13670	-0.66667	-5.3	0.	
13671	-0.66667	-5.	0.	
13672	-0.66667	-4.7	0.	
13673	-0.66667	-4.4	0.	
13674	-0.66667	-4.1	0.	
13675	-0.66667	-3.8	0.	
13676	-0.66667	-3.5	0.	
13677	-0.66667	-3.2	0.	
13678	-0.66667	-2.9	0.	
13679	-0.66667	-2.6	0.	
13680	-0.66667	-2.3	0.	
13681	-0.53333	-7.7	0.	
13682	-0.53333	-7.4	0.	
13683	-0.53333	-7.1	0.	
13684	-0.53333	-6.8	0.	
13685	-0.53333	-6.5	0.	
13686	-0.53333	-6.2	0.	
13687	-0.53333	-5.9	0.	
13688	-0.53333	-5.6	0.	
13689	-0.53333	-5.3	0.	
13690	-0.53333	-5.	0.	
13691	-0.53333	-4.7	0.	
13692	-0.53333	-4.4	0.	
13693	-0.53333	-4.1	0.	
13694	-0.53333	-3.8	0.	
13695	-0.53333	-3.5	0.	
13696	-0.53333	-3.2	0.	
13697	-0.53333	-2.9	0.	
13698	-0.53333	-2.6	0.	
13699	-0.53333	-2.3	0.	
13700	-0.4	-7.7	0.	
13701	-0.4	-7.4	0.	
13702	-0.4	-7.1	0.	
13703	-0.4	-6.8	0.	
13704	-0.4	-6.5	0.	
13705	-0.4	-6.2	0.	
13706	-0.4	-5.9	0.	
13707	-0.4	-5.6	0.	
13708	-0.4	-5.3	0.	
13709	-0.4	-5.	0.	
13710	-0.4	-4.7	0.	
13711	-0.4	-4.4	0.	
13712	-0.4	-4.1	0.	
13713	-0.4	-3.8	0.	
13714	-0.4	-3.5	0.	
13715	-0.4	-3.2	0.	
13716	-0.4	-2.9	0.	
13717	-0.4	-2.6	0.	
13718	-0.4	-2.3	0.	
13719	-0.26667	-7.7	0.	
13720	-0.26667	-7.4	0.	
13721	-0.26667	-7.1	0.	
13722	-0.26667	-6.8	0.	
13723	-0.26667	-6.5	0.	
13724	-0.26667	-6.2	0.	
13725	-0.26667	-5.9	0.	
13726	-0.26667	-5.6	0.	
13727	-0.26667	-5.3	0.	
13728	-0.26667	-5.	0.	
13729	-0.26667	-4.7	0.	
13730	-0.26667	-4.4	0.	
13731	-0.26667	-4.1	0.	
13732	-0.26667	-3.8	0.	
13733	-0.26667	-3.5	0.	
13734	-0.26667	-3.2	0.	
13735	-0.26667	-2.9	0.	
13736	-0.26667	-2.6	0.	
13737	-0.26667	-2.3	0.	
13738	-0.13333	-7.7	0.	
13739	-0.13333	-7.4	0.	
13740	-0.13333	-7.1	0.	
13741	-0.13333	-6.8	0.	
13742	-0.13333	-6.5	0.	
13743	-0.13333	-6.2	0.	
13744	-0.13333	-5.9	0.	
13745	-0.13333	-5.6	0.	
13746	-0.13333	-5.3	0.	
13747	-0.13333	-5.	0.	
13748	-0.13333	-4.7	0.	
13749	-0.13333	-4.4	0.	
13750	-0.13333	-4.1	0.	
13751	-0.13333	-3.8	0.	
13752	-0.13333	-3.5	0.	
13753	-0.13333	-3.2	0.	
13754	-0.13333	-2.9	0.	
13755	-0.13333	-2.6	0.	
13756	-0.13333	-2.3	0.	
13757	6.3283e-016	-7.7	0.	
13758	5.9952e-016	-7.4	0.	
13759	4.5519e-016	-7.1	0.	
13760	4.2188e-016	-6.8	0.	
13761	3.8858e-016	-6.5	0.	
13762	3.5527e-016	-6.2	0.	
13763	3.2196e-016	-5.9	0.	
13764	1.7764e-016	-5.6	0.	
13765	1.4433e-016	-5.3	0.	
13766	1.1102e-016	-5.	0.	
13767	7.7716e-017	-4.7	0.	
13768	4.4409e-017	-4.4	0.	
13769	1.1102e-017	-4.1	0.	
13770	-2.2204e-017	-3.8	0.	
13771	-5.5511e-017	-3.5	0.	
13772	-3.1086e-016	-3.2	0.	
13773	-3.4417e-016	-2.9	0.	
13774	-3.7748e-016	-2.6	0.	
13775	-4.1078e-016	-2.3	0.	
13776	0.13333	-7.7	0.	
13777	0.13333	-7.4	0.	
13778	0.13333	-7.1	0.	
13779	0.13333	-6.8	0.	
13780	0.13333	-6.5	0.	
13781	0.13333	-6.2	0.	
13782	0.13333	-5.9	0.	
13783	0.13333	-5.6	0.	
13784	0.13333	-5.3	0.	
13785	0.13333	-5.	0.	
13786	0.13333	-4.7	0.	
13787	0.13333	-4.4	0.	
13788	0.13333	-4.1	0.	
13789	0.13333	-3.8	0.	
13790	0.13333	-3.5	0.	
13791	0.13333	-3.2	0.	
13792	0.13333	-2.9	0.	
13793	0.13333	-2.6	0.	
13794	0.13333	-2.3	0.	
13795	0.26667	-7.7	0.	
13796	0.26667	-7.4	0.	
13797	0.26667	-7.1	0.	
13798	0.26667	-6.8	0.	
13799	0.26667	-6.5	0.	
13800	0.26667	-6.2	0.	
13801	0.26667	-5.9	0.	
13802	0.26667	-5.6	0.	
13803	0.26667	-5.3	0.	
13804	0.26667	-5.	0.	
13805	0.26667	-4.7	0.	
13806	0.26667	-4.4	0.	
13807	0.26667	-4.1	0.	
13808	0.26667	-3.8	0.	
13809	0.26667	-3.5	0.	
13810	0.26667	-3.2	0.	
13811	0.26667	-2.9	0.	
13812	0.26667	-2.6	0.	
13813	0.26667	-2.3	0.	
13814	0.4	-7.7	0.	
13815	0.4	-7.4	0.	
13816	0.4	-7.1	0.	
13817	0.4	-6.8	0.	
13818	0.4	-6.5	0.	
13819	0.4	-6.2	0.	
13820	0.4	-5.9	0.	
13821	0.4	-5.6	0.	
13822	0.4	-5.3	0.	
13823	0.4	-5.	0.	
13824	0.4	-4.7	0.	
13825	0.4	-4.4	0.	
13826	0.4	-4.1	0.	
13827	0.4	-3.8	0.	
13828	0.4	-3.5	0.	
13829	0.4	-3.2	0.	
13830	0.4	-2.9	0.	
13831	0.4	-2.6	0.	
13832	0.4	-2.3	0.	
13833	0.53333	-7.7	0.	
13834	0.53333	-7.4	0.	
13835	0.53333	-7.1	0.	
13836	0.53333	-6.8	0.	
13837	0.53333	-6.5	0.	
13838	0.53333	-6.2	0.	
13839	0.53333	-5.9	0.	
13840	0.53333	-5.6	0.	
13841	0.53333	-5.3	0.	
13842	0.53333	-5.	0.	
13843	0.53333	-4.7	0.	
13844	0.53333	-4.4	0.	
13845	0.53333	-4.1	0.	
13846	0.53333	-3.8	0.	
13847	0.53333	-3.5	0.	
13848	0.53333	-3.2	0.	
13849	0.53333	-2.9	0.	
13850	0.53333	-2.6	0.	
13851	0.53333	-2.3	0.	
13852	0.66667	-7.7	0.	
13853	0.66667	-7.4	0.	
13854	0.66667	-7.1	0.	
13855	0.66667	-6.8	0.	
13856	0.66667	-6.5	0.	
13857	0.66667	-6.2	0.	
13858	0.66667	-5.9	0.	
13859	0.66667	-5.6	0.	
13860	0.66667	-5.3	0.	
13861	0.66667	-5.	0.	
13862	0.66667	-4.7	0.	
13863	0.66667	-4.4	0.	
13864	0.66667	-4.1	0.	
13865	0.66667	-3.8	0.	
13866	0.66667	-3.5	0.	
13867	0.66667	-3.2	0.	
13868	0.66667	-2.9	0.	
13869	0.66667	-2.6	0.	
13870	0.66667	-2.3	0.	
13871	0.8	-7.7	0.	
13872	0.8	-7.4	0.	
13873	0.8	-7.1	0.	
13874	0.8	-6.8	0.	
13875	0.8	-6.5	0.	
13876	0.8	-6.2	0.	
13877	0.8	-5.9	0.	
13878	0.8	-5.6	0.	
13879	0.8	-5.3	0.	
13880	0.8	-5.	0.	
13881	0.8	-4.7	0.	
13882	0.8	-4.4	0.	
13883	0.8	-4.1	0.	
13884	0.8	-3.8	0.	
13885	0.8	-3.5	0.	
13886	0.8	-3.2	0.	
13887	0.8	-2.9	0.	
13888	0.8	-2.6	0.	
13889	0.8	-2.3	0.	
13890	0.93333	-7.7	0.	
13891	0.93333	-7.4	0.	
13892	0.93333	-7.1	0.	
13893	0.93333	-6.8	0.	
13894	0.93333	-6.5	0.	
13895	0.93333	-6.2	0.	
13896	0.93333	-5.9	0.	
13897	0.93333	-5.6	0.	
13898	0.93333	-5.3	0.	
13899	0.93333	-5.	0.	
13900	0.93333	-4.7	0.	
13901	0.93333	-4.4	0.	
13902	0.93333	-4.1	0.	
13903	0.93333	-3.8	0.	
13904	0.93333	-3.5	0.	
13905	0.93333	-3.2	0.	
13906	0.93333	-2.9	0.	
13907	0.93333	-2.6	0.	
13908	0.93333	-2.3	0.	
13909	1.0667	-7.7	0.	
13910	1.0667	-7.4	0.	
13911	1.0667	-7.1	0.	
13912	1.0667	-6.8	0.	
13913	1.0667	-6.5	0.	
13914	1.0667	-6.2	0.	
13915	1.0667	-5.9	0.	
13916	1.0667	-5.6	0.	
13917	1.0667	-5.3	0.	
13918	1.0667	-5.	0.	
13919	1.0667	-4.7	0.	
13920	1.0667	-4.4	0.	
13921	1.0667	-4.1	0.	
13922	1.0667	-3.8	0.	
13923	1.0667	-3.5	0.	
13924	1.0667	-3.2	0.	
13925	1.0667	-2.9	0.	
13926	1.0667	-2.6	0.	
13927	1.0667	-2.3	0.	
13928	1.2	-7.7	0.	
13929	1.2	-7.4	0.	
13930	1.2	-7.1	0.	
13931	1.2	-6.8	0.	
13932	1.2	-6.5	0.	
13933	1.2	-6.2	0.	
13934	1.2	-5.9	0.	
13935	1.2	-5.6	0.	
13936	1.2	-5.3	0.	
13937	1.2	-5.	0.	
13938	1.2	-4.7	0.	
13939	1.2	-4.4	0.	
13940	1.2	-4.1	0.	
13941	1.2	-3.8	0.	
13942	1.2	-3.5	0.	
13943	1.2	-3.2	0.	
13944	1.2	-2.9	0.	
13945	1.2	-2.6	0.	
13946	1.2	-2.3	0.	
13947	1.3333	-7.7	0.	
13948	1.3333	-7.4	0.	
13949	1.3333	-7.1	0.	
13950	1.3333	-6.8	0.	
13951	1.3333	-6.5	0.	
13952	1.3333	-6.2	0.	
13953	1.3333	-5.9	0.	
13954	1.3333	-5.6	0.	
13955	1.3333	-5.3	0.	
13956	1.3333	-5.	0.	
13957	1.3333	-4.7	0.	
13958	1.3333	-4.4	0.	
13959	1.3333	-4.1	0.	
13960	1.3333	-3.8	0.	
13961	1.3333	-3.5	0.	
13962	1.3333	-3.2	0.	
13963	1.3333	-2.9	0.	
13964	1.3333	-2.6	0.	
13965	1.3333	-2.3	0.	
13966	1.4667	-7.7	0.	
13967	1.4667	-7.4	0.	
13968	1.4667	-7.1	0.	
13969	1.4667	-6.8	0.	
13970	1.4667	-6.5	0.	
13971	1.4667	-6.2	0.	
13972	1.4667	-5.9	0.	
13973	1.4667	-5.6	0.	
13974	1.4667	-5.3	0.	
13975	1.4667	-5.	0.	
13976	1.4667	-4.7	0.	
13977	1.4667	-4.4	0.	
13978	1.4667	-4.1	0.	
13979	1.4667	-3.8	0.	
13980	1.4667	-3.5	0.	
13981	1.4667	-3.2	0.	
13982	1.4667	-2.9	0.	
13983	1.4667	-2.6	0.	
13984	1.4667	-2.3	0.	
13985	1.6	-7.7	0.	
13986	1.6	-7.4	0.	
13987	1.6	-7.1	0.	
13988	1.6	-6.8	0.	
13989	1.6	-6.5	0.	
13990	1.6	-6.2	0.	
13991	1.6	-5.9	0.	
13992	1.6	-5.6	0.	
13993	1.6	-5.3	0.	
13994	1.6	-5.	0.	
13995	1.6	-4.7	0.	
13996	1.6	-4.4	0.	
13997	1.6	-4.1	0.	
13998	1.6	-3.8	0.	
13999	1.6	-3.5	0.	
14000	1.6	-3.2	0.	
14001	1.6	-2.9	0.	
14002	1.6	-2.6	0.	
14003	1.6	-2.3	0.	
14004	1.7333	-7.7	0.	
14005	1.7333	-7.4	0.	
14006	1.7333	-7.1	0.	
14007	1.7333	-6.8	0.	
14008	1.7333	-6.5	0.	
14009	1.7333	-6.2	0.	
14010	1.7333	-5.9	0.	
14011	1.7333	-5.6	0.	
14012	1.7333	-5.3	0.	
14013	1.7333	-5.	0.	
14014	1.7333	-4.7	0.	
14015	1.7333	-4.4	0.	
14016	1.7333	-4.1	0.	
14017	1.7333	-3.8	0.	
14018	1.7333	-3.5	0.	
14019	1.7333	-3.2	0.	
14020	1.7333	-2.9	0.	
14021	1.7333	-2.6	0.	
14022	1.7333	-2.3	0.	
14023	1.8667	-7.7	0.	
14024	1.8667	-7.4	0.	
14025	1.8667	-7.1	0.	
14026	1.8667	-6.8	0.	
14027	1.8667	-6.5	0.	
14028	1.8667	-6.2	0.	
14029	1.8667	-5.9	0.	
14030	1.8667	-5.6	0.	
14031	1.8667	-5.3	0.	
14032	1.8667	-5.	0.	
14033	1.8667	-4.7	0.	
14034	1.8667	-4.4	0.	
14035	1.8667	-4.1	0.	
14036	1.8667	-3.8	0.	
14037	1.8667	-3.5	0.	
14038	1.8667	-3.2	0.	
14039	1.8667	-2.9	0.	
14040	1.8667	-2.6	0.	
14041	1.8667	-2.3	0.	
14042	1.8667	-8.	0.	
14043	1.7333	-8.	0.	
14044	1.6	-8.	0.	
14045	1.4667	-8.	0.	
14046	1.3333	-8.	0.	
14047	1.2	-8.	0.	
14048	1.0667	-8.	0.	
14049	0.93333	-8.	0.	
14050	0.8	-8.	0.	
14051	0.66667	-8.	0.	
14052	0.53333	-8.	0.	
14053	0.4	-8.	0.	
14054	0.26667	-8.	0.	
14055	0.13333	-8.	0.	
14056	6.6613e-016	-8.	0.	
14057	-0.13333	-8.	0.	
14058	-0.26667	-8.	0.	
14059	-0.4	-8.	0.	
14060	-0.53333	-8.	0.	
14061	-0.66667	-8.	0.	
14062	-0.8	-8.	0.	
14063	-0.93333	-8.	0.	
14064	-1.0667	-8.	0.	
14065	-1.2	-8.	0.	
14066	-1.3333	-8.	0.	
14067	-1.4667	-8.	0.	
14068	-1.6	-8.	0.	
14069	-1.7333	-8.	0.	
14070	-1.8667	-8.	0.	
14071	-1.8667	7.7	0.	
14072	-1.7333	7.7	0.	
14073	-1.6	7.7	0.	
14074	-1.4667	7.7	0.	
14075	-1.3333	7.7	0.	
14076	-1.2	7.7	0.	
14077	-1.0667	7.7	0.	
14078	-0.93333	7.7	0.	
14079	-0.8	7.7	0.	
14080	-0.66667	7.7	0.	
14081	-0.53333	7.7	0.	
14082	-0.4	7.7	0.	
14083	-0.26667	7.7	0.	
14084	-0.13333	7.7	0.	
14085	-1.0547e-015	7.7	0.	
14086	0.13333	7.7	0.	
14087	0.26667	7.7	0.	
14088	0.4	7.7	0.	
14089	0.53333	7.7	0.	
14090	0.66667	7.7	0.	
14091	0.8	7.7	0.	
14092	0.93333	7.7	0.	
14093	1.0667	7.7	0.	
14094	1.2	7.7	0.	
14095	1.3333	7.7	0.	
14096	1.4667	7.7	0.	
14097	1.6	7.7	0.	
14098	1.7333	7.7	0.	
14099	1.8667	7.7	0.	
14100	-1.8667	7.4	0.	
14101	-1.7333	7.4	0.	
14102	-1.6	7.4	0.	
14103	-1.4667	7.4	0.	
14104	-1.3333	7.4	0.	
14105	-1.2	7.4	0.	
14106	-1.0667	7.4	0.	
14107	-0.93333	7.4	0.	
14108	-0.8	7.4	0.	
14109	-0.66667	7.4	0.	
14110	-0.53333	7.4	0.	
14111	-0.4	7.4	0.	
14112	-0.26667	7.4	0.	
14113	-0.13333	7.4	0.	
14114	-9.992e-016	7.4	0.	
14115	0.13333	7.4	0.	
14116	0.26667	7.4	0.	
14117	0.4	7.4	0.	
14118	0.53333	7.4	0.	
14119	0.66667	7.4	0.	
14120	0.8	7.4	0.	
14121	0.93333	7.4	0.	
14122	1.0667	7.4	0.	
14123	1.2	7.4	0.	
14124	1.3333	7.4	0.	
14125	1.4667	7.4	0.	
14126	1.6	7.4	0.	
14127	1.7333	7.4	0.	
14128	1.8667	7.4	0.	
14129	-1.8667	7.1	0.	
14130	-1.7333	7.1	0.	
14131	-1.6	7.1	0.	
14132	-1.4667	7.1	0.	
14133	-1.3333	7.1	0.	
14134	-1.2	7.1	0.	
14135	-1.0667	7.1	0.	
14136	-0.93333	7.1	0.	
14137	-0.8	7.1	0.	
14138	-0.66667	7.1	0.	
14139	-0.53333	7.1	0.	
14140	-0.4	7.1	0.	
14141	-0.26667	7.1	0.	
14142	-0.13333	7.1	0.	
14143	-9.4369e-016	7.1	0.	
14144	0.13333	7.1	0.	
14145	0.26667	7.1	0.	
14146	0.4	7.1	0.	
14147	0.53333	7.1	0.	
14148	0.66667	7.1	0.	
14149	0.8	7.1	0.	
14150	0.93333	7.1	0.	
14151	1.0667	7.1	0.	
14152	1.2	7.1	0.	
14153	1.3333	7.1	0.	
14154	1.4667	7.1	0.	
14155	1.6	7.1	0.	
14156	1.7333	7.1	0.	
14157	1.8667	7.1	0.	
14158	-1.8667	6.8	0.	
14159	-1.7333	6.8	0.	
14160	-1.6	6.8	0.	
14161	-1.4667	6.8	0.	
14162	-1.3333	6.8	0.	
14163	-1.2	6.8	0.	
14164	-1.0667	6.8	0.	
14165	-0.93333	6.8	0.	
14166	-0.8	6.8	0.	
14167	-0.66667	6.8	0.	
14168	-0.53333	6.8	0.	
14169	-0.4	6.8	0.	
14170	-0.26667	6.8	0.	
14171	-0.13333	6.8	0.	
14172	-1.1102e-015	6.8	0.	
14173	0.13333	6.8	0.	
14174	0.26667	6.8	0.	
14175	0.4	6.8	0.	
14176	0.53333	6.8	0.	
14177	0.66667	6.8	0.	
14178	0.8	6.8	0.	
14179	0.93333	6.8	0.	
14180	1.0667	6.8	0.	
14181	1.2	6.8	0.	
14182	1.3333	6.8	0.	
14183	1.4667	6.8	0.	
14184	1.6	6.8	0.	
14185	1.7333	6.8	0.	
14186	1.8667	6.8	0.	
14187	-1.8667	6.5	0.	
14188	-1.7333	6.5	0.	
14189	-1.6	6.5	0.	
14190	-1.4667	6.5	0.	
14191	-1.3333	6.5	0.	
14192	-1.2	6.5	0.	
14193	-1.0667	6.5	0.	
14194	-0.93333	6.5	0.	
14195	-0.8	6.5	0.	
14196	-0.66667	6.5	0.	
14197	-0.53333	6.5	0.	
14198	-0.4	6.5	0.	
14199	-0.26667	6.5	0.	
14200	-0.13333	6.5	0.	
14201	-8.3267e-016	6.5	0.	
14202	0.13333	6.5	0.	
14203	0.26667	6.5	0.	
14204	0.4	6.5	0.	
14205	0.53333	6.5	0.	
14206	0.66667	6.5	0.	
14207	0.8	6.5	0.	
14208	0.93333	6.5	0.	
14209	1.0667	6.5	0.	
14210	1.2	6.5	0.	
14211	1.3333	6.5	0.	
14212	1.4667	6.5	0.	
14213	1.6	6.5	0.	
14214	1.7333	6.5	0.	
14215	1.8667	6.5	0.	
14216	-1.8667	6.2	0.	
14217	-1.7333	6.2	0.	
14218	-1.6	6.2	0.	
14219	-1.4667	6.2	0.	
14220	-1.3333	6.2	0.	
14221	-1.2	6.2	0.	
14222	-1.0667	6.2	0.	
14223	-0.93333	6.2	0.	
14224	-0.8	6.2	0.	
14225	-0.66667	6.2	0.	
14226	-0.53333	6.2	0.	
14227	-0.4	6.2	0.	
14228	-0.26667	6.2	0.	
14229	-0.13333	6.2	0.	
14230	-7.7716e-016	6.2	0.	
14231	0.13333	6.2	0.	
14232	0.26667	6.2	0.	
14233	0.4	6.2	0.	
14234	0.53333	6.2	0.	
14235	0.66667	6.2	0.	
14236	0.8	6.2	0.	
14237	0.93333	6.2	0.	
14238	1.0667	6.2	0.	
14239	1.2	6.2	0.	
14240	1.3333	6.2	0.	
14241	1.4667	6.2	0.	
14242	1.6	6.2	0.	
14243	1.7333	6.2	0.	
14244	1.8667	6.2	0.	
14245	-1.8667	5.9	0.	
14246	-1.7333	5.9	0.	
14247	-1.6	5.9	0.	
14248	-1.4667	5.9	0.	
14249	-1.3333	5.9	0.	
14250	-1.2	5.9	0.	
14251	-1.0667	5.9	0.	
14252	-0.93333	5.9	0.	
14253	-0.8	5.9	0.	
14254	-0.66667	5.9	0.	
14255	-0.53333	5.9	0.	
14256	-0.4	5.9	0.	
14257	-0.26667	5.9	0.	
14258	-0.13333	5.9	0.	
14259	-9.4369e-016	5.9	0.	
14260	0.13333	5.9	0.	
14261	0.26667	5.9	0.	
14262	0.4	5.9	0.	
14263	0.53333	5.9	0.	
14264	0.66667	5.9	0.	
14265	0.8	5.9	0.	
14266	0.93333	5.9	0.	
14267	1.0667	5.9	0.	
14268	1.2	5.9	0.	
14269	1.3333	5.9	0.	
14270	1.4667	5.9	0.	
14271	1.6	5.9	0.	
14272	1.7333	5.9	0.	
14273	1.8667	5.9	0.	
14274	-1.8667	5.6	0.	
14275	-1.7333	5.6	0.	
14276	-1.6	5.6	0.	
14277	-1.4667	5.6	0.	
14278	-1.3333	5.6	0.	
14279	-1.2	5.6	0.	
14280	-1.0667	5.6	0.	
14281	-0.93333	5.6	0.	
14282	-0.8	5.6	0.	
14283	-0.66667	5.6	0.	
14284	-0.53333	5.6	0.	
14285	-0.4	5.6	0.	
14286	-0.26667	5.6	0.	
14287	-0.13333	5.6	0.	
14288	-8.8818e-016	5.6	0.	
14289	0.13333	5.6	0.	
14290	0.26667	5.6	0.	
14291	0.4	5.6	0.	
14292	0.53333	5.6	0.	
14293	0.66667	5.6	0.	
14294	0.8	5.6	0.	
14295	0.93333	5.6	0.	
14296	1.0667	5.6	0.	
14297	1.2	5.6	0.	
14298	1.3333	5.6	0.	
14299	1.4667	5.6	0.	
14300	1.6	5.6	0.	
14301	1.7333	5.6	0.	
14302	1.8667	5.6	0.	
14303	-1.8667	5.3	0.	
14304	-1.7333	5.3	0.	
14305	-1.6	5.3	0.	
14306	-1.4667	5.3	0.	
14307	-1.3333	5.3	0.	
14308	-1.2	5.3	0.	
14309	-1.0667	5.3	0.	
14310	-0.93333	5.3	0.	
14311	-0.8	5.3	0.	
14312	-0.66667	5.3	0.	
14313	-0.53333	5.3	0.	
14314	-0.4	5.3	0.	
14315	-0.26667	5.3	0.	
14316	-0.13333	5.3	0.	
14317	-8.3267e-016	5.3	0.	
14318	0.13333	5.3	0.	
14319	0.26667	5.3	0.	
14320	0.4	5.3	0.	
14321	0.53333	5.3	0.	
14322	0.66667	5.3	0.	
14323	0.8	5.3	0.	
14324	0.93333	5.3	0.	
14325	1.0667	5.3	0.	
14326	1.2	5.3	0.	
14327	1.3333	5.3	0.	
14328	1.4667	5.3	0.	
14329	1.6	5.3	0.	
14330	1.7333	5.3	0.	
14331	1.8667	5.3	0.	
14332	-1.8667	5.	0.	
14333	-1.7333	5.	0.	
14334	-1.6	5.	0.	
14335	-1.4667	5.	0.	
14336	-1.3333	5.	0.	
14337	-1.2	5.	0.	
14338	-1.0667	5.	0.	
14339	-0.93333	5.	0.	
14340	-0.8	5.	0.	
14341	-0.66667	5.	0.	
14342	-0.53333	5.	0.	
14343	-0.4	5.	0.	
14344	-0.26667	5.	0.	
14345	-0.13333	5.	0.	
14346	-7.7716e-016	5.	0.	
14347	0.13333	5.	0.	
14348	0.26667	5.	0.	
14349	0.4	5.	0.	
14350	0.53333	5.	0.	
14351	0.66667	5.	0.	
14352	0.8	5.	0.	
14353	0.93333	5.	0.	
14354	1.0667	5.	0.	
14355	1.2	5.	0.	
14356	1.3333	5.	0.	
14357	1.4667	5.	0.	
14358	1.6	5.	0.	
14359	1.7333	5.	0.	
14360	1.8667	5.	0.	
14361	-1.8667	4.7	0.	
14362	-1.7333	4.7	0.	
14363	-1.6	4.7	0.	
14364	-1.4667	4.7	0.	
14365	-1.3333	4.7	0.	
14366	-1.2	4.7	0.	
14367	-1.0667	4.7	0.	
14368	-0.93333	4.7	0.	
14369	-0.8	4.7	0.	
14370	-0.66667	4.7	0.	
14371	-0.53333	4.7	0.	
14372	-0.4	4.7	0.	
14373	-0.26667	4.7	0.	
14374	-0.13333	4.7	0.	
14375	-7.2164e-016	4.7	0.	
14376	0.13333	4.7	0.	
14377	0.26667	4.7	0.	
14378	0.4	4.7	0.	
14379	0.53333	4.7	0.	
14380	0.66667	4.7	0.	
14381	0.8	4.7	0.	
14382	0.93333	4.7	0.	
14383	1.0667	4.7	0.	
14384	1.2	4.7	0.	
14385	1.3333	4.7	0.	
14386	1.4667	4.7	0.	
14387	1.6	4.7	0.	
14388	1.7333	4.7	0.	
14389	1.8667	4.7	0.	
14390	-1.8667	4.4	0.	
14391	-1.7333	4.4	0.	
14392	-1.6	4.4	0.	
14393	-1.4667	4.4	0.	
14394	-1.3333	4.4	0.	
14395	-1.2	4.4	0.	
14396	-1.0667	4.4	0.	
14397	-0.93333	4.4	0.	
14398	-0.8	4.4	0.	
14399	-0.66667	4.4	0.	
14400	-0.53333	4.4	0.	
14401	-0.4	4.4	0.	
14402	-0.26667	4.4	0.	
14403	-0.13333	4.4	0.	
14404	-8.8818e-016	4.4	0.	
14405	0.13333	4.4	0.	
14406	0.26667	4.4	0.	
14407	0.4	4.4	0.	
14408	0.53333	4.4	0.	
14409	0.66667	4.4	0.	
14410	0.8	4.4	0.	
14411	0.93333	4.4	0.	
14412	1.0667	4.4	0.	
14413	1.2	4.4	0.	
14414	1.3333	4.4	0.	
14415	1.4667	4.4	0.	
14416	1.6	4.4	0.	
14417	1.7333	4.4	0.	
14418	1.8667	4.4	0.	
14419	-1.8667	4.1	0.	
14420	-1.7333	4.1	0.	
14421	-1.6	4.1	0.	
14422	-1.4667	4.1	0.	
14423	-1.3333	4.1	0.	
14424	-1.2	4.1	0.	
14425	-1.0667	4.1	0.	
14426	-0.93333	4.1	0.	
14427	-0.8	4.1	0.	
14428	-0.66667	4.1	0.	
14429	-0.53333	4.1	0.	
14430	-0.4	4.1	0.	
14431	-0.26667	4.1	0.	
14432	-0.13333	4.1	0.	
14433	-6.1062e-016	4.1	0.	
14434	0.13333	4.1	0.	
14435	0.26667	4.1	0.	
14436	0.4	4.1	0.	
14437	0.53333	4.1	0.	
14438	0.66667	4.1	0.	
14439	0.8	4.1	0.	
14440	0.93333	4.1	0.	
14441	1.0667	4.1	0.	
14442	1.2	4.1	0.	
14443	1.3333	4.1	0.	
14444	1.4667	4.1	0.	
14445	1.6	4.1	0.	
14446	1.7333	4.1	0.	
14447	1.8667	4.1	0.	
14448	-1.8667	3.8	0.	
14449	-1.7333	3.8	0.	
14450	-1.6	3.8	0.	
14451	-1.4667	3.8	0.	
14452	-1.3333	3.8	0.	
14453	-1.2	3.8	0.	
14454	-1.0667	3.8	0.	
14455	-0.93333	3.8	0.	
14456	-0.8	3.8	0.	
14457	-0.66667	3.8	0.	
14458	-0.53333	3.8	0.	
14459	-0.4	3.8	0.	
14460	-0.26667	3.8	0.	
14461	-0.13333	3.8	0.	
14462	-7.7716e-016	3.8	0.	
14463	0.13333	3.8	0.	
14464	0.26667	3.8	0.	
14465	0.4	3.8	0.	
14466	0.53333	3.8	0.	
14467	0.66667	3.8	0.	
14468	0.8	3.8	0.	
14469	0.93333	3.8	0.	
14470	1.0667	3.8	0.	
14471	1.2	3.8	0.	
14472	1.3333	3.8	0.	
14473	1.4667	3.8	0.	
14474	1.6	3.8	0.	
14475	1.7333	3.8	0.	
14476	1.8667	3.8	0.	
14477	-1.8667	3.5	0.	
14478	-1.7333	3.5	0.	
14479	-1.6	3.5	0.	
14480	-1.4667	3.5	0.	
14481	-1.3333	3.5	0.	
14482	-1.2	3.5	0.	
14483	-1.0667	3.5	0.	
14484	-0.93333	3.5	0.	
14485	-0.8	3.5	0.	
14486	-0.66667	3.5	0.	
14487	-0.53333	3.5	0.	
14488	-0.4	3.5	0.	
14489	-0.26667	3.5	0.	
14490	-0.13333	3.5	0.	
14491	-4.996e-016	3.5	0.	
14492	0.13333	3.5	0.	
14493	0.26667	3.5	0.	
14494	0.4	3.5	0.	
14495	0.53333	3.5	0.	
14496	0.66667	3.5	0.	
14497	0.8	3.5	0.	
14498	0.93333	3.5	0.	
14499	1.0667	3.5	0.	
14500	1.2	3.5	0.	
14501	1.3333	3.5	0.	
14502	1.4667	3.5	0.	
14503	1.6	3.5	0.	
14504	1.7333	3.5	0.	
14505	1.8667	3.5	0.	
14506	-1.8667	3.2	0.	
14507	-1.7333	3.2	0.	
14508	-1.6	3.2	0.	
14509	-1.4667	3.2	0.	
14510	-1.3333	3.2	0.	
14511	-1.2	3.2	0.	
14512	-1.0667	3.2	0.	
14513	-0.93333	3.2	0.	
14514	-0.8	3.2	0.	
14515	-0.66667	3.2	0.	
14516	-0.53333	3.2	0.	
14517	-0.4	3.2	0.	
14518	-0.26667	3.2	0.	
14519	-0.13333	3.2	0.	
14520	-4.4409e-016	3.2	0.	
14521	0.13333	3.2	0.	
14522	0.26667	3.2	0.	
14523	0.4	3.2	0.	
14524	0.53333	3.2	0.	
14525	0.66667	3.2	0.	
14526	0.8	3.2	0.	
14527	0.93333	3.2	0.	
14528	1.0667	3.2	0.	
14529	1.2	3.2	0.	
14530	1.3333	3.2	0.	
14531	1.4667	3.2	0.	
14532	1.6	3.2	0.	
14533	1.7333	3.2	0.	
14534	1.8667	3.2	0.	
14535	-1.8667	2.9	0.	
14536	-1.7333	2.9	0.	
14537	-1.6	2.9	0.	
14538	-1.4667	2.9	0.	
14539	-1.3333	2.9	0.	
14540	-1.2	2.9	0.	
14541	-1.0667	2.9	0.	
14542	-0.93333	2.9	0.	
14543	-0.8	2.9	0.	
14544	-0.66667	2.9	0.	
14545	-0.53333	2.9	0.	
14546	-0.4	2.9	0.	
14547	-0.26667	2.9	0.	
14548	-0.13333	2.9	0.	
14549	-6.1062e-016	2.9	0.	
14550	0.13333	2.9	0.	
14551	0.26667	2.9	0.	
14552	0.4	2.9	0.	
14553	0.53333	2.9	0.	
14554	0.66667	2.9	0.	
14555	0.8	2.9	0.	
14556	0.93333	2.9	0.	
14557	1.0667	2.9	0.	
14558	1.2	2.9	0.	
14559	1.3333	2.9	0.	
14560	1.4667	2.9	0.	
14561	1.6	2.9	0.	
14562	1.7333	2.9	0.	
14563	1.8667	2.9	0.	
14564	-1.8667	2.6	0.	
14565	-1.7333	2.6	0.	
14566	-1.6	2.6	0.	
14567	-1.4667	2.6	0.	
14568	-1.3333	2.6	0.	
14569	-1.2	2.6	0.	
14570	-1.0667	2.6	0.	
14571	-0.93333	2.6	0.	
14572	-0.8	2.6	0.	
14573	-0.66667	2.6	0.	
14574	-0.53333	2.6	0.	
14575	-0.4	2.6	0.	
14576	-0.26667	2.6	0.	
14577	-0.13333	2.6	0.	
14578	-3.3307e-016	2.6	0.	
14579	0.13333	2.6	0.	
14580	0.26667	2.6	0.	
14581	0.4	2.6	0.	
14582	0.53333	2.6	0.	
14583	0.66667	2.6	0.	
14584	0.8	2.6	0.	
14585	0.93333	2.6	0.	
14586	1.0667	2.6	0.	
14587	1.2	2.6	0.	
14588	1.3333	2.6	0.	
14589	1.4667	2.6	0.	
14590	1.6	2.6	0.	
14591	1.7333	2.6	0.	
14592	1.8667	2.6	0.	
14593	-1.8667	2.3	0.	
14594	-1.7333	2.3	0.	
14595	-1.6	2.3	0.	
14596	-1.4667	2.3	0.	
14597	-1.3333	2.3	0.	
14598	-1.2	2.3	0.	
14599	-1.0667	2.3	0.	
14600	-0.93333	2.3	0.	
14601	-0.8	2.3	0.	
14602	-0.66667	2.3	0.	
14603	-0.53333	2.3	0.	
14604	-0.4	2.3	0.	
14605	-0.26667	2.3	0.	
14606	-0.13333	2.3	0.	
14607	-4.996e-016	2.3	0.	
14608	0.13333	2.3	0.	
14609	0.26667	2.3	0.	
14610	0.4	2.3	0.	
14611	0.53333	2.3	0.	
14612	0.66667	2.3	0.	
14613	0.8	2.3	0.	
14614	0.93333	2.3	0.	
14615	1.0667	2.3	0.	
14616	1.2	2.3	0.	
14617	1.3333	2.3	0.	
14618	1.4667	2.3	0.	
14619	1.6	2.3	0.	
14620	1.7333	2.3	0.	
14621	1.8667	2.3	0.	
14622	-1.8667	8.	0.	
14623	-1.7333	8.	0.	
14624	-1.6	8.	0.	
14625	-1.4667	8.	0.	
14626	-1.3333	8.	0.	
14627	-1.2	8.	0.	
14628	-1.0667	8.	0.	
14629	-0.93333	8.	0.	
14630	-0.8	8.	0.	
14631	-0.66667	8.	0.	
14632	-0.53333	8.	0.	
14633	-0.4	8.	0.	
14634	-0.26667	8.	0.	
14635	-0.13333	8.	0.	
14636	-1.3323e-015	8.	0.	
14637	0.13333	8.	0.	
14638	0.26667	8.	0.	
14639	0.4	8.	0.	
14640	0.53333	8.	0.	
14641	0.66667	8.	0.	
14642	0.8	8.	0.	
14643	0.93333	8.	0.	
14644	1.0667	8.	0.	
14645	1.2	8.	0.	
14646	1.3333	8.	0.	
14647	1.4667	8.	0.	
14648	1.6	8.	0.	
14649	1.7333	8.	0.	
14650	1.8667	8.	0.	
